Derived locator (not original requirement ID)	Original section	Original source text	Reconciliation state	Exact implementation reference	Exact test references	Remaining acceptance / authority boundary	Evidence category (bounded scope)	Verification scope	Requirement acceptance
word/document.xml/p1	Front matter	DigiForge	SOURCE_CONTEXT	docs/engineering/original-source/source-inventory.json:1		Original provenance/title; no executable authorization.	SOURCE_CONTEXT	Original source context/checkpoint preserved, not fresh runtime evidence.	NOT_EXECUTABLE_CRITERION
word/document.xml/p2	Front matter	Ultimate Master Blueprint	SOURCE_CONTEXT	docs/engineering/original-source/source-inventory.json:1		Original provenance/title; no executable authorization.	SOURCE_CONTEXT	Original source context/checkpoint preserved, not fresh runtime evidence.	NOT_EXECUTABLE_CRITERION
word/document.xml/p3	Front matter	Complete Platform • Website • Product • Shop • AI • Etsy • POD • Operations Reference	SOURCE_CONTEXT	docs/engineering/original-source/source-inventory.json:1		Original provenance/title; no executable authorization.	SOURCE_CONTEXT	Original source context/checkpoint preserved, not fresh runtime evidence.	NOT_EXECUTABLE_CRITERION
word/document.xml/p4	Front matter	Consolidated Replacement Edition • v6.0 • 27 September 2026	SOURCE_CONTEXT	docs/engineering/original-source/source-inventory.json:1		Original provenance/title; no executable authorization.	SOURCE_CONTEXT	Original source context/checkpoint preserved, not fresh runtime evidence.	NOT_EXECUTABLE_CRITERION
word/document.xml/table1/r1/c1/p1	Front matter	Reference	SOURCE_CONTEXT	docs/engineering/original-source/source-inventory.json:1		Original provenance/title; no executable authorization.	SOURCE_CONTEXT	Original source context/checkpoint preserved, not fresh runtime evidence.	NOT_EXECUTABLE_CRITERION
word/document.xml/table1/r1/c2/p1	Front matter	Authoritative value	SOURCE_CONTEXT	docs/engineering/original-source/source-inventory.json:1		Original provenance/title; no executable authorization.	SOURCE_CONTEXT	Original source context/checkpoint preserved, not fresh runtime evidence.	NOT_EXECUTABLE_CRITERION
word/document.xml/table1/r2/c1/p1	Front matter	Platform	SOURCE_CONTEXT	docs/engineering/original-source/source-inventory.json:1		Original provenance/title; no executable authorization.	SOURCE_CONTEXT	Original source context/checkpoint preserved, not fresh runtime evidence.	NOT_EXECUTABLE_CRITERION
word/document.xml/table1/r2/c2/p1	Front matter	DigiForge — WordPress/PHP/MySQL internal product-development and commerce automation control plane	SOURCE_CONTEXT	docs/engineering/original-source/source-inventory.json:1		Original provenance/title; no executable authorization.	SOURCE_CONTEXT	Original source context/checkpoint preserved, not fresh runtime evidence.	NOT_EXECUTABLE_CRITERION
word/document.xml/table1/r3/c1/p1	Front matter	Repository	SOURCE_CONTEXT	docs/engineering/original-source/source-inventory.json:1		Original provenance/title; no executable authorization.	SOURCE_CONTEXT	Original source context/checkpoint preserved, not fresh runtime evidence.	NOT_EXECUTABLE_CRITERION
word/document.xml/table1/r3/c2/p1	Front matter	subvicco12/digiforge	SOURCE_CONTEXT	docs/engineering/original-source/source-inventory.json:1		Original provenance/title; no executable authorization.	SOURCE_CONTEXT	Original source context/checkpoint preserved, not fresh runtime evidence.	NOT_EXECUTABLE_CRITERION
word/document.xml/table1/r4/c1/p1	Front matter	Production site	SOURCE_CONTEXT	docs/engineering/original-source/source-inventory.json:1		Original provenance/title; no executable authorization.	SOURCE_CONTEXT	Original source context/checkpoint preserved, not fresh runtime evidence.	NOT_EXECUTABLE_CRITERION
word/document.xml/table1/r4/c2/p1	Front matter	digiforge.converentis.com	SOURCE_CONTEXT	docs/engineering/original-source/source-inventory.json:1		Original provenance/title; no executable authorization.	SOURCE_CONTEXT	Original source context/checkpoint preserved, not fresh runtime evidence.	NOT_EXECUTABLE_CRITERION
word/document.xml/table1/r5/c1/p1	Front matter	Installed certified production release	SOURCE_CONTEXT	docs/engineering/original-source/source-inventory.json:1		Original provenance/title; no executable authorization.	SOURCE_CONTEXT	Original source context/checkpoint preserved, not fresh runtime evidence.	NOT_EXECUTABLE_CRITERION
word/document.xml/table1/r5/c2/p1	Front matter	DigiForge v1.0.65 • DB schema 15	SOURCE_CONTEXT	docs/engineering/original-source/source-inventory.json:1		Original provenance/title; no executable authorization.	SOURCE_CONTEXT	Original source context/checkpoint preserved, not fresh runtime evidence.	NOT_EXECUTABLE_CRITERION
word/document.xml/table1/r6/c1/p1	Front matter	Certified v1.0.65 main commit	SOURCE_CONTEXT	docs/engineering/original-source/source-inventory.json:1		Original provenance/title; no executable authorization.	SOURCE_CONTEXT	Original source context/checkpoint preserved, not fresh runtime evidence.	NOT_EXECUTABLE_CRITERION
word/document.xml/table1/r6/c2/p1	Front matter	30f6321f7ea6bf88c09069c2b53269e8fcc7594c	SOURCE_CONTEXT	docs/engineering/original-source/source-inventory.json:1		Original provenance/title; no executable authorization.	SOURCE_CONTEXT	Original source context/checkpoint preserved, not fresh runtime evidence.	NOT_EXECUTABLE_CRITERION
word/document.xml/table1/r7/c1/p1	Front matter	Current post-release engineering main	SOURCE_CONTEXT	docs/engineering/original-source/source-inventory.json:1		Original provenance/title; no executable authorization.	SOURCE_CONTEXT	Original source context/checkpoint preserved, not fresh runtime evidence.	NOT_EXECUTABLE_CRITERION
word/document.xml/table1/r7/c2/p1	Front matter	f2927f2c2c9e0ef8dcdf6d2b3444386d198b385e	SOURCE_CONTEXT	docs/engineering/original-source/source-inventory.json:1		Original provenance/title; no executable authorization.	SOURCE_CONTEXT	Original source context/checkpoint preserved, not fresh runtime evidence.	NOT_EXECUTABLE_CRITERION
word/document.xml/table1/r8/c1/p1	Front matter	Production external state	SOURCE_CONTEXT	docs/engineering/original-source/source-inventory.json:1		Original provenance/title; no executable authorization.	SOURCE_CONTEXT	Original source context/checkpoint preserved, not fresh runtime evidence.	NOT_EXECUTABLE_CRITERION
word/document.xml/table1/r8/c2/p1	Front matter	Research ON • AI ON • Etsy publish OFF • order automation OFF • GST automation OFF	SOURCE_CONTEXT	docs/engineering/original-source/source-inventory.json:1		Original provenance/title; no executable authorization.	SOURCE_CONTEXT	Original source context/checkpoint preserved, not fresh runtime evidence.	NOT_EXECUTABLE_CRITERION
word/document.xml/table1/r9/c1/p1	Front matter	Purpose	SOURCE_CONTEXT	docs/engineering/original-source/source-inventory.json:1		Original provenance/title; no executable authorization.	SOURCE_CONTEXT	Original source context/checkpoint preserved, not fresh runtime evidence.	NOT_EXECUTABLE_CRITERION
word/document.xml/table1/r9/c2/p1	Front matter	Single human-readable master reference replacing prior DigiForge architecture/handoff DOCX files.	SOURCE_CONTEXT	docs/engineering/original-source/source-inventory.json:1		Original provenance/title; no executable authorization.	SOURCE_CONTEXT	Original source context/checkpoint preserved, not fresh runtime evidence.	NOT_EXECUTABLE_CRITERION
word/document.xml/table2/r1/c1/p1	Front matter	AUTHORITATIVE USE — After this document is approved, use it as the primary architecture and operating reference. Runtime/repository evidence remains authoritative for implementation status when code has moved beyond this document. Do not revive superseded architecture documents to override this edition.	SOURCE_CONTEXT	docs/engineering/original-source/source-inventory.json:1		Original provenance/title; no executable authorization.	SOURCE_CONTEXT	Original source context/checkpoint preserved, not fresh runtime evidence.	NOT_EXECUTABLE_CRITERION
word/document.xml/table3/r1/c1/p1	Front matter	COMPANION DATA SOURCES — Do not delete the governed catalog/data workbooks merely because older DOCX architecture files are removed. The Personalized POD catalog is maintained as structured spreadsheet data; this document defines how DigiForge governs and uses it.	SOURCE_CONTEXT	docs/engineering/original-source/source-inventory.json:1		Original provenance/title; no executable authorization.	SOURCE_CONTEXT	Original source context/checkpoint preserved, not fresh runtime evidence.	NOT_EXECUTABLE_CRITERION
word/document.xml/p13	1. Authority, Scope and Source-of-Truth Rules	1. Authority, Scope and Source-of-Truth Rules	AUTHORITY_BOUNDARY	includes/Core/Settings.php:9	tests/wordpress/FinalConvergenceScenarioTest.php:5::testPersonalizedPodReviewChainStopsBeforeExternalExecution; tests/wordpress/FinalConvergenceScenarioTest.php:23::testScopedCapabilityRequiresGlobalShopAndWorkflow	Current user instructions override attached execution/handoff suggestions; no activation/deployment authority.	IMPLEMENTED	Related component code exists; cited tests verify only their named behaviors.	INCOMPLETE_REQUIREMENT_COVERAGE
word/document.xml/p14	1. Authority, Scope and Source-of-Truth Rules	This v6.0 document consolidates the prior DigiForge architecture and handoff documents, the Product Feature Master Tracker, the certified production history through v1.0.65, post-release engineering through PR #457, and the newly approved four-shop / shop-scoped AI / Master 500 v2 direction. It is intentionally written as a replacement reference so older DOCX files can be retired without losing essential architecture, safety or completion context.	AUTHORITY_BOUNDARY	includes/Core/Settings.php:9	tests/wordpress/FinalConvergenceScenarioTest.php:5::testPersonalizedPodReviewChainStopsBeforeExternalExecution; tests/wordpress/FinalConvergenceScenarioTest.php:23::testScopedCapabilityRequiresGlobalShopAndWorkflow	Current user instructions override attached execution/handoff suggestions; no activation/deployment authority.	IMPLEMENTED	Related component code exists; cited tests verify only their named behaviors.	INCOMPLETE_REQUIREMENT_COVERAGE
word/document.xml/table4/r1/c1/p1	1. Authority, Scope and Source-of-Truth Rules	Priority	AUTHORITY_BOUNDARY	includes/Core/Settings.php:9	tests/wordpress/FinalConvergenceScenarioTest.php:5::testPersonalizedPodReviewChainStopsBeforeExternalExecution; tests/wordpress/FinalConvergenceScenarioTest.php:23::testScopedCapabilityRequiresGlobalShopAndWorkflow	Current user instructions override attached execution/handoff suggestions; no activation/deployment authority.	IMPLEMENTED	Related component code exists; cited tests verify only their named behaviors.	INCOMPLETE_REQUIREMENT_COVERAGE
word/document.xml/table4/r1/c2/p1	1. Authority, Scope and Source-of-Truth Rules	Authority	AUTHORITY_BOUNDARY	includes/Core/Settings.php:9	tests/wordpress/FinalConvergenceScenarioTest.php:5::testPersonalizedPodReviewChainStopsBeforeExternalExecution; tests/wordpress/FinalConvergenceScenarioTest.php:23::testScopedCapabilityRequiresGlobalShopAndWorkflow	Current user instructions override attached execution/handoff suggestions; no activation/deployment authority.	IMPLEMENTED	Related component code exists; cited tests verify only their named behaviors.	INCOMPLETE_REQUIREMENT_COVERAGE
word/document.xml/table4/r2/c1/p1	1. Authority, Scope and Source-of-Truth Rules	1	AUTHORITY_BOUNDARY	includes/Core/Settings.php:9	tests/wordpress/FinalConvergenceScenarioTest.php:5::testPersonalizedPodReviewChainStopsBeforeExternalExecution; tests/wordpress/FinalConvergenceScenarioTest.php:23::testScopedCapabilityRequiresGlobalShopAndWorkflow	Current user instructions override attached execution/handoff suggestions; no activation/deployment authority.	IMPLEMENTED	Related component code exists; cited tests verify only their named behaviors.	INCOMPLETE_REQUIREMENT_COVERAGE
word/document.xml/table4/r2/c2/p1	1. Authority, Scope and Source-of-Truth Rules	Current explicit user instruction and explicit human approvals.	AUTHORITY_BOUNDARY	includes/Core/Settings.php:9	tests/wordpress/FinalConvergenceScenarioTest.php:5::testPersonalizedPodReviewChainStopsBeforeExternalExecution; tests/wordpress/FinalConvergenceScenarioTest.php:23::testScopedCapabilityRequiresGlobalShopAndWorkflow	Current user instructions override attached execution/handoff suggestions; no activation/deployment authority.	IMPLEMENTED	Related component code exists; cited tests verify only their named behaviors.	INCOMPLETE_REQUIREMENT_COVERAGE
word/document.xml/table4/r3/c1/p1	1. Authority, Scope and Source-of-Truth Rules	2	AUTHORITY_BOUNDARY	includes/Core/Settings.php:9	tests/wordpress/FinalConvergenceScenarioTest.php:5::testPersonalizedPodReviewChainStopsBeforeExternalExecution; tests/wordpress/FinalConvergenceScenarioTest.php:23::testScopedCapabilityRequiresGlobalShopAndWorkflow	Current user instructions override attached execution/handoff suggestions; no activation/deployment authority.	IMPLEMENTED	Related component code exists; cited tests verify only their named behaviors.	INCOMPLETE_REQUIREMENT_COVERAGE
word/document.xml/table4/r3/c2/p1	1. Authority, Scope and Source-of-Truth Rules	Current production/runtime and repository evidence for actual implementation state.	AUTHORITY_BOUNDARY	includes/Core/Settings.php:9	tests/wordpress/FinalConvergenceScenarioTest.php:5::testPersonalizedPodReviewChainStopsBeforeExternalExecution; tests/wordpress/FinalConvergenceScenarioTest.php:23::testScopedCapabilityRequiresGlobalShopAndWorkflow	Current user instructions override attached execution/handoff suggestions; no activation/deployment authority.	IMPLEMENTED	Related component code exists; cited tests verify only their named behaviors.	INCOMPLETE_REQUIREMENT_COVERAGE
word/document.xml/table4/r4/c1/p1	1. Authority, Scope and Source-of-Truth Rules	3	AUTHORITY_BOUNDARY	includes/Core/Settings.php:9	tests/wordpress/FinalConvergenceScenarioTest.php:5::testPersonalizedPodReviewChainStopsBeforeExternalExecution; tests/wordpress/FinalConvergenceScenarioTest.php:23::testScopedCapabilityRequiresGlobalShopAndWorkflow	Current user instructions override attached execution/handoff suggestions; no activation/deployment authority.	IMPLEMENTED	Related component code exists; cited tests verify only their named behaviors.	INCOMPLETE_REQUIREMENT_COVERAGE
word/document.xml/table4/r4/c2/p1	1. Authority, Scope and Source-of-Truth Rules	This DigiForge Ultimate Master Blueprint v6.0 for architecture, terminology, safety, operating model and roadmap.	AUTHORITY_BOUNDARY	includes/Core/Settings.php:9	tests/wordpress/FinalConvergenceScenarioTest.php:5::testPersonalizedPodReviewChainStopsBeforeExternalExecution; tests/wordpress/FinalConvergenceScenarioTest.php:23::testScopedCapabilityRequiresGlobalShopAndWorkflow	Current user instructions override attached execution/handoff suggestions; no activation/deployment authority.	IMPLEMENTED	Related component code exists; cited tests verify only their named behaviors.	INCOMPLETE_REQUIREMENT_COVERAGE
word/document.xml/table4/r5/c1/p1	1. Authority, Scope and Source-of-Truth Rules	4	AUTHORITY_BOUNDARY	includes/Core/Settings.php:9	tests/wordpress/FinalConvergenceScenarioTest.php:5::testPersonalizedPodReviewChainStopsBeforeExternalExecution; tests/wordpress/FinalConvergenceScenarioTest.php:23::testScopedCapabilityRequiresGlobalShopAndWorkflow	Current user instructions override attached execution/handoff suggestions; no activation/deployment authority.	IMPLEMENTED	Related component code exists; cited tests verify only their named behaviors.	INCOMPLETE_REQUIREMENT_COVERAGE
word/document.xml/table4/r5/c2/p1	1. Authority, Scope and Source-of-Truth Rules	Governed structured data sources listed in Section 3, including Personalized POD Master 500 catalogs.	AUTHORITY_BOUNDARY	includes/Core/Settings.php:9	tests/wordpress/FinalConvergenceScenarioTest.php:5::testPersonalizedPodReviewChainStopsBeforeExternalExecution; tests/wordpress/FinalConvergenceScenarioTest.php:23::testScopedCapabilityRequiresGlobalShopAndWorkflow	Current user instructions override attached execution/handoff suggestions; no activation/deployment authority.	IMPLEMENTED	Related component code exists; cited tests verify only their named behaviors.	INCOMPLETE_REQUIREMENT_COVERAGE
word/document.xml/table4/r6/c1/p1	1. Authority, Scope and Source-of-Truth Rules	5	AUTHORITY_BOUNDARY	includes/Core/Settings.php:9	tests/wordpress/FinalConvergenceScenarioTest.php:5::testPersonalizedPodReviewChainStopsBeforeExternalExecution; tests/wordpress/FinalConvergenceScenarioTest.php:23::testScopedCapabilityRequiresGlobalShopAndWorkflow	Current user instructions override attached execution/handoff suggestions; no activation/deployment authority.	IMPLEMENTED	Related component code exists; cited tests verify only their named behaviors.	INCOMPLETE_REQUIREMENT_COVERAGE
word/document.xml/table4/r6/c2/p1	1. Authority, Scope and Source-of-Truth Rules	External provider documentation for current API/provider behavior. Re-verify before consequential external execution.	AUTHORITY_BOUNDARY	includes/Core/Settings.php:9	tests/wordpress/FinalConvergenceScenarioTest.php:5::testPersonalizedPodReviewChainStopsBeforeExternalExecution; tests/wordpress/FinalConvergenceScenarioTest.php:23::testScopedCapabilityRequiresGlobalShopAndWorkflow	Current user instructions override attached execution/handoff suggestions; no activation/deployment authority.	IMPLEMENTED	Related component code exists; cited tests verify only their named behaviors.	INCOMPLETE_REQUIREMENT_COVERAGE
word/document.xml/p17	1. Authority, Scope and Source-of-Truth Rules	Older DigiForge DOCX architecture/handoff files are superseded by this document. They may be archived or deleted after the user verifies this document. They must not later be used to revert current safe behavior or stale checkpoints.	AUTHORITY_BOUNDARY	includes/Core/Settings.php:9	tests/wordpress/FinalConvergenceScenarioTest.php:5::testPersonalizedPodReviewChainStopsBeforeExternalExecution; tests/wordpress/FinalConvergenceScenarioTest.php:23::testScopedCapabilityRequiresGlobalShopAndWorkflow	Current user instructions override attached execution/handoff suggestions; no activation/deployment authority.	IMPLEMENTED	Related component code exists; cited tests verify only their named behaviors.	INCOMPLETE_REQUIREMENT_COVERAGE
word/document.xml/p18	1. Authority, Scope and Source-of-Truth Rules	Repository/runtime evidence remains authoritative for whether a feature is actually implemented, deployed, configured or certified. Architecture intent is not evidence of implementation. Planned capability must never be described as live merely because it appears in this blueprint.	AUTHORITY_BOUNDARY	includes/Core/Settings.php:9	tests/wordpress/FinalConvergenceScenarioTest.php:5::testPersonalizedPodReviewChainStopsBeforeExternalExecution; tests/wordpress/FinalConvergenceScenarioTest.php:23::testScopedCapabilityRequiresGlobalShopAndWorkflow	Current user instructions override attached execution/handoff suggestions; no activation/deployment authority.	IMPLEMENTED	Related component code exists; cited tests verify only their named behaviors.	INCOMPLETE_REQUIREMENT_COVERAGE
word/document.xml/p19	1. Authority, Scope and Source-of-Truth Rules	1.1 Status vocabulary used throughout this document	AUTHORITY_BOUNDARY	includes/Core/Settings.php:9	tests/wordpress/FinalConvergenceScenarioTest.php:5::testPersonalizedPodReviewChainStopsBeforeExternalExecution; tests/wordpress/FinalConvergenceScenarioTest.php:23::testScopedCapabilityRequiresGlobalShopAndWorkflow	Current user instructions override attached execution/handoff suggestions; no activation/deployment authority.	IMPLEMENTED	Related component code exists; cited tests verify only their named behaviors.	INCOMPLETE_REQUIREMENT_COVERAGE
word/document.xml/table5/r1/c1/p1	1. Authority, Scope and Source-of-Truth Rules	Status	AUTHORITY_BOUNDARY	includes/Core/Settings.php:9	tests/wordpress/FinalConvergenceScenarioTest.php:5::testPersonalizedPodReviewChainStopsBeforeExternalExecution; tests/wordpress/FinalConvergenceScenarioTest.php:23::testScopedCapabilityRequiresGlobalShopAndWorkflow	Current user instructions override attached execution/handoff suggestions; no activation/deployment authority.	IMPLEMENTED	Related component code exists; cited tests verify only their named behaviors.	INCOMPLETE_REQUIREMENT_COVERAGE
word/document.xml/table5/r1/c2/p1	1. Authority, Scope and Source-of-Truth Rules	Meaning	AUTHORITY_BOUNDARY	includes/Core/Settings.php:9	tests/wordpress/FinalConvergenceScenarioTest.php:5::testPersonalizedPodReviewChainStopsBeforeExternalExecution; tests/wordpress/FinalConvergenceScenarioTest.php:23::testScopedCapabilityRequiresGlobalShopAndWorkflow	Current user instructions override attached execution/handoff suggestions; no activation/deployment authority.	IMPLEMENTED	Related component code exists; cited tests verify only their named behaviors.	INCOMPLETE_REQUIREMENT_COVERAGE
word/document.xml/table5/r2/c1/p1	1. Authority, Scope and Source-of-Truth Rules	CERTIFIED PRODUCTION	AUTHORITY_BOUNDARY	includes/Core/Settings.php:9	tests/wordpress/FinalConvergenceScenarioTest.php:5::testPersonalizedPodReviewChainStopsBeforeExternalExecution; tests/wordpress/FinalConvergenceScenarioTest.php:23::testScopedCapabilityRequiresGlobalShopAndWorkflow	Current user instructions override attached execution/handoff suggestions; no activation/deployment authority.	IMPLEMENTED	Related component code exists; cited tests verify only their named behaviors.	INCOMPLETE_REQUIREMENT_COVERAGE
word/document.xml/table5/r2/c2/p1	1. Authority, Scope and Source-of-Truth Rules	Installed in production and verified at a certified release checkpoint.	AUTHORITY_BOUNDARY	includes/Core/Settings.php:9	tests/wordpress/FinalConvergenceScenarioTest.php:5::testPersonalizedPodReviewChainStopsBeforeExternalExecution; tests/wordpress/FinalConvergenceScenarioTest.php:23::testScopedCapabilityRequiresGlobalShopAndWorkflow	Current user instructions override attached execution/handoff suggestions; no activation/deployment authority.	IMPLEMENTED	Related component code exists; cited tests verify only their named behaviors.	INCOMPLETE_REQUIREMENT_COVERAGE
word/document.xml/table5/r3/c1/p1	1. Authority, Scope and Source-of-Truth Rules	IMPLEMENTED / AUDITED / UNRELEASED	AUTHORITY_BOUNDARY	includes/Core/Settings.php:9	tests/wordpress/FinalConvergenceScenarioTest.php:5::testPersonalizedPodReviewChainStopsBeforeExternalExecution; tests/wordpress/FinalConvergenceScenarioTest.php:23::testScopedCapabilityRequiresGlobalShopAndWorkflow	Current user instructions override attached execution/handoff suggestions; no activation/deployment authority.	IMPLEMENTED	Related component code exists; cited tests verify only their named behaviors.	INCOMPLETE_REQUIREMENT_COVERAGE
word/document.xml/table5/r3/c2/p1	1. Authority, Scope and Source-of-Truth Rules	Present on current main and covered by successful exact-head audit, but not yet installed in production.	AUTHORITY_BOUNDARY	includes/Core/Settings.php:9	tests/wordpress/FinalConvergenceScenarioTest.php:5::testPersonalizedPodReviewChainStopsBeforeExternalExecution; tests/wordpress/FinalConvergenceScenarioTest.php:23::testScopedCapabilityRequiresGlobalShopAndWorkflow	Current user instructions override attached execution/handoff suggestions; no activation/deployment authority.	IMPLEMENTED	Related component code exists; cited tests verify only their named behaviors.	INCOMPLETE_REQUIREMENT_COVERAGE
word/document.xml/table5/r4/c1/p1	1. Authority, Scope and Source-of-Truth Rules	PARTIAL	AUTHORITY_BOUNDARY	includes/Core/Settings.php:9	tests/wordpress/FinalConvergenceScenarioTest.php:5::testPersonalizedPodReviewChainStopsBeforeExternalExecution; tests/wordpress/FinalConvergenceScenarioTest.php:23::testScopedCapabilityRequiresGlobalShopAndWorkflow	Current user instructions override attached execution/handoff suggestions; no activation/deployment authority.	IMPLEMENTED	Related component code exists; cited tests verify only their named behaviors.	INCOMPLETE_REQUIREMENT_COVERAGE
word/document.xml/table5/r4/c2/p1	1. Authority, Scope and Source-of-Truth Rules	Foundation exists; end-to-end workflow, operator surface, evidence or certification is incomplete.	AUTHORITY_BOUNDARY	includes/Core/Settings.php:9	tests/wordpress/FinalConvergenceScenarioTest.php:5::testPersonalizedPodReviewChainStopsBeforeExternalExecution; tests/wordpress/FinalConvergenceScenarioTest.php:23::testScopedCapabilityRequiresGlobalShopAndWorkflow	Current user instructions override attached execution/handoff suggestions; no activation/deployment authority.	IMPLEMENTED	Related component code exists; cited tests verify only their named behaviors.	INCOMPLETE_REQUIREMENT_COVERAGE
word/document.xml/table5/r5/c1/p1	1. Authority, Scope and Source-of-Truth Rules	PLANNED	AUTHORITY_BOUNDARY	includes/Core/Settings.php:9	tests/wordpress/FinalConvergenceScenarioTest.php:5::testPersonalizedPodReviewChainStopsBeforeExternalExecution; tests/wordpress/FinalConvergenceScenarioTest.php:23::testScopedCapabilityRequiresGlobalShopAndWorkflow	Current user instructions override attached execution/handoff suggestions; no activation/deployment authority.	IMPLEMENTED	Related component code exists; cited tests verify only their named behaviors.	INCOMPLETE_REQUIREMENT_COVERAGE
word/document.xml/table5/r5/c2/p1	1. Authority, Scope and Source-of-Truth Rules	Approved architecture/requirement not yet implemented.	AUTHORITY_BOUNDARY	includes/Core/Settings.php:9	tests/wordpress/FinalConvergenceScenarioTest.php:5::testPersonalizedPodReviewChainStopsBeforeExternalExecution; tests/wordpress/FinalConvergenceScenarioTest.php:23::testScopedCapabilityRequiresGlobalShopAndWorkflow	Current user instructions override attached execution/handoff suggestions; no activation/deployment authority.	IMPLEMENTED	Related component code exists; cited tests verify only their named behaviors.	INCOMPLETE_REQUIREMENT_COVERAGE
word/document.xml/table5/r6/c1/p1	1. Authority, Scope and Source-of-Truth Rules	FUTURE	AUTHORITY_BOUNDARY	includes/Core/Settings.php:9	tests/wordpress/FinalConvergenceScenarioTest.php:5::testPersonalizedPodReviewChainStopsBeforeExternalExecution; tests/wordpress/FinalConvergenceScenarioTest.php:23::testScopedCapabilityRequiresGlobalShopAndWorkflow	Current user instructions override attached execution/handoff suggestions; no activation/deployment authority.	IMPLEMENTED	Related component code exists; cited tests verify only their named behaviors.	INCOMPLETE_REQUIREMENT_COVERAGE
word/document.xml/table5/r6/c2/p1	1. Authority, Scope and Source-of-Truth Rules	Intentionally deferred until a defined trigger.	AUTHORITY_BOUNDARY	includes/Core/Settings.php:9	tests/wordpress/FinalConvergenceScenarioTest.php:5::testPersonalizedPodReviewChainStopsBeforeExternalExecution; tests/wordpress/FinalConvergenceScenarioTest.php:23::testScopedCapabilityRequiresGlobalShopAndWorkflow	Current user instructions override attached execution/handoff suggestions; no activation/deployment authority.	IMPLEMENTED	Related component code exists; cited tests verify only their named behaviors.	INCOMPLETE_REQUIREMENT_COVERAGE
word/document.xml/table5/r7/c1/p1	1. Authority, Scope and Source-of-Truth Rules	BLOCKED / CONFIGURATION REQUIRED	AUTHORITY_BOUNDARY	includes/Core/Settings.php:9	tests/wordpress/FinalConvergenceScenarioTest.php:5::testPersonalizedPodReviewChainStopsBeforeExternalExecution; tests/wordpress/FinalConvergenceScenarioTest.php:23::testScopedCapabilityRequiresGlobalShopAndWorkflow	Current user instructions override attached execution/handoff suggestions; no activation/deployment authority.	IMPLEMENTED	Related component code exists; cited tests verify only their named behaviors.	INCOMPLETE_REQUIREMENT_COVERAGE
word/document.xml/table5/r7/c2/p1	1. Authority, Scope and Source-of-Truth Rules	Implementation may exist, but required configuration/evidence is missing.	AUTHORITY_BOUNDARY	includes/Core/Settings.php:9	tests/wordpress/FinalConvergenceScenarioTest.php:5::testPersonalizedPodReviewChainStopsBeforeExternalExecution; tests/wordpress/FinalConvergenceScenarioTest.php:23::testScopedCapabilityRequiresGlobalShopAndWorkflow	Current user instructions override attached execution/handoff suggestions; no activation/deployment authority.	IMPLEMENTED	Related component code exists; cited tests verify only their named behaviors.	INCOMPLETE_REQUIREMENT_COVERAGE
word/document.xml/table5/r8/c1/p1	1. Authority, Scope and Source-of-Truth Rules	KNOWN DEFECT	AUTHORITY_BOUNDARY	includes/Core/Settings.php:9	tests/wordpress/FinalConvergenceScenarioTest.php:5::testPersonalizedPodReviewChainStopsBeforeExternalExecution; tests/wordpress/FinalConvergenceScenarioTest.php:23::testScopedCapabilityRequiresGlobalShopAndWorkflow	Current user instructions override attached execution/handoff suggestions; no activation/deployment authority.	IMPLEMENTED	Related component code exists; cited tests verify only their named behaviors.	INCOMPLETE_REQUIREMENT_COVERAGE
word/document.xml/table5/r8/c2/p1	1. Authority, Scope and Source-of-Truth Rules	Current implementation contains a discovered defect that must be fixed before release.	AUTHORITY_BOUNDARY	includes/Core/Settings.php:9	tests/wordpress/FinalConvergenceScenarioTest.php:5::testPersonalizedPodReviewChainStopsBeforeExternalExecution; tests/wordpress/FinalConvergenceScenarioTest.php:23::testScopedCapabilityRequiresGlobalShopAndWorkflow	Current user instructions override attached execution/handoff suggestions; no activation/deployment authority.	IMPLEMENTED	Related component code exists; cited tests verify only their named behaviors.	INCOMPLETE_REQUIREMENT_COVERAGE
word/document.xml/p22	2. Current Certified and Engineering Checkpoint	2. Current Certified and Engineering Checkpoint	HISTORICAL_CONTEXT	docs/engineering/original-source/README.md:3		Historical certification/checkpoint statements are not new runtime observations.	SOURCE_CONTEXT	Original source context/checkpoint preserved, not fresh runtime evidence.	NOT_EXECUTABLE_CRITERION
word/document.xml/p23	2. Current Certified and Engineering Checkpoint	2.1 Production — certified installed baseline	HISTORICAL_CONTEXT	docs/engineering/original-source/README.md:3		Historical certification/checkpoint statements are not new runtime observations.	SOURCE_CONTEXT	Original source context/checkpoint preserved, not fresh runtime evidence.	NOT_EXECUTABLE_CRITERION
word/document.xml/table6/r1/c1/p1	2. Current Certified and Engineering Checkpoint	Item	HISTORICAL_CONTEXT	docs/engineering/original-source/README.md:3		Historical certification/checkpoint statements are not new runtime observations.	SOURCE_CONTEXT	Original source context/checkpoint preserved, not fresh runtime evidence.	NOT_EXECUTABLE_CRITERION
word/document.xml/table6/r1/c2/p1	2. Current Certified and Engineering Checkpoint	Current production state	HISTORICAL_CONTEXT	docs/engineering/original-source/README.md:3		Historical certification/checkpoint statements are not new runtime observations.	SOURCE_CONTEXT	Original source context/checkpoint preserved, not fresh runtime evidence.	NOT_EXECUTABLE_CRITERION
word/document.xml/table6/r2/c1/p1	2. Current Certified and Engineering Checkpoint	DigiForge version	HISTORICAL_CONTEXT	docs/engineering/original-source/README.md:3		Historical certification/checkpoint statements are not new runtime observations.	SOURCE_CONTEXT	Original source context/checkpoint preserved, not fresh runtime evidence.	NOT_EXECUTABLE_CRITERION
word/document.xml/table6/r2/c2/p1	2. Current Certified and Engineering Checkpoint	v1.0.65	HISTORICAL_CONTEXT	docs/engineering/original-source/README.md:3		Historical certification/checkpoint statements are not new runtime observations.	SOURCE_CONTEXT	Original source context/checkpoint preserved, not fresh runtime evidence.	NOT_EXECUTABLE_CRITERION
word/document.xml/table6/r3/c1/p1	2. Current Certified and Engineering Checkpoint	Database schema	HISTORICAL_CONTEXT	docs/engineering/original-source/README.md:3		Historical certification/checkpoint statements are not new runtime observations.	SOURCE_CONTEXT	Original source context/checkpoint preserved, not fresh runtime evidence.	NOT_EXECUTABLE_CRITERION
word/document.xml/table6/r3/c2/p1	2. Current Certified and Engineering Checkpoint	15 / 15	HISTORICAL_CONTEXT	docs/engineering/original-source/README.md:3		Historical certification/checkpoint statements are not new runtime observations.	SOURCE_CONTEXT	Original source context/checkpoint preserved, not fresh runtime evidence.	NOT_EXECUTABLE_CRITERION
word/document.xml/table6/r4/c1/p1	2. Current Certified and Engineering Checkpoint	Certified main commit	HISTORICAL_CONTEXT	docs/engineering/original-source/README.md:3		Historical certification/checkpoint statements are not new runtime observations.	SOURCE_CONTEXT	Original source context/checkpoint preserved, not fresh runtime evidence.	NOT_EXECUTABLE_CRITERION
word/document.xml/table6/r4/c2/p1	2. Current Certified and Engineering Checkpoint	30f6321f7ea6bf88c09069c2b53269e8fcc7594c	HISTORICAL_CONTEXT	docs/engineering/original-source/README.md:3		Historical certification/checkpoint statements are not new runtime observations.	SOURCE_CONTEXT	Original source context/checkpoint preserved, not fresh runtime evidence.	NOT_EXECUTABLE_CRITERION
word/document.xml/table6/r5/c1/p1	2. Current Certified and Engineering Checkpoint	Health	HISTORICAL_CONTEXT	docs/engineering/original-source/README.md:3		Historical certification/checkpoint statements are not new runtime observations.	SOURCE_CONTEXT	Original source context/checkpoint preserved, not fresh runtime evidence.	NOT_EXECUTABLE_CRITERION
word/document.xml/table6/r5/c2/p1	2. Current Certified and Engineering Checkpoint	OK	HISTORICAL_CONTEXT	docs/engineering/original-source/README.md:3		Historical certification/checkpoint statements are not new runtime observations.	SOURCE_CONTEXT	Original source context/checkpoint preserved, not fresh runtime evidence.	NOT_EXECUTABLE_CRITERION
word/document.xml/table6/r6/c1/p1	2. Current Certified and Engineering Checkpoint	Research	HISTORICAL_CONTEXT	docs/engineering/original-source/README.md:3		Historical certification/checkpoint statements are not new runtime observations.	SOURCE_CONTEXT	Original source context/checkpoint preserved, not fresh runtime evidence.	NOT_EXECUTABLE_CRITERION
word/document.xml/table6/r6/c2/p1	2. Current Certified and Engineering Checkpoint	ON	HISTORICAL_CONTEXT	docs/engineering/original-source/README.md:3		Historical certification/checkpoint statements are not new runtime observations.	SOURCE_CONTEXT	Original source context/checkpoint preserved, not fresh runtime evidence.	NOT_EXECUTABLE_CRITERION
word/document.xml/table6/r7/c1/p1	2. Current Certified and Engineering Checkpoint	AI	HISTORICAL_CONTEXT	docs/engineering/original-source/README.md:3		Historical certification/checkpoint statements are not new runtime observations.	SOURCE_CONTEXT	Original source context/checkpoint preserved, not fresh runtime evidence.	NOT_EXECUTABLE_CRITERION
word/document.xml/table6/r7/c2/p1	2. Current Certified and Engineering Checkpoint	ON	HISTORICAL_CONTEXT	docs/engineering/original-source/README.md:3		Historical certification/checkpoint statements are not new runtime observations.	SOURCE_CONTEXT	Original source context/checkpoint preserved, not fresh runtime evidence.	NOT_EXECUTABLE_CRITERION
word/document.xml/table6/r8/c1/p1	2. Current Certified and Engineering Checkpoint	Product development	HISTORICAL_CONTEXT	docs/engineering/original-source/README.md:3		Historical certification/checkpoint statements are not new runtime observations.	SOURCE_CONTEXT	Original source context/checkpoint preserved, not fresh runtime evidence.	NOT_EXECUTABLE_CRITERION
word/document.xml/table6/r8/c2/p1	2. Current Certified and Engineering Checkpoint	ON	HISTORICAL_CONTEXT	docs/engineering/original-source/README.md:3		Historical certification/checkpoint statements are not new runtime observations.	SOURCE_CONTEXT	Original source context/checkpoint preserved, not fresh runtime evidence.	NOT_EXECUTABLE_CRITERION
word/document.xml/table6/r9/c1/p1	2. Current Certified and Engineering Checkpoint	Printify control	HISTORICAL_CONTEXT	docs/engineering/original-source/README.md:3		Historical certification/checkpoint statements are not new runtime observations.	SOURCE_CONTEXT	Original source context/checkpoint preserved, not fresh runtime evidence.	NOT_EXECUTABLE_CRITERION
word/document.xml/table6/r9/c2/p1	2. Current Certified and Engineering Checkpoint	ON at platform control level; no automatic production authority	HISTORICAL_CONTEXT	docs/engineering/original-source/README.md:3		Historical certification/checkpoint statements are not new runtime observations.	SOURCE_CONTEXT	Original source context/checkpoint preserved, not fresh runtime evidence.	NOT_EXECUTABLE_CRITERION
word/document.xml/table6/r10/c1/p1	2. Current Certified and Engineering Checkpoint	Gelato	HISTORICAL_CONTEXT	docs/engineering/original-source/README.md:3		Historical certification/checkpoint statements are not new runtime observations.	SOURCE_CONTEXT	Original source context/checkpoint preserved, not fresh runtime evidence.	NOT_EXECUTABLE_CRITERION
word/document.xml/table6/r10/c2/p1	2. Current Certified and Engineering Checkpoint	OFF	HISTORICAL_CONTEXT	docs/engineering/original-source/README.md:3		Historical certification/checkpoint statements are not new runtime observations.	SOURCE_CONTEXT	Original source context/checkpoint preserved, not fresh runtime evidence.	NOT_EXECUTABLE_CRITERION
word/document.xml/table6/r11/c1/p1	2. Current Certified and Engineering Checkpoint	Etsy draft	HISTORICAL_CONTEXT	docs/engineering/original-source/README.md:3		Historical certification/checkpoint statements are not new runtime observations.	SOURCE_CONTEXT	Original source context/checkpoint preserved, not fresh runtime evidence.	NOT_EXECUTABLE_CRITERION
word/document.xml/table6/r11/c2/p1	2. Current Certified and Engineering Checkpoint	ON	HISTORICAL_CONTEXT	docs/engineering/original-source/README.md:3		Historical certification/checkpoint statements are not new runtime observations.	SOURCE_CONTEXT	Original source context/checkpoint preserved, not fresh runtime evidence.	NOT_EXECUTABLE_CRITERION
word/document.xml/table6/r12/c1/p1	2. Current Certified and Engineering Checkpoint	Etsy publish	HISTORICAL_CONTEXT	docs/engineering/original-source/README.md:3		Historical certification/checkpoint statements are not new runtime observations.	SOURCE_CONTEXT	Original source context/checkpoint preserved, not fresh runtime evidence.	NOT_EXECUTABLE_CRITERION
word/document.xml/table6/r12/c2/p1	2. Current Certified and Engineering Checkpoint	OFF	HISTORICAL_CONTEXT	docs/engineering/original-source/README.md:3		Historical certification/checkpoint statements are not new runtime observations.	SOURCE_CONTEXT	Original source context/checkpoint preserved, not fresh runtime evidence.	NOT_EXECUTABLE_CRITERION
word/document.xml/table6/r13/c1/p1	2. Current Certified and Engineering Checkpoint	Order automation	HISTORICAL_CONTEXT	docs/engineering/original-source/README.md:3		Historical certification/checkpoint statements are not new runtime observations.	SOURCE_CONTEXT	Original source context/checkpoint preserved, not fresh runtime evidence.	NOT_EXECUTABLE_CRITERION
word/document.xml/table6/r13/c2/p1	2. Current Certified and Engineering Checkpoint	OFF	HISTORICAL_CONTEXT	docs/engineering/original-source/README.md:3		Historical certification/checkpoint statements are not new runtime observations.	SOURCE_CONTEXT	Original source context/checkpoint preserved, not fresh runtime evidence.	NOT_EXECUTABLE_CRITERION
word/document.xml/table6/r14/c1/p1	2. Current Certified and Engineering Checkpoint	GST automation	HISTORICAL_CONTEXT	docs/engineering/original-source/README.md:3		Historical certification/checkpoint statements are not new runtime observations.	SOURCE_CONTEXT	Original source context/checkpoint preserved, not fresh runtime evidence.	NOT_EXECUTABLE_CRITERION
word/document.xml/table6/r14/c2/p1	2. Current Certified and Engineering Checkpoint	OFF	HISTORICAL_CONTEXT	docs/engineering/original-source/README.md:3		Historical certification/checkpoint statements are not new runtime observations.	SOURCE_CONTEXT	Original source context/checkpoint preserved, not fresh runtime evidence.	NOT_EXECUTABLE_CRITERION
word/document.xml/table6/r15/c1/p1	2. Current Certified and Engineering Checkpoint	STOP ALL	HISTORICAL_CONTEXT	docs/engineering/original-source/README.md:3		Historical certification/checkpoint statements are not new runtime observations.	SOURCE_CONTEXT	Original source context/checkpoint preserved, not fresh runtime evidence.	NOT_EXECUTABLE_CRITERION
word/document.xml/table6/r15/c2/p1	2. Current Certified and Engineering Checkpoint	OFF at current verified production checkpoint	HISTORICAL_CONTEXT	docs/engineering/original-source/README.md:3		Historical certification/checkpoint statements are not new runtime observations.	SOURCE_CONTEXT	Original source context/checkpoint preserved, not fresh runtime evidence.	NOT_EXECUTABLE_CRITERION
word/document.xml/table6/r16/c1/p1	2. Current Certified and Engineering Checkpoint	Externally locked	HISTORICAL_CONTEXT	docs/engineering/original-source/README.md:3		Historical certification/checkpoint statements are not new runtime observations.	SOURCE_CONTEXT	Original source context/checkpoint preserved, not fresh runtime evidence.	NOT_EXECUTABLE_CRITERION
word/document.xml/table6/r16/c2/p1	2. Current Certified and Engineering Checkpoint	false at current verified production checkpoint	HISTORICAL_CONTEXT	docs/engineering/original-source/README.md:3		Historical certification/checkpoint statements are not new runtime observations.	SOURCE_CONTEXT	Original source context/checkpoint preserved, not fresh runtime evidence.	NOT_EXECUTABLE_CRITERION
word/document.xml/table6/r17/c1/p1	2. Current Certified and Engineering Checkpoint	Webhook readiness	HISTORICAL_CONTEXT	docs/engineering/original-source/README.md:3		Historical certification/checkpoint statements are not new runtime observations.	SOURCE_CONTEXT	Original source context/checkpoint preserved, not fresh runtime evidence.	NOT_EXECUTABLE_CRITERION
word/document.xml/table6/r17/c2/p1	2. Current Certified and Engineering Checkpoint	CONFIGURATION_REQUIRED — signing secret not configured	HISTORICAL_CONTEXT	docs/engineering/original-source/README.md:3		Historical certification/checkpoint statements are not new runtime observations.	SOURCE_CONTEXT	Original source context/checkpoint preserved, not fresh runtime evidence.	NOT_EXECUTABLE_CRITERION
word/document.xml/table6/r18/c1/p1	2. Current Certified and Engineering Checkpoint	Production publish authority	HISTORICAL_CONTEXT	docs/engineering/original-source/README.md:3		Historical certification/checkpoint statements are not new runtime observations.	SOURCE_CONTEXT	Original source context/checkpoint preserved, not fresh runtime evidence.	NOT_EXECUTABLE_CRITERION
word/document.xml/table6/r18/c2/p1	2. Current Certified and Engineering Checkpoint	Not granted	HISTORICAL_CONTEXT	docs/engineering/original-source/README.md:3		Historical certification/checkpoint statements are not new runtime observations.	SOURCE_CONTEXT	Original source context/checkpoint preserved, not fresh runtime evidence.	NOT_EXECUTABLE_CRITERION
word/document.xml/table6/r19/c1/p1	2. Current Certified and Engineering Checkpoint	POD production authority	HISTORICAL_CONTEXT	docs/engineering/original-source/README.md:3		Historical certification/checkpoint statements are not new runtime observations.	SOURCE_CONTEXT	Original source context/checkpoint preserved, not fresh runtime evidence.	NOT_EXECUTABLE_CRITERION
word/document.xml/table6/r19/c2/p1	2. Current Certified and Engineering Checkpoint	Not granted automatically; explicit human production gate required	HISTORICAL_CONTEXT	docs/engineering/original-source/README.md:3		Historical certification/checkpoint statements are not new runtime observations.	SOURCE_CONTEXT	Original source context/checkpoint preserved, not fresh runtime evidence.	NOT_EXECUTABLE_CRITERION
word/document.xml/p26	2. Current Certified and Engineering Checkpoint	2.2 Current engineering main — post-v1.0.65	HISTORICAL_CONTEXT	docs/engineering/original-source/README.md:3		Historical certification/checkpoint statements are not new runtime observations.	SOURCE_CONTEXT	Original source context/checkpoint preserved, not fresh runtime evidence.	NOT_EXECUTABLE_CRITERION
word/document.xml/p27	2. Current Certified and Engineering Checkpoint	Current default branch main is f2927f2c2c9e0ef8dcdf6d2b3444386d198b385e. Engineering through PR #457 has been audited successfully, but these changes are not yet installed in production.	HISTORICAL_CONTEXT	docs/engineering/original-source/README.md:3		Historical certification/checkpoint statements are not new runtime observations.	SOURCE_CONTEXT	Original source context/checkpoint preserved, not fresh runtime evidence.	NOT_EXECUTABLE_CRITERION
word/document.xml/table7/r1/c1/p1	2. Current Certified and Engineering Checkpoint	PR / batch	HISTORICAL_CONTEXT	docs/engineering/original-source/README.md:3		Historical certification/checkpoint statements are not new runtime observations.	SOURCE_CONTEXT	Original source context/checkpoint preserved, not fresh runtime evidence.	NOT_EXECUTABLE_CRITERION
word/document.xml/table7/r1/c2/p1	2. Current Certified and Engineering Checkpoint	Engineering result	HISTORICAL_CONTEXT	docs/engineering/original-source/README.md:3		Historical certification/checkpoint statements are not new runtime observations.	SOURCE_CONTEXT	Original source context/checkpoint preserved, not fresh runtime evidence.	NOT_EXECUTABLE_CRITERION
word/document.xml/table7/r2/c1/p1	2. Current Certified and Engineering Checkpoint	#450	HISTORICAL_CONTEXT	docs/engineering/original-source/README.md:3		Historical certification/checkpoint statements are not new runtime observations.	SOURCE_CONTEXT	Original source context/checkpoint preserved, not fresh runtime evidence.	NOT_EXECUTABLE_CRITERION
word/document.xml/table7/r2/c2/p1	2. Current Certified and Engineering Checkpoint	Digital-file verification primitives; webhook readiness expansion; protected Etsy operations snapshot.	HISTORICAL_CONTEXT	docs/engineering/original-source/README.md:3		Historical certification/checkpoint statements are not new runtime observations.	SOURCE_CONTEXT	Original source context/checkpoint preserved, not fresh runtime evidence.	NOT_EXECUTABLE_CRITERION
word/document.xml/table7/r3/c1/p1	2. Current Certified and Engineering Checkpoint	#451	HISTORICAL_CONTEXT	docs/engineering/original-source/README.md:3		Historical certification/checkpoint statements are not new runtime observations.	SOURCE_CONTEXT	Original source context/checkpoint preserved, not fresh runtime evidence.	NOT_EXECUTABLE_CRITERION
word/document.xml/table7/r3/c2/p1	2. Current Certified and Engineering Checkpoint	Etsy external listing → approved internal listing/product resolver; paid webhook line mapping; review-required fail-closed behavior.	HISTORICAL_CONTEXT	docs/engineering/original-source/README.md:3		Historical certification/checkpoint statements are not new runtime observations.	SOURCE_CONTEXT	Original source context/checkpoint preserved, not fresh runtime evidence.	NOT_EXECUTABLE_CRITERION
word/document.xml/table7/r4/c1/p1	2. Current Certified and Engineering Checkpoint	#452	HISTORICAL_CONTEXT	docs/engineering/original-source/README.md:3		Historical certification/checkpoint statements are not new runtime observations.	SOURCE_CONTEXT	Original source context/checkpoint preserved, not fresh runtime evidence.	NOT_EXECUTABLE_CRITERION
word/document.xml/table7/r4/c2/p1	2. Current Certified and Engineering Checkpoint	Operations webhook-configuration attention signal.	HISTORICAL_CONTEXT	docs/engineering/original-source/README.md:3		Historical certification/checkpoint statements are not new runtime observations.	SOURCE_CONTEXT	Original source context/checkpoint preserved, not fresh runtime evidence.	NOT_EXECUTABLE_CRITERION
word/document.xml/table7/r5/c1/p1	2. Current Certified and Engineering Checkpoint	#453	HISTORICAL_CONTEXT	docs/engineering/original-source/README.md:3		Historical certification/checkpoint statements are not new runtime observations.	SOURCE_CONTEXT	Original source context/checkpoint preserved, not fresh runtime evidence.	NOT_EXECUTABLE_CRITERION
word/document.xml/table7/r5/c2/p1	2. Current Certified and Engineering Checkpoint	Order-event/fulfillment diagnostics and privacy-minimized shipment/delivery evidence.	HISTORICAL_CONTEXT	docs/engineering/original-source/README.md:3		Historical certification/checkpoint statements are not new runtime observations.	SOURCE_CONTEXT	Original source context/checkpoint preserved, not fresh runtime evidence.	NOT_EXECUTABLE_CRITERION
word/document.xml/table7/r6/c1/p1	2. Current Certified and Engineering Checkpoint	#455	HISTORICAL_CONTEXT	docs/engineering/original-source/README.md:3		Historical certification/checkpoint statements are not new runtime observations.	SOURCE_CONTEXT	Original source context/checkpoint preserved, not fresh runtime evidence.	NOT_EXECUTABLE_CRITERION
word/document.xml/table7/r6/c2/p1	2. Current Certified and Engineering Checkpoint	Correct digital-vs-POD provider-mapping readiness distinction.	HISTORICAL_CONTEXT	docs/engineering/original-source/README.md:3		Historical certification/checkpoint statements are not new runtime observations.	SOURCE_CONTEXT	Original source context/checkpoint preserved, not fresh runtime evidence.	NOT_EXECUTABLE_CRITERION
word/document.xml/table7/r7/c1/p1	2. Current Certified and Engineering Checkpoint	#456	HISTORICAL_CONTEXT	docs/engineering/original-source/README.md:3		Historical certification/checkpoint statements are not new runtime observations.	SOURCE_CONTEXT	Original source context/checkpoint preserved, not fresh runtime evidence.	NOT_EXECUTABLE_CRITERION
word/document.xml/table7/r7/c2/p1	2. Current Certified and Engineering Checkpoint	Unique human-approved POD mapping resolver; webhook no longer trusts external provider_mapping_id; additional readiness diagnostics.	HISTORICAL_CONTEXT	docs/engineering/original-source/README.md:3		Historical certification/checkpoint statements are not new runtime observations.	SOURCE_CONTEXT	Original source context/checkpoint preserved, not fresh runtime evidence.	NOT_EXECUTABLE_CRITERION
word/document.xml/table7/r8/c1/p1	2. Current Certified and Engineering Checkpoint	#457	HISTORICAL_CONTEXT	docs/engineering/original-source/README.md:3		Historical certification/checkpoint statements are not new runtime observations.	SOURCE_CONTEXT	Original source context/checkpoint preserved, not fresh runtime evidence.	NOT_EXECUTABLE_CRITERION
word/document.xml/table7/r8/c2/p1	2. Current Certified and Engineering Checkpoint	Explicit digital / pod / hybrid fulfillment_mode projection.	HISTORICAL_CONTEXT	docs/engineering/original-source/README.md:3		Historical certification/checkpoint statements are not new runtime observations.	SOURCE_CONTEXT	Original source context/checkpoint preserved, not fresh runtime evidence.	NOT_EXECUTABLE_CRITERION
word/document.xml/table8/r1/c1/p1	2. Current Certified and Engineering Checkpoint	KNOWN P0 DEFECT ON CURRENT MAIN — Order readiness currently includes external_fulfillment_authorized=false inside the readiness checks array. Because readiness is computed as all checks true, this makes ready=false for every order. Before the next release, remove this evidence flag from readiness checks, expose it separately at top level, and add a behavioral regression test. Current main is audited but must NOT be described as semantically release-ready until this is fixed.	HISTORICAL_CONTEXT	docs/engineering/original-source/README.md:3		Historical certification/checkpoint statements are not new runtime observations.	SOURCE_CONTEXT	Original source context/checkpoint preserved, not fresh runtime evidence.	NOT_EXECUTABLE_CRITERION
word/document.xml/p32	2. Current Certified and Engineering Checkpoint	2.3 Product #25 immutable reference state	HISTORICAL_CONTEXT	docs/engineering/original-source/README.md:3		Historical certification/checkpoint statements are not new runtime observations.	SOURCE_CONTEXT	Original source context/checkpoint preserved, not fresh runtime evidence.	NOT_EXECUTABLE_CRITERION
word/document.xml/p33	2. Current Certified and Engineering Checkpoint	Product #25 — Destination Wedding Guest Welcome Guide Kit — is the controlled reference digital product. Preserve its approved lineage; do not recreate or rerun its approved factory/listing artifacts unless a governed migration explicitly requires it.	HISTORICAL_CONTEXT	docs/engineering/original-source/README.md:3		Historical certification/checkpoint statements are not new runtime observations.	SOURCE_CONTEXT	Original source context/checkpoint preserved, not fresh runtime evidence.	NOT_EXECUTABLE_CRITERION
word/document.xml/table9/r1/c1/p1	2. Current Certified and Engineering Checkpoint	Artifact	HISTORICAL_CONTEXT	docs/engineering/original-source/README.md:3		Historical certification/checkpoint statements are not new runtime observations.	SOURCE_CONTEXT	Original source context/checkpoint preserved, not fresh runtime evidence.	NOT_EXECUTABLE_CRITERION
word/document.xml/table9/r1/c2/p1	2. Current Certified and Engineering Checkpoint	State / identity	HISTORICAL_CONTEXT	docs/engineering/original-source/README.md:3		Historical certification/checkpoint statements are not new runtime observations.	SOURCE_CONTEXT	Original source context/checkpoint preserved, not fresh runtime evidence.	NOT_EXECUTABLE_CRITERION
word/document.xml/table9/r2/c1/p1	2. Current Certified and Engineering Checkpoint	Product #25	HISTORICAL_CONTEXT	docs/engineering/original-source/README.md:3		Historical certification/checkpoint statements are not new runtime observations.	SOURCE_CONTEXT	Original source context/checkpoint preserved, not fresh runtime evidence.	NOT_EXECUTABLE_CRITERION
word/document.xml/table9/r2/c2/p1	2. Current Certified and Engineering Checkpoint	READY	HISTORICAL_CONTEXT	docs/engineering/original-source/README.md:3		Historical certification/checkpoint statements are not new runtime observations.	SOURCE_CONTEXT	Original source context/checkpoint preserved, not fresh runtime evidence.	NOT_EXECUTABLE_CRITERION
word/document.xml/table9/r3/c1/p1	2. Current Certified and Engineering Checkpoint	Listing #1	HISTORICAL_CONTEXT	docs/engineering/original-source/README.md:3		Historical certification/checkpoint statements are not new runtime observations.	SOURCE_CONTEXT	Original source context/checkpoint preserved, not fresh runtime evidence.	NOT_EXECUTABLE_CRITERION
word/document.xml/table9/r3/c2/p1	2. Current Certified and Engineering Checkpoint	APPROVED	HISTORICAL_CONTEXT	docs/engineering/original-source/README.md:3		Historical certification/checkpoint statements are not new runtime observations.	SOURCE_CONTEXT	Original source context/checkpoint preserved, not fresh runtime evidence.	NOT_EXECUTABLE_CRITERION
word/document.xml/table9/r4/c1/p1	2. Current Certified and Engineering Checkpoint	Draft Package #1	HISTORICAL_CONTEXT	docs/engineering/original-source/README.md:3		Historical certification/checkpoint statements are not new runtime observations.	SOURCE_CONTEXT	Original source context/checkpoint preserved, not fresh runtime evidence.	NOT_EXECUTABLE_CRITERION
word/document.xml/table9/r4/c2/p1	2. Current Certified and Engineering Checkpoint	Approved	HISTORICAL_CONTEXT	docs/engineering/original-source/README.md:3		Historical certification/checkpoint statements are not new runtime observations.	SOURCE_CONTEXT	Original source context/checkpoint preserved, not fresh runtime evidence.	NOT_EXECUTABLE_CRITERION
word/document.xml/table9/r5/c1/p1	2. Current Certified and Engineering Checkpoint	Release Bundle #1	HISTORICAL_CONTEXT	docs/engineering/original-source/README.md:3		Historical certification/checkpoint statements are not new runtime observations.	SOURCE_CONTEXT	Original source context/checkpoint preserved, not fresh runtime evidence.	NOT_EXECUTABLE_CRITERION
word/document.xml/table9/r5/c2/p1	2. Current Certified and Engineering Checkpoint	RELEASE_READY; 23 assets	HISTORICAL_CONTEXT	docs/engineering/original-source/README.md:3		Historical certification/checkpoint statements are not new runtime observations.	SOURCE_CONTEXT	Original source context/checkpoint preserved, not fresh runtime evidence.	NOT_EXECUTABLE_CRITERION
word/document.xml/table9/r6/c1/p1	2. Current Certified and Engineering Checkpoint	Etsy Intent #1	HISTORICAL_CONTEXT	docs/engineering/original-source/README.md:3		Historical certification/checkpoint statements are not new runtime observations.	SOURCE_CONTEXT	Original source context/checkpoint preserved, not fresh runtime evidence.	NOT_EXECUTABLE_CRITERION
word/document.xml/table9/r6/c2/p1	2. Current Certified and Engineering Checkpoint	APPROVED_INTENT	HISTORICAL_CONTEXT	docs/engineering/original-source/README.md:3		Historical certification/checkpoint statements are not new runtime observations.	SOURCE_CONTEXT	Original source context/checkpoint preserved, not fresh runtime evidence.	NOT_EXECUTABLE_CRITERION
word/document.xml/table9/r7/c1/p1	2. Current Certified and Engineering Checkpoint	Etsy draft listing	HISTORICAL_CONTEXT	docs/engineering/original-source/README.md:3		Historical certification/checkpoint statements are not new runtime observations.	SOURCE_CONTEXT	Original source context/checkpoint preserved, not fresh runtime evidence.	NOT_EXECUTABLE_CRITERION
word/document.xml/table9/r7/c2/p1	2. Current Certified and Engineering Checkpoint	4583596434	HISTORICAL_CONTEXT	docs/engineering/original-source/README.md:3		Historical certification/checkpoint statements are not new runtime observations.	SOURCE_CONTEXT	Original source context/checkpoint preserved, not fresh runtime evidence.	NOT_EXECUTABLE_CRITERION
word/document.xml/table9/r8/c1/p1	2. Current Certified and Engineering Checkpoint	Approved customer delivery ZIP	HISTORICAL_CONTEXT	docs/engineering/original-source/README.md:3		Historical certification/checkpoint statements are not new runtime observations.	SOURCE_CONTEXT	Original source context/checkpoint preserved, not fresh runtime evidence.	NOT_EXECUTABLE_CRITERION
word/document.xml/table9/r8/c2/p1	2. Current Certified and Engineering Checkpoint	destination_wedding_guest_welcome_guide_kit.zip	HISTORICAL_CONTEXT	docs/engineering/original-source/README.md:3		Historical certification/checkpoint statements are not new runtime observations.	SOURCE_CONTEXT	Original source context/checkpoint preserved, not fresh runtime evidence.	NOT_EXECUTABLE_CRITERION
word/document.xml/table9/r9/c1/p1	2. Current Certified and Engineering Checkpoint	Approved ZIP SHA256	HISTORICAL_CONTEXT	docs/engineering/original-source/README.md:3		Historical certification/checkpoint statements are not new runtime observations.	SOURCE_CONTEXT	Original source context/checkpoint preserved, not fresh runtime evidence.	NOT_EXECUTABLE_CRITERION
word/document.xml/table9/r9/c2/p1	2. Current Certified and Engineering Checkpoint	113127f6ba97b8cc32638202c17cf7103d8a20c317ae0de1140380ed35a91485	HISTORICAL_CONTEXT	docs/engineering/original-source/README.md:3		Historical certification/checkpoint statements are not new runtime observations.	SOURCE_CONTEXT	Original source context/checkpoint preserved, not fresh runtime evidence.	NOT_EXECUTABLE_CRITERION
word/document.xml/table9/r10/c1/p1	2. Current Certified and Engineering Checkpoint	Successful Etsy listing_file_id	HISTORICAL_CONTEXT	docs/engineering/original-source/README.md:3		Historical certification/checkpoint statements are not new runtime observations.	SOURCE_CONTEXT	Original source context/checkpoint preserved, not fresh runtime evidence.	NOT_EXECUTABLE_CRITERION
word/document.xml/table9/r10/c2/p1	2. Current Certified and Engineering Checkpoint	1519420476271	HISTORICAL_CONTEXT	docs/engineering/original-source/README.md:3		Historical certification/checkpoint statements are not new runtime observations.	SOURCE_CONTEXT	Original source context/checkpoint preserved, not fresh runtime evidence.	NOT_EXECUTABLE_CRITERION
word/document.xml/table9/r11/c1/p1	2. Current Certified and Engineering Checkpoint	Publish state	HISTORICAL_CONTEXT	docs/engineering/original-source/README.md:3		Historical certification/checkpoint statements are not new runtime observations.	SOURCE_CONTEXT	Original source context/checkpoint preserved, not fresh runtime evidence.	NOT_EXECUTABLE_CRITERION
word/document.xml/table9/r11/c2/p1	2. Current Certified and Engineering Checkpoint	NOT PUBLISHED by DigiForge; publish permission remains false	HISTORICAL_CONTEXT	docs/engineering/original-source/README.md:3		Historical certification/checkpoint statements are not new runtime observations.	SOURCE_CONTEXT	Original source context/checkpoint preserved, not fresh runtime evidence.	NOT_EXECUTABLE_CRITERION
word/document.xml/p36	2. Current Certified and Engineering Checkpoint	Historical failed/NOT_SENT Etsy operations #1, #3, #4 and #5 are immutable audit evidence and must not be deleted or reused. Operation #2 is confirmed draft creation. Operation #6 is confirmed successful digital-file upload. Never reuse historical idempotency keys.	HISTORICAL_CONTEXT	docs/engineering/original-source/README.md:3		Historical certification/checkpoint statements are not new runtime observations.	SOURCE_CONTEXT	Original source context/checkpoint preserved, not fresh runtime evidence.	NOT_EXECUTABLE_CRITERION
word/document.xml/p37	3. Governed Companion Data Sources	3. Governed Companion Data Sources	LOCAL_PARTIAL	includes/POD/MasterCatalogV2MigrationContract.php:6	tests/unit/MasterCatalogV2MigrationContractTest.php:11::testNormalizesCompleteOneToOneMigrationWithoutAuthority; tests/unit/MasterCatalogV2MigrationContractTest.php:12::testRejectsDuplicateV2Identity; tests/unit/MasterCatalogV2MigrationContractTest.php:13::testRejectsDuplicateSourceIdentity; tests/unit/MasterCatalogV2MigrationContractTest.php:14::testRejectsCrossSheetLineageMismatch; tests/unit/MasterCatalogV2MigrationContractTest.php:15::testRejectsIncompleteCatalog; tests/unit/MasterCatalogV2MigrationContractTest.php:19::testMixedCandidatePreservesAllSourceDecisionsWithoutInventingLineage; tests/unit/MasterCatalogV2MigrationContractTest.php:28::testUnknownSourceDispositionIsRejected; tests/unit/MasterCatalogV2MigrationContractTest.php:33::testUnknownRecommendedStageIsRejected; tests/unit/MasterCatalogV2MigrationContractTest.php:38::testMixedCandidateRejectsContradictoryOrAmbiguousEvidence	Immutable source normalization verified; no automatic catalog promotion.	IMPLEMENTED	Related component code exists; cited tests verify only their named behaviors.	INCOMPLETE_REQUIREMENT_COVERAGE
word/document.xml/p38	3. Governed Companion Data Sources	This blueprint is the master prose/architecture reference. Large structured catalogs remain governed data assets because they are safer and more maintainable in spreadsheets than embedded as hundreds of prose rows.	LOCAL_PARTIAL	includes/POD/MasterCatalogV2MigrationContract.php:6	tests/unit/MasterCatalogV2MigrationContractTest.php:11::testNormalizesCompleteOneToOneMigrationWithoutAuthority; tests/unit/MasterCatalogV2MigrationContractTest.php:12::testRejectsDuplicateV2Identity; tests/unit/MasterCatalogV2MigrationContractTest.php:13::testRejectsDuplicateSourceIdentity; tests/unit/MasterCatalogV2MigrationContractTest.php:14::testRejectsCrossSheetLineageMismatch; tests/unit/MasterCatalogV2MigrationContractTest.php:15::testRejectsIncompleteCatalog; tests/unit/MasterCatalogV2MigrationContractTest.php:19::testMixedCandidatePreservesAllSourceDecisionsWithoutInventingLineage; tests/unit/MasterCatalogV2MigrationContractTest.php:28::testUnknownSourceDispositionIsRejected; tests/unit/MasterCatalogV2MigrationContractTest.php:33::testUnknownRecommendedStageIsRejected; tests/unit/MasterCatalogV2MigrationContractTest.php:38::testMixedCandidateRejectsContradictoryOrAmbiguousEvidence	Immutable source normalization verified; no automatic catalog promotion.	IMPLEMENTED	Related component code exists; cited tests verify only their named behaviors.	INCOMPLETE_REQUIREMENT_COVERAGE
word/document.xml/table10/r1/c1/p1	3. Governed Companion Data Sources	Data source	LOCAL_PARTIAL	includes/POD/MasterCatalogV2MigrationContract.php:6	tests/unit/MasterCatalogV2MigrationContractTest.php:11::testNormalizesCompleteOneToOneMigrationWithoutAuthority; tests/unit/MasterCatalogV2MigrationContractTest.php:12::testRejectsDuplicateV2Identity; tests/unit/MasterCatalogV2MigrationContractTest.php:13::testRejectsDuplicateSourceIdentity; tests/unit/MasterCatalogV2MigrationContractTest.php:14::testRejectsCrossSheetLineageMismatch; tests/unit/MasterCatalogV2MigrationContractTest.php:15::testRejectsIncompleteCatalog; tests/unit/MasterCatalogV2MigrationContractTest.php:19::testMixedCandidatePreservesAllSourceDecisionsWithoutInventingLineage; tests/unit/MasterCatalogV2MigrationContractTest.php:28::testUnknownSourceDispositionIsRejected; tests/unit/MasterCatalogV2MigrationContractTest.php:33::testUnknownRecommendedStageIsRejected; tests/unit/MasterCatalogV2MigrationContractTest.php:38::testMixedCandidateRejectsContradictoryOrAmbiguousEvidence	Immutable source normalization verified; no automatic catalog promotion.	IMPLEMENTED	Related component code exists; cited tests verify only their named behaviors.	INCOMPLETE_REQUIREMENT_COVERAGE
word/document.xml/table10/r1/c2/p1	3. Governed Companion Data Sources	Role	LOCAL_PARTIAL	includes/POD/MasterCatalogV2MigrationContract.php:6	tests/unit/MasterCatalogV2MigrationContractTest.php:11::testNormalizesCompleteOneToOneMigrationWithoutAuthority; tests/unit/MasterCatalogV2MigrationContractTest.php:12::testRejectsDuplicateV2Identity; tests/unit/MasterCatalogV2MigrationContractTest.php:13::testRejectsDuplicateSourceIdentity; tests/unit/MasterCatalogV2MigrationContractTest.php:14::testRejectsCrossSheetLineageMismatch; tests/unit/MasterCatalogV2MigrationContractTest.php:15::testRejectsIncompleteCatalog; tests/unit/MasterCatalogV2MigrationContractTest.php:19::testMixedCandidatePreservesAllSourceDecisionsWithoutInventingLineage; tests/unit/MasterCatalogV2MigrationContractTest.php:28::testUnknownSourceDispositionIsRejected; tests/unit/MasterCatalogV2MigrationContractTest.php:33::testUnknownRecommendedStageIsRejected; tests/unit/MasterCatalogV2MigrationContractTest.php:38::testMixedCandidateRejectsContradictoryOrAmbiguousEvidence	Immutable source normalization verified; no automatic catalog promotion.	IMPLEMENTED	Related component code exists; cited tests verify only their named behaviors.	INCOMPLETE_REQUIREMENT_COVERAGE
word/document.xml/table10/r1/c3/p1	3. Governed Companion Data Sources	Governance	LOCAL_PARTIAL	includes/POD/MasterCatalogV2MigrationContract.php:6	tests/unit/MasterCatalogV2MigrationContractTest.php:11::testNormalizesCompleteOneToOneMigrationWithoutAuthority; tests/unit/MasterCatalogV2MigrationContractTest.php:12::testRejectsDuplicateV2Identity; tests/unit/MasterCatalogV2MigrationContractTest.php:13::testRejectsDuplicateSourceIdentity; tests/unit/MasterCatalogV2MigrationContractTest.php:14::testRejectsCrossSheetLineageMismatch; tests/unit/MasterCatalogV2MigrationContractTest.php:15::testRejectsIncompleteCatalog; tests/unit/MasterCatalogV2MigrationContractTest.php:19::testMixedCandidatePreservesAllSourceDecisionsWithoutInventingLineage; tests/unit/MasterCatalogV2MigrationContractTest.php:28::testUnknownSourceDispositionIsRejected; tests/unit/MasterCatalogV2MigrationContractTest.php:33::testUnknownRecommendedStageIsRejected; tests/unit/MasterCatalogV2MigrationContractTest.php:38::testMixedCandidateRejectsContradictoryOrAmbiguousEvidence	Immutable source normalization verified; no automatic catalog promotion.	IMPLEMENTED	Related component code exists; cited tests verify only their named behaviors.	INCOMPLETE_REQUIREMENT_COVERAGE
word/document.xml/table10/r2/c1/p1	3. Governed Companion Data Sources	DigiForge_DigiCraftifyGoods_Product_Template_Master_500.xlsx	LOCAL_PARTIAL	includes/POD/MasterCatalogV2MigrationContract.php:6	tests/unit/MasterCatalogV2MigrationContractTest.php:11::testNormalizesCompleteOneToOneMigrationWithoutAuthority; tests/unit/MasterCatalogV2MigrationContractTest.php:12::testRejectsDuplicateV2Identity; tests/unit/MasterCatalogV2MigrationContractTest.php:13::testRejectsDuplicateSourceIdentity; tests/unit/MasterCatalogV2MigrationContractTest.php:14::testRejectsCrossSheetLineageMismatch; tests/unit/MasterCatalogV2MigrationContractTest.php:15::testRejectsIncompleteCatalog; tests/unit/MasterCatalogV2MigrationContractTest.php:19::testMixedCandidatePreservesAllSourceDecisionsWithoutInventingLineage; tests/unit/MasterCatalogV2MigrationContractTest.php:28::testUnknownSourceDispositionIsRejected; tests/unit/MasterCatalogV2MigrationContractTest.php:33::testUnknownRecommendedStageIsRejected; tests/unit/MasterCatalogV2MigrationContractTest.php:38::testMixedCandidateRejectsContradictoryOrAmbiguousEvidence	Immutable source normalization verified; no automatic catalog promotion.	IMPLEMENTED	Related component code exists; cited tests verify only their named behaviors.	INCOMPLETE_REQUIREMENT_COVERAGE
word/document.xml/table10/r2/c2/p1	3. Governed Companion Data Sources	Original Personalized POD Master 500 v1 catalog: 500 listing concepts, physical-product candidates, personalization engines, provider/template rules.	LOCAL_PARTIAL	includes/POD/MasterCatalogV2MigrationContract.php:6	tests/unit/MasterCatalogV2MigrationContractTest.php:11::testNormalizesCompleteOneToOneMigrationWithoutAuthority; tests/unit/MasterCatalogV2MigrationContractTest.php:12::testRejectsDuplicateV2Identity; tests/unit/MasterCatalogV2MigrationContractTest.php:13::testRejectsDuplicateSourceIdentity; tests/unit/MasterCatalogV2MigrationContractTest.php:14::testRejectsCrossSheetLineageMismatch; tests/unit/MasterCatalogV2MigrationContractTest.php:15::testRejectsIncompleteCatalog; tests/unit/MasterCatalogV2MigrationContractTest.php:19::testMixedCandidatePreservesAllSourceDecisionsWithoutInventingLineage; tests/unit/MasterCatalogV2MigrationContractTest.php:28::testUnknownSourceDispositionIsRejected; tests/unit/MasterCatalogV2MigrationContractTest.php:33::testUnknownRecommendedStageIsRejected; tests/unit/MasterCatalogV2MigrationContractTest.php:38::testMixedCandidateRejectsContradictoryOrAmbiguousEvidence	Immutable source normalization verified; no automatic catalog promotion.	IMPLEMENTED	Related component code exists; cited tests verify only their named behaviors.	INCOMPLETE_REQUIREMENT_COVERAGE
word/document.xml/table10/r2/c3/p1	3. Governed Companion Data Sources	Preserve unchanged as historical/source baseline. Do not silently overwrite.	LOCAL_PARTIAL	includes/POD/MasterCatalogV2MigrationContract.php:6	tests/unit/MasterCatalogV2MigrationContractTest.php:11::testNormalizesCompleteOneToOneMigrationWithoutAuthority; tests/unit/MasterCatalogV2MigrationContractTest.php:12::testRejectsDuplicateV2Identity; tests/unit/MasterCatalogV2MigrationContractTest.php:13::testRejectsDuplicateSourceIdentity; tests/unit/MasterCatalogV2MigrationContractTest.php:14::testRejectsCrossSheetLineageMismatch; tests/unit/MasterCatalogV2MigrationContractTest.php:15::testRejectsIncompleteCatalog; tests/unit/MasterCatalogV2MigrationContractTest.php:19::testMixedCandidatePreservesAllSourceDecisionsWithoutInventingLineage; tests/unit/MasterCatalogV2MigrationContractTest.php:28::testUnknownSourceDispositionIsRejected; tests/unit/MasterCatalogV2MigrationContractTest.php:33::testUnknownRecommendedStageIsRejected; tests/unit/MasterCatalogV2MigrationContractTest.php:38::testMixedCandidateRejectsContradictoryOrAmbiguousEvidence	Immutable source normalization verified; no automatic catalog promotion.	IMPLEMENTED	Related component code exists; cited tests verify only their named behaviors.	INCOMPLETE_REQUIREMENT_COVERAGE
word/document.xml/table10/r3/c1/p1	3. Governed Companion Data Sources	DigiForge_DigiCraftifyGoods_Master_500_v2_Research_Migration_Plan.xlsx	LOCAL_PARTIAL	includes/POD/MasterCatalogV2MigrationContract.php:6	tests/unit/MasterCatalogV2MigrationContractTest.php:11::testNormalizesCompleteOneToOneMigrationWithoutAuthority; tests/unit/MasterCatalogV2MigrationContractTest.php:12::testRejectsDuplicateV2Identity; tests/unit/MasterCatalogV2MigrationContractTest.php:13::testRejectsDuplicateSourceIdentity; tests/unit/MasterCatalogV2MigrationContractTest.php:14::testRejectsCrossSheetLineageMismatch; tests/unit/MasterCatalogV2MigrationContractTest.php:15::testRejectsIncompleteCatalog; tests/unit/MasterCatalogV2MigrationContractTest.php:19::testMixedCandidatePreservesAllSourceDecisionsWithoutInventingLineage; tests/unit/MasterCatalogV2MigrationContractTest.php:28::testUnknownSourceDispositionIsRejected; tests/unit/MasterCatalogV2MigrationContractTest.php:33::testUnknownRecommendedStageIsRejected; tests/unit/MasterCatalogV2MigrationContractTest.php:38::testMixedCandidateRejectsContradictoryOrAmbiguousEvidence	Immutable source normalization verified; no automatic catalog promotion.	IMPLEMENTED	Related component code exists; cited tests verify only their named behaviors.	INCOMPLETE_REQUIREMENT_COVERAGE
word/document.xml/table10/r3/c2/p1	3. Governed Companion Data Sources	Research-backed v2 migration proposal: 500-row v2 catalog, migration matrix, family rebalance, AI launch model.	LOCAL_PARTIAL	includes/POD/MasterCatalogV2MigrationContract.php:6	tests/unit/MasterCatalogV2MigrationContractTest.php:11::testNormalizesCompleteOneToOneMigrationWithoutAuthority; tests/unit/MasterCatalogV2MigrationContractTest.php:12::testRejectsDuplicateV2Identity; tests/unit/MasterCatalogV2MigrationContractTest.php:13::testRejectsDuplicateSourceIdentity; tests/unit/MasterCatalogV2MigrationContractTest.php:14::testRejectsCrossSheetLineageMismatch; tests/unit/MasterCatalogV2MigrationContractTest.php:15::testRejectsIncompleteCatalog; tests/unit/MasterCatalogV2MigrationContractTest.php:19::testMixedCandidatePreservesAllSourceDecisionsWithoutInventingLineage; tests/unit/MasterCatalogV2MigrationContractTest.php:28::testUnknownSourceDispositionIsRejected; tests/unit/MasterCatalogV2MigrationContractTest.php:33::testUnknownRecommendedStageIsRejected; tests/unit/MasterCatalogV2MigrationContractTest.php:38::testMixedCandidateRejectsContradictoryOrAmbiguousEvidence	Immutable source normalization verified; no automatic catalog promotion.	IMPLEMENTED	Related component code exists; cited tests verify only their named behaviors.	INCOMPLETE_REQUIREMENT_COVERAGE
word/document.xml/table10/r3/c3/p1	3. Governed Companion Data Sources	Planning source until explicitly approved/promoted into DigiForge governed catalog.	LOCAL_PARTIAL	includes/POD/MasterCatalogV2MigrationContract.php:6	tests/unit/MasterCatalogV2MigrationContractTest.php:11::testNormalizesCompleteOneToOneMigrationWithoutAuthority; tests/unit/MasterCatalogV2MigrationContractTest.php:12::testRejectsDuplicateV2Identity; tests/unit/MasterCatalogV2MigrationContractTest.php:13::testRejectsDuplicateSourceIdentity; tests/unit/MasterCatalogV2MigrationContractTest.php:14::testRejectsCrossSheetLineageMismatch; tests/unit/MasterCatalogV2MigrationContractTest.php:15::testRejectsIncompleteCatalog; tests/unit/MasterCatalogV2MigrationContractTest.php:19::testMixedCandidatePreservesAllSourceDecisionsWithoutInventingLineage; tests/unit/MasterCatalogV2MigrationContractTest.php:28::testUnknownSourceDispositionIsRejected; tests/unit/MasterCatalogV2MigrationContractTest.php:33::testUnknownRecommendedStageIsRejected; tests/unit/MasterCatalogV2MigrationContractTest.php:38::testMixedCandidateRejectsContradictoryOrAmbiguousEvidence	Immutable source normalization verified; no automatic catalog promotion.	IMPLEMENTED	Related component code exists; cited tests verify only their named behaviors.	INCOMPLETE_REQUIREMENT_COVERAGE
word/document.xml/table10/r4/c1/p1	3. Governed Companion Data Sources	DigiForge_Product_Feature_Master_Tracker_v1.0.xlsx	LOCAL_PARTIAL	includes/POD/MasterCatalogV2MigrationContract.php:6	tests/unit/MasterCatalogV2MigrationContractTest.php:11::testNormalizesCompleteOneToOneMigrationWithoutAuthority; tests/unit/MasterCatalogV2MigrationContractTest.php:12::testRejectsDuplicateV2Identity; tests/unit/MasterCatalogV2MigrationContractTest.php:13::testRejectsDuplicateSourceIdentity; tests/unit/MasterCatalogV2MigrationContractTest.php:14::testRejectsCrossSheetLineageMismatch; tests/unit/MasterCatalogV2MigrationContractTest.php:15::testRejectsIncompleteCatalog; tests/unit/MasterCatalogV2MigrationContractTest.php:19::testMixedCandidatePreservesAllSourceDecisionsWithoutInventingLineage; tests/unit/MasterCatalogV2MigrationContractTest.php:28::testUnknownSourceDispositionIsRejected; tests/unit/MasterCatalogV2MigrationContractTest.php:33::testUnknownRecommendedStageIsRejected; tests/unit/MasterCatalogV2MigrationContractTest.php:38::testMixedCandidateRejectsContradictoryOrAmbiguousEvidence	Immutable source normalization verified; no automatic catalog promotion.	IMPLEMENTED	Related component code exists; cited tests verify only their named behaviors.	INCOMPLETE_REQUIREMENT_COVERAGE
word/document.xml/table10/r4/c2/p1	3. Governed Companion Data Sources	Historical feature/status tracker used to consolidate architecture.	LOCAL_PARTIAL	includes/POD/MasterCatalogV2MigrationContract.php:6	tests/unit/MasterCatalogV2MigrationContractTest.php:11::testNormalizesCompleteOneToOneMigrationWithoutAuthority; tests/unit/MasterCatalogV2MigrationContractTest.php:12::testRejectsDuplicateV2Identity; tests/unit/MasterCatalogV2MigrationContractTest.php:13::testRejectsDuplicateSourceIdentity; tests/unit/MasterCatalogV2MigrationContractTest.php:14::testRejectsCrossSheetLineageMismatch; tests/unit/MasterCatalogV2MigrationContractTest.php:15::testRejectsIncompleteCatalog; tests/unit/MasterCatalogV2MigrationContractTest.php:19::testMixedCandidatePreservesAllSourceDecisionsWithoutInventingLineage; tests/unit/MasterCatalogV2MigrationContractTest.php:28::testUnknownSourceDispositionIsRejected; tests/unit/MasterCatalogV2MigrationContractTest.php:33::testUnknownRecommendedStageIsRejected; tests/unit/MasterCatalogV2MigrationContractTest.php:38::testMixedCandidateRejectsContradictoryOrAmbiguousEvidence	Immutable source normalization verified; no automatic catalog promotion.	IMPLEMENTED	Related component code exists; cited tests verify only their named behaviors.	INCOMPLETE_REQUIREMENT_COVERAGE
word/document.xml/table10/r4/c3/p1	3. Governed Companion Data Sources	Superseded for operational status by this blueprint + runtime/repo evidence; may be archived after verification.	LOCAL_PARTIAL	includes/POD/MasterCatalogV2MigrationContract.php:6	tests/unit/MasterCatalogV2MigrationContractTest.php:11::testNormalizesCompleteOneToOneMigrationWithoutAuthority; tests/unit/MasterCatalogV2MigrationContractTest.php:12::testRejectsDuplicateV2Identity; tests/unit/MasterCatalogV2MigrationContractTest.php:13::testRejectsDuplicateSourceIdentity; tests/unit/MasterCatalogV2MigrationContractTest.php:14::testRejectsCrossSheetLineageMismatch; tests/unit/MasterCatalogV2MigrationContractTest.php:15::testRejectsIncompleteCatalog; tests/unit/MasterCatalogV2MigrationContractTest.php:19::testMixedCandidatePreservesAllSourceDecisionsWithoutInventingLineage; tests/unit/MasterCatalogV2MigrationContractTest.php:28::testUnknownSourceDispositionIsRejected; tests/unit/MasterCatalogV2MigrationContractTest.php:33::testUnknownRecommendedStageIsRejected; tests/unit/MasterCatalogV2MigrationContractTest.php:38::testMixedCandidateRejectsContradictoryOrAmbiguousEvidence	Immutable source normalization verified; no automatic catalog promotion.	IMPLEMENTED	Related component code exists; cited tests verify only their named behaviors.	INCOMPLETE_REQUIREMENT_COVERAGE
word/document.xml/p41	4. Product Vision and Operating Model	4. Product Vision and Operating Model	LOCAL_PARTIAL	includes/Research/Repository.php:9	tests/wordpress/ResearchShopIsolationTest.php:5::testSameTitleHasIndependentShopCandidatesAndReviews; tests/wordpress/ResearchShopIsolationTest.php:6::testEvidenceCannotLinkAcrossShops; tests/wordpress/ResearchShopIsolationTest.php:7::testNewUnscopedResearchFailsClosed; tests/wordpress/ResearchShopIsolationTest.php:8::testScopedListsAndDevelopmentContractPreserveOwner; tests/wordpress/ResearchShopIsolationTest.php:9::testLegacyUnassignedApprovedHistoryCannotBePromoted; tests/wordpress/ResearchShopIsolationTest.php:10::testRestIdempotencyIsIndependentAcrossExplicitShops; tests/wordpress/ResearchShopIsolationTest.php:11::testInvalidScopeRestListReturnsAnErrorRatherThanHttp200; tests/wordpress/ResearchShopIsolationTest.php:12::testMalformedLegacyOwnershipIsExcludedFromScopedRead	Research ownership verified; comprehensive downstream four-shop runtime acceptance remains open.	IMPLEMENTED	Related component code exists; cited tests verify only their named behaviors.	INCOMPLETE_REQUIREMENT_COVERAGE
word/document.xml/p42	4. Product Vision and Operating Model	DigiForge is the internal operating system for product discovery, product development, Etsy commerce, personalized POD production preparation, order operations, profitability, AI governance and audit. It remains WordPress/PHP/MySQL-native on Hostinger, with Action Scheduler as the asynchronous boundary and a dedicated DigiForge live-site operator portal as the normal administrative interface.	LOCAL_PARTIAL	includes/Research/Repository.php:9	tests/wordpress/ResearchShopIsolationTest.php:5::testSameTitleHasIndependentShopCandidatesAndReviews; tests/wordpress/ResearchShopIsolationTest.php:6::testEvidenceCannotLinkAcrossShops; tests/wordpress/ResearchShopIsolationTest.php:7::testNewUnscopedResearchFailsClosed; tests/wordpress/ResearchShopIsolationTest.php:8::testScopedListsAndDevelopmentContractPreserveOwner; tests/wordpress/ResearchShopIsolationTest.php:9::testLegacyUnassignedApprovedHistoryCannotBePromoted; tests/wordpress/ResearchShopIsolationTest.php:10::testRestIdempotencyIsIndependentAcrossExplicitShops; tests/wordpress/ResearchShopIsolationTest.php:11::testInvalidScopeRestListReturnsAnErrorRatherThanHttp200; tests/wordpress/ResearchShopIsolationTest.php:12::testMalformedLegacyOwnershipIsExcludedFromScopedRead	Research ownership verified; comprehensive downstream four-shop runtime acceptance remains open.	IMPLEMENTED	Related component code exists; cited tests verify only their named behaviors.	INCOMPLETE_REQUIREMENT_COVERAGE
word/document.xml/p43	4. Product Vision and Operating Model	The platform must support multiple businesses, brands, shops and provider identities without cross-shop leakage. One DigiForge installation controls multiple shop profiles. Each product, listing, order, provider mapping, AI cost, approval and external operation must remain traceable to the correct business/shop/environment.	LOCAL_PARTIAL	includes/Research/Repository.php:9	tests/wordpress/ResearchShopIsolationTest.php:5::testSameTitleHasIndependentShopCandidatesAndReviews; tests/wordpress/ResearchShopIsolationTest.php:6::testEvidenceCannotLinkAcrossShops; tests/wordpress/ResearchShopIsolationTest.php:7::testNewUnscopedResearchFailsClosed; tests/wordpress/ResearchShopIsolationTest.php:8::testScopedListsAndDevelopmentContractPreserveOwner; tests/wordpress/ResearchShopIsolationTest.php:9::testLegacyUnassignedApprovedHistoryCannotBePromoted; tests/wordpress/ResearchShopIsolationTest.php:10::testRestIdempotencyIsIndependentAcrossExplicitShops; tests/wordpress/ResearchShopIsolationTest.php:11::testInvalidScopeRestListReturnsAnErrorRatherThanHttp200; tests/wordpress/ResearchShopIsolationTest.php:12::testMalformedLegacyOwnershipIsExcludedFromScopedRead	Research ownership verified; comprehensive downstream four-shop runtime acceptance remains open.	IMPLEMENTED	Related component code exists; cited tests verify only their named behaviors.	INCOMPLETE_REQUIREMENT_COVERAGE
word/document.xml/p44	5. Four-Shop Target Business Architecture	5. Four-Shop Target Business Architecture	LOCAL_PARTIAL	includes/Portal/ShopOperationsReadModel.php:10	tests/wordpress/FourShopDataIsolationTest.php:5::testOperationalProjectionDoesNotLeakShopPolicyOrUsageAcrossFourShops; tests/wordpress/FourShopDataIsolationTest.php:15::testPersonalizedPodCatalogProjectionIgnoresNewerUnrelatedCatalog; tests/wordpress/FourShopDataIsolationTest.php:25::testMalformedV2LineageIsVisibleButNeverReportedVerified; tests/wordpress/FourShopDataIsolationTest.php:30::testUnknownShopNormalizesToAllRatherThanInventingScope	Profile/policy/read projections tested; Shop3/4 execution deliberately deferred.	IMPLEMENTED	Related component code exists; cited tests verify only their named behaviors.	INCOMPLETE_REQUIREMENT_COVERAGE
word/document.xml/table11/r1/c1/p1	5. Four-Shop Target Business Architecture	Shop	LOCAL_PARTIAL	includes/Portal/ShopOperationsReadModel.php:10	tests/wordpress/FourShopDataIsolationTest.php:5::testOperationalProjectionDoesNotLeakShopPolicyOrUsageAcrossFourShops; tests/wordpress/FourShopDataIsolationTest.php:15::testPersonalizedPodCatalogProjectionIgnoresNewerUnrelatedCatalog; tests/wordpress/FourShopDataIsolationTest.php:25::testMalformedV2LineageIsVisibleButNeverReportedVerified; tests/wordpress/FourShopDataIsolationTest.php:30::testUnknownShopNormalizesToAllRatherThanInventingScope	Profile/policy/read projections tested; Shop3/4 execution deliberately deferred.	IMPLEMENTED	Related component code exists; cited tests verify only their named behaviors.	INCOMPLETE_REQUIREMENT_COVERAGE
word/document.xml/table11/r1/c2/p1	5. Four-Shop Target Business Architecture	Business purpose	LOCAL_PARTIAL	includes/Portal/ShopOperationsReadModel.php:10	tests/wordpress/FourShopDataIsolationTest.php:5::testOperationalProjectionDoesNotLeakShopPolicyOrUsageAcrossFourShops; tests/wordpress/FourShopDataIsolationTest.php:15::testPersonalizedPodCatalogProjectionIgnoresNewerUnrelatedCatalog; tests/wordpress/FourShopDataIsolationTest.php:25::testMalformedV2LineageIsVisibleButNeverReportedVerified; tests/wordpress/FourShopDataIsolationTest.php:30::testUnknownShopNormalizesToAllRatherThanInventingScope	Profile/policy/read projections tested; Shop3/4 execution deliberately deferred.	IMPLEMENTED	Related component code exists; cited tests verify only their named behaviors.	INCOMPLETE_REQUIREMENT_COVERAGE
word/document.xml/table11/r1/c3/p1	5. Four-Shop Target Business Architecture	Provider model	LOCAL_PARTIAL	includes/Portal/ShopOperationsReadModel.php:10	tests/wordpress/FourShopDataIsolationTest.php:5::testOperationalProjectionDoesNotLeakShopPolicyOrUsageAcrossFourShops; tests/wordpress/FourShopDataIsolationTest.php:15::testPersonalizedPodCatalogProjectionIgnoresNewerUnrelatedCatalog; tests/wordpress/FourShopDataIsolationTest.php:25::testMalformedV2LineageIsVisibleButNeverReportedVerified; tests/wordpress/FourShopDataIsolationTest.php:30::testUnknownShopNormalizesToAllRatherThanInventingScope	Profile/policy/read projections tested; Shop3/4 execution deliberately deferred.	IMPLEMENTED	Related component code exists; cited tests verify only their named behaviors.	INCOMPLETE_REQUIREMENT_COVERAGE
word/document.xml/table11/r1/c4/p1	5. Four-Shop Target Business Architecture	AI / research behavior	LOCAL_PARTIAL	includes/Portal/ShopOperationsReadModel.php:10	tests/wordpress/FourShopDataIsolationTest.php:5::testOperationalProjectionDoesNotLeakShopPolicyOrUsageAcrossFourShops; tests/wordpress/FourShopDataIsolationTest.php:15::testPersonalizedPodCatalogProjectionIgnoresNewerUnrelatedCatalog; tests/wordpress/FourShopDataIsolationTest.php:25::testMalformedV2LineageIsVisibleButNeverReportedVerified; tests/wordpress/FourShopDataIsolationTest.php:30::testUnknownShopNormalizesToAllRatherThanInventingScope	Profile/policy/read projections tested; Shop3/4 execution deliberately deferred.	IMPLEMENTED	Related component code exists; cited tests verify only their named behaviors.	INCOMPLETE_REQUIREMENT_COVERAGE
word/document.xml/table11/r1/c5/p1	5. Four-Shop Target Business Architecture	Phase	LOCAL_PARTIAL	includes/Portal/ShopOperationsReadModel.php:10	tests/wordpress/FourShopDataIsolationTest.php:5::testOperationalProjectionDoesNotLeakShopPolicyOrUsageAcrossFourShops; tests/wordpress/FourShopDataIsolationTest.php:15::testPersonalizedPodCatalogProjectionIgnoresNewerUnrelatedCatalog; tests/wordpress/FourShopDataIsolationTest.php:25::testMalformedV2LineageIsVisibleButNeverReportedVerified; tests/wordpress/FourShopDataIsolationTest.php:30::testUnknownShopNormalizesToAllRatherThanInventingScope	Profile/policy/read projections tested; Shop3/4 execution deliberately deferred.	IMPLEMENTED	Related component code exists; cited tests verify only their named behaviors.	INCOMPLETE_REQUIREMENT_COVERAGE
word/document.xml/table11/r2/c1/p1	5. Four-Shop Target Business Architecture	Shop 1 — Digital Products	LOCAL_PARTIAL	includes/Portal/ShopOperationsReadModel.php:10	tests/wordpress/FourShopDataIsolationTest.php:5::testOperationalProjectionDoesNotLeakShopPolicyOrUsageAcrossFourShops; tests/wordpress/FourShopDataIsolationTest.php:15::testPersonalizedPodCatalogProjectionIgnoresNewerUnrelatedCatalog; tests/wordpress/FourShopDataIsolationTest.php:25::testMalformedV2LineageIsVisibleButNeverReportedVerified; tests/wordpress/FourShopDataIsolationTest.php:30::testUnknownShopNormalizesToAllRatherThanInventingScope	Profile/policy/read projections tested; Shop3/4 execution deliberately deferred.	IMPLEMENTED	Related component code exists; cited tests verify only their named behaviors.	INCOMPLETE_REQUIREMENT_COVERAGE
word/document.xml/table11/r2/c2/p1	5. Four-Shop Target Business Architecture	Downloadable digital products, templates, guides and related digital assets.	LOCAL_PARTIAL	includes/Portal/ShopOperationsReadModel.php:10	tests/wordpress/FourShopDataIsolationTest.php:5::testOperationalProjectionDoesNotLeakShopPolicyOrUsageAcrossFourShops; tests/wordpress/FourShopDataIsolationTest.php:15::testPersonalizedPodCatalogProjectionIgnoresNewerUnrelatedCatalog; tests/wordpress/FourShopDataIsolationTest.php:25::testMalformedV2LineageIsVisibleButNeverReportedVerified; tests/wordpress/FourShopDataIsolationTest.php:30::testUnknownShopNormalizesToAllRatherThanInventingScope	Profile/policy/read projections tested; Shop3/4 execution deliberately deferred.	IMPLEMENTED	Related component code exists; cited tests verify only their named behaviors.	INCOMPLETE_REQUIREMENT_COVERAGE
word/document.xml/table11/r2/c3/p1	5. Four-Shop Target Business Architecture	No POD provider for fulfillment; Etsy digital delivery.	LOCAL_PARTIAL	includes/Portal/ShopOperationsReadModel.php:10	tests/wordpress/FourShopDataIsolationTest.php:5::testOperationalProjectionDoesNotLeakShopPolicyOrUsageAcrossFourShops; tests/wordpress/FourShopDataIsolationTest.php:15::testPersonalizedPodCatalogProjectionIgnoresNewerUnrelatedCatalog; tests/wordpress/FourShopDataIsolationTest.php:25::testMalformedV2LineageIsVisibleButNeverReportedVerified; tests/wordpress/FourShopDataIsolationTest.php:30::testUnknownShopNormalizesToAllRatherThanInventingScope	Profile/policy/read projections tested; Shop3/4 execution deliberately deferred.	IMPLEMENTED	Related component code exists; cited tests verify only their named behaviors.	INCOMPLETE_REQUIREMENT_COVERAGE
word/document.xml/table11/r2/c4/p1	5. Four-Shop Target Business Architecture	Continuous/high research and product-development AI, quantity/budget controlled.	LOCAL_PARTIAL	includes/Portal/ShopOperationsReadModel.php:10	tests/wordpress/FourShopDataIsolationTest.php:5::testOperationalProjectionDoesNotLeakShopPolicyOrUsageAcrossFourShops; tests/wordpress/FourShopDataIsolationTest.php:15::testPersonalizedPodCatalogProjectionIgnoresNewerUnrelatedCatalog; tests/wordpress/FourShopDataIsolationTest.php:25::testMalformedV2LineageIsVisibleButNeverReportedVerified; tests/wordpress/FourShopDataIsolationTest.php:30::testUnknownShopNormalizesToAllRatherThanInventingScope	Profile/policy/read projections tested; Shop3/4 execution deliberately deferred.	IMPLEMENTED	Related component code exists; cited tests verify only their named behaviors.	INCOMPLETE_REQUIREMENT_COVERAGE
word/document.xml/table11/r2/c5/p1	5. Four-Shop Target Business Architecture	ACTIVE / Phase 1	LOCAL_PARTIAL	includes/Portal/ShopOperationsReadModel.php:10	tests/wordpress/FourShopDataIsolationTest.php:5::testOperationalProjectionDoesNotLeakShopPolicyOrUsageAcrossFourShops; tests/wordpress/FourShopDataIsolationTest.php:15::testPersonalizedPodCatalogProjectionIgnoresNewerUnrelatedCatalog; tests/wordpress/FourShopDataIsolationTest.php:25::testMalformedV2LineageIsVisibleButNeverReportedVerified; tests/wordpress/FourShopDataIsolationTest.php:30::testUnknownShopNormalizesToAllRatherThanInventingScope	Profile/policy/read projections tested; Shop3/4 execution deliberately deferred.	IMPLEMENTED	Related component code exists; cited tests verify only their named behaviors.	INCOMPLETE_REQUIREMENT_COVERAGE
word/document.xml/table11/r3/c1/p1	5. Four-Shop Target Business Architecture	Shop 2 — Personalized POD	LOCAL_PARTIAL	includes/Portal/ShopOperationsReadModel.php:10	tests/wordpress/FourShopDataIsolationTest.php:5::testOperationalProjectionDoesNotLeakShopPolicyOrUsageAcrossFourShops; tests/wordpress/FourShopDataIsolationTest.php:15::testPersonalizedPodCatalogProjectionIgnoresNewerUnrelatedCatalog; tests/wordpress/FourShopDataIsolationTest.php:25::testMalformedV2LineageIsVisibleButNeverReportedVerified; tests/wordpress/FourShopDataIsolationTest.php:30::testUnknownShopNormalizesToAllRatherThanInventingScope	Profile/policy/read projections tested; Shop3/4 execution deliberately deferred.	IMPLEMENTED	Related component code exists; cited tests verify only their named behaviors.	INCOMPLETE_REQUIREMENT_COVERAGE
word/document.xml/table11/r3/c2/p1	5. Four-Shop Target Business Architecture	Personalized apparel, gifts, pet/photo products and related made-to-order POD.	LOCAL_PARTIAL	includes/Portal/ShopOperationsReadModel.php:10	tests/wordpress/FourShopDataIsolationTest.php:5::testOperationalProjectionDoesNotLeakShopPolicyOrUsageAcrossFourShops; tests/wordpress/FourShopDataIsolationTest.php:15::testPersonalizedPodCatalogProjectionIgnoresNewerUnrelatedCatalog; tests/wordpress/FourShopDataIsolationTest.php:25::testMalformedV2LineageIsVisibleButNeverReportedVerified; tests/wordpress/FourShopDataIsolationTest.php:30::testUnknownShopNormalizesToAllRatherThanInventingScope	Profile/policy/read projections tested; Shop3/4 execution deliberately deferred.	IMPLEMENTED	Related component code exists; cited tests verify only their named behaviors.	INCOMPLETE_REQUIREMENT_COVERAGE
word/document.xml/table11/r3/c3/p1	5. Four-Shop Target Business Architecture	Printify first. Gelato/other providers later after separate certification.	LOCAL_PARTIAL	includes/Portal/ShopOperationsReadModel.php:10	tests/wordpress/FourShopDataIsolationTest.php:5::testOperationalProjectionDoesNotLeakShopPolicyOrUsageAcrossFourShops; tests/wordpress/FourShopDataIsolationTest.php:15::testPersonalizedPodCatalogProjectionIgnoresNewerUnrelatedCatalog; tests/wordpress/FourShopDataIsolationTest.php:25::testMalformedV2LineageIsVisibleButNeverReportedVerified; tests/wordpress/FourShopDataIsolationTest.php:30::testUnknownShopNormalizesToAllRatherThanInventingScope	Profile/policy/read projections tested; Shop3/4 execution deliberately deferred.	IMPLEMENTED	Related component code exists; cited tests verify only their named behaviors.	INCOMPLETE_REQUIREMENT_COVERAGE
word/document.xml/table11/r3/c4/p1	5. Four-Shop Target Business Architecture	High AI during catalog/template build; later lower ongoing R&D plus per-order personalization where needed.	LOCAL_PARTIAL	includes/Portal/ShopOperationsReadModel.php:10	tests/wordpress/FourShopDataIsolationTest.php:5::testOperationalProjectionDoesNotLeakShopPolicyOrUsageAcrossFourShops; tests/wordpress/FourShopDataIsolationTest.php:15::testPersonalizedPodCatalogProjectionIgnoresNewerUnrelatedCatalog; tests/wordpress/FourShopDataIsolationTest.php:25::testMalformedV2LineageIsVisibleButNeverReportedVerified; tests/wordpress/FourShopDataIsolationTest.php:30::testUnknownShopNormalizesToAllRatherThanInventingScope	Profile/policy/read projections tested; Shop3/4 execution deliberately deferred.	IMPLEMENTED	Related component code exists; cited tests verify only their named behaviors.	INCOMPLETE_REQUIREMENT_COVERAGE
word/document.xml/table11/r3/c5/p1	5. Four-Shop Target Business Architecture	ACTIVE TARGET / Phase 1	LOCAL_PARTIAL	includes/Portal/ShopOperationsReadModel.php:10	tests/wordpress/FourShopDataIsolationTest.php:5::testOperationalProjectionDoesNotLeakShopPolicyOrUsageAcrossFourShops; tests/wordpress/FourShopDataIsolationTest.php:15::testPersonalizedPodCatalogProjectionIgnoresNewerUnrelatedCatalog; tests/wordpress/FourShopDataIsolationTest.php:25::testMalformedV2LineageIsVisibleButNeverReportedVerified; tests/wordpress/FourShopDataIsolationTest.php:30::testUnknownShopNormalizesToAllRatherThanInventingScope	Profile/policy/read projections tested; Shop3/4 execution deliberately deferred.	IMPLEMENTED	Related component code exists; cited tests verify only their named behaviors.	INCOMPLETE_REQUIREMENT_COVERAGE
word/document.xml/table11/r4/c1/p1	5. Four-Shop Target Business Architecture	Shop 3 — Non-Personalized POD	LOCAL_PARTIAL	includes/Portal/ShopOperationsReadModel.php:10	tests/wordpress/FourShopDataIsolationTest.php:5::testOperationalProjectionDoesNotLeakShopPolicyOrUsageAcrossFourShops; tests/wordpress/FourShopDataIsolationTest.php:15::testPersonalizedPodCatalogProjectionIgnoresNewerUnrelatedCatalog; tests/wordpress/FourShopDataIsolationTest.php:25::testMalformedV2LineageIsVisibleButNeverReportedVerified; tests/wordpress/FourShopDataIsolationTest.php:30::testUnknownShopNormalizesToAllRatherThanInventingScope	Profile/policy/read projections tested; Shop3/4 execution deliberately deferred.	IMPLEMENTED	Related component code exists; cited tests verify only their named behaviors.	INCOMPLETE_REQUIREMENT_COVERAGE
word/document.xml/table11/r4/c2/p1	5. Four-Shop Target Business Architecture	Future original-design / non-personalized POD catalog.	LOCAL_PARTIAL	includes/Portal/ShopOperationsReadModel.php:10	tests/wordpress/FourShopDataIsolationTest.php:5::testOperationalProjectionDoesNotLeakShopPolicyOrUsageAcrossFourShops; tests/wordpress/FourShopDataIsolationTest.php:15::testPersonalizedPodCatalogProjectionIgnoresNewerUnrelatedCatalog; tests/wordpress/FourShopDataIsolationTest.php:25::testMalformedV2LineageIsVisibleButNeverReportedVerified; tests/wordpress/FourShopDataIsolationTest.php:30::testUnknownShopNormalizesToAllRatherThanInventingScope	Profile/policy/read projections tested; Shop3/4 execution deliberately deferred.	IMPLEMENTED	Related component code exists; cited tests verify only their named behaviors.	INCOMPLETE_REQUIREMENT_COVERAGE
word/document.xml/table11/r4/c3/p1	5. Four-Shop Target Business Architecture	Printify first; Gelato/others later. Separate shop/provider mappings.	LOCAL_PARTIAL	includes/Portal/ShopOperationsReadModel.php:10	tests/wordpress/FourShopDataIsolationTest.php:5::testOperationalProjectionDoesNotLeakShopPolicyOrUsageAcrossFourShops; tests/wordpress/FourShopDataIsolationTest.php:15::testPersonalizedPodCatalogProjectionIgnoresNewerUnrelatedCatalog; tests/wordpress/FourShopDataIsolationTest.php:25::testMalformedV2LineageIsVisibleButNeverReportedVerified; tests/wordpress/FourShopDataIsolationTest.php:30::testUnknownShopNormalizesToAllRatherThanInventingScope	Profile/policy/read projections tested; Shop3/4 execution deliberately deferred.	IMPLEMENTED	Related component code exists; cited tests verify only their named behaviors.	INCOMPLETE_REQUIREMENT_COVERAGE
word/document.xml/table11/r4/c4/p1	5. Four-Shop Target Business Architecture	Higher research/design AI during catalog growth; lower after catalog maturity.	LOCAL_PARTIAL	includes/Portal/ShopOperationsReadModel.php:10	tests/wordpress/FourShopDataIsolationTest.php:5::testOperationalProjectionDoesNotLeakShopPolicyOrUsageAcrossFourShops; tests/wordpress/FourShopDataIsolationTest.php:15::testPersonalizedPodCatalogProjectionIgnoresNewerUnrelatedCatalog; tests/wordpress/FourShopDataIsolationTest.php:25::testMalformedV2LineageIsVisibleButNeverReportedVerified; tests/wordpress/FourShopDataIsolationTest.php:30::testUnknownShopNormalizesToAllRatherThanInventingScope	Profile/policy/read projections tested; Shop3/4 execution deliberately deferred.	IMPLEMENTED	Related component code exists; cited tests verify only their named behaviors.	INCOMPLETE_REQUIREMENT_COVERAGE
word/document.xml/table11/r4/c5/p1	5. Four-Shop Target Business Architecture	FUTURE	LOCAL_PARTIAL	includes/Portal/ShopOperationsReadModel.php:10	tests/wordpress/FourShopDataIsolationTest.php:5::testOperationalProjectionDoesNotLeakShopPolicyOrUsageAcrossFourShops; tests/wordpress/FourShopDataIsolationTest.php:15::testPersonalizedPodCatalogProjectionIgnoresNewerUnrelatedCatalog; tests/wordpress/FourShopDataIsolationTest.php:25::testMalformedV2LineageIsVisibleButNeverReportedVerified; tests/wordpress/FourShopDataIsolationTest.php:30::testUnknownShopNormalizesToAllRatherThanInventingScope	Profile/policy/read projections tested; Shop3/4 execution deliberately deferred.	IMPLEMENTED	Related component code exists; cited tests verify only their named behaviors.	INCOMPLETE_REQUIREMENT_COVERAGE
word/document.xml/table11/r5/c1/p1	5. Four-Shop Target Business Architecture	Shop 4 — Personalized Jewelry	LOCAL_PARTIAL	includes/Portal/ShopOperationsReadModel.php:10	tests/wordpress/FourShopDataIsolationTest.php:5::testOperationalProjectionDoesNotLeakShopPolicyOrUsageAcrossFourShops; tests/wordpress/FourShopDataIsolationTest.php:15::testPersonalizedPodCatalogProjectionIgnoresNewerUnrelatedCatalog; tests/wordpress/FourShopDataIsolationTest.php:25::testMalformedV2LineageIsVisibleButNeverReportedVerified; tests/wordpress/FourShopDataIsolationTest.php:30::testUnknownShopNormalizesToAllRatherThanInventingScope	Profile/policy/read projections tested; Shop3/4 execution deliberately deferred.	IMPLEMENTED	Related component code exists; cited tests verify only their named behaviors.	INCOMPLETE_REQUIREMENT_COVERAGE
word/document.xml/table11/r5/c2/p1	5. Four-Shop Target Business Architecture	Future personalized jewelry store.	LOCAL_PARTIAL	includes/Portal/ShopOperationsReadModel.php:10	tests/wordpress/FourShopDataIsolationTest.php:5::testOperationalProjectionDoesNotLeakShopPolicyOrUsageAcrossFourShops; tests/wordpress/FourShopDataIsolationTest.php:15::testPersonalizedPodCatalogProjectionIgnoresNewerUnrelatedCatalog; tests/wordpress/FourShopDataIsolationTest.php:25::testMalformedV2LineageIsVisibleButNeverReportedVerified; tests/wordpress/FourShopDataIsolationTest.php:30::testUnknownShopNormalizesToAllRatherThanInventingScope	Profile/policy/read projections tested; Shop3/4 execution deliberately deferred.	IMPLEMENTED	Related component code exists; cited tests verify only their named behaviors.	INCOMPLETE_REQUIREMENT_COVERAGE
word/document.xml/table11/r5/c3/p1	5. Four-Shop Target Business Architecture	Dedicated supplier/manufacturer architecture to be selected; reuse provider abstraction only where appropriate.	LOCAL_PARTIAL	includes/Portal/ShopOperationsReadModel.php:10	tests/wordpress/FourShopDataIsolationTest.php:5::testOperationalProjectionDoesNotLeakShopPolicyOrUsageAcrossFourShops; tests/wordpress/FourShopDataIsolationTest.php:15::testPersonalizedPodCatalogProjectionIgnoresNewerUnrelatedCatalog; tests/wordpress/FourShopDataIsolationTest.php:25::testMalformedV2LineageIsVisibleButNeverReportedVerified; tests/wordpress/FourShopDataIsolationTest.php:30::testUnknownShopNormalizesToAllRatherThanInventingScope	Profile/policy/read projections tested; Shop3/4 execution deliberately deferred.	IMPLEMENTED	Related component code exists; cited tests verify only their named behaviors.	INCOMPLETE_REQUIREMENT_COVERAGE
word/document.xml/table11/r5/c4/p1	5. Four-Shop Target Business Architecture	Specialized personalization/design AI; separate production rules and approval.	LOCAL_PARTIAL	includes/Portal/ShopOperationsReadModel.php:10	tests/wordpress/FourShopDataIsolationTest.php:5::testOperationalProjectionDoesNotLeakShopPolicyOrUsageAcrossFourShops; tests/wordpress/FourShopDataIsolationTest.php:15::testPersonalizedPodCatalogProjectionIgnoresNewerUnrelatedCatalog; tests/wordpress/FourShopDataIsolationTest.php:25::testMalformedV2LineageIsVisibleButNeverReportedVerified; tests/wordpress/FourShopDataIsolationTest.php:30::testUnknownShopNormalizesToAllRatherThanInventingScope	Profile/policy/read projections tested; Shop3/4 execution deliberately deferred.	IMPLEMENTED	Related component code exists; cited tests verify only their named behaviors.	INCOMPLETE_REQUIREMENT_COVERAGE
word/document.xml/table11/r5/c5/p1	5. Four-Shop Target Business Architecture	FUTURE	LOCAL_PARTIAL	includes/Portal/ShopOperationsReadModel.php:10	tests/wordpress/FourShopDataIsolationTest.php:5::testOperationalProjectionDoesNotLeakShopPolicyOrUsageAcrossFourShops; tests/wordpress/FourShopDataIsolationTest.php:15::testPersonalizedPodCatalogProjectionIgnoresNewerUnrelatedCatalog; tests/wordpress/FourShopDataIsolationTest.php:25::testMalformedV2LineageIsVisibleButNeverReportedVerified; tests/wordpress/FourShopDataIsolationTest.php:30::testUnknownShopNormalizesToAllRatherThanInventingScope	Profile/policy/read projections tested; Shop3/4 execution deliberately deferred.	IMPLEMENTED	Related component code exists; cited tests verify only their named behaviors.	INCOMPLETE_REQUIREMENT_COVERAGE
word/document.xml/p47	5. Four-Shop Target Business Architecture	The four shops are independent operating scopes, not four separate DigiForge installations. Cross-shop dashboards may aggregate metrics, but shop-level permissions, controls, costs, listings, provider routes and execution evidence must remain isolated.	LOCAL_PARTIAL	includes/Portal/ShopOperationsReadModel.php:10	tests/wordpress/FourShopDataIsolationTest.php:5::testOperationalProjectionDoesNotLeakShopPolicyOrUsageAcrossFourShops; tests/wordpress/FourShopDataIsolationTest.php:15::testPersonalizedPodCatalogProjectionIgnoresNewerUnrelatedCatalog; tests/wordpress/FourShopDataIsolationTest.php:25::testMalformedV2LineageIsVisibleButNeverReportedVerified; tests/wordpress/FourShopDataIsolationTest.php:30::testUnknownShopNormalizesToAllRatherThanInventingScope	Profile/policy/read projections tested; Shop3/4 execution deliberately deferred.	IMPLEMENTED	Related component code exists; cited tests verify only their named behaviors.	INCOMPLETE_REQUIREMENT_COVERAGE
word/document.xml/p48	6. Hierarchical Controls — Global → Shop → Workflow → Operation	6. Hierarchical Controls — Global → Shop → Workflow → Operation	LOCAL_PARTIAL	includes/Portal/ScopedCapabilityPolicy.php:6	tests/wordpress/FinalConvergenceScenarioTest.php:5::testPersonalizedPodReviewChainStopsBeforeExternalExecution; tests/wordpress/FinalConvergenceScenarioTest.php:23::testScopedCapabilityRequiresGlobalShopAndWorkflow	Hierarchical deny behavior locally tested; production safety state not independently observed.	IMPLEMENTED	Related component code exists; cited tests verify only their named behaviors.	INCOMPLETE_REQUIREMENT_COVERAGE
word/document.xml/p49	6. Hierarchical Controls — Global → Shop → Workflow → Operation	The previous global capability-switch model remains valuable as a safety ceiling, but normal operations must become shop-scoped. A narrower scope can restrict a capability further; it can never override a disabled parent safety control.	LOCAL_PARTIAL	includes/Portal/ScopedCapabilityPolicy.php:6	tests/wordpress/FinalConvergenceScenarioTest.php:5::testPersonalizedPodReviewChainStopsBeforeExternalExecution; tests/wordpress/FinalConvergenceScenarioTest.php:23::testScopedCapabilityRequiresGlobalShopAndWorkflow	Hierarchical deny behavior locally tested; production safety state not independently observed.	IMPLEMENTED	Related component code exists; cited tests verify only their named behaviors.	INCOMPLETE_REQUIREMENT_COVERAGE
word/document.xml/table12/r1/c1/p1	6. Hierarchical Controls — Global → Shop → Workflow → Operation	Scope	LOCAL_PARTIAL	includes/Portal/ScopedCapabilityPolicy.php:6	tests/wordpress/FinalConvergenceScenarioTest.php:5::testPersonalizedPodReviewChainStopsBeforeExternalExecution; tests/wordpress/FinalConvergenceScenarioTest.php:23::testScopedCapabilityRequiresGlobalShopAndWorkflow	Hierarchical deny behavior locally tested; production safety state not independently observed.	IMPLEMENTED	Related component code exists; cited tests verify only their named behaviors.	INCOMPLETE_REQUIREMENT_COVERAGE
word/document.xml/table12/r1/c2/p1	6. Hierarchical Controls — Global → Shop → Workflow → Operation	Examples	LOCAL_PARTIAL	includes/Portal/ScopedCapabilityPolicy.php:6	tests/wordpress/FinalConvergenceScenarioTest.php:5::testPersonalizedPodReviewChainStopsBeforeExternalExecution; tests/wordpress/FinalConvergenceScenarioTest.php:23::testScopedCapabilityRequiresGlobalShopAndWorkflow	Hierarchical deny behavior locally tested; production safety state not independently observed.	IMPLEMENTED	Related component code exists; cited tests verify only their named behaviors.	INCOMPLETE_REQUIREMENT_COVERAGE
word/document.xml/table12/r1/c3/p1	6. Hierarchical Controls — Global → Shop → Workflow → Operation	Rule	LOCAL_PARTIAL	includes/Portal/ScopedCapabilityPolicy.php:6	tests/wordpress/FinalConvergenceScenarioTest.php:5::testPersonalizedPodReviewChainStopsBeforeExternalExecution; tests/wordpress/FinalConvergenceScenarioTest.php:23::testScopedCapabilityRequiresGlobalShopAndWorkflow	Hierarchical deny behavior locally tested; production safety state not independently observed.	IMPLEMENTED	Related component code exists; cited tests verify only their named behaviors.	INCOMPLETE_REQUIREMENT_COVERAGE
word/document.xml/table12/r2/c1/p1	6. Hierarchical Controls — Global → Shop → Workflow → Operation	Global safety	LOCAL_PARTIAL	includes/Portal/ScopedCapabilityPolicy.php:6	tests/wordpress/FinalConvergenceScenarioTest.php:5::testPersonalizedPodReviewChainStopsBeforeExternalExecution; tests/wordpress/FinalConvergenceScenarioTest.php:23::testScopedCapabilityRequiresGlobalShopAndWorkflow	Hierarchical deny behavior locally tested; production safety state not independently observed.	IMPLEMENTED	Related component code exists; cited tests verify only their named behaviors.	INCOMPLETE_REQUIREMENT_COVERAGE
word/document.xml/table12/r2/c2/p1	6. Hierarchical Controls — Global → Shop → Workflow → Operation	STOP ALL, external execution ceiling, emergency provider disable, platform maintenance	LOCAL_PARTIAL	includes/Portal/ScopedCapabilityPolicy.php:6	tests/wordpress/FinalConvergenceScenarioTest.php:5::testPersonalizedPodReviewChainStopsBeforeExternalExecution; tests/wordpress/FinalConvergenceScenarioTest.php:23::testScopedCapabilityRequiresGlobalShopAndWorkflow	Hierarchical deny behavior locally tested; production safety state not independently observed.	IMPLEMENTED	Related component code exists; cited tests verify only their named behaviors.	INCOMPLETE_REQUIREMENT_COVERAGE
word/document.xml/table12/r2/c3/p1	6. Hierarchical Controls — Global → Shop → Workflow → Operation	Global disable always wins.	LOCAL_PARTIAL	includes/Portal/ScopedCapabilityPolicy.php:6	tests/wordpress/FinalConvergenceScenarioTest.php:5::testPersonalizedPodReviewChainStopsBeforeExternalExecution; tests/wordpress/FinalConvergenceScenarioTest.php:23::testScopedCapabilityRequiresGlobalShopAndWorkflow	Hierarchical deny behavior locally tested; production safety state not independently observed.	IMPLEMENTED	Related component code exists; cited tests verify only their named behaviors.	INCOMPLETE_REQUIREMENT_COVERAGE
word/document.xml/table12/r3/c1/p1	6. Hierarchical Controls — Global → Shop → Workflow → Operation	Business / Shop	LOCAL_PARTIAL	includes/Portal/ScopedCapabilityPolicy.php:6	tests/wordpress/FinalConvergenceScenarioTest.php:5::testPersonalizedPodReviewChainStopsBeforeExternalExecution; tests/wordpress/FinalConvergenceScenarioTest.php:23::testScopedCapabilityRequiresGlobalShopAndWorkflow	Hierarchical deny behavior locally tested; production safety state not independently observed.	IMPLEMENTED	Related component code exists; cited tests verify only their named behaviors.	INCOMPLETE_REQUIREMENT_COVERAGE
word/document.xml/table12/r3/c2/p1	6. Hierarchical Controls — Global → Shop → Workflow → Operation	research, AI, product development, Etsy draft, Etsy publish, Printify, Gelato, order intake, production	LOCAL_PARTIAL	includes/Portal/ScopedCapabilityPolicy.php:6	tests/wordpress/FinalConvergenceScenarioTest.php:5::testPersonalizedPodReviewChainStopsBeforeExternalExecution; tests/wordpress/FinalConvergenceScenarioTest.php:23::testScopedCapabilityRequiresGlobalShopAndWorkflow	Hierarchical deny behavior locally tested; production safety state not independently observed.	IMPLEMENTED	Related component code exists; cited tests verify only their named behaviors.	INCOMPLETE_REQUIREMENT_COVERAGE
word/document.xml/table12/r3/c3/p1	6. Hierarchical Controls — Global → Shop → Workflow → Operation	Independent per shop.	LOCAL_PARTIAL	includes/Portal/ScopedCapabilityPolicy.php:6	tests/wordpress/FinalConvergenceScenarioTest.php:5::testPersonalizedPodReviewChainStopsBeforeExternalExecution; tests/wordpress/FinalConvergenceScenarioTest.php:23::testScopedCapabilityRequiresGlobalShopAndWorkflow	Hierarchical deny behavior locally tested; production safety state not independently observed.	IMPLEMENTED	Related component code exists; cited tests verify only their named behaviors.	INCOMPLETE_REQUIREMENT_COVERAGE
word/document.xml/table12/r4/c1/p1	6. Hierarchical Controls — Global → Shop → Workflow → Operation	Workflow	LOCAL_PARTIAL	includes/Portal/ScopedCapabilityPolicy.php:6	tests/wordpress/FinalConvergenceScenarioTest.php:5::testPersonalizedPodReviewChainStopsBeforeExternalExecution; tests/wordpress/FinalConvergenceScenarioTest.php:23::testScopedCapabilityRequiresGlobalShopAndWorkflow	Hierarchical deny behavior locally tested; production safety state not independently observed.	IMPLEMENTED	Related component code exists; cited tests verify only their named behaviors.	INCOMPLETE_REQUIREMENT_COVERAGE
word/document.xml/table12/r4/c2/p1	6. Hierarchical Controls — Global → Shop → Workflow → Operation	trend research, deep research, asset generation, listing preparation, personalization, QA	LOCAL_PARTIAL	includes/Portal/ScopedCapabilityPolicy.php:6	tests/wordpress/FinalConvergenceScenarioTest.php:5::testPersonalizedPodReviewChainStopsBeforeExternalExecution; tests/wordpress/FinalConvergenceScenarioTest.php:23::testScopedCapabilityRequiresGlobalShopAndWorkflow	Hierarchical deny behavior locally tested; production safety state not independently observed.	IMPLEMENTED	Related component code exists; cited tests verify only their named behaviors.	INCOMPLETE_REQUIREMENT_COVERAGE
word/document.xml/table12/r4/c3/p1	6. Hierarchical Controls — Global → Shop → Workflow → Operation	Enable/disable and budget independently.	LOCAL_PARTIAL	includes/Portal/ScopedCapabilityPolicy.php:6	tests/wordpress/FinalConvergenceScenarioTest.php:5::testPersonalizedPodReviewChainStopsBeforeExternalExecution; tests/wordpress/FinalConvergenceScenarioTest.php:23::testScopedCapabilityRequiresGlobalShopAndWorkflow	Hierarchical deny behavior locally tested; production safety state not independently observed.	IMPLEMENTED	Related component code exists; cited tests verify only their named behaviors.	INCOMPLETE_REQUIREMENT_COVERAGE
word/document.xml/table12/r5/c1/p1	6. Hierarchical Controls — Global → Shop → Workflow → Operation	Operation	LOCAL_PARTIAL	includes/Portal/ScopedCapabilityPolicy.php:6	tests/wordpress/FinalConvergenceScenarioTest.php:5::testPersonalizedPodReviewChainStopsBeforeExternalExecution; tests/wordpress/FinalConvergenceScenarioTest.php:23::testScopedCapabilityRequiresGlobalShopAndWorkflow	Hierarchical deny behavior locally tested; production safety state not independently observed.	IMPLEMENTED	Related component code exists; cited tests verify only their named behaviors.	INCOMPLETE_REQUIREMENT_COVERAGE
word/document.xml/table12/r5/c2/p1	6. Hierarchical Controls — Global → Shop → Workflow → Operation	specific Etsy draft, file upload, provider order, production authorization	LOCAL_PARTIAL	includes/Portal/ScopedCapabilityPolicy.php:6	tests/wordpress/FinalConvergenceScenarioTest.php:5::testPersonalizedPodReviewChainStopsBeforeExternalExecution; tests/wordpress/FinalConvergenceScenarioTest.php:23::testScopedCapabilityRequiresGlobalShopAndWorkflow	Hierarchical deny behavior locally tested; production safety state not independently observed.	IMPLEMENTED	Related component code exists; cited tests verify only their named behaviors.	INCOMPLETE_REQUIREMENT_COVERAGE
word/document.xml/table12/r5/c3/p1	6. Hierarchical Controls — Global → Shop → Workflow → Operation	Requires exact evidence, authorization and idempotency.	LOCAL_PARTIAL	includes/Portal/ScopedCapabilityPolicy.php:6	tests/wordpress/FinalConvergenceScenarioTest.php:5::testPersonalizedPodReviewChainStopsBeforeExternalExecution; tests/wordpress/FinalConvergenceScenarioTest.php:23::testScopedCapabilityRequiresGlobalShopAndWorkflow	Hierarchical deny behavior locally tested; production safety state not independently observed.	IMPLEMENTED	Related component code exists; cited tests verify only their named behaviors.	INCOMPLETE_REQUIREMENT_COVERAGE
word/document.xml/table13/r1/c1/p1	6. Hierarchical Controls — Global → Shop → Workflow → Operation	HARD SAFETY RULE — AI, research or product-development capability NEVER implies marketplace publish authority, provider production authority, refund authority, tax filing authority or money movement.	LOCAL_PARTIAL	includes/Portal/ScopedCapabilityPolicy.php:6	tests/wordpress/FinalConvergenceScenarioTest.php:5::testPersonalizedPodReviewChainStopsBeforeExternalExecution; tests/wordpress/FinalConvergenceScenarioTest.php:23::testScopedCapabilityRequiresGlobalShopAndWorkflow	Hierarchical deny behavior locally tested; production safety state not independently observed.	IMPLEMENTED	Related component code exists; cited tests verify only their named behaviors.	INCOMPLETE_REQUIREMENT_COVERAGE
word/document.xml/p54	7. Shop-Scoped AI Utilization and Budget Governance	7. Shop-Scoped AI Utilization and Budget Governance	SOFTWARE_PARTIAL	includes/AI/ProviderEvidenceRepository.php:9	tests/wordpress/AiProviderSettlementTest.php:9::testProviderMeteringAndReviewedChargeAreSeparateImmutableEvidence; tests/wordpress/AiProviderSettlementTest.php:15::testCrossShopAndMalformedMeteringFailClosed; tests/wordpress/AiProviderSettlementTest.php:16::testQueuedBindingSupportsExactBackgroundCompletion; tests/wordpress/AiProviderSettlementTest.php:17::testProviderResponseCannotBeBoundToAnotherReservation; tests/wordpress/AiProviderSettlementTest.php:18::testChargeNeedsHumanEvidenceAndExactCurrency; tests/wordpress/AiProviderSettlementTest.php:19::testSettlementDoesNotEnableMonetaryGeneration; tests/wordpress/AiProviderSettlementTest.php:20::testGovernedProviderResponsePersistsMeteringBeforeReturningPayload; tests/wordpress/AiProviderSettlementTest.php:26::testProjectionFailurePreservesChargeProofAndRequiresReconciliation; tests/wordpress/AiProviderSettlementTest.php:32::testInvoiceLineCannotChargeTwoReservations; tests/wordpress/AiProviderSettlementTest.php:37::testCostModelProjectionUsesMeteredProviderModel; tests/wordpress/AiProviderSettlementTest.php:41::testResearchWorkflowIsNotAttributedToProductFactory; tests/wordpress/AiProviderSettlementTest.php:44::testModelProjectionFailurePreservesMeteringAndBlocksAutomaticRepairOrSettlement	Immutable provider metering and human-attested charge import verified; monetary reservation upper bounds and complete product/order attribution remain MISSING SOFTWARE. Independent provider invoice certification is DEFERRED OPERATIONAL EVIDENCE.	IMPLEMENTED; MISSING SOFTWARE; DEFERRED OPERATIONAL EVIDENCE	Related component code exists; cited tests verify only their named behaviors.	INCOMPLETE_REQUIREMENT_COVERAGE
word/document.xml/p55	7. Shop-Scoped AI Utilization and Budget Governance	AI usage is controlled by quantity, stage and budget — not only an ON/OFF switch. Each shop can define how many opportunities to research, how many to deep-research, how many to fully develop, how many listing packages to prepare, and the maximum AI spend for the run/month.	SOFTWARE_PARTIAL	includes/AI/ProviderEvidenceRepository.php:9	tests/wordpress/AiProviderSettlementTest.php:9::testProviderMeteringAndReviewedChargeAreSeparateImmutableEvidence; tests/wordpress/AiProviderSettlementTest.php:15::testCrossShopAndMalformedMeteringFailClosed; tests/wordpress/AiProviderSettlementTest.php:16::testQueuedBindingSupportsExactBackgroundCompletion; tests/wordpress/AiProviderSettlementTest.php:17::testProviderResponseCannotBeBoundToAnotherReservation; tests/wordpress/AiProviderSettlementTest.php:18::testChargeNeedsHumanEvidenceAndExactCurrency; tests/wordpress/AiProviderSettlementTest.php:19::testSettlementDoesNotEnableMonetaryGeneration; tests/wordpress/AiProviderSettlementTest.php:20::testGovernedProviderResponsePersistsMeteringBeforeReturningPayload; tests/wordpress/AiProviderSettlementTest.php:26::testProjectionFailurePreservesChargeProofAndRequiresReconciliation; tests/wordpress/AiProviderSettlementTest.php:32::testInvoiceLineCannotChargeTwoReservations; tests/wordpress/AiProviderSettlementTest.php:37::testCostModelProjectionUsesMeteredProviderModel; tests/wordpress/AiProviderSettlementTest.php:41::testResearchWorkflowIsNotAttributedToProductFactory; tests/wordpress/AiProviderSettlementTest.php:44::testModelProjectionFailurePreservesMeteringAndBlocksAutomaticRepairOrSettlement	Immutable provider metering and human-attested charge import verified; monetary reservation upper bounds and complete product/order attribution remain MISSING SOFTWARE. Independent provider invoice certification is DEFERRED OPERATIONAL EVIDENCE.	IMPLEMENTED; MISSING SOFTWARE; DEFERRED OPERATIONAL EVIDENCE	Related component code exists; cited tests verify only their named behaviors.	INCOMPLETE_REQUIREMENT_COVERAGE
word/document.xml/table14/r1/c1/p1	7. Shop-Scoped AI Utilization and Budget Governance	Control	SOFTWARE_PARTIAL	includes/AI/ProviderEvidenceRepository.php:9	tests/wordpress/AiProviderSettlementTest.php:9::testProviderMeteringAndReviewedChargeAreSeparateImmutableEvidence; tests/wordpress/AiProviderSettlementTest.php:15::testCrossShopAndMalformedMeteringFailClosed; tests/wordpress/AiProviderSettlementTest.php:16::testQueuedBindingSupportsExactBackgroundCompletion; tests/wordpress/AiProviderSettlementTest.php:17::testProviderResponseCannotBeBoundToAnotherReservation; tests/wordpress/AiProviderSettlementTest.php:18::testChargeNeedsHumanEvidenceAndExactCurrency; tests/wordpress/AiProviderSettlementTest.php:19::testSettlementDoesNotEnableMonetaryGeneration; tests/wordpress/AiProviderSettlementTest.php:20::testGovernedProviderResponsePersistsMeteringBeforeReturningPayload; tests/wordpress/AiProviderSettlementTest.php:26::testProjectionFailurePreservesChargeProofAndRequiresReconciliation; tests/wordpress/AiProviderSettlementTest.php:32::testInvoiceLineCannotChargeTwoReservations; tests/wordpress/AiProviderSettlementTest.php:37::testCostModelProjectionUsesMeteredProviderModel; tests/wordpress/AiProviderSettlementTest.php:41::testResearchWorkflowIsNotAttributedToProductFactory; tests/wordpress/AiProviderSettlementTest.php:44::testModelProjectionFailurePreservesMeteringAndBlocksAutomaticRepairOrSettlement	Immutable provider metering and human-attested charge import verified; monetary reservation upper bounds and complete product/order attribution remain MISSING SOFTWARE. Independent provider invoice certification is DEFERRED OPERATIONAL EVIDENCE.	IMPLEMENTED; MISSING SOFTWARE; DEFERRED OPERATIONAL EVIDENCE	Related component code exists; cited tests verify only their named behaviors.	INCOMPLETE_REQUIREMENT_COVERAGE
word/document.xml/table14/r1/c2/p1	7. Shop-Scoped AI Utilization and Budget Governance	Examples	SOFTWARE_PARTIAL	includes/AI/ProviderEvidenceRepository.php:9	tests/wordpress/AiProviderSettlementTest.php:9::testProviderMeteringAndReviewedChargeAreSeparateImmutableEvidence; tests/wordpress/AiProviderSettlementTest.php:15::testCrossShopAndMalformedMeteringFailClosed; tests/wordpress/AiProviderSettlementTest.php:16::testQueuedBindingSupportsExactBackgroundCompletion; tests/wordpress/AiProviderSettlementTest.php:17::testProviderResponseCannotBeBoundToAnotherReservation; tests/wordpress/AiProviderSettlementTest.php:18::testChargeNeedsHumanEvidenceAndExactCurrency; tests/wordpress/AiProviderSettlementTest.php:19::testSettlementDoesNotEnableMonetaryGeneration; tests/wordpress/AiProviderSettlementTest.php:20::testGovernedProviderResponsePersistsMeteringBeforeReturningPayload; tests/wordpress/AiProviderSettlementTest.php:26::testProjectionFailurePreservesChargeProofAndRequiresReconciliation; tests/wordpress/AiProviderSettlementTest.php:32::testInvoiceLineCannotChargeTwoReservations; tests/wordpress/AiProviderSettlementTest.php:37::testCostModelProjectionUsesMeteredProviderModel; tests/wordpress/AiProviderSettlementTest.php:41::testResearchWorkflowIsNotAttributedToProductFactory; tests/wordpress/AiProviderSettlementTest.php:44::testModelProjectionFailurePreservesMeteringAndBlocksAutomaticRepairOrSettlement	Immutable provider metering and human-attested charge import verified; monetary reservation upper bounds and complete product/order attribution remain MISSING SOFTWARE. Independent provider invoice certification is DEFERRED OPERATIONAL EVIDENCE.	IMPLEMENTED; MISSING SOFTWARE; DEFERRED OPERATIONAL EVIDENCE	Related component code exists; cited tests verify only their named behaviors.	INCOMPLETE_REQUIREMENT_COVERAGE
word/document.xml/table14/r2/c1/p1	7. Shop-Scoped AI Utilization and Budget Governance	Catalog / eligible pool	SOFTWARE_PARTIAL	includes/AI/ProviderEvidenceRepository.php:9	tests/wordpress/AiProviderSettlementTest.php:9::testProviderMeteringAndReviewedChargeAreSeparateImmutableEvidence; tests/wordpress/AiProviderSettlementTest.php:15::testCrossShopAndMalformedMeteringFailClosed; tests/wordpress/AiProviderSettlementTest.php:16::testQueuedBindingSupportsExactBackgroundCompletion; tests/wordpress/AiProviderSettlementTest.php:17::testProviderResponseCannotBeBoundToAnotherReservation; tests/wordpress/AiProviderSettlementTest.php:18::testChargeNeedsHumanEvidenceAndExactCurrency; tests/wordpress/AiProviderSettlementTest.php:19::testSettlementDoesNotEnableMonetaryGeneration; tests/wordpress/AiProviderSettlementTest.php:20::testGovernedProviderResponsePersistsMeteringBeforeReturningPayload; tests/wordpress/AiProviderSettlementTest.php:26::testProjectionFailurePreservesChargeProofAndRequiresReconciliation; tests/wordpress/AiProviderSettlementTest.php:32::testInvoiceLineCannotChargeTwoReservations; tests/wordpress/AiProviderSettlementTest.php:37::testCostModelProjectionUsesMeteredProviderModel; tests/wordpress/AiProviderSettlementTest.php:41::testResearchWorkflowIsNotAttributedToProductFactory; tests/wordpress/AiProviderSettlementTest.php:44::testModelProjectionFailurePreservesMeteringAndBlocksAutomaticRepairOrSettlement	Immutable provider metering and human-attested charge import verified; monetary reservation upper bounds and complete product/order attribution remain MISSING SOFTWARE. Independent provider invoice certification is DEFERRED OPERATIONAL EVIDENCE.	IMPLEMENTED; MISSING SOFTWARE; DEFERRED OPERATIONAL EVIDENCE	Related component code exists; cited tests verify only their named behaviors.	INCOMPLETE_REQUIREMENT_COVERAGE
word/document.xml/table14/r2/c2/p1	7. Shop-Scoped AI Utilization and Budget Governance	Master 500 v2; Digital opportunity pool; jewelry research pool.	SOFTWARE_PARTIAL	includes/AI/ProviderEvidenceRepository.php:9	tests/wordpress/AiProviderSettlementTest.php:9::testProviderMeteringAndReviewedChargeAreSeparateImmutableEvidence; tests/wordpress/AiProviderSettlementTest.php:15::testCrossShopAndMalformedMeteringFailClosed; tests/wordpress/AiProviderSettlementTest.php:16::testQueuedBindingSupportsExactBackgroundCompletion; tests/wordpress/AiProviderSettlementTest.php:17::testProviderResponseCannotBeBoundToAnotherReservation; tests/wordpress/AiProviderSettlementTest.php:18::testChargeNeedsHumanEvidenceAndExactCurrency; tests/wordpress/AiProviderSettlementTest.php:19::testSettlementDoesNotEnableMonetaryGeneration; tests/wordpress/AiProviderSettlementTest.php:20::testGovernedProviderResponsePersistsMeteringBeforeReturningPayload; tests/wordpress/AiProviderSettlementTest.php:26::testProjectionFailurePreservesChargeProofAndRequiresReconciliation; tests/wordpress/AiProviderSettlementTest.php:32::testInvoiceLineCannotChargeTwoReservations; tests/wordpress/AiProviderSettlementTest.php:37::testCostModelProjectionUsesMeteredProviderModel; tests/wordpress/AiProviderSettlementTest.php:41::testResearchWorkflowIsNotAttributedToProductFactory; tests/wordpress/AiProviderSettlementTest.php:44::testModelProjectionFailurePreservesMeteringAndBlocksAutomaticRepairOrSettlement	Immutable provider metering and human-attested charge import verified; monetary reservation upper bounds and complete product/order attribution remain MISSING SOFTWARE. Independent provider invoice certification is DEFERRED OPERATIONAL EVIDENCE.	IMPLEMENTED; MISSING SOFTWARE; DEFERRED OPERATIONAL EVIDENCE	Related component code exists; cited tests verify only their named behaviors.	INCOMPLETE_REQUIREMENT_COVERAGE
word/document.xml/table14/r3/c1/p1	7. Shop-Scoped AI Utilization and Budget Governance	Trend scan quantity	SOFTWARE_PARTIAL	includes/AI/ProviderEvidenceRepository.php:9	tests/wordpress/AiProviderSettlementTest.php:9::testProviderMeteringAndReviewedChargeAreSeparateImmutableEvidence; tests/wordpress/AiProviderSettlementTest.php:15::testCrossShopAndMalformedMeteringFailClosed; tests/wordpress/AiProviderSettlementTest.php:16::testQueuedBindingSupportsExactBackgroundCompletion; tests/wordpress/AiProviderSettlementTest.php:17::testProviderResponseCannotBeBoundToAnotherReservation; tests/wordpress/AiProviderSettlementTest.php:18::testChargeNeedsHumanEvidenceAndExactCurrency; tests/wordpress/AiProviderSettlementTest.php:19::testSettlementDoesNotEnableMonetaryGeneration; tests/wordpress/AiProviderSettlementTest.php:20::testGovernedProviderResponsePersistsMeteringBeforeReturningPayload; tests/wordpress/AiProviderSettlementTest.php:26::testProjectionFailurePreservesChargeProofAndRequiresReconciliation; tests/wordpress/AiProviderSettlementTest.php:32::testInvoiceLineCannotChargeTwoReservations; tests/wordpress/AiProviderSettlementTest.php:37::testCostModelProjectionUsesMeteredProviderModel; tests/wordpress/AiProviderSettlementTest.php:41::testResearchWorkflowIsNotAttributedToProductFactory; tests/wordpress/AiProviderSettlementTest.php:44::testModelProjectionFailurePreservesMeteringAndBlocksAutomaticRepairOrSettlement	Immutable provider metering and human-attested charge import verified; monetary reservation upper bounds and complete product/order attribution remain MISSING SOFTWARE. Independent provider invoice certification is DEFERRED OPERATIONAL EVIDENCE.	IMPLEMENTED; MISSING SOFTWARE; DEFERRED OPERATIONAL EVIDENCE	Related component code exists; cited tests verify only their named behaviors.	INCOMPLETE_REQUIREMENT_COVERAGE
word/document.xml/table14/r3/c2/p1	7. Shop-Scoped AI Utilization and Budget Governance	Research/re-score up to N opportunities.	SOFTWARE_PARTIAL	includes/AI/ProviderEvidenceRepository.php:9	tests/wordpress/AiProviderSettlementTest.php:9::testProviderMeteringAndReviewedChargeAreSeparateImmutableEvidence; tests/wordpress/AiProviderSettlementTest.php:15::testCrossShopAndMalformedMeteringFailClosed; tests/wordpress/AiProviderSettlementTest.php:16::testQueuedBindingSupportsExactBackgroundCompletion; tests/wordpress/AiProviderSettlementTest.php:17::testProviderResponseCannotBeBoundToAnotherReservation; tests/wordpress/AiProviderSettlementTest.php:18::testChargeNeedsHumanEvidenceAndExactCurrency; tests/wordpress/AiProviderSettlementTest.php:19::testSettlementDoesNotEnableMonetaryGeneration; tests/wordpress/AiProviderSettlementTest.php:20::testGovernedProviderResponsePersistsMeteringBeforeReturningPayload; tests/wordpress/AiProviderSettlementTest.php:26::testProjectionFailurePreservesChargeProofAndRequiresReconciliation; tests/wordpress/AiProviderSettlementTest.php:32::testInvoiceLineCannotChargeTwoReservations; tests/wordpress/AiProviderSettlementTest.php:37::testCostModelProjectionUsesMeteredProviderModel; tests/wordpress/AiProviderSettlementTest.php:41::testResearchWorkflowIsNotAttributedToProductFactory; tests/wordpress/AiProviderSettlementTest.php:44::testModelProjectionFailurePreservesMeteringAndBlocksAutomaticRepairOrSettlement	Immutable provider metering and human-attested charge import verified; monetary reservation upper bounds and complete product/order attribution remain MISSING SOFTWARE. Independent provider invoice certification is DEFERRED OPERATIONAL EVIDENCE.	IMPLEMENTED; MISSING SOFTWARE; DEFERRED OPERATIONAL EVIDENCE	Related component code exists; cited tests verify only their named behaviors.	INCOMPLETE_REQUIREMENT_COVERAGE
word/document.xml/table14/r4/c1/p1	7. Shop-Scoped AI Utilization and Budget Governance	Deep research quantity	SOFTWARE_PARTIAL	includes/AI/ProviderEvidenceRepository.php:9	tests/wordpress/AiProviderSettlementTest.php:9::testProviderMeteringAndReviewedChargeAreSeparateImmutableEvidence; tests/wordpress/AiProviderSettlementTest.php:15::testCrossShopAndMalformedMeteringFailClosed; tests/wordpress/AiProviderSettlementTest.php:16::testQueuedBindingSupportsExactBackgroundCompletion; tests/wordpress/AiProviderSettlementTest.php:17::testProviderResponseCannotBeBoundToAnotherReservation; tests/wordpress/AiProviderSettlementTest.php:18::testChargeNeedsHumanEvidenceAndExactCurrency; tests/wordpress/AiProviderSettlementTest.php:19::testSettlementDoesNotEnableMonetaryGeneration; tests/wordpress/AiProviderSettlementTest.php:20::testGovernedProviderResponsePersistsMeteringBeforeReturningPayload; tests/wordpress/AiProviderSettlementTest.php:26::testProjectionFailurePreservesChargeProofAndRequiresReconciliation; tests/wordpress/AiProviderSettlementTest.php:32::testInvoiceLineCannotChargeTwoReservations; tests/wordpress/AiProviderSettlementTest.php:37::testCostModelProjectionUsesMeteredProviderModel; tests/wordpress/AiProviderSettlementTest.php:41::testResearchWorkflowIsNotAttributedToProductFactory; tests/wordpress/AiProviderSettlementTest.php:44::testModelProjectionFailurePreservesMeteringAndBlocksAutomaticRepairOrSettlement	Immutable provider metering and human-attested charge import verified; monetary reservation upper bounds and complete product/order attribution remain MISSING SOFTWARE. Independent provider invoice certification is DEFERRED OPERATIONAL EVIDENCE.	IMPLEMENTED; MISSING SOFTWARE; DEFERRED OPERATIONAL EVIDENCE	Related component code exists; cited tests verify only their named behaviors.	INCOMPLETE_REQUIREMENT_COVERAGE
word/document.xml/table14/r4/c2/p1	7. Shop-Scoped AI Utilization and Budget Governance	Perform demand/competition/provider analysis on up to N.	SOFTWARE_PARTIAL	includes/AI/ProviderEvidenceRepository.php:9	tests/wordpress/AiProviderSettlementTest.php:9::testProviderMeteringAndReviewedChargeAreSeparateImmutableEvidence; tests/wordpress/AiProviderSettlementTest.php:15::testCrossShopAndMalformedMeteringFailClosed; tests/wordpress/AiProviderSettlementTest.php:16::testQueuedBindingSupportsExactBackgroundCompletion; tests/wordpress/AiProviderSettlementTest.php:17::testProviderResponseCannotBeBoundToAnotherReservation; tests/wordpress/AiProviderSettlementTest.php:18::testChargeNeedsHumanEvidenceAndExactCurrency; tests/wordpress/AiProviderSettlementTest.php:19::testSettlementDoesNotEnableMonetaryGeneration; tests/wordpress/AiProviderSettlementTest.php:20::testGovernedProviderResponsePersistsMeteringBeforeReturningPayload; tests/wordpress/AiProviderSettlementTest.php:26::testProjectionFailurePreservesChargeProofAndRequiresReconciliation; tests/wordpress/AiProviderSettlementTest.php:32::testInvoiceLineCannotChargeTwoReservations; tests/wordpress/AiProviderSettlementTest.php:37::testCostModelProjectionUsesMeteredProviderModel; tests/wordpress/AiProviderSettlementTest.php:41::testResearchWorkflowIsNotAttributedToProductFactory; tests/wordpress/AiProviderSettlementTest.php:44::testModelProjectionFailurePreservesMeteringAndBlocksAutomaticRepairOrSettlement	Immutable provider metering and human-attested charge import verified; monetary reservation upper bounds and complete product/order attribution remain MISSING SOFTWARE. Independent provider invoice certification is DEFERRED OPERATIONAL EVIDENCE.	IMPLEMENTED; MISSING SOFTWARE; DEFERRED OPERATIONAL EVIDENCE	Related component code exists; cited tests verify only their named behaviors.	INCOMPLETE_REQUIREMENT_COVERAGE
word/document.xml/table14/r5/c1/p1	7. Shop-Scoped AI Utilization and Budget Governance	Full product development quantity	SOFTWARE_PARTIAL	includes/AI/ProviderEvidenceRepository.php:9	tests/wordpress/AiProviderSettlementTest.php:9::testProviderMeteringAndReviewedChargeAreSeparateImmutableEvidence; tests/wordpress/AiProviderSettlementTest.php:15::testCrossShopAndMalformedMeteringFailClosed; tests/wordpress/AiProviderSettlementTest.php:16::testQueuedBindingSupportsExactBackgroundCompletion; tests/wordpress/AiProviderSettlementTest.php:17::testProviderResponseCannotBeBoundToAnotherReservation; tests/wordpress/AiProviderSettlementTest.php:18::testChargeNeedsHumanEvidenceAndExactCurrency; tests/wordpress/AiProviderSettlementTest.php:19::testSettlementDoesNotEnableMonetaryGeneration; tests/wordpress/AiProviderSettlementTest.php:20::testGovernedProviderResponsePersistsMeteringBeforeReturningPayload; tests/wordpress/AiProviderSettlementTest.php:26::testProjectionFailurePreservesChargeProofAndRequiresReconciliation; tests/wordpress/AiProviderSettlementTest.php:32::testInvoiceLineCannotChargeTwoReservations; tests/wordpress/AiProviderSettlementTest.php:37::testCostModelProjectionUsesMeteredProviderModel; tests/wordpress/AiProviderSettlementTest.php:41::testResearchWorkflowIsNotAttributedToProductFactory; tests/wordpress/AiProviderSettlementTest.php:44::testModelProjectionFailurePreservesMeteringAndBlocksAutomaticRepairOrSettlement	Immutable provider metering and human-attested charge import verified; monetary reservation upper bounds and complete product/order attribution remain MISSING SOFTWARE. Independent provider invoice certification is DEFERRED OPERATIONAL EVIDENCE.	IMPLEMENTED; MISSING SOFTWARE; DEFERRED OPERATIONAL EVIDENCE	Related component code exists; cited tests verify only their named behaviors.	INCOMPLETE_REQUIREMENT_COVERAGE
word/document.xml/table14/r5/c2/p1	7. Shop-Scoped AI Utilization and Budget Governance	Generate full assets/specification only for strongest N.	SOFTWARE_PARTIAL	includes/AI/ProviderEvidenceRepository.php:9	tests/wordpress/AiProviderSettlementTest.php:9::testProviderMeteringAndReviewedChargeAreSeparateImmutableEvidence; tests/wordpress/AiProviderSettlementTest.php:15::testCrossShopAndMalformedMeteringFailClosed; tests/wordpress/AiProviderSettlementTest.php:16::testQueuedBindingSupportsExactBackgroundCompletion; tests/wordpress/AiProviderSettlementTest.php:17::testProviderResponseCannotBeBoundToAnotherReservation; tests/wordpress/AiProviderSettlementTest.php:18::testChargeNeedsHumanEvidenceAndExactCurrency; tests/wordpress/AiProviderSettlementTest.php:19::testSettlementDoesNotEnableMonetaryGeneration; tests/wordpress/AiProviderSettlementTest.php:20::testGovernedProviderResponsePersistsMeteringBeforeReturningPayload; tests/wordpress/AiProviderSettlementTest.php:26::testProjectionFailurePreservesChargeProofAndRequiresReconciliation; tests/wordpress/AiProviderSettlementTest.php:32::testInvoiceLineCannotChargeTwoReservations; tests/wordpress/AiProviderSettlementTest.php:37::testCostModelProjectionUsesMeteredProviderModel; tests/wordpress/AiProviderSettlementTest.php:41::testResearchWorkflowIsNotAttributedToProductFactory; tests/wordpress/AiProviderSettlementTest.php:44::testModelProjectionFailurePreservesMeteringAndBlocksAutomaticRepairOrSettlement	Immutable provider metering and human-attested charge import verified; monetary reservation upper bounds and complete product/order attribution remain MISSING SOFTWARE. Independent provider invoice certification is DEFERRED OPERATIONAL EVIDENCE.	IMPLEMENTED; MISSING SOFTWARE; DEFERRED OPERATIONAL EVIDENCE	Related component code exists; cited tests verify only their named behaviors.	INCOMPLETE_REQUIREMENT_COVERAGE
word/document.xml/table14/r6/c1/p1	7. Shop-Scoped AI Utilization and Budget Governance	Listing preparation quantity	SOFTWARE_PARTIAL	includes/AI/ProviderEvidenceRepository.php:9	tests/wordpress/AiProviderSettlementTest.php:9::testProviderMeteringAndReviewedChargeAreSeparateImmutableEvidence; tests/wordpress/AiProviderSettlementTest.php:15::testCrossShopAndMalformedMeteringFailClosed; tests/wordpress/AiProviderSettlementTest.php:16::testQueuedBindingSupportsExactBackgroundCompletion; tests/wordpress/AiProviderSettlementTest.php:17::testProviderResponseCannotBeBoundToAnotherReservation; tests/wordpress/AiProviderSettlementTest.php:18::testChargeNeedsHumanEvidenceAndExactCurrency; tests/wordpress/AiProviderSettlementTest.php:19::testSettlementDoesNotEnableMonetaryGeneration; tests/wordpress/AiProviderSettlementTest.php:20::testGovernedProviderResponsePersistsMeteringBeforeReturningPayload; tests/wordpress/AiProviderSettlementTest.php:26::testProjectionFailurePreservesChargeProofAndRequiresReconciliation; tests/wordpress/AiProviderSettlementTest.php:32::testInvoiceLineCannotChargeTwoReservations; tests/wordpress/AiProviderSettlementTest.php:37::testCostModelProjectionUsesMeteredProviderModel; tests/wordpress/AiProviderSettlementTest.php:41::testResearchWorkflowIsNotAttributedToProductFactory; tests/wordpress/AiProviderSettlementTest.php:44::testModelProjectionFailurePreservesMeteringAndBlocksAutomaticRepairOrSettlement	Immutable provider metering and human-attested charge import verified; monetary reservation upper bounds and complete product/order attribution remain MISSING SOFTWARE. Independent provider invoice certification is DEFERRED OPERATIONAL EVIDENCE.	IMPLEMENTED; MISSING SOFTWARE; DEFERRED OPERATIONAL EVIDENCE	Related component code exists; cited tests verify only their named behaviors.	INCOMPLETE_REQUIREMENT_COVERAGE
word/document.xml/table14/r6/c2/p1	7. Shop-Scoped AI Utilization and Budget Governance	Prepare up to N listing packages; does not imply publish.	SOFTWARE_PARTIAL	includes/AI/ProviderEvidenceRepository.php:9	tests/wordpress/AiProviderSettlementTest.php:9::testProviderMeteringAndReviewedChargeAreSeparateImmutableEvidence; tests/wordpress/AiProviderSettlementTest.php:15::testCrossShopAndMalformedMeteringFailClosed; tests/wordpress/AiProviderSettlementTest.php:16::testQueuedBindingSupportsExactBackgroundCompletion; tests/wordpress/AiProviderSettlementTest.php:17::testProviderResponseCannotBeBoundToAnotherReservation; tests/wordpress/AiProviderSettlementTest.php:18::testChargeNeedsHumanEvidenceAndExactCurrency; tests/wordpress/AiProviderSettlementTest.php:19::testSettlementDoesNotEnableMonetaryGeneration; tests/wordpress/AiProviderSettlementTest.php:20::testGovernedProviderResponsePersistsMeteringBeforeReturningPayload; tests/wordpress/AiProviderSettlementTest.php:26::testProjectionFailurePreservesChargeProofAndRequiresReconciliation; tests/wordpress/AiProviderSettlementTest.php:32::testInvoiceLineCannotChargeTwoReservations; tests/wordpress/AiProviderSettlementTest.php:37::testCostModelProjectionUsesMeteredProviderModel; tests/wordpress/AiProviderSettlementTest.php:41::testResearchWorkflowIsNotAttributedToProductFactory; tests/wordpress/AiProviderSettlementTest.php:44::testModelProjectionFailurePreservesMeteringAndBlocksAutomaticRepairOrSettlement	Immutable provider metering and human-attested charge import verified; monetary reservation upper bounds and complete product/order attribution remain MISSING SOFTWARE. Independent provider invoice certification is DEFERRED OPERATIONAL EVIDENCE.	IMPLEMENTED; MISSING SOFTWARE; DEFERRED OPERATIONAL EVIDENCE	Related component code exists; cited tests verify only their named behaviors.	INCOMPLETE_REQUIREMENT_COVERAGE
word/document.xml/table14/r7/c1/p1	7. Shop-Scoped AI Utilization and Budget Governance	Template cap	LOCAL_SOFTWARE_VERIFIED	includes/POD/TemplateCycleRepository.php:8	tests/wordpress/TemplateCycleCapTest.php:10::testNewCandidateRequiresExplicitShop; tests/wordpress/TemplateCycleCapTest.php:11::testEightCandidatesAllowedNinthDeniedReplayDoesNotConsume; tests/wordpress/TemplateCycleCapTest.php:12::testAnotherShopHasIndependentCapacity; tests/wordpress/TemplateCycleCapTest.php:13::testConcurrentShopLockBlocksThenFreshCheckDeniesFinalSlot; tests/wordpress/TemplateCycleCapTest.php:14::testMissingPolicyFailsClosed; tests/wordpress/TemplateCycleCapTest.php:15::testReplayCannotCrossShopOrOmitOwnership; tests/wordpress/TemplateCycleCapTest.php:16::testDirectNewVersionCannotTransferTemplateLineage; tests/wordpress/TemplateCycleCapTest.php:17::testTemplateLineageLockExcludesDifferentVersions; tests/wordpress/TemplateCycleCapTest.php:18::testPortalDisplaysExplicitCapacityWithoutChangingControls	Atomic shop-scoped deterministic UTC cycle reservation, replay and concurrency regression passed; no policy activation.	VERIFIED	Narrow deterministic cycle-cap behavior only.	BOUNDED_CRITERION_VERIFIED
word/document.xml/table14/r7/c2/p1	7. Shop-Scoped AI Utilization and Budget Governance	Allow at most N new provider production templates in a cycle.	LOCAL_SOFTWARE_VERIFIED	includes/POD/TemplateCycleRepository.php:8	tests/wordpress/TemplateCycleCapTest.php:10::testNewCandidateRequiresExplicitShop; tests/wordpress/TemplateCycleCapTest.php:11::testEightCandidatesAllowedNinthDeniedReplayDoesNotConsume; tests/wordpress/TemplateCycleCapTest.php:12::testAnotherShopHasIndependentCapacity; tests/wordpress/TemplateCycleCapTest.php:13::testConcurrentShopLockBlocksThenFreshCheckDeniesFinalSlot; tests/wordpress/TemplateCycleCapTest.php:14::testMissingPolicyFailsClosed; tests/wordpress/TemplateCycleCapTest.php:15::testReplayCannotCrossShopOrOmitOwnership; tests/wordpress/TemplateCycleCapTest.php:16::testDirectNewVersionCannotTransferTemplateLineage; tests/wordpress/TemplateCycleCapTest.php:17::testTemplateLineageLockExcludesDifferentVersions; tests/wordpress/TemplateCycleCapTest.php:18::testPortalDisplaysExplicitCapacityWithoutChangingControls	Atomic shop-scoped deterministic UTC cycle reservation, replay and concurrency regression passed; no policy activation.	VERIFIED	Narrow deterministic cycle-cap behavior only.	BOUNDED_CRITERION_VERIFIED
word/document.xml/table14/r8/c1/p1	7. Shop-Scoped AI Utilization and Budget Governance	Per-run budget	SOFTWARE_PARTIAL	includes/AI/ProviderEvidenceRepository.php:9	tests/wordpress/AiProviderSettlementTest.php:9::testProviderMeteringAndReviewedChargeAreSeparateImmutableEvidence; tests/wordpress/AiProviderSettlementTest.php:15::testCrossShopAndMalformedMeteringFailClosed; tests/wordpress/AiProviderSettlementTest.php:16::testQueuedBindingSupportsExactBackgroundCompletion; tests/wordpress/AiProviderSettlementTest.php:17::testProviderResponseCannotBeBoundToAnotherReservation; tests/wordpress/AiProviderSettlementTest.php:18::testChargeNeedsHumanEvidenceAndExactCurrency; tests/wordpress/AiProviderSettlementTest.php:19::testSettlementDoesNotEnableMonetaryGeneration; tests/wordpress/AiProviderSettlementTest.php:20::testGovernedProviderResponsePersistsMeteringBeforeReturningPayload; tests/wordpress/AiProviderSettlementTest.php:26::testProjectionFailurePreservesChargeProofAndRequiresReconciliation; tests/wordpress/AiProviderSettlementTest.php:32::testInvoiceLineCannotChargeTwoReservations; tests/wordpress/AiProviderSettlementTest.php:37::testCostModelProjectionUsesMeteredProviderModel; tests/wordpress/AiProviderSettlementTest.php:41::testResearchWorkflowIsNotAttributedToProductFactory; tests/wordpress/AiProviderSettlementTest.php:44::testModelProjectionFailurePreservesMeteringAndBlocksAutomaticRepairOrSettlement	Immutable provider metering and human-attested charge import verified; monetary reservation upper bounds and complete product/order attribution remain MISSING SOFTWARE. Independent provider invoice certification is DEFERRED OPERATIONAL EVIDENCE.	IMPLEMENTED; MISSING SOFTWARE; DEFERRED OPERATIONAL EVIDENCE	Related component code exists; cited tests verify only their named behaviors.	INCOMPLETE_REQUIREMENT_COVERAGE
word/document.xml/table14/r8/c2/p1	7. Shop-Scoped AI Utilization and Budget Governance	Maximum INR/USD AI spend for one run.	SOFTWARE_PARTIAL	includes/AI/ProviderEvidenceRepository.php:9	tests/wordpress/AiProviderSettlementTest.php:9::testProviderMeteringAndReviewedChargeAreSeparateImmutableEvidence; tests/wordpress/AiProviderSettlementTest.php:15::testCrossShopAndMalformedMeteringFailClosed; tests/wordpress/AiProviderSettlementTest.php:16::testQueuedBindingSupportsExactBackgroundCompletion; tests/wordpress/AiProviderSettlementTest.php:17::testProviderResponseCannotBeBoundToAnotherReservation; tests/wordpress/AiProviderSettlementTest.php:18::testChargeNeedsHumanEvidenceAndExactCurrency; tests/wordpress/AiProviderSettlementTest.php:19::testSettlementDoesNotEnableMonetaryGeneration; tests/wordpress/AiProviderSettlementTest.php:20::testGovernedProviderResponsePersistsMeteringBeforeReturningPayload; tests/wordpress/AiProviderSettlementTest.php:26::testProjectionFailurePreservesChargeProofAndRequiresReconciliation; tests/wordpress/AiProviderSettlementTest.php:32::testInvoiceLineCannotChargeTwoReservations; tests/wordpress/AiProviderSettlementTest.php:37::testCostModelProjectionUsesMeteredProviderModel; tests/wordpress/AiProviderSettlementTest.php:41::testResearchWorkflowIsNotAttributedToProductFactory; tests/wordpress/AiProviderSettlementTest.php:44::testModelProjectionFailurePreservesMeteringAndBlocksAutomaticRepairOrSettlement	Immutable provider metering and human-attested charge import verified; monetary reservation upper bounds and complete product/order attribution remain MISSING SOFTWARE. Independent provider invoice certification is DEFERRED OPERATIONAL EVIDENCE.	IMPLEMENTED; MISSING SOFTWARE; DEFERRED OPERATIONAL EVIDENCE	Related component code exists; cited tests verify only their named behaviors.	INCOMPLETE_REQUIREMENT_COVERAGE
word/document.xml/table14/r9/c1/p1	7. Shop-Scoped AI Utilization and Budget Governance	Monthly shop budget	SOFTWARE_PARTIAL	includes/AI/ProviderEvidenceRepository.php:9	tests/wordpress/AiProviderSettlementTest.php:9::testProviderMeteringAndReviewedChargeAreSeparateImmutableEvidence; tests/wordpress/AiProviderSettlementTest.php:15::testCrossShopAndMalformedMeteringFailClosed; tests/wordpress/AiProviderSettlementTest.php:16::testQueuedBindingSupportsExactBackgroundCompletion; tests/wordpress/AiProviderSettlementTest.php:17::testProviderResponseCannotBeBoundToAnotherReservation; tests/wordpress/AiProviderSettlementTest.php:18::testChargeNeedsHumanEvidenceAndExactCurrency; tests/wordpress/AiProviderSettlementTest.php:19::testSettlementDoesNotEnableMonetaryGeneration; tests/wordpress/AiProviderSettlementTest.php:20::testGovernedProviderResponsePersistsMeteringBeforeReturningPayload; tests/wordpress/AiProviderSettlementTest.php:26::testProjectionFailurePreservesChargeProofAndRequiresReconciliation; tests/wordpress/AiProviderSettlementTest.php:32::testInvoiceLineCannotChargeTwoReservations; tests/wordpress/AiProviderSettlementTest.php:37::testCostModelProjectionUsesMeteredProviderModel; tests/wordpress/AiProviderSettlementTest.php:41::testResearchWorkflowIsNotAttributedToProductFactory; tests/wordpress/AiProviderSettlementTest.php:44::testModelProjectionFailurePreservesMeteringAndBlocksAutomaticRepairOrSettlement	Immutable provider metering and human-attested charge import verified; monetary reservation upper bounds and complete product/order attribution remain MISSING SOFTWARE. Independent provider invoice certification is DEFERRED OPERATIONAL EVIDENCE.	IMPLEMENTED; MISSING SOFTWARE; DEFERRED OPERATIONAL EVIDENCE	Related component code exists; cited tests verify only their named behaviors.	INCOMPLETE_REQUIREMENT_COVERAGE
word/document.xml/table14/r9/c2/p1	7. Shop-Scoped AI Utilization and Budget Governance	Hard monthly AI ceiling by shop.	SOFTWARE_PARTIAL	includes/AI/ProviderEvidenceRepository.php:9	tests/wordpress/AiProviderSettlementTest.php:9::testProviderMeteringAndReviewedChargeAreSeparateImmutableEvidence; tests/wordpress/AiProviderSettlementTest.php:15::testCrossShopAndMalformedMeteringFailClosed; tests/wordpress/AiProviderSettlementTest.php:16::testQueuedBindingSupportsExactBackgroundCompletion; tests/wordpress/AiProviderSettlementTest.php:17::testProviderResponseCannotBeBoundToAnotherReservation; tests/wordpress/AiProviderSettlementTest.php:18::testChargeNeedsHumanEvidenceAndExactCurrency; tests/wordpress/AiProviderSettlementTest.php:19::testSettlementDoesNotEnableMonetaryGeneration; tests/wordpress/AiProviderSettlementTest.php:20::testGovernedProviderResponsePersistsMeteringBeforeReturningPayload; tests/wordpress/AiProviderSettlementTest.php:26::testProjectionFailurePreservesChargeProofAndRequiresReconciliation; tests/wordpress/AiProviderSettlementTest.php:32::testInvoiceLineCannotChargeTwoReservations; tests/wordpress/AiProviderSettlementTest.php:37::testCostModelProjectionUsesMeteredProviderModel; tests/wordpress/AiProviderSettlementTest.php:41::testResearchWorkflowIsNotAttributedToProductFactory; tests/wordpress/AiProviderSettlementTest.php:44::testModelProjectionFailurePreservesMeteringAndBlocksAutomaticRepairOrSettlement	Immutable provider metering and human-attested charge import verified; monetary reservation upper bounds and complete product/order attribution remain MISSING SOFTWARE. Independent provider invoice certification is DEFERRED OPERATIONAL EVIDENCE.	IMPLEMENTED; MISSING SOFTWARE; DEFERRED OPERATIONAL EVIDENCE	Related component code exists; cited tests verify only their named behaviors.	INCOMPLETE_REQUIREMENT_COVERAGE
word/document.xml/table14/r10/c1/p1	7. Shop-Scoped AI Utilization and Budget Governance	Task/model policy	SOFTWARE_PARTIAL	includes/AI/ProviderEvidenceRepository.php:9	tests/wordpress/AiProviderSettlementTest.php:9::testProviderMeteringAndReviewedChargeAreSeparateImmutableEvidence; tests/wordpress/AiProviderSettlementTest.php:15::testCrossShopAndMalformedMeteringFailClosed; tests/wordpress/AiProviderSettlementTest.php:16::testQueuedBindingSupportsExactBackgroundCompletion; tests/wordpress/AiProviderSettlementTest.php:17::testProviderResponseCannotBeBoundToAnotherReservation; tests/wordpress/AiProviderSettlementTest.php:18::testChargeNeedsHumanEvidenceAndExactCurrency; tests/wordpress/AiProviderSettlementTest.php:19::testSettlementDoesNotEnableMonetaryGeneration; tests/wordpress/AiProviderSettlementTest.php:20::testGovernedProviderResponsePersistsMeteringBeforeReturningPayload; tests/wordpress/AiProviderSettlementTest.php:26::testProjectionFailurePreservesChargeProofAndRequiresReconciliation; tests/wordpress/AiProviderSettlementTest.php:32::testInvoiceLineCannotChargeTwoReservations; tests/wordpress/AiProviderSettlementTest.php:37::testCostModelProjectionUsesMeteredProviderModel; tests/wordpress/AiProviderSettlementTest.php:41::testResearchWorkflowIsNotAttributedToProductFactory; tests/wordpress/AiProviderSettlementTest.php:44::testModelProjectionFailurePreservesMeteringAndBlocksAutomaticRepairOrSettlement	Immutable provider metering and human-attested charge import verified; monetary reservation upper bounds and complete product/order attribution remain MISSING SOFTWARE. Independent provider invoice certification is DEFERRED OPERATIONAL EVIDENCE.	IMPLEMENTED; MISSING SOFTWARE; DEFERRED OPERATIONAL EVIDENCE	Related component code exists; cited tests verify only their named behaviors.	INCOMPLETE_REQUIREMENT_COVERAGE
word/document.xml/table14/r10/c2/p1	7. Shop-Scoped AI Utilization and Budget Governance	Low-cost model for triage; higher-quality model for approved high-value work; human escalation on ambiguity.	SOFTWARE_PARTIAL	includes/AI/ProviderEvidenceRepository.php:9	tests/wordpress/AiProviderSettlementTest.php:9::testProviderMeteringAndReviewedChargeAreSeparateImmutableEvidence; tests/wordpress/AiProviderSettlementTest.php:15::testCrossShopAndMalformedMeteringFailClosed; tests/wordpress/AiProviderSettlementTest.php:16::testQueuedBindingSupportsExactBackgroundCompletion; tests/wordpress/AiProviderSettlementTest.php:17::testProviderResponseCannotBeBoundToAnotherReservation; tests/wordpress/AiProviderSettlementTest.php:18::testChargeNeedsHumanEvidenceAndExactCurrency; tests/wordpress/AiProviderSettlementTest.php:19::testSettlementDoesNotEnableMonetaryGeneration; tests/wordpress/AiProviderSettlementTest.php:20::testGovernedProviderResponsePersistsMeteringBeforeReturningPayload; tests/wordpress/AiProviderSettlementTest.php:26::testProjectionFailurePreservesChargeProofAndRequiresReconciliation; tests/wordpress/AiProviderSettlementTest.php:32::testInvoiceLineCannotChargeTwoReservations; tests/wordpress/AiProviderSettlementTest.php:37::testCostModelProjectionUsesMeteredProviderModel; tests/wordpress/AiProviderSettlementTest.php:41::testResearchWorkflowIsNotAttributedToProductFactory; tests/wordpress/AiProviderSettlementTest.php:44::testModelProjectionFailurePreservesMeteringAndBlocksAutomaticRepairOrSettlement	Immutable provider metering and human-attested charge import verified; monetary reservation upper bounds and complete product/order attribution remain MISSING SOFTWARE. Independent provider invoice certification is DEFERRED OPERATIONAL EVIDENCE.	IMPLEMENTED; MISSING SOFTWARE; DEFERRED OPERATIONAL EVIDENCE	Related component code exists; cited tests verify only their named behaviors.	INCOMPLETE_REQUIREMENT_COVERAGE
word/document.xml/table14/r11/c1/p1	7. Shop-Scoped AI Utilization and Budget Governance	Stop condition	SOFTWARE_PARTIAL	includes/AI/ProviderEvidenceRepository.php:9	tests/wordpress/AiProviderSettlementTest.php:9::testProviderMeteringAndReviewedChargeAreSeparateImmutableEvidence; tests/wordpress/AiProviderSettlementTest.php:15::testCrossShopAndMalformedMeteringFailClosed; tests/wordpress/AiProviderSettlementTest.php:16::testQueuedBindingSupportsExactBackgroundCompletion; tests/wordpress/AiProviderSettlementTest.php:17::testProviderResponseCannotBeBoundToAnotherReservation; tests/wordpress/AiProviderSettlementTest.php:18::testChargeNeedsHumanEvidenceAndExactCurrency; tests/wordpress/AiProviderSettlementTest.php:19::testSettlementDoesNotEnableMonetaryGeneration; tests/wordpress/AiProviderSettlementTest.php:20::testGovernedProviderResponsePersistsMeteringBeforeReturningPayload; tests/wordpress/AiProviderSettlementTest.php:26::testProjectionFailurePreservesChargeProofAndRequiresReconciliation; tests/wordpress/AiProviderSettlementTest.php:32::testInvoiceLineCannotChargeTwoReservations; tests/wordpress/AiProviderSettlementTest.php:37::testCostModelProjectionUsesMeteredProviderModel; tests/wordpress/AiProviderSettlementTest.php:41::testResearchWorkflowIsNotAttributedToProductFactory; tests/wordpress/AiProviderSettlementTest.php:44::testModelProjectionFailurePreservesMeteringAndBlocksAutomaticRepairOrSettlement	Immutable provider metering and human-attested charge import verified; monetary reservation upper bounds and complete product/order attribution remain MISSING SOFTWARE. Independent provider invoice certification is DEFERRED OPERATIONAL EVIDENCE.	IMPLEMENTED; MISSING SOFTWARE; DEFERRED OPERATIONAL EVIDENCE	Related component code exists; cited tests verify only their named behaviors.	INCOMPLETE_REQUIREMENT_COVERAGE
word/document.xml/table14/r11/c2/p1	7. Shop-Scoped AI Utilization and Budget Governance	Stop/request approval when quantity or budget ceiling is reached.	SOFTWARE_PARTIAL	includes/AI/ProviderEvidenceRepository.php:9	tests/wordpress/AiProviderSettlementTest.php:9::testProviderMeteringAndReviewedChargeAreSeparateImmutableEvidence; tests/wordpress/AiProviderSettlementTest.php:15::testCrossShopAndMalformedMeteringFailClosed; tests/wordpress/AiProviderSettlementTest.php:16::testQueuedBindingSupportsExactBackgroundCompletion; tests/wordpress/AiProviderSettlementTest.php:17::testProviderResponseCannotBeBoundToAnotherReservation; tests/wordpress/AiProviderSettlementTest.php:18::testChargeNeedsHumanEvidenceAndExactCurrency; tests/wordpress/AiProviderSettlementTest.php:19::testSettlementDoesNotEnableMonetaryGeneration; tests/wordpress/AiProviderSettlementTest.php:20::testGovernedProviderResponsePersistsMeteringBeforeReturningPayload; tests/wordpress/AiProviderSettlementTest.php:26::testProjectionFailurePreservesChargeProofAndRequiresReconciliation; tests/wordpress/AiProviderSettlementTest.php:32::testInvoiceLineCannotChargeTwoReservations; tests/wordpress/AiProviderSettlementTest.php:37::testCostModelProjectionUsesMeteredProviderModel; tests/wordpress/AiProviderSettlementTest.php:41::testResearchWorkflowIsNotAttributedToProductFactory; tests/wordpress/AiProviderSettlementTest.php:44::testModelProjectionFailurePreservesMeteringAndBlocksAutomaticRepairOrSettlement	Immutable provider metering and human-attested charge import verified; monetary reservation upper bounds and complete product/order attribution remain MISSING SOFTWARE. Independent provider invoice certification is DEFERRED OPERATIONAL EVIDENCE.	IMPLEMENTED; MISSING SOFTWARE; DEFERRED OPERATIONAL EVIDENCE	Related component code exists; cited tests verify only their named behaviors.	INCOMPLETE_REQUIREMENT_COVERAGE
word/document.xml/p58	7. Shop-Scoped AI Utilization and Budget Governance	DigiForge must estimate cost before a run and record actual usage afterward by provider/model/task/shop/product/order. Required commercial metrics include AI cost per opportunity researched, per qualified opportunity, per developed product, per approved listing, per sale, and AI cost as a percentage of revenue and gross/contribution profit.	SOFTWARE_PARTIAL	includes/AI/ProviderEvidenceRepository.php:9	tests/wordpress/AiProviderSettlementTest.php:9::testProviderMeteringAndReviewedChargeAreSeparateImmutableEvidence; tests/wordpress/AiProviderSettlementTest.php:15::testCrossShopAndMalformedMeteringFailClosed; tests/wordpress/AiProviderSettlementTest.php:16::testQueuedBindingSupportsExactBackgroundCompletion; tests/wordpress/AiProviderSettlementTest.php:17::testProviderResponseCannotBeBoundToAnotherReservation; tests/wordpress/AiProviderSettlementTest.php:18::testChargeNeedsHumanEvidenceAndExactCurrency; tests/wordpress/AiProviderSettlementTest.php:19::testSettlementDoesNotEnableMonetaryGeneration; tests/wordpress/AiProviderSettlementTest.php:20::testGovernedProviderResponsePersistsMeteringBeforeReturningPayload; tests/wordpress/AiProviderSettlementTest.php:26::testProjectionFailurePreservesChargeProofAndRequiresReconciliation; tests/wordpress/AiProviderSettlementTest.php:32::testInvoiceLineCannotChargeTwoReservations; tests/wordpress/AiProviderSettlementTest.php:37::testCostModelProjectionUsesMeteredProviderModel; tests/wordpress/AiProviderSettlementTest.php:41::testResearchWorkflowIsNotAttributedToProductFactory; tests/wordpress/AiProviderSettlementTest.php:44::testModelProjectionFailurePreservesMeteringAndBlocksAutomaticRepairOrSettlement	Immutable provider metering and human-attested charge import verified; monetary reservation upper bounds and complete product/order attribution remain MISSING SOFTWARE. Independent provider invoice certification is DEFERRED OPERATIONAL EVIDENCE.	IMPLEMENTED; MISSING SOFTWARE; DEFERRED OPERATIONAL EVIDENCE	Related component code exists; cited tests verify only their named behaviors.	INCOMPLETE_REQUIREMENT_COVERAGE
word/document.xml/p59	7. Shop-Scoped AI Utilization and Budget Governance	7.1 Recommended initial AI funnel — Personalized POD	SOFTWARE_PARTIAL	includes/AI/ProviderEvidenceRepository.php:9	tests/wordpress/AiProviderSettlementTest.php:9::testProviderMeteringAndReviewedChargeAreSeparateImmutableEvidence; tests/wordpress/AiProviderSettlementTest.php:15::testCrossShopAndMalformedMeteringFailClosed; tests/wordpress/AiProviderSettlementTest.php:16::testQueuedBindingSupportsExactBackgroundCompletion; tests/wordpress/AiProviderSettlementTest.php:17::testProviderResponseCannotBeBoundToAnotherReservation; tests/wordpress/AiProviderSettlementTest.php:18::testChargeNeedsHumanEvidenceAndExactCurrency; tests/wordpress/AiProviderSettlementTest.php:19::testSettlementDoesNotEnableMonetaryGeneration; tests/wordpress/AiProviderSettlementTest.php:20::testGovernedProviderResponsePersistsMeteringBeforeReturningPayload; tests/wordpress/AiProviderSettlementTest.php:26::testProjectionFailurePreservesChargeProofAndRequiresReconciliation; tests/wordpress/AiProviderSettlementTest.php:32::testInvoiceLineCannotChargeTwoReservations; tests/wordpress/AiProviderSettlementTest.php:37::testCostModelProjectionUsesMeteredProviderModel; tests/wordpress/AiProviderSettlementTest.php:41::testResearchWorkflowIsNotAttributedToProductFactory; tests/wordpress/AiProviderSettlementTest.php:44::testModelProjectionFailurePreservesMeteringAndBlocksAutomaticRepairOrSettlement	Immutable provider metering and human-attested charge import verified; monetary reservation upper bounds and complete product/order attribution remain MISSING SOFTWARE. Independent provider invoice certification is DEFERRED OPERATIONAL EVIDENCE.	IMPLEMENTED; MISSING SOFTWARE; DEFERRED OPERATIONAL EVIDENCE	Related component code exists; cited tests verify only their named behaviors.	INCOMPLETE_REQUIREMENT_COVERAGE
word/document.xml/table15/r1/c1/p1	7. Shop-Scoped AI Utilization and Budget Governance	Stage	SOFTWARE_PARTIAL	includes/AI/ProviderEvidenceRepository.php:9	tests/wordpress/AiProviderSettlementTest.php:9::testProviderMeteringAndReviewedChargeAreSeparateImmutableEvidence; tests/wordpress/AiProviderSettlementTest.php:15::testCrossShopAndMalformedMeteringFailClosed; tests/wordpress/AiProviderSettlementTest.php:16::testQueuedBindingSupportsExactBackgroundCompletion; tests/wordpress/AiProviderSettlementTest.php:17::testProviderResponseCannotBeBoundToAnotherReservation; tests/wordpress/AiProviderSettlementTest.php:18::testChargeNeedsHumanEvidenceAndExactCurrency; tests/wordpress/AiProviderSettlementTest.php:19::testSettlementDoesNotEnableMonetaryGeneration; tests/wordpress/AiProviderSettlementTest.php:20::testGovernedProviderResponsePersistsMeteringBeforeReturningPayload; tests/wordpress/AiProviderSettlementTest.php:26::testProjectionFailurePreservesChargeProofAndRequiresReconciliation; tests/wordpress/AiProviderSettlementTest.php:32::testInvoiceLineCannotChargeTwoReservations; tests/wordpress/AiProviderSettlementTest.php:37::testCostModelProjectionUsesMeteredProviderModel; tests/wordpress/AiProviderSettlementTest.php:41::testResearchWorkflowIsNotAttributedToProductFactory; tests/wordpress/AiProviderSettlementTest.php:44::testModelProjectionFailurePreservesMeteringAndBlocksAutomaticRepairOrSettlement	Immutable provider metering and human-attested charge import verified; monetary reservation upper bounds and complete product/order attribution remain MISSING SOFTWARE. Independent provider invoice certification is DEFERRED OPERATIONAL EVIDENCE.	IMPLEMENTED; MISSING SOFTWARE; DEFERRED OPERATIONAL EVIDENCE	Related component code exists; cited tests verify only their named behaviors.	INCOMPLETE_REQUIREMENT_COVERAGE
word/document.xml/table15/r1/c2/p1	7. Shop-Scoped AI Utilization and Budget Governance	Initial W1 planning limit	SOFTWARE_PARTIAL	includes/AI/ProviderEvidenceRepository.php:9	tests/wordpress/AiProviderSettlementTest.php:9::testProviderMeteringAndReviewedChargeAreSeparateImmutableEvidence; tests/wordpress/AiProviderSettlementTest.php:15::testCrossShopAndMalformedMeteringFailClosed; tests/wordpress/AiProviderSettlementTest.php:16::testQueuedBindingSupportsExactBackgroundCompletion; tests/wordpress/AiProviderSettlementTest.php:17::testProviderResponseCannotBeBoundToAnotherReservation; tests/wordpress/AiProviderSettlementTest.php:18::testChargeNeedsHumanEvidenceAndExactCurrency; tests/wordpress/AiProviderSettlementTest.php:19::testSettlementDoesNotEnableMonetaryGeneration; tests/wordpress/AiProviderSettlementTest.php:20::testGovernedProviderResponsePersistsMeteringBeforeReturningPayload; tests/wordpress/AiProviderSettlementTest.php:26::testProjectionFailurePreservesChargeProofAndRequiresReconciliation; tests/wordpress/AiProviderSettlementTest.php:32::testInvoiceLineCannotChargeTwoReservations; tests/wordpress/AiProviderSettlementTest.php:37::testCostModelProjectionUsesMeteredProviderModel; tests/wordpress/AiProviderSettlementTest.php:41::testResearchWorkflowIsNotAttributedToProductFactory; tests/wordpress/AiProviderSettlementTest.php:44::testModelProjectionFailurePreservesMeteringAndBlocksAutomaticRepairOrSettlement	Immutable provider metering and human-attested charge import verified; monetary reservation upper bounds and complete product/order attribution remain MISSING SOFTWARE. Independent provider invoice certification is DEFERRED OPERATIONAL EVIDENCE.	IMPLEMENTED; MISSING SOFTWARE; DEFERRED OPERATIONAL EVIDENCE	Related component code exists; cited tests verify only their named behaviors.	INCOMPLETE_REQUIREMENT_COVERAGE
word/document.xml/table15/r2/c1/p1	7. Shop-Scoped AI Utilization and Budget Governance	Catalog trend scan	SOFTWARE_PARTIAL	includes/AI/ProviderEvidenceRepository.php:9	tests/wordpress/AiProviderSettlementTest.php:9::testProviderMeteringAndReviewedChargeAreSeparateImmutableEvidence; tests/wordpress/AiProviderSettlementTest.php:15::testCrossShopAndMalformedMeteringFailClosed; tests/wordpress/AiProviderSettlementTest.php:16::testQueuedBindingSupportsExactBackgroundCompletion; tests/wordpress/AiProviderSettlementTest.php:17::testProviderResponseCannotBeBoundToAnotherReservation; tests/wordpress/AiProviderSettlementTest.php:18::testChargeNeedsHumanEvidenceAndExactCurrency; tests/wordpress/AiProviderSettlementTest.php:19::testSettlementDoesNotEnableMonetaryGeneration; tests/wordpress/AiProviderSettlementTest.php:20::testGovernedProviderResponsePersistsMeteringBeforeReturningPayload; tests/wordpress/AiProviderSettlementTest.php:26::testProjectionFailurePreservesChargeProofAndRequiresReconciliation; tests/wordpress/AiProviderSettlementTest.php:32::testInvoiceLineCannotChargeTwoReservations; tests/wordpress/AiProviderSettlementTest.php:37::testCostModelProjectionUsesMeteredProviderModel; tests/wordpress/AiProviderSettlementTest.php:41::testResearchWorkflowIsNotAttributedToProductFactory; tests/wordpress/AiProviderSettlementTest.php:44::testModelProjectionFailurePreservesMeteringAndBlocksAutomaticRepairOrSettlement	Immutable provider metering and human-attested charge import verified; monetary reservation upper bounds and complete product/order attribution remain MISSING SOFTWARE. Independent provider invoice certification is DEFERRED OPERATIONAL EVIDENCE.	IMPLEMENTED; MISSING SOFTWARE; DEFERRED OPERATIONAL EVIDENCE	Related component code exists; cited tests verify only their named behaviors.	INCOMPLETE_REQUIREMENT_COVERAGE
word/document.xml/table15/r2/c2/p1	7. Shop-Scoped AI Utilization and Budget Governance	500	SOFTWARE_PARTIAL	includes/AI/ProviderEvidenceRepository.php:9	tests/wordpress/AiProviderSettlementTest.php:9::testProviderMeteringAndReviewedChargeAreSeparateImmutableEvidence; tests/wordpress/AiProviderSettlementTest.php:15::testCrossShopAndMalformedMeteringFailClosed; tests/wordpress/AiProviderSettlementTest.php:16::testQueuedBindingSupportsExactBackgroundCompletion; tests/wordpress/AiProviderSettlementTest.php:17::testProviderResponseCannotBeBoundToAnotherReservation; tests/wordpress/AiProviderSettlementTest.php:18::testChargeNeedsHumanEvidenceAndExactCurrency; tests/wordpress/AiProviderSettlementTest.php:19::testSettlementDoesNotEnableMonetaryGeneration; tests/wordpress/AiProviderSettlementTest.php:20::testGovernedProviderResponsePersistsMeteringBeforeReturningPayload; tests/wordpress/AiProviderSettlementTest.php:26::testProjectionFailurePreservesChargeProofAndRequiresReconciliation; tests/wordpress/AiProviderSettlementTest.php:32::testInvoiceLineCannotChargeTwoReservations; tests/wordpress/AiProviderSettlementTest.php:37::testCostModelProjectionUsesMeteredProviderModel; tests/wordpress/AiProviderSettlementTest.php:41::testResearchWorkflowIsNotAttributedToProductFactory; tests/wordpress/AiProviderSettlementTest.php:44::testModelProjectionFailurePreservesMeteringAndBlocksAutomaticRepairOrSettlement	Immutable provider metering and human-attested charge import verified; monetary reservation upper bounds and complete product/order attribution remain MISSING SOFTWARE. Independent provider invoice certification is DEFERRED OPERATIONAL EVIDENCE.	IMPLEMENTED; MISSING SOFTWARE; DEFERRED OPERATIONAL EVIDENCE	Related component code exists; cited tests verify only their named behaviors.	INCOMPLETE_REQUIREMENT_COVERAGE
word/document.xml/table15/r3/c1/p1	7. Shop-Scoped AI Utilization and Budget Governance	Deep market research	SOFTWARE_PARTIAL	includes/AI/ProviderEvidenceRepository.php:9	tests/wordpress/AiProviderSettlementTest.php:9::testProviderMeteringAndReviewedChargeAreSeparateImmutableEvidence; tests/wordpress/AiProviderSettlementTest.php:15::testCrossShopAndMalformedMeteringFailClosed; tests/wordpress/AiProviderSettlementTest.php:16::testQueuedBindingSupportsExactBackgroundCompletion; tests/wordpress/AiProviderSettlementTest.php:17::testProviderResponseCannotBeBoundToAnotherReservation; tests/wordpress/AiProviderSettlementTest.php:18::testChargeNeedsHumanEvidenceAndExactCurrency; tests/wordpress/AiProviderSettlementTest.php:19::testSettlementDoesNotEnableMonetaryGeneration; tests/wordpress/AiProviderSettlementTest.php:20::testGovernedProviderResponsePersistsMeteringBeforeReturningPayload; tests/wordpress/AiProviderSettlementTest.php:26::testProjectionFailurePreservesChargeProofAndRequiresReconciliation; tests/wordpress/AiProviderSettlementTest.php:32::testInvoiceLineCannotChargeTwoReservations; tests/wordpress/AiProviderSettlementTest.php:37::testCostModelProjectionUsesMeteredProviderModel; tests/wordpress/AiProviderSettlementTest.php:41::testResearchWorkflowIsNotAttributedToProductFactory; tests/wordpress/AiProviderSettlementTest.php:44::testModelProjectionFailurePreservesMeteringAndBlocksAutomaticRepairOrSettlement	Immutable provider metering and human-attested charge import verified; monetary reservation upper bounds and complete product/order attribution remain MISSING SOFTWARE. Independent provider invoice certification is DEFERRED OPERATIONAL EVIDENCE.	IMPLEMENTED; MISSING SOFTWARE; DEFERRED OPERATIONAL EVIDENCE	Related component code exists; cited tests verify only their named behaviors.	INCOMPLETE_REQUIREMENT_COVERAGE
word/document.xml/table15/r3/c2/p1	7. Shop-Scoped AI Utilization and Budget Governance	100	SOFTWARE_PARTIAL	includes/AI/ProviderEvidenceRepository.php:9	tests/wordpress/AiProviderSettlementTest.php:9::testProviderMeteringAndReviewedChargeAreSeparateImmutableEvidence; tests/wordpress/AiProviderSettlementTest.php:15::testCrossShopAndMalformedMeteringFailClosed; tests/wordpress/AiProviderSettlementTest.php:16::testQueuedBindingSupportsExactBackgroundCompletion; tests/wordpress/AiProviderSettlementTest.php:17::testProviderResponseCannotBeBoundToAnotherReservation; tests/wordpress/AiProviderSettlementTest.php:18::testChargeNeedsHumanEvidenceAndExactCurrency; tests/wordpress/AiProviderSettlementTest.php:19::testSettlementDoesNotEnableMonetaryGeneration; tests/wordpress/AiProviderSettlementTest.php:20::testGovernedProviderResponsePersistsMeteringBeforeReturningPayload; tests/wordpress/AiProviderSettlementTest.php:26::testProjectionFailurePreservesChargeProofAndRequiresReconciliation; tests/wordpress/AiProviderSettlementTest.php:32::testInvoiceLineCannotChargeTwoReservations; tests/wordpress/AiProviderSettlementTest.php:37::testCostModelProjectionUsesMeteredProviderModel; tests/wordpress/AiProviderSettlementTest.php:41::testResearchWorkflowIsNotAttributedToProductFactory; tests/wordpress/AiProviderSettlementTest.php:44::testModelProjectionFailurePreservesMeteringAndBlocksAutomaticRepairOrSettlement	Immutable provider metering and human-attested charge import verified; monetary reservation upper bounds and complete product/order attribution remain MISSING SOFTWARE. Independent provider invoice certification is DEFERRED OPERATIONAL EVIDENCE.	IMPLEMENTED; MISSING SOFTWARE; DEFERRED OPERATIONAL EVIDENCE	Related component code exists; cited tests verify only their named behaviors.	INCOMPLETE_REQUIREMENT_COVERAGE
word/document.xml/table15/r4/c1/p1	7. Shop-Scoped AI Utilization and Budget Governance	Full product development	SOFTWARE_PARTIAL	includes/AI/ProviderEvidenceRepository.php:9	tests/wordpress/AiProviderSettlementTest.php:9::testProviderMeteringAndReviewedChargeAreSeparateImmutableEvidence; tests/wordpress/AiProviderSettlementTest.php:15::testCrossShopAndMalformedMeteringFailClosed; tests/wordpress/AiProviderSettlementTest.php:16::testQueuedBindingSupportsExactBackgroundCompletion; tests/wordpress/AiProviderSettlementTest.php:17::testProviderResponseCannotBeBoundToAnotherReservation; tests/wordpress/AiProviderSettlementTest.php:18::testChargeNeedsHumanEvidenceAndExactCurrency; tests/wordpress/AiProviderSettlementTest.php:19::testSettlementDoesNotEnableMonetaryGeneration; tests/wordpress/AiProviderSettlementTest.php:20::testGovernedProviderResponsePersistsMeteringBeforeReturningPayload; tests/wordpress/AiProviderSettlementTest.php:26::testProjectionFailurePreservesChargeProofAndRequiresReconciliation; tests/wordpress/AiProviderSettlementTest.php:32::testInvoiceLineCannotChargeTwoReservations; tests/wordpress/AiProviderSettlementTest.php:37::testCostModelProjectionUsesMeteredProviderModel; tests/wordpress/AiProviderSettlementTest.php:41::testResearchWorkflowIsNotAttributedToProductFactory; tests/wordpress/AiProviderSettlementTest.php:44::testModelProjectionFailurePreservesMeteringAndBlocksAutomaticRepairOrSettlement	Immutable provider metering and human-attested charge import verified; monetary reservation upper bounds and complete product/order attribution remain MISSING SOFTWARE. Independent provider invoice certification is DEFERRED OPERATIONAL EVIDENCE.	IMPLEMENTED; MISSING SOFTWARE; DEFERRED OPERATIONAL EVIDENCE	Related component code exists; cited tests verify only their named behaviors.	INCOMPLETE_REQUIREMENT_COVERAGE
word/document.xml/table15/r4/c2/p1	7. Shop-Scoped AI Utilization and Budget Governance	25	SOFTWARE_PARTIAL	includes/AI/ProviderEvidenceRepository.php:9	tests/wordpress/AiProviderSettlementTest.php:9::testProviderMeteringAndReviewedChargeAreSeparateImmutableEvidence; tests/wordpress/AiProviderSettlementTest.php:15::testCrossShopAndMalformedMeteringFailClosed; tests/wordpress/AiProviderSettlementTest.php:16::testQueuedBindingSupportsExactBackgroundCompletion; tests/wordpress/AiProviderSettlementTest.php:17::testProviderResponseCannotBeBoundToAnotherReservation; tests/wordpress/AiProviderSettlementTest.php:18::testChargeNeedsHumanEvidenceAndExactCurrency; tests/wordpress/AiProviderSettlementTest.php:19::testSettlementDoesNotEnableMonetaryGeneration; tests/wordpress/AiProviderSettlementTest.php:20::testGovernedProviderResponsePersistsMeteringBeforeReturningPayload; tests/wordpress/AiProviderSettlementTest.php:26::testProjectionFailurePreservesChargeProofAndRequiresReconciliation; tests/wordpress/AiProviderSettlementTest.php:32::testInvoiceLineCannotChargeTwoReservations; tests/wordpress/AiProviderSettlementTest.php:37::testCostModelProjectionUsesMeteredProviderModel; tests/wordpress/AiProviderSettlementTest.php:41::testResearchWorkflowIsNotAttributedToProductFactory; tests/wordpress/AiProviderSettlementTest.php:44::testModelProjectionFailurePreservesMeteringAndBlocksAutomaticRepairOrSettlement	Immutable provider metering and human-attested charge import verified; monetary reservation upper bounds and complete product/order attribution remain MISSING SOFTWARE. Independent provider invoice certification is DEFERRED OPERATIONAL EVIDENCE.	IMPLEMENTED; MISSING SOFTWARE; DEFERRED OPERATIONAL EVIDENCE	Related component code exists; cited tests verify only their named behaviors.	INCOMPLETE_REQUIREMENT_COVERAGE
word/document.xml/table15/r5/c1/p1	7. Shop-Scoped AI Utilization and Budget Governance	Listing package preparation	SOFTWARE_PARTIAL	includes/AI/ProviderEvidenceRepository.php:9	tests/wordpress/AiProviderSettlementTest.php:9::testProviderMeteringAndReviewedChargeAreSeparateImmutableEvidence; tests/wordpress/AiProviderSettlementTest.php:15::testCrossShopAndMalformedMeteringFailClosed; tests/wordpress/AiProviderSettlementTest.php:16::testQueuedBindingSupportsExactBackgroundCompletion; tests/wordpress/AiProviderSettlementTest.php:17::testProviderResponseCannotBeBoundToAnotherReservation; tests/wordpress/AiProviderSettlementTest.php:18::testChargeNeedsHumanEvidenceAndExactCurrency; tests/wordpress/AiProviderSettlementTest.php:19::testSettlementDoesNotEnableMonetaryGeneration; tests/wordpress/AiProviderSettlementTest.php:20::testGovernedProviderResponsePersistsMeteringBeforeReturningPayload; tests/wordpress/AiProviderSettlementTest.php:26::testProjectionFailurePreservesChargeProofAndRequiresReconciliation; tests/wordpress/AiProviderSettlementTest.php:32::testInvoiceLineCannotChargeTwoReservations; tests/wordpress/AiProviderSettlementTest.php:37::testCostModelProjectionUsesMeteredProviderModel; tests/wordpress/AiProviderSettlementTest.php:41::testResearchWorkflowIsNotAttributedToProductFactory; tests/wordpress/AiProviderSettlementTest.php:44::testModelProjectionFailurePreservesMeteringAndBlocksAutomaticRepairOrSettlement	Immutable provider metering and human-attested charge import verified; monetary reservation upper bounds and complete product/order attribution remain MISSING SOFTWARE. Independent provider invoice certification is DEFERRED OPERATIONAL EVIDENCE.	IMPLEMENTED; MISSING SOFTWARE; DEFERRED OPERATIONAL EVIDENCE	Related component code exists; cited tests verify only their named behaviors.	INCOMPLETE_REQUIREMENT_COVERAGE
word/document.xml/table15/r5/c2/p1	7. Shop-Scoped AI Utilization and Budget Governance	15	SOFTWARE_PARTIAL	includes/AI/ProviderEvidenceRepository.php:9	tests/wordpress/AiProviderSettlementTest.php:9::testProviderMeteringAndReviewedChargeAreSeparateImmutableEvidence; tests/wordpress/AiProviderSettlementTest.php:15::testCrossShopAndMalformedMeteringFailClosed; tests/wordpress/AiProviderSettlementTest.php:16::testQueuedBindingSupportsExactBackgroundCompletion; tests/wordpress/AiProviderSettlementTest.php:17::testProviderResponseCannotBeBoundToAnotherReservation; tests/wordpress/AiProviderSettlementTest.php:18::testChargeNeedsHumanEvidenceAndExactCurrency; tests/wordpress/AiProviderSettlementTest.php:19::testSettlementDoesNotEnableMonetaryGeneration; tests/wordpress/AiProviderSettlementTest.php:20::testGovernedProviderResponsePersistsMeteringBeforeReturningPayload; tests/wordpress/AiProviderSettlementTest.php:26::testProjectionFailurePreservesChargeProofAndRequiresReconciliation; tests/wordpress/AiProviderSettlementTest.php:32::testInvoiceLineCannotChargeTwoReservations; tests/wordpress/AiProviderSettlementTest.php:37::testCostModelProjectionUsesMeteredProviderModel; tests/wordpress/AiProviderSettlementTest.php:41::testResearchWorkflowIsNotAttributedToProductFactory; tests/wordpress/AiProviderSettlementTest.php:44::testModelProjectionFailurePreservesMeteringAndBlocksAutomaticRepairOrSettlement	Immutable provider metering and human-attested charge import verified; monetary reservation upper bounds and complete product/order attribution remain MISSING SOFTWARE. Independent provider invoice certification is DEFERRED OPERATIONAL EVIDENCE.	IMPLEMENTED; MISSING SOFTWARE; DEFERRED OPERATIONAL EVIDENCE	Related component code exists; cited tests verify only their named behaviors.	INCOMPLETE_REQUIREMENT_COVERAGE
word/document.xml/table15/r6/c1/p1	7. Shop-Scoped AI Utilization and Budget Governance	New production-template candidates	SOFTWARE_PARTIAL	includes/AI/ProviderEvidenceRepository.php:9	tests/wordpress/AiProviderSettlementTest.php:9::testProviderMeteringAndReviewedChargeAreSeparateImmutableEvidence; tests/wordpress/AiProviderSettlementTest.php:15::testCrossShopAndMalformedMeteringFailClosed; tests/wordpress/AiProviderSettlementTest.php:16::testQueuedBindingSupportsExactBackgroundCompletion; tests/wordpress/AiProviderSettlementTest.php:17::testProviderResponseCannotBeBoundToAnotherReservation; tests/wordpress/AiProviderSettlementTest.php:18::testChargeNeedsHumanEvidenceAndExactCurrency; tests/wordpress/AiProviderSettlementTest.php:19::testSettlementDoesNotEnableMonetaryGeneration; tests/wordpress/AiProviderSettlementTest.php:20::testGovernedProviderResponsePersistsMeteringBeforeReturningPayload; tests/wordpress/AiProviderSettlementTest.php:26::testProjectionFailurePreservesChargeProofAndRequiresReconciliation; tests/wordpress/AiProviderSettlementTest.php:32::testInvoiceLineCannotChargeTwoReservations; tests/wordpress/AiProviderSettlementTest.php:37::testCostModelProjectionUsesMeteredProviderModel; tests/wordpress/AiProviderSettlementTest.php:41::testResearchWorkflowIsNotAttributedToProductFactory; tests/wordpress/AiProviderSettlementTest.php:44::testModelProjectionFailurePreservesMeteringAndBlocksAutomaticRepairOrSettlement	Immutable provider metering and human-attested charge import verified; monetary reservation upper bounds and complete product/order attribution remain MISSING SOFTWARE. Independent provider invoice certification is DEFERRED OPERATIONAL EVIDENCE.	IMPLEMENTED; MISSING SOFTWARE; DEFERRED OPERATIONAL EVIDENCE	Related component code exists; cited tests verify only their named behaviors.	INCOMPLETE_REQUIREMENT_COVERAGE
word/document.xml/table15/r6/c2/p1	7. Shop-Scoped AI Utilization and Budget Governance	8	SOFTWARE_PARTIAL	includes/AI/ProviderEvidenceRepository.php:9	tests/wordpress/AiProviderSettlementTest.php:9::testProviderMeteringAndReviewedChargeAreSeparateImmutableEvidence; tests/wordpress/AiProviderSettlementTest.php:15::testCrossShopAndMalformedMeteringFailClosed; tests/wordpress/AiProviderSettlementTest.php:16::testQueuedBindingSupportsExactBackgroundCompletion; tests/wordpress/AiProviderSettlementTest.php:17::testProviderResponseCannotBeBoundToAnotherReservation; tests/wordpress/AiProviderSettlementTest.php:18::testChargeNeedsHumanEvidenceAndExactCurrency; tests/wordpress/AiProviderSettlementTest.php:19::testSettlementDoesNotEnableMonetaryGeneration; tests/wordpress/AiProviderSettlementTest.php:20::testGovernedProviderResponsePersistsMeteringBeforeReturningPayload; tests/wordpress/AiProviderSettlementTest.php:26::testProjectionFailurePreservesChargeProofAndRequiresReconciliation; tests/wordpress/AiProviderSettlementTest.php:32::testInvoiceLineCannotChargeTwoReservations; tests/wordpress/AiProviderSettlementTest.php:37::testCostModelProjectionUsesMeteredProviderModel; tests/wordpress/AiProviderSettlementTest.php:41::testResearchWorkflowIsNotAttributedToProductFactory; tests/wordpress/AiProviderSettlementTest.php:44::testModelProjectionFailurePreservesMeteringAndBlocksAutomaticRepairOrSettlement	Immutable provider metering and human-attested charge import verified; monetary reservation upper bounds and complete product/order attribution remain MISSING SOFTWARE. Independent provider invoice certification is DEFERRED OPERATIONAL EVIDENCE.	IMPLEMENTED; MISSING SOFTWARE; DEFERRED OPERATIONAL EVIDENCE	Related component code exists; cited tests verify only their named behaviors.	INCOMPLETE_REQUIREMENT_COVERAGE
word/document.xml/table15/r7/c1/p1	7. Shop-Scoped AI Utilization and Budget Governance	Human product/listing approval	SOFTWARE_PARTIAL	includes/AI/ProviderEvidenceRepository.php:9	tests/wordpress/AiProviderSettlementTest.php:9::testProviderMeteringAndReviewedChargeAreSeparateImmutableEvidence; tests/wordpress/AiProviderSettlementTest.php:15::testCrossShopAndMalformedMeteringFailClosed; tests/wordpress/AiProviderSettlementTest.php:16::testQueuedBindingSupportsExactBackgroundCompletion; tests/wordpress/AiProviderSettlementTest.php:17::testProviderResponseCannotBeBoundToAnotherReservation; tests/wordpress/AiProviderSettlementTest.php:18::testChargeNeedsHumanEvidenceAndExactCurrency; tests/wordpress/AiProviderSettlementTest.php:19::testSettlementDoesNotEnableMonetaryGeneration; tests/wordpress/AiProviderSettlementTest.php:20::testGovernedProviderResponsePersistsMeteringBeforeReturningPayload; tests/wordpress/AiProviderSettlementTest.php:26::testProjectionFailurePreservesChargeProofAndRequiresReconciliation; tests/wordpress/AiProviderSettlementTest.php:32::testInvoiceLineCannotChargeTwoReservations; tests/wordpress/AiProviderSettlementTest.php:37::testCostModelProjectionUsesMeteredProviderModel; tests/wordpress/AiProviderSettlementTest.php:41::testResearchWorkflowIsNotAttributedToProductFactory; tests/wordpress/AiProviderSettlementTest.php:44::testModelProjectionFailurePreservesMeteringAndBlocksAutomaticRepairOrSettlement	Immutable provider metering and human-attested charge import verified; monetary reservation upper bounds and complete product/order attribution remain MISSING SOFTWARE. Independent provider invoice certification is DEFERRED OPERATIONAL EVIDENCE.	IMPLEMENTED; MISSING SOFTWARE; DEFERRED OPERATIONAL EVIDENCE	Related component code exists; cited tests verify only their named behaviors.	INCOMPLETE_REQUIREMENT_COVERAGE
word/document.xml/table15/r7/c2/p1	7. Shop-Scoped AI Utilization and Budget Governance	Required	SOFTWARE_PARTIAL	includes/AI/ProviderEvidenceRepository.php:9	tests/wordpress/AiProviderSettlementTest.php:9::testProviderMeteringAndReviewedChargeAreSeparateImmutableEvidence; tests/wordpress/AiProviderSettlementTest.php:15::testCrossShopAndMalformedMeteringFailClosed; tests/wordpress/AiProviderSettlementTest.php:16::testQueuedBindingSupportsExactBackgroundCompletion; tests/wordpress/AiProviderSettlementTest.php:17::testProviderResponseCannotBeBoundToAnotherReservation; tests/wordpress/AiProviderSettlementTest.php:18::testChargeNeedsHumanEvidenceAndExactCurrency; tests/wordpress/AiProviderSettlementTest.php:19::testSettlementDoesNotEnableMonetaryGeneration; tests/wordpress/AiProviderSettlementTest.php:20::testGovernedProviderResponsePersistsMeteringBeforeReturningPayload; tests/wordpress/AiProviderSettlementTest.php:26::testProjectionFailurePreservesChargeProofAndRequiresReconciliation; tests/wordpress/AiProviderSettlementTest.php:32::testInvoiceLineCannotChargeTwoReservations; tests/wordpress/AiProviderSettlementTest.php:37::testCostModelProjectionUsesMeteredProviderModel; tests/wordpress/AiProviderSettlementTest.php:41::testResearchWorkflowIsNotAttributedToProductFactory; tests/wordpress/AiProviderSettlementTest.php:44::testModelProjectionFailurePreservesMeteringAndBlocksAutomaticRepairOrSettlement	Immutable provider metering and human-attested charge import verified; monetary reservation upper bounds and complete product/order attribution remain MISSING SOFTWARE. Independent provider invoice certification is DEFERRED OPERATIONAL EVIDENCE.	IMPLEMENTED; MISSING SOFTWARE; DEFERRED OPERATIONAL EVIDENCE	Related component code exists; cited tests verify only their named behaviors.	INCOMPLETE_REQUIREMENT_COVERAGE
word/document.xml/table15/r8/c1/p1	7. Shop-Scoped AI Utilization and Budget Governance	Human POD production approval	SOFTWARE_PARTIAL	includes/AI/ProviderEvidenceRepository.php:9	tests/wordpress/AiProviderSettlementTest.php:9::testProviderMeteringAndReviewedChargeAreSeparateImmutableEvidence; tests/wordpress/AiProviderSettlementTest.php:15::testCrossShopAndMalformedMeteringFailClosed; tests/wordpress/AiProviderSettlementTest.php:16::testQueuedBindingSupportsExactBackgroundCompletion; tests/wordpress/AiProviderSettlementTest.php:17::testProviderResponseCannotBeBoundToAnotherReservation; tests/wordpress/AiProviderSettlementTest.php:18::testChargeNeedsHumanEvidenceAndExactCurrency; tests/wordpress/AiProviderSettlementTest.php:19::testSettlementDoesNotEnableMonetaryGeneration; tests/wordpress/AiProviderSettlementTest.php:20::testGovernedProviderResponsePersistsMeteringBeforeReturningPayload; tests/wordpress/AiProviderSettlementTest.php:26::testProjectionFailurePreservesChargeProofAndRequiresReconciliation; tests/wordpress/AiProviderSettlementTest.php:32::testInvoiceLineCannotChargeTwoReservations; tests/wordpress/AiProviderSettlementTest.php:37::testCostModelProjectionUsesMeteredProviderModel; tests/wordpress/AiProviderSettlementTest.php:41::testResearchWorkflowIsNotAttributedToProductFactory; tests/wordpress/AiProviderSettlementTest.php:44::testModelProjectionFailurePreservesMeteringAndBlocksAutomaticRepairOrSettlement	Immutable provider metering and human-attested charge import verified; monetary reservation upper bounds and complete product/order attribution remain MISSING SOFTWARE. Independent provider invoice certification is DEFERRED OPERATIONAL EVIDENCE.	IMPLEMENTED; MISSING SOFTWARE; DEFERRED OPERATIONAL EVIDENCE	Related component code exists; cited tests verify only their named behaviors.	INCOMPLETE_REQUIREMENT_COVERAGE
word/document.xml/table15/r8/c2/p1	7. Shop-Scoped AI Utilization and Budget Governance	Required	SOFTWARE_PARTIAL	includes/AI/ProviderEvidenceRepository.php:9	tests/wordpress/AiProviderSettlementTest.php:9::testProviderMeteringAndReviewedChargeAreSeparateImmutableEvidence; tests/wordpress/AiProviderSettlementTest.php:15::testCrossShopAndMalformedMeteringFailClosed; tests/wordpress/AiProviderSettlementTest.php:16::testQueuedBindingSupportsExactBackgroundCompletion; tests/wordpress/AiProviderSettlementTest.php:17::testProviderResponseCannotBeBoundToAnotherReservation; tests/wordpress/AiProviderSettlementTest.php:18::testChargeNeedsHumanEvidenceAndExactCurrency; tests/wordpress/AiProviderSettlementTest.php:19::testSettlementDoesNotEnableMonetaryGeneration; tests/wordpress/AiProviderSettlementTest.php:20::testGovernedProviderResponsePersistsMeteringBeforeReturningPayload; tests/wordpress/AiProviderSettlementTest.php:26::testProjectionFailurePreservesChargeProofAndRequiresReconciliation; tests/wordpress/AiProviderSettlementTest.php:32::testInvoiceLineCannotChargeTwoReservations; tests/wordpress/AiProviderSettlementTest.php:37::testCostModelProjectionUsesMeteredProviderModel; tests/wordpress/AiProviderSettlementTest.php:41::testResearchWorkflowIsNotAttributedToProductFactory; tests/wordpress/AiProviderSettlementTest.php:44::testModelProjectionFailurePreservesMeteringAndBlocksAutomaticRepairOrSettlement	Immutable provider metering and human-attested charge import verified; monetary reservation upper bounds and complete product/order attribution remain MISSING SOFTWARE. Independent provider invoice certification is DEFERRED OPERATIONAL EVIDENCE.	IMPLEMENTED; MISSING SOFTWARE; DEFERRED OPERATIONAL EVIDENCE	Related component code exists; cited tests verify only their named behaviors.	INCOMPLETE_REQUIREMENT_COVERAGE
word/document.xml/p62	7. Shop-Scoped AI Utilization and Budget Governance	These are editable operating defaults, not permanent quotas. W2/W3 scale only from evidence. The platform should make cost and output quantities visible before execution.	SOFTWARE_PARTIAL	includes/AI/ProviderEvidenceRepository.php:9	tests/wordpress/AiProviderSettlementTest.php:9::testProviderMeteringAndReviewedChargeAreSeparateImmutableEvidence; tests/wordpress/AiProviderSettlementTest.php:15::testCrossShopAndMalformedMeteringFailClosed; tests/wordpress/AiProviderSettlementTest.php:16::testQueuedBindingSupportsExactBackgroundCompletion; tests/wordpress/AiProviderSettlementTest.php:17::testProviderResponseCannotBeBoundToAnotherReservation; tests/wordpress/AiProviderSettlementTest.php:18::testChargeNeedsHumanEvidenceAndExactCurrency; tests/wordpress/AiProviderSettlementTest.php:19::testSettlementDoesNotEnableMonetaryGeneration; tests/wordpress/AiProviderSettlementTest.php:20::testGovernedProviderResponsePersistsMeteringBeforeReturningPayload; tests/wordpress/AiProviderSettlementTest.php:26::testProjectionFailurePreservesChargeProofAndRequiresReconciliation; tests/wordpress/AiProviderSettlementTest.php:32::testInvoiceLineCannotChargeTwoReservations; tests/wordpress/AiProviderSettlementTest.php:37::testCostModelProjectionUsesMeteredProviderModel; tests/wordpress/AiProviderSettlementTest.php:41::testResearchWorkflowIsNotAttributedToProductFactory; tests/wordpress/AiProviderSettlementTest.php:44::testModelProjectionFailurePreservesMeteringAndBlocksAutomaticRepairOrSettlement	Immutable provider metering and human-attested charge import verified; monetary reservation upper bounds and complete product/order attribution remain MISSING SOFTWARE. Independent provider invoice certification is DEFERRED OPERATIONAL EVIDENCE.	IMPLEMENTED; MISSING SOFTWARE; DEFERRED OPERATIONAL EVIDENCE	Related component code exists; cited tests verify only their named behaviors.	INCOMPLETE_REQUIREMENT_COVERAGE
word/document.xml/p63	8. AI Governance and Orchestration	8. AI Governance and Orchestration	SOFTWARE_PARTIAL	includes/AI/GovernedGeneration.php:14	tests/wordpress/AiBackgroundMeteringTest.php:10::testImmediateCompletedBackgroundPostRetainsMetering; tests/wordpress/AiBackgroundMeteringTest.php:15::testPollingRejectsDifferentReturnedProviderIdentity; tests/wordpress/AiBackgroundMeteringTest.php:20::testCompletedPostThenEquivalentPollPreservesBothRawReceipts; tests/wordpress/AiBackgroundMeteringTest.php:30::testInvalidStructuredOutputStillPreservesProviderMetering; tests/wordpress/AiBackgroundMeteringTest.php:36::testIncompleteBackgroundPollPreservesBoundMeteringAndNeverRetries; tests/wordpress/AiReconciliationRetryVetoTest.php:4::testExplicitReconciliationVetoStopsRetryAndStructuralRestart	Valid metering survives invalid output and incomplete responses; retry veto enforced. Missing/malformed provider evidence requires reconciliation; no zero-spend inference or monetary activation.	IMPLEMENTED; MISSING SOFTWARE; DEFERRED OPERATIONAL EVIDENCE	Related component code exists; cited tests verify only their named behaviors.	INCOMPLETE_REQUIREMENT_COVERAGE
word/document.xml/p64	8. AI Governance and Orchestration	Task/model policy with deterministic routing and escalation.	SOFTWARE_PARTIAL	includes/AI/GovernedGeneration.php:14	tests/wordpress/AiBackgroundMeteringTest.php:10::testImmediateCompletedBackgroundPostRetainsMetering; tests/wordpress/AiBackgroundMeteringTest.php:15::testPollingRejectsDifferentReturnedProviderIdentity; tests/wordpress/AiBackgroundMeteringTest.php:20::testCompletedPostThenEquivalentPollPreservesBothRawReceipts; tests/wordpress/AiBackgroundMeteringTest.php:30::testInvalidStructuredOutputStillPreservesProviderMetering; tests/wordpress/AiBackgroundMeteringTest.php:36::testIncompleteBackgroundPollPreservesBoundMeteringAndNeverRetries; tests/wordpress/AiReconciliationRetryVetoTest.php:4::testExplicitReconciliationVetoStopsRetryAndStructuralRestart	Valid metering survives invalid output and incomplete responses; retry veto enforced. Missing/malformed provider evidence requires reconciliation; no zero-spend inference or monetary activation.	IMPLEMENTED; MISSING SOFTWARE; DEFERRED OPERATIONAL EVIDENCE	Related component code exists; cited tests verify only their named behaviors.	INCOMPLETE_REQUIREMENT_COVERAGE
word/document.xml/p65	8. AI Governance and Orchestration	Prompt/version governance and structured outputs.	SOFTWARE_PARTIAL	includes/AI/GovernedGeneration.php:14	tests/wordpress/AiBackgroundMeteringTest.php:10::testImmediateCompletedBackgroundPostRetainsMetering; tests/wordpress/AiBackgroundMeteringTest.php:15::testPollingRejectsDifferentReturnedProviderIdentity; tests/wordpress/AiBackgroundMeteringTest.php:20::testCompletedPostThenEquivalentPollPreservesBothRawReceipts; tests/wordpress/AiBackgroundMeteringTest.php:30::testInvalidStructuredOutputStillPreservesProviderMetering; tests/wordpress/AiBackgroundMeteringTest.php:36::testIncompleteBackgroundPollPreservesBoundMeteringAndNeverRetries; tests/wordpress/AiReconciliationRetryVetoTest.php:4::testExplicitReconciliationVetoStopsRetryAndStructuralRestart	Valid metering survives invalid output and incomplete responses; retry veto enforced. Missing/malformed provider evidence requires reconciliation; no zero-spend inference or monetary activation.	IMPLEMENTED; MISSING SOFTWARE; DEFERRED OPERATIONAL EVIDENCE	Related component code exists; cited tests verify only their named behaviors.	INCOMPLETE_REQUIREMENT_COVERAGE
word/document.xml/p66	8. AI Governance and Orchestration	Provenance and evidence retained for consequential product decisions.	SOFTWARE_PARTIAL	includes/AI/GovernedGeneration.php:14	tests/wordpress/AiBackgroundMeteringTest.php:10::testImmediateCompletedBackgroundPostRetainsMetering; tests/wordpress/AiBackgroundMeteringTest.php:15::testPollingRejectsDifferentReturnedProviderIdentity; tests/wordpress/AiBackgroundMeteringTest.php:20::testCompletedPostThenEquivalentPollPreservesBothRawReceipts; tests/wordpress/AiBackgroundMeteringTest.php:30::testInvalidStructuredOutputStillPreservesProviderMetering; tests/wordpress/AiBackgroundMeteringTest.php:36::testIncompleteBackgroundPollPreservesBoundMeteringAndNeverRetries; tests/wordpress/AiReconciliationRetryVetoTest.php:4::testExplicitReconciliationVetoStopsRetryAndStructuralRestart	Valid metering survives invalid output and incomplete responses; retry veto enforced. Missing/malformed provider evidence requires reconciliation; no zero-spend inference or monetary activation.	IMPLEMENTED; MISSING SOFTWARE; DEFERRED OPERATIONAL EVIDENCE	Related component code exists; cited tests verify only their named behaviors.	INCOMPLETE_REQUIREMENT_COVERAGE
word/document.xml/p67	8. AI Governance and Orchestration	Usage/cost telemetry tied to shop, product, order and workflow.	SOFTWARE_PARTIAL	includes/AI/GovernedGeneration.php:14	tests/wordpress/AiBackgroundMeteringTest.php:10::testImmediateCompletedBackgroundPostRetainsMetering; tests/wordpress/AiBackgroundMeteringTest.php:15::testPollingRejectsDifferentReturnedProviderIdentity; tests/wordpress/AiBackgroundMeteringTest.php:20::testCompletedPostThenEquivalentPollPreservesBothRawReceipts; tests/wordpress/AiBackgroundMeteringTest.php:30::testInvalidStructuredOutputStillPreservesProviderMetering; tests/wordpress/AiBackgroundMeteringTest.php:36::testIncompleteBackgroundPollPreservesBoundMeteringAndNeverRetries; tests/wordpress/AiReconciliationRetryVetoTest.php:4::testExplicitReconciliationVetoStopsRetryAndStructuralRestart	Valid metering survives invalid output and incomplete responses; retry veto enforced. Missing/malformed provider evidence requires reconciliation; no zero-spend inference or monetary activation.	IMPLEMENTED; MISSING SOFTWARE; DEFERRED OPERATIONAL EVIDENCE	Related component code exists; cited tests verify only their named behaviors.	INCOMPLETE_REQUIREMENT_COVERAGE
word/document.xml/p68	8. AI Governance and Orchestration	AI never creates execution authority.	SOFTWARE_PARTIAL	includes/AI/GovernedGeneration.php:14	tests/wordpress/AiBackgroundMeteringTest.php:10::testImmediateCompletedBackgroundPostRetainsMetering; tests/wordpress/AiBackgroundMeteringTest.php:15::testPollingRejectsDifferentReturnedProviderIdentity; tests/wordpress/AiBackgroundMeteringTest.php:20::testCompletedPostThenEquivalentPollPreservesBothRawReceipts; tests/wordpress/AiBackgroundMeteringTest.php:30::testInvalidStructuredOutputStillPreservesProviderMetering; tests/wordpress/AiBackgroundMeteringTest.php:36::testIncompleteBackgroundPollPreservesBoundMeteringAndNeverRetries; tests/wordpress/AiReconciliationRetryVetoTest.php:4::testExplicitReconciliationVetoStopsRetryAndStructuralRestart	Valid metering survives invalid output and incomplete responses; retry veto enforced. Missing/malformed provider evidence requires reconciliation; no zero-spend inference or monetary activation.	IMPLEMENTED; MISSING SOFTWARE; DEFERRED OPERATIONAL EVIDENCE	Related component code exists; cited tests verify only their named behaviors.	INCOMPLETE_REQUIREMENT_COVERAGE
word/document.xml/p69	8. AI Governance and Orchestration	Use AI only where transformation adds value; prefer deterministic rendering for repeatable production geometry.	SOFTWARE_PARTIAL	includes/AI/GovernedGeneration.php:14	tests/wordpress/AiBackgroundMeteringTest.php:10::testImmediateCompletedBackgroundPostRetainsMetering; tests/wordpress/AiBackgroundMeteringTest.php:15::testPollingRejectsDifferentReturnedProviderIdentity; tests/wordpress/AiBackgroundMeteringTest.php:20::testCompletedPostThenEquivalentPollPreservesBothRawReceipts; tests/wordpress/AiBackgroundMeteringTest.php:30::testInvalidStructuredOutputStillPreservesProviderMetering; tests/wordpress/AiBackgroundMeteringTest.php:36::testIncompleteBackgroundPollPreservesBoundMeteringAndNeverRetries; tests/wordpress/AiReconciliationRetryVetoTest.php:4::testExplicitReconciliationVetoStopsRetryAndStructuralRestart	Valid metering survives invalid output and incomplete responses; retry veto enforced. Missing/malformed provider evidence requires reconciliation; no zero-spend inference or monetary activation.	IMPLEMENTED; MISSING SOFTWARE; DEFERRED OPERATIONAL EVIDENCE	Related component code exists; cited tests verify only their named behaviors.	INCOMPLETE_REQUIREMENT_COVERAGE
word/document.xml/p70	8. AI Governance and Orchestration	Ambiguous, risky or failed outputs escalate to better model and/or human review rather than silently passing.	SOFTWARE_PARTIAL	includes/AI/GovernedGeneration.php:14	tests/wordpress/AiBackgroundMeteringTest.php:10::testImmediateCompletedBackgroundPostRetainsMetering; tests/wordpress/AiBackgroundMeteringTest.php:15::testPollingRejectsDifferentReturnedProviderIdentity; tests/wordpress/AiBackgroundMeteringTest.php:20::testCompletedPostThenEquivalentPollPreservesBothRawReceipts; tests/wordpress/AiBackgroundMeteringTest.php:30::testInvalidStructuredOutputStillPreservesProviderMetering; tests/wordpress/AiBackgroundMeteringTest.php:36::testIncompleteBackgroundPollPreservesBoundMeteringAndNeverRetries; tests/wordpress/AiReconciliationRetryVetoTest.php:4::testExplicitReconciliationVetoStopsRetryAndStructuralRestart	Valid metering survives invalid output and incomplete responses; retry veto enforced. Missing/malformed provider evidence requires reconciliation; no zero-spend inference or monetary activation.	IMPLEMENTED; MISSING SOFTWARE; DEFERRED OPERATIONAL EVIDENCE	Related component code exists; cited tests verify only their named behaviors.	INCOMPLETE_REQUIREMENT_COVERAGE
word/document.xml/p71	9. Product Core and Immutable Versioning	9. Product Core and Immutable Versioning	LOCAL_PARTIAL	includes/ProductFactory/Repository.php:9	tests/wordpress/ProductFactoryReplayLineageTest.php:7::testReplayCannotReturnAnotherParentLineage; tests/wordpress/ProductFactoryReplayLineageTest.php:12::testProductVersionReplayRequiresExactImmutableContent; tests/wordpress/ProductFactoryReplayLineageTest.php:17::testReplayCannotOmitRequiredParentAndSanitizedEquivalentIsAccepted; tests/wordpress/ProductFactoryReplayLineageTest.php:22::testInsertRaceWinnerMustMatchImmutableLineage	Exact canonical creation replay and parent lineage behavior verified; this does not establish every version, asset or downstream lineage requirement.	IMPLEMENTED	Related component code exists; cited tests verify only their named behaviors.	INCOMPLETE_REQUIREMENT_COVERAGE
word/document.xml/p72	9. Product Core and Immutable Versioning	Shared lineage: Product Family → Canonical Product → Immutable Product Version → Assets/Specifications → QA/Commercial Evidence → Listing Package → External Listing/Order lineage. Released versions and production-authorized templates never silently mutate. Material changes create a new version with traceable lineage.	LOCAL_PARTIAL	includes/ProductFactory/Repository.php:9	tests/wordpress/ProductFactoryReplayLineageTest.php:7::testReplayCannotReturnAnotherParentLineage; tests/wordpress/ProductFactoryReplayLineageTest.php:12::testProductVersionReplayRequiresExactImmutableContent; tests/wordpress/ProductFactoryReplayLineageTest.php:17::testReplayCannotOmitRequiredParentAndSanitizedEquivalentIsAccepted; tests/wordpress/ProductFactoryReplayLineageTest.php:22::testInsertRaceWinnerMustMatchImmutableLineage	Exact canonical creation replay and parent lineage behavior verified; this does not establish every version, asset or downstream lineage requirement.	IMPLEMENTED	Related component code exists; cited tests verify only their named behaviors.	INCOMPLETE_REQUIREMENT_COVERAGE
word/document.xml/p73	10. Research and Opportunity Intelligence	10. Research and Opportunity Intelligence	LOCAL_PARTIAL	includes/Research/Repository.php:9	tests/wordpress/ResearchShopIsolationTest.php:5::testSameTitleHasIndependentShopCandidatesAndReviews; tests/wordpress/ResearchShopIsolationTest.php:6::testEvidenceCannotLinkAcrossShops; tests/wordpress/ResearchShopIsolationTest.php:7::testNewUnscopedResearchFailsClosed; tests/wordpress/ResearchShopIsolationTest.php:8::testScopedListsAndDevelopmentContractPreserveOwner; tests/wordpress/ResearchShopIsolationTest.php:9::testLegacyUnassignedApprovedHistoryCannotBePromoted; tests/wordpress/ResearchShopIsolationTest.php:10::testRestIdempotencyIsIndependentAcrossExplicitShops; tests/wordpress/ResearchShopIsolationTest.php:11::testInvalidScopeRestListReturnsAnErrorRatherThanHttp200; tests/wordpress/ResearchShopIsolationTest.php:12::testMalformedLegacyOwnershipIsExcludedFromScopedRead	Shop ownership, scoring/review isolation tested; real demand/provider/IP/margin inputs remain operator evidence.	IMPLEMENTED	Related component code exists; cited tests verify only their named behaviors.	INCOMPLETE_REQUIREMENT_COVERAGE
word/document.xml/p74	10. Research and Opportunity Intelligence	Research is manually triggerable and shop-scoped. It produces evidence, provenance, scoring, deduplication, shortlist and human opportunity approval. An approved opportunity becomes factory input. Research should be cheap at broad scale and expensive only after commercial filtering.	LOCAL_PARTIAL	includes/Research/Repository.php:9	tests/wordpress/ResearchShopIsolationTest.php:5::testSameTitleHasIndependentShopCandidatesAndReviews; tests/wordpress/ResearchShopIsolationTest.php:6::testEvidenceCannotLinkAcrossShops; tests/wordpress/ResearchShopIsolationTest.php:7::testNewUnscopedResearchFailsClosed; tests/wordpress/ResearchShopIsolationTest.php:8::testScopedListsAndDevelopmentContractPreserveOwner; tests/wordpress/ResearchShopIsolationTest.php:9::testLegacyUnassignedApprovedHistoryCannotBePromoted; tests/wordpress/ResearchShopIsolationTest.php:10::testRestIdempotencyIsIndependentAcrossExplicitShops; tests/wordpress/ResearchShopIsolationTest.php:11::testInvalidScopeRestListReturnsAnErrorRatherThanHttp200; tests/wordpress/ResearchShopIsolationTest.php:12::testMalformedLegacyOwnershipIsExcludedFromScopedRead	Shop ownership, scoring/review isolation tested; real demand/provider/IP/margin inputs remain operator evidence.	IMPLEMENTED	Related component code exists; cited tests verify only their named behaviors.	INCOMPLETE_REQUIREMENT_COVERAGE
word/document.xml/p75	10. Research and Opportunity Intelligence	Research outputs should include demand evidence, competition/saturation, seasonality, recipient/occasion, trend overlay, provider feasibility, expected margin, policy/IP risk, differentiation, and confidence/uncertainty.	LOCAL_PARTIAL	includes/Research/Repository.php:9	tests/wordpress/ResearchShopIsolationTest.php:5::testSameTitleHasIndependentShopCandidatesAndReviews; tests/wordpress/ResearchShopIsolationTest.php:6::testEvidenceCannotLinkAcrossShops; tests/wordpress/ResearchShopIsolationTest.php:7::testNewUnscopedResearchFailsClosed; tests/wordpress/ResearchShopIsolationTest.php:8::testScopedListsAndDevelopmentContractPreserveOwner; tests/wordpress/ResearchShopIsolationTest.php:9::testLegacyUnassignedApprovedHistoryCannotBePromoted; tests/wordpress/ResearchShopIsolationTest.php:10::testRestIdempotencyIsIndependentAcrossExplicitShops; tests/wordpress/ResearchShopIsolationTest.php:11::testInvalidScopeRestListReturnsAnErrorRatherThanHttp200; tests/wordpress/ResearchShopIsolationTest.php:12::testMalformedLegacyOwnershipIsExcludedFromScopedRead	Shop ownership, scoring/review isolation tested; real demand/provider/IP/margin inputs remain operator evidence.	IMPLEMENTED	Related component code exists; cited tests verify only their named behaviors.	INCOMPLETE_REQUIREMENT_COVERAGE
word/document.xml/p76	11. Digital Product Factory	11. Digital Product Factory	LOCAL_PARTIAL	includes/DigitalFactory/Repository.php:9	tests/unit/DigitalFactoryCreateResponseRegressionTest.php:8::testCreateCapturesEntityIdBeforeAuditAndUsesCapturedIdForResponse	Factory local evidence/readbacks tested; approved Etsy draft/file live certification not authorized.	IMPLEMENTED	Related component code exists; cited tests verify only their named behaviors.	INCOMPLETE_REQUIREMENT_COVERAGE
word/document.xml/p77	11. Digital Product Factory	Target flow: Approved opportunity → product/version → customer assets + marketing assets → deterministic technical QA → semantic/commercial/IP/policy QA → profitability → Product Review → listing package → Listing Approval → Etsy controlled draft → digital file attachment → draft QA → explicit publish authorization.	LOCAL_PARTIAL	includes/DigitalFactory/Repository.php:9	tests/unit/DigitalFactoryCreateResponseRegressionTest.php:8::testCreateCapturesEntityIdBeforeAuditAndUsesCapturedIdForResponse	Factory local evidence/readbacks tested; approved Etsy draft/file live certification not authorized.	IMPLEMENTED	Related component code exists; cited tests verify only their named behaviors.	INCOMPLETE_REQUIREMENT_COVERAGE
word/document.xml/p78	11. Digital Product Factory	Product #25 proves the controlled draft + governed customer-file upload path in production. DigiForge must upload only the explicit governed customer delivery package, not blindly upload every release-bundle asset.	LOCAL_PARTIAL	includes/DigitalFactory/Repository.php:9	tests/unit/DigitalFactoryCreateResponseRegressionTest.php:8::testCreateCapturesEntityIdBeforeAuditAndUsesCapturedIdForResponse	Factory local evidence/readbacks tested; approved Etsy draft/file live certification not authorized.	IMPLEMENTED	Related component code exists; cited tests verify only their named behaviors.	INCOMPLETE_REQUIREMENT_COVERAGE
word/document.xml/p79	12. Personalized POD Factory	12. Personalized POD Factory	SOFTWARE_PARTIAL	includes/POD/RenderArtifactVerifier.php:8	tests/wordpress/RenderArtifactCertificationTest.php:5::testSubscriberCannotApproveRenderOrPackage; tests/wordpress/RenderArtifactCertificationTest.php:10::testSuppliedHashesCannotStandInForActualArtifacts; tests/wordpress/RenderArtifactCertificationTest.php:13::testArtifactReaderRejectsRemoteAndNonImageInputs; tests/wordpress/RenderArtifactCertificationTest.php:16::testActualImageDigestAndDimensionsComeFromBytes; tests/wordpress/RenderArtifactCertificationTest.php:34::testHashOnlyLegacyEvidenceRemainsUnreviewed; tests/wordpress/RenderArtifactCertificationTest.php:37::testActualArtifactsBindTemplateAndApprovalThenDetectTemplateDrift; tests/wordpress/RenderArtifactCertificationTest.php:40::testTemplateFingerprintMappingAndShopConflictsAreBlocked; tests/wordpress/RenderArtifactCertificationTest.php:47::testActualPreviewMismatchFailsBeforeCertification; tests/wordpress/RenderArtifactCertificationTest.php:51::testReceiptPersistenceDoesNotAcceptCallerHashArrays; tests/wordpress/RenderArtifactCertificationTest.php:55::testExternalEtsyShopRequiresExactVerifiedBusinessIdentity; tests/wordpress/FinalConvergenceScenarioTest.php:5::testPersonalizedPodReviewChainStopsBeforeExternalExecution; tests/wordpress/FinalConvergenceScenarioTest.php:23::testScopedCapabilityRequiresGlobalShopAndWorkflow	Computed single-panel PNG/JPEG byte parity, template/mapping/personalization/identity boundaries verified. Actual personalized renderer and multi-panel contract remain MISSING SOFTWARE; visual/sample/buyer certification remains deferred.	IMPLEMENTED; MISSING SOFTWARE; DEFERRED OPERATIONAL EVIDENCE	Related component code exists; cited tests verify only their named behaviors.	INCOMPLETE_REQUIREMENT_COVERAGE
word/document.xml/p80	12. Personalized POD Factory	Target flow: Approved opportunity → product/design specification → supplier/product/provider evaluation → exact production template → personalization schema → artwork/print-area geometry → preview/mockup → cost/shipping/margin → Product Approval → Etsy listing → paid order → personalization capture/normalization → review → production artwork + preview from the same approved payload → provider order preparation → explicit human production authorization → provider production → shipment/tracking → finance/support/quality feedback.	SOFTWARE_PARTIAL	includes/POD/RenderArtifactVerifier.php:8	tests/wordpress/RenderArtifactCertificationTest.php:5::testSubscriberCannotApproveRenderOrPackage; tests/wordpress/RenderArtifactCertificationTest.php:10::testSuppliedHashesCannotStandInForActualArtifacts; tests/wordpress/RenderArtifactCertificationTest.php:13::testArtifactReaderRejectsRemoteAndNonImageInputs; tests/wordpress/RenderArtifactCertificationTest.php:16::testActualImageDigestAndDimensionsComeFromBytes; tests/wordpress/RenderArtifactCertificationTest.php:34::testHashOnlyLegacyEvidenceRemainsUnreviewed; tests/wordpress/RenderArtifactCertificationTest.php:37::testActualArtifactsBindTemplateAndApprovalThenDetectTemplateDrift; tests/wordpress/RenderArtifactCertificationTest.php:40::testTemplateFingerprintMappingAndShopConflictsAreBlocked; tests/wordpress/RenderArtifactCertificationTest.php:47::testActualPreviewMismatchFailsBeforeCertification; tests/wordpress/RenderArtifactCertificationTest.php:51::testReceiptPersistenceDoesNotAcceptCallerHashArrays; tests/wordpress/RenderArtifactCertificationTest.php:55::testExternalEtsyShopRequiresExactVerifiedBusinessIdentity; tests/wordpress/FinalConvergenceScenarioTest.php:5::testPersonalizedPodReviewChainStopsBeforeExternalExecution; tests/wordpress/FinalConvergenceScenarioTest.php:23::testScopedCapabilityRequiresGlobalShopAndWorkflow	Computed single-panel PNG/JPEG byte parity, template/mapping/personalization/identity boundaries verified. Actual personalized renderer and multi-panel contract remain MISSING SOFTWARE; visual/sample/buyer certification remains deferred.	IMPLEMENTED; MISSING SOFTWARE; DEFERRED OPERATIONAL EVIDENCE	Related component code exists; cited tests verify only their named behaviors.	INCOMPLETE_REQUIREMENT_COVERAGE
word/document.xml/table16/r1/c1/p1	12. Personalized POD Factory	PRODUCTION GATE — Paid order is not production authorization. A prepared provider order is not production authorization. Final personalized artwork/preview must remain subject to the configured human approval gate before Printify production.	SOFTWARE_PARTIAL	includes/POD/RenderArtifactVerifier.php:8	tests/wordpress/RenderArtifactCertificationTest.php:5::testSubscriberCannotApproveRenderOrPackage; tests/wordpress/RenderArtifactCertificationTest.php:10::testSuppliedHashesCannotStandInForActualArtifacts; tests/wordpress/RenderArtifactCertificationTest.php:13::testArtifactReaderRejectsRemoteAndNonImageInputs; tests/wordpress/RenderArtifactCertificationTest.php:16::testActualImageDigestAndDimensionsComeFromBytes; tests/wordpress/RenderArtifactCertificationTest.php:34::testHashOnlyLegacyEvidenceRemainsUnreviewed; tests/wordpress/RenderArtifactCertificationTest.php:37::testActualArtifactsBindTemplateAndApprovalThenDetectTemplateDrift; tests/wordpress/RenderArtifactCertificationTest.php:40::testTemplateFingerprintMappingAndShopConflictsAreBlocked; tests/wordpress/RenderArtifactCertificationTest.php:47::testActualPreviewMismatchFailsBeforeCertification; tests/wordpress/RenderArtifactCertificationTest.php:51::testReceiptPersistenceDoesNotAcceptCallerHashArrays; tests/wordpress/RenderArtifactCertificationTest.php:55::testExternalEtsyShopRequiresExactVerifiedBusinessIdentity; tests/wordpress/FinalConvergenceScenarioTest.php:5::testPersonalizedPodReviewChainStopsBeforeExternalExecution; tests/wordpress/FinalConvergenceScenarioTest.php:23::testScopedCapabilityRequiresGlobalShopAndWorkflow	Computed single-panel PNG/JPEG byte parity, template/mapping/personalization/identity boundaries verified. Actual personalized renderer and multi-panel contract remain MISSING SOFTWARE; visual/sample/buyer certification remains deferred.	IMPLEMENTED; MISSING SOFTWARE; DEFERRED OPERATIONAL EVIDENCE	Related component code exists; cited tests verify only their named behaviors.	INCOMPLETE_REQUIREMENT_COVERAGE
word/document.xml/p83	13. Master 500 Personalized POD Catalog Governance	13. Master 500 Personalized POD Catalog Governance	LOCAL_PARTIAL	includes/POD/MasterCatalogV2MigrationContract.php:6	tests/wordpress/MasterCatalogMixedCandidateTest.php:21::testMixedCandidatePersistsAllDispositionsAndReplaysExactEvidence; tests/wordpress/MasterCatalogMixedCandidateTest.php:42::testForgedNormalizedEvidenceIsRejectedBeforePersistence	Original 500 normalization and mixed lineage covered; supplier/economics/sample decisions not certified or promoted.	IMPLEMENTED	Related component code exists; cited tests verify only their named behaviors.	INCOMPLETE_REQUIREMENT_COVERAGE
word/document.xml/p84	13. Master 500 Personalized POD Catalog Governance	The original Master 500 contains exactly 500 personalized listing concepts across 20 families (25 each). It is a source catalog, not a command to build 500 unique production templates. The catalog uses reusable personalization engines and physical-product families.	LOCAL_PARTIAL	includes/POD/MasterCatalogV2MigrationContract.php:6	tests/wordpress/MasterCatalogMixedCandidateTest.php:21::testMixedCandidatePersistsAllDispositionsAndReplaysExactEvidence; tests/wordpress/MasterCatalogMixedCandidateTest.php:42::testForgedNormalizedEvidenceIsRejectedBeforePersistence	Original 500 normalization and mixed lineage covered; supplier/economics/sample decisions not certified or promoted.	IMPLEMENTED	Related component code exists; cited tests verify only their named behaviors.	INCOMPLETE_REQUIREMENT_COVERAGE
word/document.xml/p85	13. Master 500 Personalized POD Catalog Governance	13.1 Original 20 product families	LOCAL_PARTIAL	includes/POD/MasterCatalogV2MigrationContract.php:6	tests/wordpress/MasterCatalogMixedCandidateTest.php:21::testMixedCandidatePersistsAllDispositionsAndReplaysExactEvidence; tests/wordpress/MasterCatalogMixedCandidateTest.php:42::testForgedNormalizedEvidenceIsRejectedBeforePersistence	Original 500 normalization and mixed lineage covered; supplier/economics/sample decisions not certified or promoted.	IMPLEMENTED	Related component code exists; cited tests verify only their named behaviors.	INCOMPLETE_REQUIREMENT_COVERAGE
word/document.xml/table17/r1/c1/p1	13. Master 500 Personalized POD Catalog Governance	Range	LOCAL_PARTIAL	includes/POD/MasterCatalogV2MigrationContract.php:6	tests/wordpress/MasterCatalogMixedCandidateTest.php:21::testMixedCandidatePersistsAllDispositionsAndReplaysExactEvidence; tests/wordpress/MasterCatalogMixedCandidateTest.php:42::testForgedNormalizedEvidenceIsRejectedBeforePersistence	Original 500 normalization and mixed lineage covered; supplier/economics/sample decisions not certified or promoted.	IMPLEMENTED	Related component code exists; cited tests verify only their named behaviors.	INCOMPLETE_REQUIREMENT_COVERAGE
word/document.xml/table17/r1/c2/p1	13. Master 500 Personalized POD Catalog Governance	Family	LOCAL_PARTIAL	includes/POD/MasterCatalogV2MigrationContract.php:6	tests/wordpress/MasterCatalogMixedCandidateTest.php:21::testMixedCandidatePersistsAllDispositionsAndReplaysExactEvidence; tests/wordpress/MasterCatalogMixedCandidateTest.php:42::testForgedNormalizedEvidenceIsRejectedBeforePersistence	Original 500 normalization and mixed lineage covered; supplier/economics/sample decisions not certified or promoted.	IMPLEMENTED	Related component code exists; cited tests verify only their named behaviors.	INCOMPLETE_REQUIREMENT_COVERAGE
word/document.xml/table17/r1/c3/p1	13. Master 500 Personalized POD Catalog Governance	Concept count	LOCAL_PARTIAL	includes/POD/MasterCatalogV2MigrationContract.php:6	tests/wordpress/MasterCatalogMixedCandidateTest.php:21::testMixedCandidatePersistsAllDispositionsAndReplaysExactEvidence; tests/wordpress/MasterCatalogMixedCandidateTest.php:42::testForgedNormalizedEvidenceIsRejectedBeforePersistence	Original 500 normalization and mixed lineage covered; supplier/economics/sample decisions not certified or promoted.	IMPLEMENTED	Related component code exists; cited tests verify only their named behaviors.	INCOMPLETE_REQUIREMENT_COVERAGE
word/document.xml/table17/r2/c1/p1	13. Master 500 Personalized POD Catalog Governance	001–025	LOCAL_PARTIAL	includes/POD/MasterCatalogV2MigrationContract.php:6	tests/wordpress/MasterCatalogMixedCandidateTest.php:21::testMixedCandidatePersistsAllDispositionsAndReplaysExactEvidence; tests/wordpress/MasterCatalogMixedCandidateTest.php:42::testForgedNormalizedEvidenceIsRejectedBeforePersistence	Original 500 normalization and mixed lineage covered; supplier/economics/sample decisions not certified or promoted.	IMPLEMENTED	Related component code exists; cited tests verify only their named behaviors.	INCOMPLETE_REQUIREMENT_COVERAGE
word/document.xml/table17/r2/c2/p1	13. Master 500 Personalized POD Catalog Governance	Face & Photo Socks	LOCAL_PARTIAL	includes/POD/MasterCatalogV2MigrationContract.php:6	tests/wordpress/MasterCatalogMixedCandidateTest.php:21::testMixedCandidatePersistsAllDispositionsAndReplaysExactEvidence; tests/wordpress/MasterCatalogMixedCandidateTest.php:42::testForgedNormalizedEvidenceIsRejectedBeforePersistence	Original 500 normalization and mixed lineage covered; supplier/economics/sample decisions not certified or promoted.	IMPLEMENTED	Related component code exists; cited tests verify only their named behaviors.	INCOMPLETE_REQUIREMENT_COVERAGE
word/document.xml/table17/r2/c3/p1	13. Master 500 Personalized POD Catalog Governance	25	LOCAL_PARTIAL	includes/POD/MasterCatalogV2MigrationContract.php:6	tests/wordpress/MasterCatalogMixedCandidateTest.php:21::testMixedCandidatePersistsAllDispositionsAndReplaysExactEvidence; tests/wordpress/MasterCatalogMixedCandidateTest.php:42::testForgedNormalizedEvidenceIsRejectedBeforePersistence	Original 500 normalization and mixed lineage covered; supplier/economics/sample decisions not certified or promoted.	IMPLEMENTED	Related component code exists; cited tests verify only their named behaviors.	INCOMPLETE_REQUIREMENT_COVERAGE
word/document.xml/table17/r3/c1/p1	13. Master 500 Personalized POD Catalog Governance	026–050	LOCAL_PARTIAL	includes/POD/MasterCatalogV2MigrationContract.php:6	tests/wordpress/MasterCatalogMixedCandidateTest.php:21::testMixedCandidatePersistsAllDispositionsAndReplaysExactEvidence; tests/wordpress/MasterCatalogMixedCandidateTest.php:42::testForgedNormalizedEvidenceIsRejectedBeforePersistence	Original 500 normalization and mixed lineage covered; supplier/economics/sample decisions not certified or promoted.	IMPLEMENTED	Related component code exists; cited tests verify only their named behaviors.	INCOMPLETE_REQUIREMENT_COVERAGE
word/document.xml/table17/r3/c2/p1	13. Master 500 Personalized POD Catalog Governance	Personalized Mugs	LOCAL_PARTIAL	includes/POD/MasterCatalogV2MigrationContract.php:6	tests/wordpress/MasterCatalogMixedCandidateTest.php:21::testMixedCandidatePersistsAllDispositionsAndReplaysExactEvidence; tests/wordpress/MasterCatalogMixedCandidateTest.php:42::testForgedNormalizedEvidenceIsRejectedBeforePersistence	Original 500 normalization and mixed lineage covered; supplier/economics/sample decisions not certified or promoted.	IMPLEMENTED	Related component code exists; cited tests verify only their named behaviors.	INCOMPLETE_REQUIREMENT_COVERAGE
word/document.xml/table17/r3/c3/p1	13. Master 500 Personalized POD Catalog Governance	25	LOCAL_PARTIAL	includes/POD/MasterCatalogV2MigrationContract.php:6	tests/wordpress/MasterCatalogMixedCandidateTest.php:21::testMixedCandidatePersistsAllDispositionsAndReplaysExactEvidence; tests/wordpress/MasterCatalogMixedCandidateTest.php:42::testForgedNormalizedEvidenceIsRejectedBeforePersistence	Original 500 normalization and mixed lineage covered; supplier/economics/sample decisions not certified or promoted.	IMPLEMENTED	Related component code exists; cited tests verify only their named behaviors.	INCOMPLETE_REQUIREMENT_COVERAGE
word/document.xml/table17/r4/c1/p1	13. Master 500 Personalized POD Catalog Governance	051–075	LOCAL_PARTIAL	includes/POD/MasterCatalogV2MigrationContract.php:6	tests/wordpress/MasterCatalogMixedCandidateTest.php:21::testMixedCandidatePersistsAllDispositionsAndReplaysExactEvidence; tests/wordpress/MasterCatalogMixedCandidateTest.php:42::testForgedNormalizedEvidenceIsRejectedBeforePersistence	Original 500 normalization and mixed lineage covered; supplier/economics/sample decisions not certified or promoted.	IMPLEMENTED	Related component code exists; cited tests verify only their named behaviors.	INCOMPLETE_REQUIREMENT_COVERAGE
word/document.xml/table17/r4/c2/p1	13. Master 500 Personalized POD Catalog Governance	Personalized T-Shirts	LOCAL_PARTIAL	includes/POD/MasterCatalogV2MigrationContract.php:6	tests/wordpress/MasterCatalogMixedCandidateTest.php:21::testMixedCandidatePersistsAllDispositionsAndReplaysExactEvidence; tests/wordpress/MasterCatalogMixedCandidateTest.php:42::testForgedNormalizedEvidenceIsRejectedBeforePersistence	Original 500 normalization and mixed lineage covered; supplier/economics/sample decisions not certified or promoted.	IMPLEMENTED	Related component code exists; cited tests verify only their named behaviors.	INCOMPLETE_REQUIREMENT_COVERAGE
word/document.xml/table17/r4/c3/p1	13. Master 500 Personalized POD Catalog Governance	25	LOCAL_PARTIAL	includes/POD/MasterCatalogV2MigrationContract.php:6	tests/wordpress/MasterCatalogMixedCandidateTest.php:21::testMixedCandidatePersistsAllDispositionsAndReplaysExactEvidence; tests/wordpress/MasterCatalogMixedCandidateTest.php:42::testForgedNormalizedEvidenceIsRejectedBeforePersistence	Original 500 normalization and mixed lineage covered; supplier/economics/sample decisions not certified or promoted.	IMPLEMENTED	Related component code exists; cited tests verify only their named behaviors.	INCOMPLETE_REQUIREMENT_COVERAGE
word/document.xml/table17/r5/c1/p1	13. Master 500 Personalized POD Catalog Governance	076–100	LOCAL_PARTIAL	includes/POD/MasterCatalogV2MigrationContract.php:6	tests/wordpress/MasterCatalogMixedCandidateTest.php:21::testMixedCandidatePersistsAllDispositionsAndReplaysExactEvidence; tests/wordpress/MasterCatalogMixedCandidateTest.php:42::testForgedNormalizedEvidenceIsRejectedBeforePersistence	Original 500 normalization and mixed lineage covered; supplier/economics/sample decisions not certified or promoted.	IMPLEMENTED	Related component code exists; cited tests verify only their named behaviors.	INCOMPLETE_REQUIREMENT_COVERAGE
word/document.xml/table17/r5/c2/p1	13. Master 500 Personalized POD Catalog Governance	Personalized Sweatshirts	LOCAL_PARTIAL	includes/POD/MasterCatalogV2MigrationContract.php:6	tests/wordpress/MasterCatalogMixedCandidateTest.php:21::testMixedCandidatePersistsAllDispositionsAndReplaysExactEvidence; tests/wordpress/MasterCatalogMixedCandidateTest.php:42::testForgedNormalizedEvidenceIsRejectedBeforePersistence	Original 500 normalization and mixed lineage covered; supplier/economics/sample decisions not certified or promoted.	IMPLEMENTED	Related component code exists; cited tests verify only their named behaviors.	INCOMPLETE_REQUIREMENT_COVERAGE
word/document.xml/table17/r5/c3/p1	13. Master 500 Personalized POD Catalog Governance	25	LOCAL_PARTIAL	includes/POD/MasterCatalogV2MigrationContract.php:6	tests/wordpress/MasterCatalogMixedCandidateTest.php:21::testMixedCandidatePersistsAllDispositionsAndReplaysExactEvidence; tests/wordpress/MasterCatalogMixedCandidateTest.php:42::testForgedNormalizedEvidenceIsRejectedBeforePersistence	Original 500 normalization and mixed lineage covered; supplier/economics/sample decisions not certified or promoted.	IMPLEMENTED	Related component code exists; cited tests verify only their named behaviors.	INCOMPLETE_REQUIREMENT_COVERAGE
word/document.xml/table17/r6/c1/p1	13. Master 500 Personalized POD Catalog Governance	101–125	LOCAL_PARTIAL	includes/POD/MasterCatalogV2MigrationContract.php:6	tests/wordpress/MasterCatalogMixedCandidateTest.php:21::testMixedCandidatePersistsAllDispositionsAndReplaysExactEvidence; tests/wordpress/MasterCatalogMixedCandidateTest.php:42::testForgedNormalizedEvidenceIsRejectedBeforePersistence	Original 500 normalization and mixed lineage covered; supplier/economics/sample decisions not certified or promoted.	IMPLEMENTED	Related component code exists; cited tests verify only their named behaviors.	INCOMPLETE_REQUIREMENT_COVERAGE
word/document.xml/table17/r6/c2/p1	13. Master 500 Personalized POD Catalog Governance	Personalized Hoodies	LOCAL_PARTIAL	includes/POD/MasterCatalogV2MigrationContract.php:6	tests/wordpress/MasterCatalogMixedCandidateTest.php:21::testMixedCandidatePersistsAllDispositionsAndReplaysExactEvidence; tests/wordpress/MasterCatalogMixedCandidateTest.php:42::testForgedNormalizedEvidenceIsRejectedBeforePersistence	Original 500 normalization and mixed lineage covered; supplier/economics/sample decisions not certified or promoted.	IMPLEMENTED	Related component code exists; cited tests verify only their named behaviors.	INCOMPLETE_REQUIREMENT_COVERAGE
word/document.xml/table17/r6/c3/p1	13. Master 500 Personalized POD Catalog Governance	25	LOCAL_PARTIAL	includes/POD/MasterCatalogV2MigrationContract.php:6	tests/wordpress/MasterCatalogMixedCandidateTest.php:21::testMixedCandidatePersistsAllDispositionsAndReplaysExactEvidence; tests/wordpress/MasterCatalogMixedCandidateTest.php:42::testForgedNormalizedEvidenceIsRejectedBeforePersistence	Original 500 normalization and mixed lineage covered; supplier/economics/sample decisions not certified or promoted.	IMPLEMENTED	Related component code exists; cited tests verify only their named behaviors.	INCOMPLETE_REQUIREMENT_COVERAGE
word/document.xml/table17/r7/c1/p1	13. Master 500 Personalized POD Catalog Governance	126–150	LOCAL_PARTIAL	includes/POD/MasterCatalogV2MigrationContract.php:6	tests/wordpress/MasterCatalogMixedCandidateTest.php:21::testMixedCandidatePersistsAllDispositionsAndReplaysExactEvidence; tests/wordpress/MasterCatalogMixedCandidateTest.php:42::testForgedNormalizedEvidenceIsRejectedBeforePersistence	Original 500 normalization and mixed lineage covered; supplier/economics/sample decisions not certified or promoted.	IMPLEMENTED	Related component code exists; cited tests verify only their named behaviors.	INCOMPLETE_REQUIREMENT_COVERAGE
word/document.xml/table17/r7/c2/p1	13. Master 500 Personalized POD Catalog Governance	Photo & Pet Blankets	LOCAL_PARTIAL	includes/POD/MasterCatalogV2MigrationContract.php:6	tests/wordpress/MasterCatalogMixedCandidateTest.php:21::testMixedCandidatePersistsAllDispositionsAndReplaysExactEvidence; tests/wordpress/MasterCatalogMixedCandidateTest.php:42::testForgedNormalizedEvidenceIsRejectedBeforePersistence	Original 500 normalization and mixed lineage covered; supplier/economics/sample decisions not certified or promoted.	IMPLEMENTED	Related component code exists; cited tests verify only their named behaviors.	INCOMPLETE_REQUIREMENT_COVERAGE
word/document.xml/table17/r7/c3/p1	13. Master 500 Personalized POD Catalog Governance	25	LOCAL_PARTIAL	includes/POD/MasterCatalogV2MigrationContract.php:6	tests/wordpress/MasterCatalogMixedCandidateTest.php:21::testMixedCandidatePersistsAllDispositionsAndReplaysExactEvidence; tests/wordpress/MasterCatalogMixedCandidateTest.php:42::testForgedNormalizedEvidenceIsRejectedBeforePersistence	Original 500 normalization and mixed lineage covered; supplier/economics/sample decisions not certified or promoted.	IMPLEMENTED	Related component code exists; cited tests verify only their named behaviors.	INCOMPLETE_REQUIREMENT_COVERAGE
word/document.xml/table17/r8/c1/p1	13. Master 500 Personalized POD Catalog Governance	151–175	LOCAL_PARTIAL	includes/POD/MasterCatalogV2MigrationContract.php:6	tests/wordpress/MasterCatalogMixedCandidateTest.php:21::testMixedCandidatePersistsAllDispositionsAndReplaysExactEvidence; tests/wordpress/MasterCatalogMixedCandidateTest.php:42::testForgedNormalizedEvidenceIsRejectedBeforePersistence	Original 500 normalization and mixed lineage covered; supplier/economics/sample decisions not certified or promoted.	IMPLEMENTED	Related component code exists; cited tests verify only their named behaviors.	INCOMPLETE_REQUIREMENT_COVERAGE
word/document.xml/table17/r8/c2/p1	13. Master 500 Personalized POD Catalog Governance	Personalized Pillows	LOCAL_PARTIAL	includes/POD/MasterCatalogV2MigrationContract.php:6	tests/wordpress/MasterCatalogMixedCandidateTest.php:21::testMixedCandidatePersistsAllDispositionsAndReplaysExactEvidence; tests/wordpress/MasterCatalogMixedCandidateTest.php:42::testForgedNormalizedEvidenceIsRejectedBeforePersistence	Original 500 normalization and mixed lineage covered; supplier/economics/sample decisions not certified or promoted.	IMPLEMENTED	Related component code exists; cited tests verify only their named behaviors.	INCOMPLETE_REQUIREMENT_COVERAGE
word/document.xml/table17/r8/c3/p1	13. Master 500 Personalized POD Catalog Governance	25	LOCAL_PARTIAL	includes/POD/MasterCatalogV2MigrationContract.php:6	tests/wordpress/MasterCatalogMixedCandidateTest.php:21::testMixedCandidatePersistsAllDispositionsAndReplaysExactEvidence; tests/wordpress/MasterCatalogMixedCandidateTest.php:42::testForgedNormalizedEvidenceIsRejectedBeforePersistence	Original 500 normalization and mixed lineage covered; supplier/economics/sample decisions not certified or promoted.	IMPLEMENTED	Related component code exists; cited tests verify only their named behaviors.	INCOMPLETE_REQUIREMENT_COVERAGE
word/document.xml/table17/r9/c1/p1	13. Master 500 Personalized POD Catalog Governance	176–200	LOCAL_PARTIAL	includes/POD/MasterCatalogV2MigrationContract.php:6	tests/wordpress/MasterCatalogMixedCandidateTest.php:21::testMixedCandidatePersistsAllDispositionsAndReplaysExactEvidence; tests/wordpress/MasterCatalogMixedCandidateTest.php:42::testForgedNormalizedEvidenceIsRejectedBeforePersistence	Original 500 normalization and mixed lineage covered; supplier/economics/sample decisions not certified or promoted.	IMPLEMENTED	Related component code exists; cited tests verify only their named behaviors.	INCOMPLETE_REQUIREMENT_COVERAGE
word/document.xml/table17/r9/c2/p1	13. Master 500 Personalized POD Catalog Governance	Personalized Phone Cases	LOCAL_PARTIAL	includes/POD/MasterCatalogV2MigrationContract.php:6	tests/wordpress/MasterCatalogMixedCandidateTest.php:21::testMixedCandidatePersistsAllDispositionsAndReplaysExactEvidence; tests/wordpress/MasterCatalogMixedCandidateTest.php:42::testForgedNormalizedEvidenceIsRejectedBeforePersistence	Original 500 normalization and mixed lineage covered; supplier/economics/sample decisions not certified or promoted.	IMPLEMENTED	Related component code exists; cited tests verify only their named behaviors.	INCOMPLETE_REQUIREMENT_COVERAGE
word/document.xml/table17/r9/c3/p1	13. Master 500 Personalized POD Catalog Governance	25	LOCAL_PARTIAL	includes/POD/MasterCatalogV2MigrationContract.php:6	tests/wordpress/MasterCatalogMixedCandidateTest.php:21::testMixedCandidatePersistsAllDispositionsAndReplaysExactEvidence; tests/wordpress/MasterCatalogMixedCandidateTest.php:42::testForgedNormalizedEvidenceIsRejectedBeforePersistence	Original 500 normalization and mixed lineage covered; supplier/economics/sample decisions not certified or promoted.	IMPLEMENTED	Related component code exists; cited tests verify only their named behaviors.	INCOMPLETE_REQUIREMENT_COVERAGE
word/document.xml/table17/r10/c1/p1	13. Master 500 Personalized POD Catalog Governance	201–225	LOCAL_PARTIAL	includes/POD/MasterCatalogV2MigrationContract.php:6	tests/wordpress/MasterCatalogMixedCandidateTest.php:21::testMixedCandidatePersistsAllDispositionsAndReplaysExactEvidence; tests/wordpress/MasterCatalogMixedCandidateTest.php:42::testForgedNormalizedEvidenceIsRejectedBeforePersistence	Original 500 normalization and mixed lineage covered; supplier/economics/sample decisions not certified or promoted.	IMPLEMENTED	Related component code exists; cited tests verify only their named behaviors.	INCOMPLETE_REQUIREMENT_COVERAGE
word/document.xml/table17/r10/c2/p1	13. Master 500 Personalized POD Catalog Governance	Personalized Tote Bags	LOCAL_PARTIAL	includes/POD/MasterCatalogV2MigrationContract.php:6	tests/wordpress/MasterCatalogMixedCandidateTest.php:21::testMixedCandidatePersistsAllDispositionsAndReplaysExactEvidence; tests/wordpress/MasterCatalogMixedCandidateTest.php:42::testForgedNormalizedEvidenceIsRejectedBeforePersistence	Original 500 normalization and mixed lineage covered; supplier/economics/sample decisions not certified or promoted.	IMPLEMENTED	Related component code exists; cited tests verify only their named behaviors.	INCOMPLETE_REQUIREMENT_COVERAGE
word/document.xml/table17/r10/c3/p1	13. Master 500 Personalized POD Catalog Governance	25	LOCAL_PARTIAL	includes/POD/MasterCatalogV2MigrationContract.php:6	tests/wordpress/MasterCatalogMixedCandidateTest.php:21::testMixedCandidatePersistsAllDispositionsAndReplaysExactEvidence; tests/wordpress/MasterCatalogMixedCandidateTest.php:42::testForgedNormalizedEvidenceIsRejectedBeforePersistence	Original 500 normalization and mixed lineage covered; supplier/economics/sample decisions not certified or promoted.	IMPLEMENTED	Related component code exists; cited tests verify only their named behaviors.	INCOMPLETE_REQUIREMENT_COVERAGE
word/document.xml/table17/r11/c1/p1	13. Master 500 Personalized POD Catalog Governance	226–250	LOCAL_PARTIAL	includes/POD/MasterCatalogV2MigrationContract.php:6	tests/wordpress/MasterCatalogMixedCandidateTest.php:21::testMixedCandidatePersistsAllDispositionsAndReplaysExactEvidence; tests/wordpress/MasterCatalogMixedCandidateTest.php:42::testForgedNormalizedEvidenceIsRejectedBeforePersistence	Original 500 normalization and mixed lineage covered; supplier/economics/sample decisions not certified or promoted.	IMPLEMENTED	Related component code exists; cited tests verify only their named behaviors.	INCOMPLETE_REQUIREMENT_COVERAGE
word/document.xml/table17/r11/c2/p1	13. Master 500 Personalized POD Catalog Governance	Personalized Ornaments	LOCAL_PARTIAL	includes/POD/MasterCatalogV2MigrationContract.php:6	tests/wordpress/MasterCatalogMixedCandidateTest.php:21::testMixedCandidatePersistsAllDispositionsAndReplaysExactEvidence; tests/wordpress/MasterCatalogMixedCandidateTest.php:42::testForgedNormalizedEvidenceIsRejectedBeforePersistence	Original 500 normalization and mixed lineage covered; supplier/economics/sample decisions not certified or promoted.	IMPLEMENTED	Related component code exists; cited tests verify only their named behaviors.	INCOMPLETE_REQUIREMENT_COVERAGE
word/document.xml/table17/r11/c3/p1	13. Master 500 Personalized POD Catalog Governance	25	LOCAL_PARTIAL	includes/POD/MasterCatalogV2MigrationContract.php:6	tests/wordpress/MasterCatalogMixedCandidateTest.php:21::testMixedCandidatePersistsAllDispositionsAndReplaysExactEvidence; tests/wordpress/MasterCatalogMixedCandidateTest.php:42::testForgedNormalizedEvidenceIsRejectedBeforePersistence	Original 500 normalization and mixed lineage covered; supplier/economics/sample decisions not certified or promoted.	IMPLEMENTED	Related component code exists; cited tests verify only their named behaviors.	INCOMPLETE_REQUIREMENT_COVERAGE
word/document.xml/table17/r12/c1/p1	13. Master 500 Personalized POD Catalog Governance	251–275	LOCAL_PARTIAL	includes/POD/MasterCatalogV2MigrationContract.php:6	tests/wordpress/MasterCatalogMixedCandidateTest.php:21::testMixedCandidatePersistsAllDispositionsAndReplaysExactEvidence; tests/wordpress/MasterCatalogMixedCandidateTest.php:42::testForgedNormalizedEvidenceIsRejectedBeforePersistence	Original 500 normalization and mixed lineage covered; supplier/economics/sample decisions not certified or promoted.	IMPLEMENTED	Related component code exists; cited tests verify only their named behaviors.	INCOMPLETE_REQUIREMENT_COVERAGE
word/document.xml/table17/r12/c2/p1	13. Master 500 Personalized POD Catalog Governance	Personalized Posters	LOCAL_PARTIAL	includes/POD/MasterCatalogV2MigrationContract.php:6	tests/wordpress/MasterCatalogMixedCandidateTest.php:21::testMixedCandidatePersistsAllDispositionsAndReplaysExactEvidence; tests/wordpress/MasterCatalogMixedCandidateTest.php:42::testForgedNormalizedEvidenceIsRejectedBeforePersistence	Original 500 normalization and mixed lineage covered; supplier/economics/sample decisions not certified or promoted.	IMPLEMENTED	Related component code exists; cited tests verify only their named behaviors.	INCOMPLETE_REQUIREMENT_COVERAGE
word/document.xml/table17/r12/c3/p1	13. Master 500 Personalized POD Catalog Governance	25	LOCAL_PARTIAL	includes/POD/MasterCatalogV2MigrationContract.php:6	tests/wordpress/MasterCatalogMixedCandidateTest.php:21::testMixedCandidatePersistsAllDispositionsAndReplaysExactEvidence; tests/wordpress/MasterCatalogMixedCandidateTest.php:42::testForgedNormalizedEvidenceIsRejectedBeforePersistence	Original 500 normalization and mixed lineage covered; supplier/economics/sample decisions not certified or promoted.	IMPLEMENTED	Related component code exists; cited tests verify only their named behaviors.	INCOMPLETE_REQUIREMENT_COVERAGE
word/document.xml/table17/r13/c1/p1	13. Master 500 Personalized POD Catalog Governance	276–300	LOCAL_PARTIAL	includes/POD/MasterCatalogV2MigrationContract.php:6	tests/wordpress/MasterCatalogMixedCandidateTest.php:21::testMixedCandidatePersistsAllDispositionsAndReplaysExactEvidence; tests/wordpress/MasterCatalogMixedCandidateTest.php:42::testForgedNormalizedEvidenceIsRejectedBeforePersistence	Original 500 normalization and mixed lineage covered; supplier/economics/sample decisions not certified or promoted.	IMPLEMENTED	Related component code exists; cited tests verify only their named behaviors.	INCOMPLETE_REQUIREMENT_COVERAGE
word/document.xml/table17/r13/c2/p1	13. Master 500 Personalized POD Catalog Governance	Personalized Canvas	LOCAL_PARTIAL	includes/POD/MasterCatalogV2MigrationContract.php:6	tests/wordpress/MasterCatalogMixedCandidateTest.php:21::testMixedCandidatePersistsAllDispositionsAndReplaysExactEvidence; tests/wordpress/MasterCatalogMixedCandidateTest.php:42::testForgedNormalizedEvidenceIsRejectedBeforePersistence	Original 500 normalization and mixed lineage covered; supplier/economics/sample decisions not certified or promoted.	IMPLEMENTED	Related component code exists; cited tests verify only their named behaviors.	INCOMPLETE_REQUIREMENT_COVERAGE
word/document.xml/table17/r13/c3/p1	13. Master 500 Personalized POD Catalog Governance	25	LOCAL_PARTIAL	includes/POD/MasterCatalogV2MigrationContract.php:6	tests/wordpress/MasterCatalogMixedCandidateTest.php:21::testMixedCandidatePersistsAllDispositionsAndReplaysExactEvidence; tests/wordpress/MasterCatalogMixedCandidateTest.php:42::testForgedNormalizedEvidenceIsRejectedBeforePersistence	Original 500 normalization and mixed lineage covered; supplier/economics/sample decisions not certified or promoted.	IMPLEMENTED	Related component code exists; cited tests verify only their named behaviors.	INCOMPLETE_REQUIREMENT_COVERAGE
word/document.xml/table17/r14/c1/p1	13. Master 500 Personalized POD Catalog Governance	301–325	LOCAL_PARTIAL	includes/POD/MasterCatalogV2MigrationContract.php:6	tests/wordpress/MasterCatalogMixedCandidateTest.php:21::testMixedCandidatePersistsAllDispositionsAndReplaysExactEvidence; tests/wordpress/MasterCatalogMixedCandidateTest.php:42::testForgedNormalizedEvidenceIsRejectedBeforePersistence	Original 500 normalization and mixed lineage covered; supplier/economics/sample decisions not certified or promoted.	IMPLEMENTED	Related component code exists; cited tests verify only their named behaviors.	INCOMPLETE_REQUIREMENT_COVERAGE
word/document.xml/table17/r14/c2/p1	13. Master 500 Personalized POD Catalog Governance	Personalized Journals	LOCAL_PARTIAL	includes/POD/MasterCatalogV2MigrationContract.php:6	tests/wordpress/MasterCatalogMixedCandidateTest.php:21::testMixedCandidatePersistsAllDispositionsAndReplaysExactEvidence; tests/wordpress/MasterCatalogMixedCandidateTest.php:42::testForgedNormalizedEvidenceIsRejectedBeforePersistence	Original 500 normalization and mixed lineage covered; supplier/economics/sample decisions not certified or promoted.	IMPLEMENTED	Related component code exists; cited tests verify only their named behaviors.	INCOMPLETE_REQUIREMENT_COVERAGE
word/document.xml/table17/r14/c3/p1	13. Master 500 Personalized POD Catalog Governance	25	LOCAL_PARTIAL	includes/POD/MasterCatalogV2MigrationContract.php:6	tests/wordpress/MasterCatalogMixedCandidateTest.php:21::testMixedCandidatePersistsAllDispositionsAndReplaysExactEvidence; tests/wordpress/MasterCatalogMixedCandidateTest.php:42::testForgedNormalizedEvidenceIsRejectedBeforePersistence	Original 500 normalization and mixed lineage covered; supplier/economics/sample decisions not certified or promoted.	IMPLEMENTED	Related component code exists; cited tests verify only their named behaviors.	INCOMPLETE_REQUIREMENT_COVERAGE
word/document.xml/table17/r15/c1/p1	13. Master 500 Personalized POD Catalog Governance	326–350	LOCAL_PARTIAL	includes/POD/MasterCatalogV2MigrationContract.php:6	tests/wordpress/MasterCatalogMixedCandidateTest.php:21::testMixedCandidatePersistsAllDispositionsAndReplaysExactEvidence; tests/wordpress/MasterCatalogMixedCandidateTest.php:42::testForgedNormalizedEvidenceIsRejectedBeforePersistence	Original 500 normalization and mixed lineage covered; supplier/economics/sample decisions not certified or promoted.	IMPLEMENTED	Related component code exists; cited tests verify only their named behaviors.	INCOMPLETE_REQUIREMENT_COVERAGE
word/document.xml/table17/r15/c2/p1	13. Master 500 Personalized POD Catalog Governance	Personalized Candles	LOCAL_PARTIAL	includes/POD/MasterCatalogV2MigrationContract.php:6	tests/wordpress/MasterCatalogMixedCandidateTest.php:21::testMixedCandidatePersistsAllDispositionsAndReplaysExactEvidence; tests/wordpress/MasterCatalogMixedCandidateTest.php:42::testForgedNormalizedEvidenceIsRejectedBeforePersistence	Original 500 normalization and mixed lineage covered; supplier/economics/sample decisions not certified or promoted.	IMPLEMENTED	Related component code exists; cited tests verify only their named behaviors.	INCOMPLETE_REQUIREMENT_COVERAGE
word/document.xml/table17/r15/c3/p1	13. Master 500 Personalized POD Catalog Governance	25	LOCAL_PARTIAL	includes/POD/MasterCatalogV2MigrationContract.php:6	tests/wordpress/MasterCatalogMixedCandidateTest.php:21::testMixedCandidatePersistsAllDispositionsAndReplaysExactEvidence; tests/wordpress/MasterCatalogMixedCandidateTest.php:42::testForgedNormalizedEvidenceIsRejectedBeforePersistence	Original 500 normalization and mixed lineage covered; supplier/economics/sample decisions not certified or promoted.	IMPLEMENTED	Related component code exists; cited tests verify only their named behaviors.	INCOMPLETE_REQUIREMENT_COVERAGE
word/document.xml/table17/r16/c1/p1	13. Master 500 Personalized POD Catalog Governance	351–375	LOCAL_PARTIAL	includes/POD/MasterCatalogV2MigrationContract.php:6	tests/wordpress/MasterCatalogMixedCandidateTest.php:21::testMixedCandidatePersistsAllDispositionsAndReplaysExactEvidence; tests/wordpress/MasterCatalogMixedCandidateTest.php:42::testForgedNormalizedEvidenceIsRejectedBeforePersistence	Original 500 normalization and mixed lineage covered; supplier/economics/sample decisions not certified or promoted.	IMPLEMENTED	Related component code exists; cited tests verify only their named behaviors.	INCOMPLETE_REQUIREMENT_COVERAGE
word/document.xml/table17/r16/c2/p1	13. Master 500 Personalized POD Catalog Governance	Personalized Drinkware	LOCAL_PARTIAL	includes/POD/MasterCatalogV2MigrationContract.php:6	tests/wordpress/MasterCatalogMixedCandidateTest.php:21::testMixedCandidatePersistsAllDispositionsAndReplaysExactEvidence; tests/wordpress/MasterCatalogMixedCandidateTest.php:42::testForgedNormalizedEvidenceIsRejectedBeforePersistence	Original 500 normalization and mixed lineage covered; supplier/economics/sample decisions not certified or promoted.	IMPLEMENTED	Related component code exists; cited tests verify only their named behaviors.	INCOMPLETE_REQUIREMENT_COVERAGE
word/document.xml/table17/r16/c3/p1	13. Master 500 Personalized POD Catalog Governance	25	LOCAL_PARTIAL	includes/POD/MasterCatalogV2MigrationContract.php:6	tests/wordpress/MasterCatalogMixedCandidateTest.php:21::testMixedCandidatePersistsAllDispositionsAndReplaysExactEvidence; tests/wordpress/MasterCatalogMixedCandidateTest.php:42::testForgedNormalizedEvidenceIsRejectedBeforePersistence	Original 500 normalization and mixed lineage covered; supplier/economics/sample decisions not certified or promoted.	IMPLEMENTED	Related component code exists; cited tests verify only their named behaviors.	INCOMPLETE_REQUIREMENT_COVERAGE
word/document.xml/table17/r17/c1/p1	13. Master 500 Personalized POD Catalog Governance	376–400	LOCAL_PARTIAL	includes/POD/MasterCatalogV2MigrationContract.php:6	tests/wordpress/MasterCatalogMixedCandidateTest.php:21::testMixedCandidatePersistsAllDispositionsAndReplaysExactEvidence; tests/wordpress/MasterCatalogMixedCandidateTest.php:42::testForgedNormalizedEvidenceIsRejectedBeforePersistence	Original 500 normalization and mixed lineage covered; supplier/economics/sample decisions not certified or promoted.	IMPLEMENTED	Related component code exists; cited tests verify only their named behaviors.	INCOMPLETE_REQUIREMENT_COVERAGE
word/document.xml/table17/r17/c2/p1	13. Master 500 Personalized POD Catalog Governance	Baby & Kids	LOCAL_PARTIAL	includes/POD/MasterCatalogV2MigrationContract.php:6	tests/wordpress/MasterCatalogMixedCandidateTest.php:21::testMixedCandidatePersistsAllDispositionsAndReplaysExactEvidence; tests/wordpress/MasterCatalogMixedCandidateTest.php:42::testForgedNormalizedEvidenceIsRejectedBeforePersistence	Original 500 normalization and mixed lineage covered; supplier/economics/sample decisions not certified or promoted.	IMPLEMENTED	Related component code exists; cited tests verify only their named behaviors.	INCOMPLETE_REQUIREMENT_COVERAGE
word/document.xml/table17/r17/c3/p1	13. Master 500 Personalized POD Catalog Governance	25	LOCAL_PARTIAL	includes/POD/MasterCatalogV2MigrationContract.php:6	tests/wordpress/MasterCatalogMixedCandidateTest.php:21::testMixedCandidatePersistsAllDispositionsAndReplaysExactEvidence; tests/wordpress/MasterCatalogMixedCandidateTest.php:42::testForgedNormalizedEvidenceIsRejectedBeforePersistence	Original 500 normalization and mixed lineage covered; supplier/economics/sample decisions not certified or promoted.	IMPLEMENTED	Related component code exists; cited tests verify only their named behaviors.	INCOMPLETE_REQUIREMENT_COVERAGE
word/document.xml/table17/r18/c1/p1	13. Master 500 Personalized POD Catalog Governance	401–425	LOCAL_PARTIAL	includes/POD/MasterCatalogV2MigrationContract.php:6	tests/wordpress/MasterCatalogMixedCandidateTest.php:21::testMixedCandidatePersistsAllDispositionsAndReplaysExactEvidence; tests/wordpress/MasterCatalogMixedCandidateTest.php:42::testForgedNormalizedEvidenceIsRejectedBeforePersistence	Original 500 normalization and mixed lineage covered; supplier/economics/sample decisions not certified or promoted.	IMPLEMENTED	Related component code exists; cited tests verify only their named behaviors.	INCOMPLETE_REQUIREMENT_COVERAGE
word/document.xml/table17/r18/c2/p1	13. Master 500 Personalized POD Catalog Governance	AOP Leggings	LOCAL_PARTIAL	includes/POD/MasterCatalogV2MigrationContract.php:6	tests/wordpress/MasterCatalogMixedCandidateTest.php:21::testMixedCandidatePersistsAllDispositionsAndReplaysExactEvidence; tests/wordpress/MasterCatalogMixedCandidateTest.php:42::testForgedNormalizedEvidenceIsRejectedBeforePersistence	Original 500 normalization and mixed lineage covered; supplier/economics/sample decisions not certified or promoted.	IMPLEMENTED	Related component code exists; cited tests verify only their named behaviors.	INCOMPLETE_REQUIREMENT_COVERAGE
word/document.xml/table17/r18/c3/p1	13. Master 500 Personalized POD Catalog Governance	25	LOCAL_PARTIAL	includes/POD/MasterCatalogV2MigrationContract.php:6	tests/wordpress/MasterCatalogMixedCandidateTest.php:21::testMixedCandidatePersistsAllDispositionsAndReplaysExactEvidence; tests/wordpress/MasterCatalogMixedCandidateTest.php:42::testForgedNormalizedEvidenceIsRejectedBeforePersistence	Original 500 normalization and mixed lineage covered; supplier/economics/sample decisions not certified or promoted.	IMPLEMENTED	Related component code exists; cited tests verify only their named behaviors.	INCOMPLETE_REQUIREMENT_COVERAGE
word/document.xml/table17/r19/c1/p1	13. Master 500 Personalized POD Catalog Governance	426–450	LOCAL_PARTIAL	includes/POD/MasterCatalogV2MigrationContract.php:6	tests/wordpress/MasterCatalogMixedCandidateTest.php:21::testMixedCandidatePersistsAllDispositionsAndReplaysExactEvidence; tests/wordpress/MasterCatalogMixedCandidateTest.php:42::testForgedNormalizedEvidenceIsRejectedBeforePersistence	Original 500 normalization and mixed lineage covered; supplier/economics/sample decisions not certified or promoted.	IMPLEMENTED	Related component code exists; cited tests verify only their named behaviors.	INCOMPLETE_REQUIREMENT_COVERAGE
word/document.xml/table17/r19/c2/p1	13. Master 500 Personalized POD Catalog Governance	Personalized Pajamas	LOCAL_PARTIAL	includes/POD/MasterCatalogV2MigrationContract.php:6	tests/wordpress/MasterCatalogMixedCandidateTest.php:21::testMixedCandidatePersistsAllDispositionsAndReplaysExactEvidence; tests/wordpress/MasterCatalogMixedCandidateTest.php:42::testForgedNormalizedEvidenceIsRejectedBeforePersistence	Original 500 normalization and mixed lineage covered; supplier/economics/sample decisions not certified or promoted.	IMPLEMENTED	Related component code exists; cited tests verify only their named behaviors.	INCOMPLETE_REQUIREMENT_COVERAGE
word/document.xml/table17/r19/c3/p1	13. Master 500 Personalized POD Catalog Governance	25	LOCAL_PARTIAL	includes/POD/MasterCatalogV2MigrationContract.php:6	tests/wordpress/MasterCatalogMixedCandidateTest.php:21::testMixedCandidatePersistsAllDispositionsAndReplaysExactEvidence; tests/wordpress/MasterCatalogMixedCandidateTest.php:42::testForgedNormalizedEvidenceIsRejectedBeforePersistence	Original 500 normalization and mixed lineage covered; supplier/economics/sample decisions not certified or promoted.	IMPLEMENTED	Related component code exists; cited tests verify only their named behaviors.	INCOMPLETE_REQUIREMENT_COVERAGE
word/document.xml/table17/r20/c1/p1	13. Master 500 Personalized POD Catalog Governance	451–475	LOCAL_PARTIAL	includes/POD/MasterCatalogV2MigrationContract.php:6	tests/wordpress/MasterCatalogMixedCandidateTest.php:21::testMixedCandidatePersistsAllDispositionsAndReplaysExactEvidence; tests/wordpress/MasterCatalogMixedCandidateTest.php:42::testForgedNormalizedEvidenceIsRejectedBeforePersistence	Original 500 normalization and mixed lineage covered; supplier/economics/sample decisions not certified or promoted.	IMPLEMENTED	Related component code exists; cited tests verify only their named behaviors.	INCOMPLETE_REQUIREMENT_COVERAGE
word/document.xml/table17/r20/c2/p1	13. Master 500 Personalized POD Catalog Governance	Family/Couple/Memorial Gifts	LOCAL_PARTIAL	includes/POD/MasterCatalogV2MigrationContract.php:6	tests/wordpress/MasterCatalogMixedCandidateTest.php:21::testMixedCandidatePersistsAllDispositionsAndReplaysExactEvidence; tests/wordpress/MasterCatalogMixedCandidateTest.php:42::testForgedNormalizedEvidenceIsRejectedBeforePersistence	Original 500 normalization and mixed lineage covered; supplier/economics/sample decisions not certified or promoted.	IMPLEMENTED	Related component code exists; cited tests verify only their named behaviors.	INCOMPLETE_REQUIREMENT_COVERAGE
word/document.xml/table17/r20/c3/p1	13. Master 500 Personalized POD Catalog Governance	25	LOCAL_PARTIAL	includes/POD/MasterCatalogV2MigrationContract.php:6	tests/wordpress/MasterCatalogMixedCandidateTest.php:21::testMixedCandidatePersistsAllDispositionsAndReplaysExactEvidence; tests/wordpress/MasterCatalogMixedCandidateTest.php:42::testForgedNormalizedEvidenceIsRejectedBeforePersistence	Original 500 normalization and mixed lineage covered; supplier/economics/sample decisions not certified or promoted.	IMPLEMENTED	Related component code exists; cited tests verify only their named behaviors.	INCOMPLETE_REQUIREMENT_COVERAGE
word/document.xml/table17/r21/c1/p1	13. Master 500 Personalized POD Catalog Governance	476–500	LOCAL_PARTIAL	includes/POD/MasterCatalogV2MigrationContract.php:6	tests/wordpress/MasterCatalogMixedCandidateTest.php:21::testMixedCandidatePersistsAllDispositionsAndReplaysExactEvidence; tests/wordpress/MasterCatalogMixedCandidateTest.php:42::testForgedNormalizedEvidenceIsRejectedBeforePersistence	Original 500 normalization and mixed lineage covered; supplier/economics/sample decisions not certified or promoted.	IMPLEMENTED	Related component code exists; cited tests verify only their named behaviors.	INCOMPLETE_REQUIREMENT_COVERAGE
word/document.xml/table17/r21/c2/p1	13. Master 500 Personalized POD Catalog Governance	Advanced Transformations	LOCAL_PARTIAL	includes/POD/MasterCatalogV2MigrationContract.php:6	tests/wordpress/MasterCatalogMixedCandidateTest.php:21::testMixedCandidatePersistsAllDispositionsAndReplaysExactEvidence; tests/wordpress/MasterCatalogMixedCandidateTest.php:42::testForgedNormalizedEvidenceIsRejectedBeforePersistence	Original 500 normalization and mixed lineage covered; supplier/economics/sample decisions not certified or promoted.	IMPLEMENTED	Related component code exists; cited tests verify only their named behaviors.	INCOMPLETE_REQUIREMENT_COVERAGE
word/document.xml/table17/r21/c3/p1	13. Master 500 Personalized POD Catalog Governance	25	LOCAL_PARTIAL	includes/POD/MasterCatalogV2MigrationContract.php:6	tests/wordpress/MasterCatalogMixedCandidateTest.php:21::testMixedCandidatePersistsAllDispositionsAndReplaysExactEvidence; tests/wordpress/MasterCatalogMixedCandidateTest.php:42::testForgedNormalizedEvidenceIsRejectedBeforePersistence	Original 500 normalization and mixed lineage covered; supplier/economics/sample decisions not certified or promoted.	IMPLEMENTED	Related component code exists; cited tests verify only their named behaviors.	INCOMPLETE_REQUIREMENT_COVERAGE
word/document.xml/p88	13. Master 500 Personalized POD Catalog Governance	13.2 Reusable personalization engines	LOCAL_PARTIAL	includes/POD/MasterCatalogV2MigrationContract.php:6	tests/wordpress/MasterCatalogMixedCandidateTest.php:21::testMixedCandidatePersistsAllDispositionsAndReplaysExactEvidence; tests/wordpress/MasterCatalogMixedCandidateTest.php:42::testForgedNormalizedEvidenceIsRejectedBeforePersistence	Original 500 normalization and mixed lineage covered; supplier/economics/sample decisions not certified or promoted.	IMPLEMENTED	Related component code exists; cited tests verify only their named behaviors.	INCOMPLETE_REQUIREMENT_COVERAGE
word/document.xml/p89	13. Master 500 Personalized POD Catalog Governance	Core engines include FACE_REPEAT, PET_FACE_REPEAT, SINGLE_PHOTO, PHOTO_TEXT, PET_PORTRAIT, PHOTO_COLLAGE, MULTI_PHOTO, NAME_MONOGRAM, HANDWRITING, CHILD_ART, MEMORIAL, LINE_ART, WATERCOLOR, VINTAGE_PORTRAIT, AOP_PATTERN and AI_TRANSFORM. These engines are reusable across multiple physical products and listing concepts.	LOCAL_PARTIAL	includes/POD/MasterCatalogV2MigrationContract.php:6	tests/wordpress/MasterCatalogMixedCandidateTest.php:21::testMixedCandidatePersistsAllDispositionsAndReplaysExactEvidence; tests/wordpress/MasterCatalogMixedCandidateTest.php:42::testForgedNormalizedEvidenceIsRejectedBeforePersistence	Original 500 normalization and mixed lineage covered; supplier/economics/sample decisions not certified or promoted.	IMPLEMENTED	Related component code exists; cited tests verify only their named behaviors.	INCOMPLETE_REQUIREMENT_COVERAGE
word/document.xml/p90	13. Master 500 Personalized POD Catalog Governance	13.3 Master 500 v2 research direction	LOCAL_PARTIAL	includes/POD/MasterCatalogV2MigrationContract.php:6	tests/wordpress/MasterCatalogMixedCandidateTest.php:21::testMixedCandidatePersistsAllDispositionsAndReplaysExactEvidence; tests/wordpress/MasterCatalogMixedCandidateTest.php:42::testForgedNormalizedEvidenceIsRejectedBeforePersistence	Original 500 normalization and mixed lineage covered; supplier/economics/sample decisions not certified or promoted.	IMPLEMENTED	Related component code exists; cited tests verify only their named behaviors.	INCOMPLETE_REQUIREMENT_COVERAGE
word/document.xml/p91	13. Master 500 Personalized POD Catalog Governance	The research-backed v2 plan preserves 500 total opportunities while consolidating duplicate recipient/occasion variants and adding missing product families. It retains 428 original concepts as dedicated v2 concepts, merges/downgrades 72 original dedicated slots into overlays/tests, and adds 72 new concepts. Of the v2 total, 458 slots remain in existing families and 42 are allocated to four new families.	LOCAL_PARTIAL	includes/POD/MasterCatalogV2MigrationContract.php:6	tests/wordpress/MasterCatalogMixedCandidateTest.php:21::testMixedCandidatePersistsAllDispositionsAndReplaysExactEvidence; tests/wordpress/MasterCatalogMixedCandidateTest.php:42::testForgedNormalizedEvidenceIsRejectedBeforePersistence	Original 500 normalization and mixed lineage covered; supplier/economics/sample decisions not certified or promoted.	IMPLEMENTED	Related component code exists; cited tests verify only their named behaviors.	INCOMPLETE_REQUIREMENT_COVERAGE
word/document.xml/table18/r1/c1/p1	13. Master 500 Personalized POD Catalog Governance	New family	LOCAL_PARTIAL	includes/POD/MasterCatalogV2MigrationContract.php:6	tests/wordpress/MasterCatalogMixedCandidateTest.php:21::testMixedCandidatePersistsAllDispositionsAndReplaysExactEvidence; tests/wordpress/MasterCatalogMixedCandidateTest.php:42::testForgedNormalizedEvidenceIsRejectedBeforePersistence	Original 500 normalization and mixed lineage covered; supplier/economics/sample decisions not certified or promoted.	IMPLEMENTED	Related component code exists; cited tests verify only their named behaviors.	INCOMPLETE_REQUIREMENT_COVERAGE
word/document.xml/table18/r1/c2/p1	13. Master 500 Personalized POD Catalog Governance	v2 slots	LOCAL_PARTIAL	includes/POD/MasterCatalogV2MigrationContract.php:6	tests/wordpress/MasterCatalogMixedCandidateTest.php:21::testMixedCandidatePersistsAllDispositionsAndReplaysExactEvidence; tests/wordpress/MasterCatalogMixedCandidateTest.php:42::testForgedNormalizedEvidenceIsRejectedBeforePersistence	Original 500 normalization and mixed lineage covered; supplier/economics/sample decisions not certified or promoted.	IMPLEMENTED	Related component code exists; cited tests verify only their named behaviors.	INCOMPLETE_REQUIREMENT_COVERAGE
word/document.xml/table18/r2/c1/p1	13. Master 500 Personalized POD Catalog Governance	Kitchen/Home Keepsakes	LOCAL_PARTIAL	includes/POD/MasterCatalogV2MigrationContract.php:6	tests/wordpress/MasterCatalogMixedCandidateTest.php:21::testMixedCandidatePersistsAllDispositionsAndReplaysExactEvidence; tests/wordpress/MasterCatalogMixedCandidateTest.php:42::testForgedNormalizedEvidenceIsRejectedBeforePersistence	Original 500 normalization and mixed lineage covered; supplier/economics/sample decisions not certified or promoted.	IMPLEMENTED	Related component code exists; cited tests verify only their named behaviors.	INCOMPLETE_REQUIREMENT_COVERAGE
word/document.xml/table18/r2/c2/p1	13. Master 500 Personalized POD Catalog Governance	12	LOCAL_PARTIAL	includes/POD/MasterCatalogV2MigrationContract.php:6	tests/wordpress/MasterCatalogMixedCandidateTest.php:21::testMixedCandidatePersistsAllDispositionsAndReplaysExactEvidence; tests/wordpress/MasterCatalogMixedCandidateTest.php:42::testForgedNormalizedEvidenceIsRejectedBeforePersistence	Original 500 normalization and mixed lineage covered; supplier/economics/sample decisions not certified or promoted.	IMPLEMENTED	Related component code exists; cited tests verify only their named behaviors.	INCOMPLETE_REQUIREMENT_COVERAGE
word/document.xml/table18/r3/c1/p1	13. Master 500 Personalized POD Catalog Governance	Desk/Tech Accessories	LOCAL_PARTIAL	includes/POD/MasterCatalogV2MigrationContract.php:6	tests/wordpress/MasterCatalogMixedCandidateTest.php:21::testMixedCandidatePersistsAllDispositionsAndReplaysExactEvidence; tests/wordpress/MasterCatalogMixedCandidateTest.php:42::testForgedNormalizedEvidenceIsRejectedBeforePersistence	Original 500 normalization and mixed lineage covered; supplier/economics/sample decisions not certified or promoted.	IMPLEMENTED	Related component code exists; cited tests verify only their named behaviors.	INCOMPLETE_REQUIREMENT_COVERAGE
word/document.xml/table18/r3/c2/p1	13. Master 500 Personalized POD Catalog Governance	10	LOCAL_PARTIAL	includes/POD/MasterCatalogV2MigrationContract.php:6	tests/wordpress/MasterCatalogMixedCandidateTest.php:21::testMixedCandidatePersistsAllDispositionsAndReplaysExactEvidence; tests/wordpress/MasterCatalogMixedCandidateTest.php:42::testForgedNormalizedEvidenceIsRejectedBeforePersistence	Original 500 normalization and mixed lineage covered; supplier/economics/sample decisions not certified or promoted.	IMPLEMENTED	Related component code exists; cited tests verify only their named behaviors.	INCOMPLETE_REQUIREMENT_COVERAGE
word/document.xml/table18/r4/c1/p1	13. Master 500 Personalized POD Catalog Governance	Travel Accessories	LOCAL_PARTIAL	includes/POD/MasterCatalogV2MigrationContract.php:6	tests/wordpress/MasterCatalogMixedCandidateTest.php:21::testMixedCandidatePersistsAllDispositionsAndReplaysExactEvidence; tests/wordpress/MasterCatalogMixedCandidateTest.php:42::testForgedNormalizedEvidenceIsRejectedBeforePersistence	Original 500 normalization and mixed lineage covered; supplier/economics/sample decisions not certified or promoted.	IMPLEMENTED	Related component code exists; cited tests verify only their named behaviors.	INCOMPLETE_REQUIREMENT_COVERAGE
word/document.xml/table18/r4/c2/p1	13. Master 500 Personalized POD Catalog Governance	10	LOCAL_PARTIAL	includes/POD/MasterCatalogV2MigrationContract.php:6	tests/wordpress/MasterCatalogMixedCandidateTest.php:21::testMixedCandidatePersistsAllDispositionsAndReplaysExactEvidence; tests/wordpress/MasterCatalogMixedCandidateTest.php:42::testForgedNormalizedEvidenceIsRejectedBeforePersistence	Original 500 normalization and mixed lineage covered; supplier/economics/sample decisions not certified or promoted.	IMPLEMENTED	Related component code exists; cited tests verify only their named behaviors.	INCOMPLETE_REQUIREMENT_COVERAGE
word/document.xml/table18/r5/c1/p1	13. Master 500 Personalized POD Catalog Governance	Hats/Caps/Beanies	LOCAL_PARTIAL	includes/POD/MasterCatalogV2MigrationContract.php:6	tests/wordpress/MasterCatalogMixedCandidateTest.php:21::testMixedCandidatePersistsAllDispositionsAndReplaysExactEvidence; tests/wordpress/MasterCatalogMixedCandidateTest.php:42::testForgedNormalizedEvidenceIsRejectedBeforePersistence	Original 500 normalization and mixed lineage covered; supplier/economics/sample decisions not certified or promoted.	IMPLEMENTED	Related component code exists; cited tests verify only their named behaviors.	INCOMPLETE_REQUIREMENT_COVERAGE
word/document.xml/table18/r5/c2/p1	13. Master 500 Personalized POD Catalog Governance	10	LOCAL_PARTIAL	includes/POD/MasterCatalogV2MigrationContract.php:6	tests/wordpress/MasterCatalogMixedCandidateTest.php:21::testMixedCandidatePersistsAllDispositionsAndReplaysExactEvidence; tests/wordpress/MasterCatalogMixedCandidateTest.php:42::testForgedNormalizedEvidenceIsRejectedBeforePersistence	Original 500 normalization and mixed lineage covered; supplier/economics/sample decisions not certified or promoted.	IMPLEMENTED	Related component code exists; cited tests verify only their named behaviors.	INCOMPLETE_REQUIREMENT_COVERAGE
word/document.xml/p94	13. Master 500 Personalized POD Catalog Governance	Original v1 DG IDs remain historical identities. Removed/downgraded concepts are not erased; they remain traceable as superseded, merged, recipient/occasion overlays or future test candidates. v2 should be promoted into DigiForge only after explicit approval.	LOCAL_PARTIAL	includes/POD/MasterCatalogV2MigrationContract.php:6	tests/wordpress/MasterCatalogMixedCandidateTest.php:21::testMixedCandidatePersistsAllDispositionsAndReplaysExactEvidence; tests/wordpress/MasterCatalogMixedCandidateTest.php:42::testForgedNormalizedEvidenceIsRejectedBeforePersistence	Original 500 normalization and mixed lineage covered; supplier/economics/sample decisions not certified or promoted.	IMPLEMENTED	Related component code exists; cited tests verify only their named behaviors.	INCOMPLETE_REQUIREMENT_COVERAGE
word/document.xml/p95	13. Master 500 Personalized POD Catalog Governance	13.4 Template rules that must survive any catalog migration	LOCAL_PARTIAL	includes/POD/MasterCatalogV2MigrationContract.php:6	tests/wordpress/MasterCatalogMixedCandidateTest.php:21::testMixedCandidatePersistsAllDispositionsAndReplaysExactEvidence; tests/wordpress/MasterCatalogMixedCandidateTest.php:42::testForgedNormalizedEvidenceIsRejectedBeforePersistence	Original 500 normalization and mixed lineage covered; supplier/economics/sample decisions not certified or promoted.	IMPLEMENTED	Related component code exists; cited tests verify only their named behaviors.	INCOMPLETE_REQUIREMENT_COVERAGE
word/document.xml/p96	13. Master 500 Personalized POD Catalog Governance	Do not lock production geometry until supplier + product + provider route are selected.	LOCAL_PARTIAL	includes/POD/MasterCatalogV2MigrationContract.php:6	tests/wordpress/MasterCatalogMixedCandidateTest.php:21::testMixedCandidatePersistsAllDispositionsAndReplaysExactEvidence; tests/wordpress/MasterCatalogMixedCandidateTest.php:42::testForgedNormalizedEvidenceIsRejectedBeforePersistence	Original 500 normalization and mixed lineage covered; supplier/economics/sample decisions not certified or promoted.	IMPLEMENTED	Related component code exists; cited tests verify only their named behaviors.	INCOMPLETE_REQUIREMENT_COVERAGE
word/document.xml/p97	13. Master 500 Personalized POD Catalog Governance	Provider API blueprint/variant print geometry is the production source of truth; downloadable templates are secondary.	LOCAL_PARTIAL	includes/POD/MasterCatalogV2MigrationContract.php:6	tests/wordpress/MasterCatalogMixedCandidateTest.php:21::testMixedCandidatePersistsAllDispositionsAndReplaysExactEvidence; tests/wordpress/MasterCatalogMixedCandidateTest.php:42::testForgedNormalizedEvidenceIsRejectedBeforePersistence	Original 500 normalization and mixed lineage covered; supplier/economics/sample decisions not certified or promoted.	IMPLEMENTED	Related component code exists; cited tests verify only their named behaviors.	INCOMPLETE_REQUIREMENT_COVERAGE
word/document.xml/p98	13. Master 500 Personalized POD Catalog Governance	US and EU may use different physical templates while sharing a personalization engine.	LOCAL_PARTIAL	includes/POD/MasterCatalogV2MigrationContract.php:6	tests/wordpress/MasterCatalogMixedCandidateTest.php:21::testMixedCandidatePersistsAllDispositionsAndReplaysExactEvidence; tests/wordpress/MasterCatalogMixedCandidateTest.php:42::testForgedNormalizedEvidenceIsRejectedBeforePersistence	Original 500 normalization and mixed lineage covered; supplier/economics/sample decisions not certified or promoted.	IMPLEMENTED	Related component code exists; cited tests verify only their named behaviors.	INCOMPLETE_REQUIREMENT_COVERAGE
word/document.xml/p99	13. Master 500 Personalized POD Catalog Governance	Supplier/product/provider switch triggers geometry, bleed, safe-zone, variant and mockup revalidation.	LOCAL_PARTIAL	includes/POD/MasterCatalogV2MigrationContract.php:6	tests/wordpress/MasterCatalogMixedCandidateTest.php:21::testMixedCandidatePersistsAllDispositionsAndReplaysExactEvidence; tests/wordpress/MasterCatalogMixedCandidateTest.php:42::testForgedNormalizedEvidenceIsRejectedBeforePersistence	Original 500 normalization and mixed lineage covered; supplier/economics/sample decisions not certified or promoted.	IMPLEMENTED	Related component code exists; cited tests verify only their named behaviors.	INCOMPLETE_REQUIREMENT_COVERAGE
word/document.xml/p100	13. Master 500 Personalized POD Catalog Governance	Socks, leggings and pajamas require seam/panel-aware rendering and samples.	LOCAL_PARTIAL	includes/POD/MasterCatalogV2MigrationContract.php:6	tests/wordpress/MasterCatalogMixedCandidateTest.php:21::testMixedCandidatePersistsAllDispositionsAndReplaysExactEvidence; tests/wordpress/MasterCatalogMixedCandidateTest.php:42::testForgedNormalizedEvidenceIsRejectedBeforePersistence	Original 500 normalization and mixed lineage covered; supplier/economics/sample decisions not certified or promoted.	IMPLEMENTED	Related component code exists; cited tests verify only their named behaviors.	INCOMPLETE_REQUIREMENT_COVERAGE
word/document.xml/p101	13. Master 500 Personalized POD Catalog Governance	Phone-case template key includes device model/variant.	LOCAL_PARTIAL	includes/POD/MasterCatalogV2MigrationContract.php:6	tests/wordpress/MasterCatalogMixedCandidateTest.php:21::testMixedCandidatePersistsAllDispositionsAndReplaysExactEvidence; tests/wordpress/MasterCatalogMixedCandidateTest.php:42::testForgedNormalizedEvidenceIsRejectedBeforePersistence	Original 500 normalization and mixed lineage covered; supplier/economics/sample decisions not certified or promoted.	IMPLEMENTED	Related component code exists; cited tests verify only their named behaviors.	INCOMPLETE_REQUIREMENT_COVERAGE
word/document.xml/p102	13. Master 500 Personalized POD Catalog Governance	Use provider-native placement for simple cases; DigiForge deterministic rendering for complex layouts; AI only where transformation adds value.	LOCAL_PARTIAL	includes/POD/MasterCatalogV2MigrationContract.php:6	tests/wordpress/MasterCatalogMixedCandidateTest.php:21::testMixedCandidatePersistsAllDispositionsAndReplaysExactEvidence; tests/wordpress/MasterCatalogMixedCandidateTest.php:42::testForgedNormalizedEvidenceIsRejectedBeforePersistence	Original 500 normalization and mixed lineage covered; supplier/economics/sample decisions not certified or promoted.	IMPLEMENTED	Related component code exists; cited tests verify only their named behaviors.	INCOMPLETE_REQUIREMENT_COVERAGE
word/document.xml/p103	13. Master 500 Personalized POD Catalog Governance	Do not template the currently rejected Printify 40oz blueprint 1509 for the US route; retain the opportunity and research alternatives.	LOCAL_PARTIAL	includes/POD/MasterCatalogV2MigrationContract.php:6	tests/wordpress/MasterCatalogMixedCandidateTest.php:21::testMixedCandidatePersistsAllDispositionsAndReplaysExactEvidence; tests/wordpress/MasterCatalogMixedCandidateTest.php:42::testForgedNormalizedEvidenceIsRejectedBeforePersistence	Original 500 normalization and mixed lineage covered; supplier/economics/sample decisions not certified or promoted.	IMPLEMENTED	Related component code exists; cited tests verify only their named behaviors.	INCOMPLETE_REQUIREMENT_COVERAGE
word/document.xml/p104	13. Master 500 Personalized POD Catalog Governance	Do not reject a strong opportunity solely because the first supplier is poor; research alternatives.	LOCAL_PARTIAL	includes/POD/MasterCatalogV2MigrationContract.php:6	tests/wordpress/MasterCatalogMixedCandidateTest.php:21::testMixedCandidatePersistsAllDispositionsAndReplaysExactEvidence; tests/wordpress/MasterCatalogMixedCandidateTest.php:42::testForgedNormalizedEvidenceIsRejectedBeforePersistence	Original 500 normalization and mixed lineage covered; supplier/economics/sample decisions not certified or promoted.	IMPLEMENTED	Related component code exists; cited tests verify only their named behaviors.	INCOMPLETE_REQUIREMENT_COVERAGE
word/document.xml/p105	13. Master 500 Personalized POD Catalog Governance	Production-authorized order freezes template version and render inputs.	LOCAL_PARTIAL	includes/POD/MasterCatalogV2MigrationContract.php:6	tests/wordpress/MasterCatalogMixedCandidateTest.php:21::testMixedCandidatePersistsAllDispositionsAndReplaysExactEvidence; tests/wordpress/MasterCatalogMixedCandidateTest.php:42::testForgedNormalizedEvidenceIsRejectedBeforePersistence	Original 500 normalization and mixed lineage covered; supplier/economics/sample decisions not certified or promoted.	IMPLEMENTED	Related component code exists; cited tests verify only their named behaviors.	INCOMPLETE_REQUIREMENT_COVERAGE
word/document.xml/p106	14. Personalized POD Template Architecture	14. Personalized POD Template Architecture	LOCAL_PARTIAL	includes/POD/ProductionTemplateContract.php:8	tests/wordpress/ProductionTemplateGeometryDriftTest.php:5::testSafeZoneDriftCreatesDraftAndPreservesValidatedVersion	Geometry preservation/fingerprint/drift tested; supplier-authoritative current geometry, samples and economics unverified.	IMPLEMENTED	Related component code exists; cited tests verify only their named behaviors.	INCOMPLETE_REQUIREMENT_COVERAGE
word/document.xml/p107	14. Personalized POD Template Architecture	A production template is keyed primarily by physical product + provider + blueprint/product + variant set + decoration method + region + print-area geometry, not by every marketing concept. A single certified template can support many listing concepts and personalization engines.	LOCAL_PARTIAL	includes/POD/ProductionTemplateContract.php:8	tests/wordpress/ProductionTemplateGeometryDriftTest.php:5::testSafeZoneDriftCreatesDraftAndPreservesValidatedVersion	Geometry preservation/fingerprint/drift tested; supplier-authoritative current geometry, samples and economics unverified.	IMPLEMENTED	Related component code exists; cited tests verify only their named behaviors.	INCOMPLETE_REQUIREMENT_COVERAGE
word/document.xml/table19/r1/c1/p1	14. Personalized POD Template Architecture	Template component	LOCAL_PARTIAL	includes/POD/ProductionTemplateContract.php:8	tests/wordpress/ProductionTemplateGeometryDriftTest.php:5::testSafeZoneDriftCreatesDraftAndPreservesValidatedVersion	Geometry preservation/fingerprint/drift tested; supplier-authoritative current geometry, samples and economics unverified.	IMPLEMENTED	Related component code exists; cited tests verify only their named behaviors.	INCOMPLETE_REQUIREMENT_COVERAGE
word/document.xml/table19/r1/c2/p1	14. Personalized POD Template Architecture	Required evidence	LOCAL_PARTIAL	includes/POD/ProductionTemplateContract.php:8	tests/wordpress/ProductionTemplateGeometryDriftTest.php:5::testSafeZoneDriftCreatesDraftAndPreservesValidatedVersion	Geometry preservation/fingerprint/drift tested; supplier-authoritative current geometry, samples and economics unverified.	IMPLEMENTED	Related component code exists; cited tests verify only their named behaviors.	INCOMPLETE_REQUIREMENT_COVERAGE
word/document.xml/table19/r2/c1/p1	14. Personalized POD Template Architecture	Provider identity	LOCAL_PARTIAL	includes/POD/ProductionTemplateContract.php:8	tests/wordpress/ProductionTemplateGeometryDriftTest.php:5::testSafeZoneDriftCreatesDraftAndPreservesValidatedVersion	Geometry preservation/fingerprint/drift tested; supplier-authoritative current geometry, samples and economics unverified.	IMPLEMENTED	Related component code exists; cited tests verify only their named behaviors.	INCOMPLETE_REQUIREMENT_COVERAGE
word/document.xml/table19/r2/c2/p1	14. Personalized POD Template Architecture	Printify first; later provider adapters separately certified.	LOCAL_PARTIAL	includes/POD/ProductionTemplateContract.php:8	tests/wordpress/ProductionTemplateGeometryDriftTest.php:5::testSafeZoneDriftCreatesDraftAndPreservesValidatedVersion	Geometry preservation/fingerprint/drift tested; supplier-authoritative current geometry, samples and economics unverified.	IMPLEMENTED	Related component code exists; cited tests verify only their named behaviors.	INCOMPLETE_REQUIREMENT_COVERAGE
word/document.xml/table19/r3/c1/p1	14. Personalized POD Template Architecture	Blueprint/product	LOCAL_PARTIAL	includes/POD/ProductionTemplateContract.php:8	tests/wordpress/ProductionTemplateGeometryDriftTest.php:5::testSafeZoneDriftCreatesDraftAndPreservesValidatedVersion	Geometry preservation/fingerprint/drift tested; supplier-authoritative current geometry, samples and economics unverified.	IMPLEMENTED	Related component code exists; cited tests verify only their named behaviors.	INCOMPLETE_REQUIREMENT_COVERAGE
word/document.xml/table19/r3/c2/p1	14. Personalized POD Template Architecture	Exact provider product/blueprint ID.	LOCAL_PARTIAL	includes/POD/ProductionTemplateContract.php:8	tests/wordpress/ProductionTemplateGeometryDriftTest.php:5::testSafeZoneDriftCreatesDraftAndPreservesValidatedVersion	Geometry preservation/fingerprint/drift tested; supplier-authoritative current geometry, samples and economics unverified.	IMPLEMENTED	Related component code exists; cited tests verify only their named behaviors.	INCOMPLETE_REQUIREMENT_COVERAGE
word/document.xml/table19/r4/c1/p1	14. Personalized POD Template Architecture	Print provider	LOCAL_PARTIAL	includes/POD/ProductionTemplateContract.php:8	tests/wordpress/ProductionTemplateGeometryDriftTest.php:5::testSafeZoneDriftCreatesDraftAndPreservesValidatedVersion	Geometry preservation/fingerprint/drift tested; supplier-authoritative current geometry, samples and economics unverified.	IMPLEMENTED	Related component code exists; cited tests verify only their named behaviors.	INCOMPLETE_REQUIREMENT_COVERAGE
word/document.xml/table19/r4/c2/p1	14. Personalized POD Template Architecture	Exact provider/route and region.	LOCAL_PARTIAL	includes/POD/ProductionTemplateContract.php:8	tests/wordpress/ProductionTemplateGeometryDriftTest.php:5::testSafeZoneDriftCreatesDraftAndPreservesValidatedVersion	Geometry preservation/fingerprint/drift tested; supplier-authoritative current geometry, samples and economics unverified.	IMPLEMENTED	Related component code exists; cited tests verify only their named behaviors.	INCOMPLETE_REQUIREMENT_COVERAGE
word/document.xml/table19/r5/c1/p1	14. Personalized POD Template Architecture	Variants	LOCAL_PARTIAL	includes/POD/ProductionTemplateContract.php:8	tests/wordpress/ProductionTemplateGeometryDriftTest.php:5::testSafeZoneDriftCreatesDraftAndPreservesValidatedVersion	Geometry preservation/fingerprint/drift tested; supplier-authoritative current geometry, samples and economics unverified.	IMPLEMENTED	Related component code exists; cited tests verify only their named behaviors.	INCOMPLETE_REQUIREMENT_COVERAGE
word/document.xml/table19/r5/c2/p1	14. Personalized POD Template Architecture	Approved variant IDs, sizes/colors/options.	LOCAL_PARTIAL	includes/POD/ProductionTemplateContract.php:8	tests/wordpress/ProductionTemplateGeometryDriftTest.php:5::testSafeZoneDriftCreatesDraftAndPreservesValidatedVersion	Geometry preservation/fingerprint/drift tested; supplier-authoritative current geometry, samples and economics unverified.	IMPLEMENTED	Related component code exists; cited tests verify only their named behaviors.	INCOMPLETE_REQUIREMENT_COVERAGE
word/document.xml/table19/r6/c1/p1	14. Personalized POD Template Architecture	Decoration method	LOCAL_PARTIAL	includes/POD/ProductionTemplateContract.php:8	tests/wordpress/ProductionTemplateGeometryDriftTest.php:5::testSafeZoneDriftCreatesDraftAndPreservesValidatedVersion	Geometry preservation/fingerprint/drift tested; supplier-authoritative current geometry, samples and economics unverified.	IMPLEMENTED	Related component code exists; cited tests verify only their named behaviors.	INCOMPLETE_REQUIREMENT_COVERAGE
word/document.xml/table19/r6/c2/p1	14. Personalized POD Template Architecture	DTG, sublimation, AOP, embroidery, UV, etc.	LOCAL_PARTIAL	includes/POD/ProductionTemplateContract.php:8	tests/wordpress/ProductionTemplateGeometryDriftTest.php:5::testSafeZoneDriftCreatesDraftAndPreservesValidatedVersion	Geometry preservation/fingerprint/drift tested; supplier-authoritative current geometry, samples and economics unverified.	IMPLEMENTED	Related component code exists; cited tests verify only their named behaviors.	INCOMPLETE_REQUIREMENT_COVERAGE
word/document.xml/table19/r7/c1/p1	14. Personalized POD Template Architecture	Print areas	LOCAL_PARTIAL	includes/POD/ProductionTemplateContract.php:8	tests/wordpress/ProductionTemplateGeometryDriftTest.php:5::testSafeZoneDriftCreatesDraftAndPreservesValidatedVersion	Geometry preservation/fingerprint/drift tested; supplier-authoritative current geometry, samples and economics unverified.	IMPLEMENTED	Related component code exists; cited tests verify only their named behaviors.	INCOMPLETE_REQUIREMENT_COVERAGE
word/document.xml/table19/r7/c2/p1	14. Personalized POD Template Architecture	Provider-authoritative dimensions/positions/safe zones/bleed.	LOCAL_PARTIAL	includes/POD/ProductionTemplateContract.php:8	tests/wordpress/ProductionTemplateGeometryDriftTest.php:5::testSafeZoneDriftCreatesDraftAndPreservesValidatedVersion	Geometry preservation/fingerprint/drift tested; supplier-authoritative current geometry, samples and economics unverified.	IMPLEMENTED	Related component code exists; cited tests verify only their named behaviors.	INCOMPLETE_REQUIREMENT_COVERAGE
word/document.xml/table19/r8/c1/p1	14. Personalized POD Template Architecture	Personalization schema	LOCAL_PARTIAL	includes/POD/ProductionTemplateContract.php:8	tests/wordpress/ProductionTemplateGeometryDriftTest.php:5::testSafeZoneDriftCreatesDraftAndPreservesValidatedVersion	Geometry preservation/fingerprint/drift tested; supplier-authoritative current geometry, samples and economics unverified.	IMPLEMENTED	Related component code exists; cited tests verify only their named behaviors.	INCOMPLETE_REQUIREMENT_COVERAGE
word/document.xml/table19/r8/c2/p1	14. Personalized POD Template Architecture	Typed customer inputs, required/optional rules, length/format constraints.	LOCAL_PARTIAL	includes/POD/ProductionTemplateContract.php:8	tests/wordpress/ProductionTemplateGeometryDriftTest.php:5::testSafeZoneDriftCreatesDraftAndPreservesValidatedVersion	Geometry preservation/fingerprint/drift tested; supplier-authoritative current geometry, samples and economics unverified.	IMPLEMENTED	Related component code exists; cited tests verify only their named behaviors.	INCOMPLETE_REQUIREMENT_COVERAGE
word/document.xml/table19/r9/c1/p1	14. Personalized POD Template Architecture	Renderer	LOCAL_PARTIAL	includes/POD/ProductionTemplateContract.php:8	tests/wordpress/ProductionTemplateGeometryDriftTest.php:5::testSafeZoneDriftCreatesDraftAndPreservesValidatedVersion	Geometry preservation/fingerprint/drift tested; supplier-authoritative current geometry, samples and economics unverified.	IMPLEMENTED	Related component code exists; cited tests verify only their named behaviors.	INCOMPLETE_REQUIREMENT_COVERAGE
word/document.xml/table19/r9/c2/p1	14. Personalized POD Template Architecture	Deterministic rendering where possible; versioned.	LOCAL_PARTIAL	includes/POD/ProductionTemplateContract.php:8	tests/wordpress/ProductionTemplateGeometryDriftTest.php:5::testSafeZoneDriftCreatesDraftAndPreservesValidatedVersion	Geometry preservation/fingerprint/drift tested; supplier-authoritative current geometry, samples and economics unverified.	IMPLEMENTED	Related component code exists; cited tests verify only their named behaviors.	INCOMPLETE_REQUIREMENT_COVERAGE
word/document.xml/table19/r10/c1/p1	14. Personalized POD Template Architecture	Preview/mockup	LOCAL_PARTIAL	includes/POD/ProductionTemplateContract.php:8	tests/wordpress/ProductionTemplateGeometryDriftTest.php:5::testSafeZoneDriftCreatesDraftAndPreservesValidatedVersion	Geometry preservation/fingerprint/drift tested; supplier-authoritative current geometry, samples and economics unverified.	IMPLEMENTED	Related component code exists; cited tests verify only their named behaviors.	INCOMPLETE_REQUIREMENT_COVERAGE
word/document.xml/table19/r10/c2/p1	14. Personalized POD Template Architecture	Generated from the same approved personalization/render payload used for production.	LOCAL_PARTIAL	includes/POD/ProductionTemplateContract.php:8	tests/wordpress/ProductionTemplateGeometryDriftTest.php:5::testSafeZoneDriftCreatesDraftAndPreservesValidatedVersion	Geometry preservation/fingerprint/drift tested; supplier-authoritative current geometry, samples and economics unverified.	IMPLEMENTED	Related component code exists; cited tests verify only their named behaviors.	INCOMPLETE_REQUIREMENT_COVERAGE
word/document.xml/table19/r11/c1/p1	14. Personalized POD Template Architecture	QA	LOCAL_PARTIAL	includes/POD/ProductionTemplateContract.php:8	tests/wordpress/ProductionTemplateGeometryDriftTest.php:5::testSafeZoneDriftCreatesDraftAndPreservesValidatedVersion	Geometry preservation/fingerprint/drift tested; supplier-authoritative current geometry, samples and economics unverified.	IMPLEMENTED	Related component code exists; cited tests verify only their named behaviors.	INCOMPLETE_REQUIREMENT_COVERAGE
word/document.xml/table19/r11/c2/p1	14. Personalized POD Template Architecture	Geometry, clipping, safe zone, seam/panel, resolution, text, spelling and asset integrity.	LOCAL_PARTIAL	includes/POD/ProductionTemplateContract.php:8	tests/wordpress/ProductionTemplateGeometryDriftTest.php:5::testSafeZoneDriftCreatesDraftAndPreservesValidatedVersion	Geometry preservation/fingerprint/drift tested; supplier-authoritative current geometry, samples and economics unverified.	IMPLEMENTED	Related component code exists; cited tests verify only their named behaviors.	INCOMPLETE_REQUIREMENT_COVERAGE
word/document.xml/table19/r12/c1/p1	14. Personalized POD Template Architecture	Commercial evidence	LOCAL_PARTIAL	includes/POD/ProductionTemplateContract.php:8	tests/wordpress/ProductionTemplateGeometryDriftTest.php:5::testSafeZoneDriftCreatesDraftAndPreservesValidatedVersion	Geometry preservation/fingerprint/drift tested; supplier-authoritative current geometry, samples and economics unverified.	IMPLEMENTED	Related component code exists; cited tests verify only their named behaviors.	INCOMPLETE_REQUIREMENT_COVERAGE
word/document.xml/table19/r12/c2/p1	14. Personalized POD Template Architecture	Cost, shipping, margin, provider suitability.	LOCAL_PARTIAL	includes/POD/ProductionTemplateContract.php:8	tests/wordpress/ProductionTemplateGeometryDriftTest.php:5::testSafeZoneDriftCreatesDraftAndPreservesValidatedVersion	Geometry preservation/fingerprint/drift tested; supplier-authoritative current geometry, samples and economics unverified.	IMPLEMENTED	Related component code exists; cited tests verify only their named behaviors.	INCOMPLETE_REQUIREMENT_COVERAGE
word/document.xml/table19/r13/c1/p1	14. Personalized POD Template Architecture	Approval state	LOCAL_PARTIAL	includes/POD/ProductionTemplateContract.php:8	tests/wordpress/ProductionTemplateGeometryDriftTest.php:5::testSafeZoneDriftCreatesDraftAndPreservesValidatedVersion	Geometry preservation/fingerprint/drift tested; supplier-authoritative current geometry, samples and economics unverified.	IMPLEMENTED	Related component code exists; cited tests verify only their named behaviors.	INCOMPLETE_REQUIREMENT_COVERAGE
word/document.xml/table19/r13/c2/p1	14. Personalized POD Template Architecture	Human-approved template/version before use in production.	LOCAL_PARTIAL	includes/POD/ProductionTemplateContract.php:8	tests/wordpress/ProductionTemplateGeometryDriftTest.php:5::testSafeZoneDriftCreatesDraftAndPreservesValidatedVersion	Geometry preservation/fingerprint/drift tested; supplier-authoritative current geometry, samples and economics unverified.	IMPLEMENTED	Related component code exists; cited tests verify only their named behaviors.	INCOMPLETE_REQUIREMENT_COVERAGE
word/document.xml/p110	15. Printify Strategy	15. Printify Strategy	LOCAL_PARTIAL	includes/POD/PrintifyCatalogClient.php:11	tests/wordpress/PrintifyPreflightTest.php:13::testValidatedTemplateRouteIsRequiredAndDryRunNeverAuthorizesExecution; tests/wordpress/PrintifyPreflightTest.php:24::testExecutionPermitBindsCurrentPreflightAndRejectsReadinessDrift; tests/wordpress/PrintifyPreflightTest.php:34::testProductionPermitConsumptionIsOneTimeFingerprintBoundAndExpirySafe; tests/wordpress/PrintifyPreflightTest.php:46::testLifecycleClosureAndReconciliationAcknowledgementFailClosed; tests/wordpress/PrintifyPreflightTest.php:57::testReadinessDriftInvalidatesApprovedPackage; tests/wordpress/PrintifyPreflightTest.php:65::testRouteVariantMismatchFailsClosed	Local preflight fixtures only; live Printify credentials/catalog certification deferred, Gelato future.	IMPLEMENTED	Related component code exists; cited tests verify only their named behaviors.	INCOMPLETE_REQUIREMENT_COVERAGE
word/document.xml/p111	15. Printify Strategy	Printify is the Phase-1 POD provider. Provider integration must remain shop-scoped and product/template-scoped. Shops 2 and 3 should use distinct provider shop identities/mappings even if credentials are shared where supported. Gelato and additional providers remain adapters behind the provider abstraction and must not be activated until separately implemented, tested and certified.	LOCAL_PARTIAL	includes/POD/PrintifyCatalogClient.php:11	tests/wordpress/PrintifyPreflightTest.php:13::testValidatedTemplateRouteIsRequiredAndDryRunNeverAuthorizesExecution; tests/wordpress/PrintifyPreflightTest.php:24::testExecutionPermitBindsCurrentPreflightAndRejectsReadinessDrift; tests/wordpress/PrintifyPreflightTest.php:34::testProductionPermitConsumptionIsOneTimeFingerprintBoundAndExpirySafe; tests/wordpress/PrintifyPreflightTest.php:46::testLifecycleClosureAndReconciliationAcknowledgementFailClosed; tests/wordpress/PrintifyPreflightTest.php:57::testReadinessDriftInvalidatesApprovedPackage; tests/wordpress/PrintifyPreflightTest.php:65::testRouteVariantMismatchFailsClosed	Local preflight fixtures only; live Printify credentials/catalog certification deferred, Gelato future.	IMPLEMENTED	Related component code exists; cited tests verify only their named behaviors.	INCOMPLETE_REQUIREMENT_COVERAGE
word/document.xml/p112	15. Printify Strategy	For personalized POD, Printify production approval should remain manual/controlled. DigiForge may prepare provider payloads and previews, but final production submission requires explicit authorization. Automatic provider production must not be enabled merely because order intake succeeds.	LOCAL_PARTIAL	includes/POD/PrintifyCatalogClient.php:11	tests/wordpress/PrintifyPreflightTest.php:13::testValidatedTemplateRouteIsRequiredAndDryRunNeverAuthorizesExecution; tests/wordpress/PrintifyPreflightTest.php:24::testExecutionPermitBindsCurrentPreflightAndRejectsReadinessDrift; tests/wordpress/PrintifyPreflightTest.php:34::testProductionPermitConsumptionIsOneTimeFingerprintBoundAndExpirySafe; tests/wordpress/PrintifyPreflightTest.php:46::testLifecycleClosureAndReconciliationAcknowledgementFailClosed; tests/wordpress/PrintifyPreflightTest.php:57::testReadinessDriftInvalidatesApprovedPackage; tests/wordpress/PrintifyPreflightTest.php:65::testRouteVariantMismatchFailsClosed	Local preflight fixtures only; live Printify credentials/catalog certification deferred, Gelato future.	IMPLEMENTED	Related component code exists; cited tests verify only their named behaviors.	INCOMPLETE_REQUIREMENT_COVERAGE
word/document.xml/p113	16. Etsy Architecture	16. Etsy Architecture	LOCAL_PARTIAL	includes/Listings/EtsyOperationRepository.php:14	tests/wordpress/UnknownNormalizationPermitIntegrationTest.php:4::testUnconsumedPermitPreservesPermitErrorForUnknown; tests/wordpress/UnknownNormalizationPermitIntegrationTest.php:11::testPostExecutionPermitPreservesStateErrorForUnknown; tests/wordpress/UnknownNormalizationPermitIntegrationTest.php:18::testUnknownRequiresNonemptyArrayIdentityAndValidFingerprint; tests/wordpress/UnknownNormalizationPermitIntegrationTest.php:36::testUnknownRejectsMalformedFingerprintEvenWithIdentity	Local durable operation/UNKNOWN/permit evidence tested; live OAuth/webhook/provider certification deferred.	IMPLEMENTED	Related component code exists; cited tests verify only their named behaviors.	INCOMPLETE_REQUIREMENT_COVERAGE
word/document.xml/p114	16. Etsy Architecture	Etsy integration uses official Open API v3 semantics, OAuth 2.0 Authorization Code + PKCE, shop-scoped identity, controlled draft/media/file operations, operation ledger, idempotency and reconciliation. Draft and publish are separate authorities.	LOCAL_PARTIAL	includes/Listings/EtsyOperationRepository.php:14	tests/wordpress/UnknownNormalizationPermitIntegrationTest.php:4::testUnconsumedPermitPreservesPermitErrorForUnknown; tests/wordpress/UnknownNormalizationPermitIntegrationTest.php:11::testPostExecutionPermitPreservesStateErrorForUnknown; tests/wordpress/UnknownNormalizationPermitIntegrationTest.php:18::testUnknownRequiresNonemptyArrayIdentityAndValidFingerprint; tests/wordpress/UnknownNormalizationPermitIntegrationTest.php:36::testUnknownRejectsMalformedFingerprintEvenWithIdentity	Local durable operation/UNKNOWN/permit evidence tested; live OAuth/webhook/provider certification deferred.	IMPLEMENTED	Related component code exists; cited tests verify only their named behaviors.	INCOMPLETE_REQUIREMENT_COVERAGE
word/document.xml/p115	16. Etsy Architecture	16.1 Current production Etsy shops	LOCAL_PARTIAL	includes/Listings/EtsyOperationRepository.php:14	tests/wordpress/UnknownNormalizationPermitIntegrationTest.php:4::testUnconsumedPermitPreservesPermitErrorForUnknown; tests/wordpress/UnknownNormalizationPermitIntegrationTest.php:11::testPostExecutionPermitPreservesStateErrorForUnknown; tests/wordpress/UnknownNormalizationPermitIntegrationTest.php:18::testUnknownRequiresNonemptyArrayIdentityAndValidFingerprint; tests/wordpress/UnknownNormalizationPermitIntegrationTest.php:36::testUnknownRejectsMalformedFingerprintEvenWithIdentity	Local durable operation/UNKNOWN/permit evidence tested; live OAuth/webhook/provider certification deferred.	IMPLEMENTED	Related component code exists; cited tests verify only their named behaviors.	INCOMPLETE_REQUIREMENT_COVERAGE
word/document.xml/table20/r1/c1/p1	16. Etsy Architecture	Connection	LOCAL_PARTIAL	includes/Listings/EtsyOperationRepository.php:14	tests/wordpress/UnknownNormalizationPermitIntegrationTest.php:4::testUnconsumedPermitPreservesPermitErrorForUnknown; tests/wordpress/UnknownNormalizationPermitIntegrationTest.php:11::testPostExecutionPermitPreservesStateErrorForUnknown; tests/wordpress/UnknownNormalizationPermitIntegrationTest.php:18::testUnknownRequiresNonemptyArrayIdentityAndValidFingerprint; tests/wordpress/UnknownNormalizationPermitIntegrationTest.php:36::testUnknownRejectsMalformedFingerprintEvenWithIdentity	Local durable operation/UNKNOWN/permit evidence tested; live OAuth/webhook/provider certification deferred.	IMPLEMENTED	Related component code exists; cited tests verify only their named behaviors.	INCOMPLETE_REQUIREMENT_COVERAGE
word/document.xml/table20/r1/c2/p1	16. Etsy Architecture	Integration	LOCAL_PARTIAL	includes/Listings/EtsyOperationRepository.php:14	tests/wordpress/UnknownNormalizationPermitIntegrationTest.php:4::testUnconsumedPermitPreservesPermitErrorForUnknown; tests/wordpress/UnknownNormalizationPermitIntegrationTest.php:11::testPostExecutionPermitPreservesStateErrorForUnknown; tests/wordpress/UnknownNormalizationPermitIntegrationTest.php:18::testUnknownRequiresNonemptyArrayIdentityAndValidFingerprint; tests/wordpress/UnknownNormalizationPermitIntegrationTest.php:36::testUnknownRejectsMalformedFingerprintEvenWithIdentity	Local durable operation/UNKNOWN/permit evidence tested; live OAuth/webhook/provider certification deferred.	IMPLEMENTED	Related component code exists; cited tests verify only their named behaviors.	INCOMPLETE_REQUIREMENT_COVERAGE
word/document.xml/table20/r1/c3/p1	16. Etsy Architecture	Shop ID	LOCAL_PARTIAL	includes/Listings/EtsyOperationRepository.php:14	tests/wordpress/UnknownNormalizationPermitIntegrationTest.php:4::testUnconsumedPermitPreservesPermitErrorForUnknown; tests/wordpress/UnknownNormalizationPermitIntegrationTest.php:11::testPostExecutionPermitPreservesStateErrorForUnknown; tests/wordpress/UnknownNormalizationPermitIntegrationTest.php:18::testUnknownRequiresNonemptyArrayIdentityAndValidFingerprint; tests/wordpress/UnknownNormalizationPermitIntegrationTest.php:36::testUnknownRejectsMalformedFingerprintEvenWithIdentity	Local durable operation/UNKNOWN/permit evidence tested; live OAuth/webhook/provider certification deferred.	IMPLEMENTED	Related component code exists; cited tests verify only their named behaviors.	INCOMPLETE_REQUIREMENT_COVERAGE
word/document.xml/table20/r1/c4/p1	16. Etsy Architecture	Shop	LOCAL_PARTIAL	includes/Listings/EtsyOperationRepository.php:14	tests/wordpress/UnknownNormalizationPermitIntegrationTest.php:4::testUnconsumedPermitPreservesPermitErrorForUnknown; tests/wordpress/UnknownNormalizationPermitIntegrationTest.php:11::testPostExecutionPermitPreservesStateErrorForUnknown; tests/wordpress/UnknownNormalizationPermitIntegrationTest.php:18::testUnknownRequiresNonemptyArrayIdentityAndValidFingerprint; tests/wordpress/UnknownNormalizationPermitIntegrationTest.php:36::testUnknownRejectsMalformedFingerprintEvenWithIdentity	Local durable operation/UNKNOWN/permit evidence tested; live OAuth/webhook/provider certification deferred.	IMPLEMENTED	Related component code exists; cited tests verify only their named behaviors.	INCOMPLETE_REQUIREMENT_COVERAGE
word/document.xml/table20/r2/c1/p1	16. Etsy Architecture	etsy_digital	LOCAL_PARTIAL	includes/Listings/EtsyOperationRepository.php:14	tests/wordpress/UnknownNormalizationPermitIntegrationTest.php:4::testUnconsumedPermitPreservesPermitErrorForUnknown; tests/wordpress/UnknownNormalizationPermitIntegrationTest.php:11::testPostExecutionPermitPreservesStateErrorForUnknown; tests/wordpress/UnknownNormalizationPermitIntegrationTest.php:18::testUnknownRequiresNonemptyArrayIdentityAndValidFingerprint; tests/wordpress/UnknownNormalizationPermitIntegrationTest.php:36::testUnknownRejectsMalformedFingerprintEvenWithIdentity	Local durable operation/UNKNOWN/permit evidence tested; live OAuth/webhook/provider certification deferred.	IMPLEMENTED	Related component code exists; cited tests verify only their named behaviors.	INCOMPLETE_REQUIREMENT_COVERAGE
word/document.xml/table20/r2/c2/p1	16. Etsy Architecture	1	LOCAL_PARTIAL	includes/Listings/EtsyOperationRepository.php:14	tests/wordpress/UnknownNormalizationPermitIntegrationTest.php:4::testUnconsumedPermitPreservesPermitErrorForUnknown; tests/wordpress/UnknownNormalizationPermitIntegrationTest.php:11::testPostExecutionPermitPreservesStateErrorForUnknown; tests/wordpress/UnknownNormalizationPermitIntegrationTest.php:18::testUnknownRequiresNonemptyArrayIdentityAndValidFingerprint; tests/wordpress/UnknownNormalizationPermitIntegrationTest.php:36::testUnknownRejectsMalformedFingerprintEvenWithIdentity	Local durable operation/UNKNOWN/permit evidence tested; live OAuth/webhook/provider certification deferred.	IMPLEMENTED	Related component code exists; cited tests verify only their named behaviors.	INCOMPLETE_REQUIREMENT_COVERAGE
word/document.xml/table20/r2/c3/p1	16. Etsy Architecture	67757764	LOCAL_PARTIAL	includes/Listings/EtsyOperationRepository.php:14	tests/wordpress/UnknownNormalizationPermitIntegrationTest.php:4::testUnconsumedPermitPreservesPermitErrorForUnknown; tests/wordpress/UnknownNormalizationPermitIntegrationTest.php:11::testPostExecutionPermitPreservesStateErrorForUnknown; tests/wordpress/UnknownNormalizationPermitIntegrationTest.php:18::testUnknownRequiresNonemptyArrayIdentityAndValidFingerprint; tests/wordpress/UnknownNormalizationPermitIntegrationTest.php:36::testUnknownRejectsMalformedFingerprintEvenWithIdentity	Local durable operation/UNKNOWN/permit evidence tested; live OAuth/webhook/provider certification deferred.	IMPLEMENTED	Related component code exists; cited tests verify only their named behaviors.	INCOMPLETE_REQUIREMENT_COVERAGE
word/document.xml/table20/r2/c4/p1	16. Etsy Architecture	KinetiqMatrixDesigns	LOCAL_PARTIAL	includes/Listings/EtsyOperationRepository.php:14	tests/wordpress/UnknownNormalizationPermitIntegrationTest.php:4::testUnconsumedPermitPreservesPermitErrorForUnknown; tests/wordpress/UnknownNormalizationPermitIntegrationTest.php:11::testPostExecutionPermitPreservesStateErrorForUnknown; tests/wordpress/UnknownNormalizationPermitIntegrationTest.php:18::testUnknownRequiresNonemptyArrayIdentityAndValidFingerprint; tests/wordpress/UnknownNormalizationPermitIntegrationTest.php:36::testUnknownRejectsMalformedFingerprintEvenWithIdentity	Local durable operation/UNKNOWN/permit evidence tested; live OAuth/webhook/provider certification deferred.	IMPLEMENTED	Related component code exists; cited tests verify only their named behaviors.	INCOMPLETE_REQUIREMENT_COVERAGE
word/document.xml/table20/r3/c1/p1	16. Etsy Architecture	etsy_goods	LOCAL_PARTIAL	includes/Listings/EtsyOperationRepository.php:14	tests/wordpress/UnknownNormalizationPermitIntegrationTest.php:4::testUnconsumedPermitPreservesPermitErrorForUnknown; tests/wordpress/UnknownNormalizationPermitIntegrationTest.php:11::testPostExecutionPermitPreservesStateErrorForUnknown; tests/wordpress/UnknownNormalizationPermitIntegrationTest.php:18::testUnknownRequiresNonemptyArrayIdentityAndValidFingerprint; tests/wordpress/UnknownNormalizationPermitIntegrationTest.php:36::testUnknownRejectsMalformedFingerprintEvenWithIdentity	Local durable operation/UNKNOWN/permit evidence tested; live OAuth/webhook/provider certification deferred.	IMPLEMENTED	Related component code exists; cited tests verify only their named behaviors.	INCOMPLETE_REQUIREMENT_COVERAGE
word/document.xml/table20/r3/c2/p1	16. Etsy Architecture	2	LOCAL_PARTIAL	includes/Listings/EtsyOperationRepository.php:14	tests/wordpress/UnknownNormalizationPermitIntegrationTest.php:4::testUnconsumedPermitPreservesPermitErrorForUnknown; tests/wordpress/UnknownNormalizationPermitIntegrationTest.php:11::testPostExecutionPermitPreservesStateErrorForUnknown; tests/wordpress/UnknownNormalizationPermitIntegrationTest.php:18::testUnknownRequiresNonemptyArrayIdentityAndValidFingerprint; tests/wordpress/UnknownNormalizationPermitIntegrationTest.php:36::testUnknownRejectsMalformedFingerprintEvenWithIdentity	Local durable operation/UNKNOWN/permit evidence tested; live OAuth/webhook/provider certification deferred.	IMPLEMENTED	Related component code exists; cited tests verify only their named behaviors.	INCOMPLETE_REQUIREMENT_COVERAGE
word/document.xml/table20/r3/c3/p1	16. Etsy Architecture	68031896	LOCAL_PARTIAL	includes/Listings/EtsyOperationRepository.php:14	tests/wordpress/UnknownNormalizationPermitIntegrationTest.php:4::testUnconsumedPermitPreservesPermitErrorForUnknown; tests/wordpress/UnknownNormalizationPermitIntegrationTest.php:11::testPostExecutionPermitPreservesStateErrorForUnknown; tests/wordpress/UnknownNormalizationPermitIntegrationTest.php:18::testUnknownRequiresNonemptyArrayIdentityAndValidFingerprint; tests/wordpress/UnknownNormalizationPermitIntegrationTest.php:36::testUnknownRejectsMalformedFingerprintEvenWithIdentity	Local durable operation/UNKNOWN/permit evidence tested; live OAuth/webhook/provider certification deferred.	IMPLEMENTED	Related component code exists; cited tests verify only their named behaviors.	INCOMPLETE_REQUIREMENT_COVERAGE
word/document.xml/table20/r3/c4/p1	16. Etsy Architecture	DigicraftifyShop	LOCAL_PARTIAL	includes/Listings/EtsyOperationRepository.php:14	tests/wordpress/UnknownNormalizationPermitIntegrationTest.php:4::testUnconsumedPermitPreservesPermitErrorForUnknown; tests/wordpress/UnknownNormalizationPermitIntegrationTest.php:11::testPostExecutionPermitPreservesStateErrorForUnknown; tests/wordpress/UnknownNormalizationPermitIntegrationTest.php:18::testUnknownRequiresNonemptyArrayIdentityAndValidFingerprint; tests/wordpress/UnknownNormalizationPermitIntegrationTest.php:36::testUnknownRejectsMalformedFingerprintEvenWithIdentity	Local durable operation/UNKNOWN/permit evidence tested; live OAuth/webhook/provider certification deferred.	IMPLEMENTED	Related component code exists; cited tests verify only their named behaviors.	INCOMPLETE_REQUIREMENT_COVERAGE
word/document.xml/p118	16. Etsy Architecture	Future Shop 3 and Shop 4 Etsy identities must be added as separate shop profiles/connections with independent controls and evidence. Before onboarding additional shops, current Etsy developer/app/OAuth rules must be re-verified.	LOCAL_PARTIAL	includes/Listings/EtsyOperationRepository.php:14	tests/wordpress/UnknownNormalizationPermitIntegrationTest.php:4::testUnconsumedPermitPreservesPermitErrorForUnknown; tests/wordpress/UnknownNormalizationPermitIntegrationTest.php:11::testPostExecutionPermitPreservesStateErrorForUnknown; tests/wordpress/UnknownNormalizationPermitIntegrationTest.php:18::testUnknownRequiresNonemptyArrayIdentityAndValidFingerprint; tests/wordpress/UnknownNormalizationPermitIntegrationTest.php:36::testUnknownRejectsMalformedFingerprintEvenWithIdentity	Local durable operation/UNKNOWN/permit evidence tested; live OAuth/webhook/provider certification deferred.	IMPLEMENTED	Related component code exists; cited tests verify only their named behaviors.	INCOMPLETE_REQUIREMENT_COVERAGE
word/document.xml/p119	16. Etsy Architecture	16.2 Controlled external operation lifecycle	LOCAL_PARTIAL	includes/Listings/EtsyOperationRepository.php:14	tests/wordpress/UnknownNormalizationPermitIntegrationTest.php:4::testUnconsumedPermitPreservesPermitErrorForUnknown; tests/wordpress/UnknownNormalizationPermitIntegrationTest.php:11::testPostExecutionPermitPreservesStateErrorForUnknown; tests/wordpress/UnknownNormalizationPermitIntegrationTest.php:18::testUnknownRequiresNonemptyArrayIdentityAndValidFingerprint; tests/wordpress/UnknownNormalizationPermitIntegrationTest.php:36::testUnknownRejectsMalformedFingerprintEvenWithIdentity	Local durable operation/UNKNOWN/permit evidence tested; live OAuth/webhook/provider certification deferred.	IMPLEMENTED	Related component code exists; cited tests verify only their named behaviors.	INCOMPLETE_REQUIREMENT_COVERAGE
word/document.xml/p120	16. Etsy Architecture	Approved local intent → scoped execution authorization / one-time permit → operation-scoped credential access → controlled adapter request → external-attempt evidence → SENT → normalized CONFIRMED_SUCCESS / CONFIRMED_FAILURE / UNKNOWN → reconciliation before any retry of UNKNOWN.	LOCAL_PARTIAL	includes/Listings/EtsyOperationRepository.php:14	tests/wordpress/UnknownNormalizationPermitIntegrationTest.php:4::testUnconsumedPermitPreservesPermitErrorForUnknown; tests/wordpress/UnknownNormalizationPermitIntegrationTest.php:11::testPostExecutionPermitPreservesStateErrorForUnknown; tests/wordpress/UnknownNormalizationPermitIntegrationTest.php:18::testUnknownRequiresNonemptyArrayIdentityAndValidFingerprint; tests/wordpress/UnknownNormalizationPermitIntegrationTest.php:36::testUnknownRejectsMalformedFingerprintEvenWithIdentity	Local durable operation/UNKNOWN/permit evidence tested; live OAuth/webhook/provider certification deferred.	IMPLEMENTED	Related component code exists; cited tests verify only their named behaviors.	INCOMPLETE_REQUIREMENT_COVERAGE
word/document.xml/p121	16. Etsy Architecture	CONFIRMED_SUCCESS is terminal and requires external evidence/reference.	LOCAL_PARTIAL	includes/Listings/EtsyOperationRepository.php:14	tests/wordpress/UnknownNormalizationPermitIntegrationTest.php:4::testUnconsumedPermitPreservesPermitErrorForUnknown; tests/wordpress/UnknownNormalizationPermitIntegrationTest.php:11::testPostExecutionPermitPreservesStateErrorForUnknown; tests/wordpress/UnknownNormalizationPermitIntegrationTest.php:18::testUnknownRequiresNonemptyArrayIdentityAndValidFingerprint; tests/wordpress/UnknownNormalizationPermitIntegrationTest.php:36::testUnknownRejectsMalformedFingerprintEvenWithIdentity	Local durable operation/UNKNOWN/permit evidence tested; live OAuth/webhook/provider certification deferred.	IMPLEMENTED	Related component code exists; cited tests verify only their named behaviors.	INCOMPLETE_REQUIREMENT_COVERAGE
word/document.xml/p122	16. Etsy Architecture	CONFIRMED_FAILURE may be retried only as a new operation with fresh authorization/idempotency identity.	LOCAL_PARTIAL	includes/Listings/EtsyOperationRepository.php:14	tests/wordpress/UnknownNormalizationPermitIntegrationTest.php:4::testUnconsumedPermitPreservesPermitErrorForUnknown; tests/wordpress/UnknownNormalizationPermitIntegrationTest.php:11::testPostExecutionPermitPreservesStateErrorForUnknown; tests/wordpress/UnknownNormalizationPermitIntegrationTest.php:18::testUnknownRequiresNonemptyArrayIdentityAndValidFingerprint; tests/wordpress/UnknownNormalizationPermitIntegrationTest.php:36::testUnknownRejectsMalformedFingerprintEvenWithIdentity	Local durable operation/UNKNOWN/permit evidence tested; live OAuth/webhook/provider certification deferred.	IMPLEMENTED	Related component code exists; cited tests verify only their named behaviors.	INCOMPLETE_REQUIREMENT_COVERAGE
word/document.xml/p123	16. Etsy Architecture	UNKNOWN requires reconciliation before retry.	LOCAL_PARTIAL	includes/Listings/EtsyOperationRepository.php:14	tests/wordpress/UnknownNormalizationPermitIntegrationTest.php:4::testUnconsumedPermitPreservesPermitErrorForUnknown; tests/wordpress/UnknownNormalizationPermitIntegrationTest.php:11::testPostExecutionPermitPreservesStateErrorForUnknown; tests/wordpress/UnknownNormalizationPermitIntegrationTest.php:18::testUnknownRequiresNonemptyArrayIdentityAndValidFingerprint; tests/wordpress/UnknownNormalizationPermitIntegrationTest.php:36::testUnknownRejectsMalformedFingerprintEvenWithIdentity	Local durable operation/UNKNOWN/permit evidence tested; live OAuth/webhook/provider certification deferred.	IMPLEMENTED	Related component code exists; cited tests verify only their named behaviors.	INCOMPLETE_REQUIREMENT_COVERAGE
word/document.xml/p124	16. Etsy Architecture	Consumed authorization without an external attempt requires replacement authorization; never reuse the consumed nonce.	LOCAL_PARTIAL	includes/Listings/EtsyOperationRepository.php:14	tests/wordpress/UnknownNormalizationPermitIntegrationTest.php:4::testUnconsumedPermitPreservesPermitErrorForUnknown; tests/wordpress/UnknownNormalizationPermitIntegrationTest.php:11::testPostExecutionPermitPreservesStateErrorForUnknown; tests/wordpress/UnknownNormalizationPermitIntegrationTest.php:18::testUnknownRequiresNonemptyArrayIdentityAndValidFingerprint; tests/wordpress/UnknownNormalizationPermitIntegrationTest.php:36::testUnknownRejectsMalformedFingerprintEvenWithIdentity	Local durable operation/UNKNOWN/permit evidence tested; live OAuth/webhook/provider certification deferred.	IMPLEMENTED	Related component code exists; cited tests verify only their named behaviors.	INCOMPLETE_REQUIREMENT_COVERAGE
word/document.xml/p125	16. Etsy Architecture	Credentials are deferred until transport is ready and never exposed to frontend/logs.	LOCAL_PARTIAL	includes/Listings/EtsyOperationRepository.php:14	tests/wordpress/UnknownNormalizationPermitIntegrationTest.php:4::testUnconsumedPermitPreservesPermitErrorForUnknown; tests/wordpress/UnknownNormalizationPermitIntegrationTest.php:11::testPostExecutionPermitPreservesStateErrorForUnknown; tests/wordpress/UnknownNormalizationPermitIntegrationTest.php:18::testUnknownRequiresNonemptyArrayIdentityAndValidFingerprint; tests/wordpress/UnknownNormalizationPermitIntegrationTest.php:36::testUnknownRejectsMalformedFingerprintEvenWithIdentity	Local durable operation/UNKNOWN/permit evidence tested; live OAuth/webhook/provider certification deferred.	IMPLEMENTED	Related component code exists; cited tests verify only their named behaviors.	INCOMPLETE_REQUIREMENT_COVERAGE
word/document.xml/p126	16. Etsy Architecture	Publish remains a separate explicit human gate.	LOCAL_PARTIAL	includes/Listings/EtsyOperationRepository.php:14	tests/wordpress/UnknownNormalizationPermitIntegrationTest.php:4::testUnconsumedPermitPreservesPermitErrorForUnknown; tests/wordpress/UnknownNormalizationPermitIntegrationTest.php:11::testPostExecutionPermitPreservesStateErrorForUnknown; tests/wordpress/UnknownNormalizationPermitIntegrationTest.php:18::testUnknownRequiresNonemptyArrayIdentityAndValidFingerprint; tests/wordpress/UnknownNormalizationPermitIntegrationTest.php:36::testUnknownRejectsMalformedFingerprintEvenWithIdentity	Local durable operation/UNKNOWN/permit evidence tested; live OAuth/webhook/provider certification deferred.	IMPLEMENTED	Related component code exists; cited tests verify only their named behaviors.	INCOMPLETE_REQUIREMENT_COVERAGE
word/document.xml/p127	16. Etsy Architecture	16.3 Digital file upload safety	LOCAL_PARTIAL	includes/Listings/EtsyOperationRepository.php:14	tests/wordpress/UnknownNormalizationPermitIntegrationTest.php:4::testUnconsumedPermitPreservesPermitErrorForUnknown; tests/wordpress/UnknownNormalizationPermitIntegrationTest.php:11::testPostExecutionPermitPreservesStateErrorForUnknown; tests/wordpress/UnknownNormalizationPermitIntegrationTest.php:18::testUnknownRequiresNonemptyArrayIdentityAndValidFingerprint; tests/wordpress/UnknownNormalizationPermitIntegrationTest.php:36::testUnknownRejectsMalformedFingerprintEvenWithIdentity	Local durable operation/UNKNOWN/permit evidence tested; live OAuth/webhook/provider certification deferred.	IMPLEMENTED	Related component code exists; cited tests verify only their named behaviors.	INCOMPLETE_REQUIREMENT_COVERAGE
word/document.xml/p128	16. Etsy Architecture	The v1.0.65 multipart runtime fix was proven in production by successful Product #25 file upload. The governed upload selects only the approved customer-package ZIP and binds listing identity, filename, rank, size and SHA evidence. Historical failed attempts remain immutable.	LOCAL_PARTIAL	includes/Listings/EtsyOperationRepository.php:14	tests/wordpress/UnknownNormalizationPermitIntegrationTest.php:4::testUnconsumedPermitPreservesPermitErrorForUnknown; tests/wordpress/UnknownNormalizationPermitIntegrationTest.php:11::testPostExecutionPermitPreservesStateErrorForUnknown; tests/wordpress/UnknownNormalizationPermitIntegrationTest.php:18::testUnknownRequiresNonemptyArrayIdentityAndValidFingerprint; tests/wordpress/UnknownNormalizationPermitIntegrationTest.php:36::testUnknownRejectsMalformedFingerprintEvenWithIdentity	Local durable operation/UNKNOWN/permit evidence tested; live OAuth/webhook/provider certification deferred.	IMPLEMENTED	Related component code exists; cited tests verify only their named behaviors.	INCOMPLETE_REQUIREMENT_COVERAGE
word/document.xml/p129	16. Etsy Architecture	16.4 Webhooks	LOCAL_PARTIAL	includes/Listings/EtsyOperationRepository.php:14	tests/wordpress/UnknownNormalizationPermitIntegrationTest.php:4::testUnconsumedPermitPreservesPermitErrorForUnknown; tests/wordpress/UnknownNormalizationPermitIntegrationTest.php:11::testPostExecutionPermitPreservesStateErrorForUnknown; tests/wordpress/UnknownNormalizationPermitIntegrationTest.php:18::testUnknownRequiresNonemptyArrayIdentityAndValidFingerprint; tests/wordpress/UnknownNormalizationPermitIntegrationTest.php:36::testUnknownRejectsMalformedFingerprintEvenWithIdentity	Local durable operation/UNKNOWN/permit evidence tested; live OAuth/webhook/provider certification deferred.	IMPLEMENTED	Related component code exists; cited tests verify only their named behaviors.	INCOMPLETE_REQUIREMENT_COVERAGE
word/document.xml/p130	16. Etsy Architecture	Webhook ingress is public by necessity but signature-first. The signing secret is server-side only, expected in DIGIFORGE_ETSY_WEBHOOK_SECRET, never accepted from a request parameter, never displayed, and never stored in logs/chat. Replay window is 300 seconds and raw body is bounded. Supported lifecycle events currently include order.paid, order.canceled, order.shipped and order.delivered.	LOCAL_PARTIAL	includes/Listings/EtsyOperationRepository.php:14	tests/wordpress/UnknownNormalizationPermitIntegrationTest.php:4::testUnconsumedPermitPreservesPermitErrorForUnknown; tests/wordpress/UnknownNormalizationPermitIntegrationTest.php:11::testPostExecutionPermitPreservesStateErrorForUnknown; tests/wordpress/UnknownNormalizationPermitIntegrationTest.php:18::testUnknownRequiresNonemptyArrayIdentityAndValidFingerprint; tests/wordpress/UnknownNormalizationPermitIntegrationTest.php:36::testUnknownRejectsMalformedFingerprintEvenWithIdentity	Local durable operation/UNKNOWN/permit evidence tested; live OAuth/webhook/provider certification deferred.	IMPLEMENTED	Related component code exists; cited tests verify only their named behaviors.	INCOMPLETE_REQUIREMENT_COVERAGE
word/document.xml/p131	16. Etsy Architecture	Production webhook readiness is currently CONFIGURATION_REQUIRED because the signing secret is not configured. Webhook configuration and Etsy subscription setup must use a safe server-side mechanism and current official Etsy documentation. Do not paste the secret into chat or commit it to the repository.	LOCAL_PARTIAL	includes/Listings/EtsyOperationRepository.php:14	tests/wordpress/UnknownNormalizationPermitIntegrationTest.php:4::testUnconsumedPermitPreservesPermitErrorForUnknown; tests/wordpress/UnknownNormalizationPermitIntegrationTest.php:11::testPostExecutionPermitPreservesStateErrorForUnknown; tests/wordpress/UnknownNormalizationPermitIntegrationTest.php:18::testUnknownRequiresNonemptyArrayIdentityAndValidFingerprint; tests/wordpress/UnknownNormalizationPermitIntegrationTest.php:36::testUnknownRejectsMalformedFingerprintEvenWithIdentity	Local durable operation/UNKNOWN/permit evidence tested; live OAuth/webhook/provider certification deferred.	IMPLEMENTED	Related component code exists; cited tests verify only their named behaviors.	INCOMPLETE_REQUIREMENT_COVERAGE
word/document.xml/p132	17. Orders and Fulfillment	17. Orders and Fulfillment	LOCAL_PARTIAL	includes/Orders/ApprovedPodMappingResolver.php:8	tests/wordpress/FocusedEtsyOrderReadinessAvailabilityTest.php:6::testFocusedEtsyReadDistinguishesQueryFailureFromMissingRecord; tests/wordpress/FocusedEtsyOrderReadinessAvailabilityTest.php:36::testEveryRequiredReadinessCountFailsClosedOnDatabaseFailure	Local exact mapping/readiness failure paths tested; live shop/listing/order lineage unverified.	IMPLEMENTED	Related component code exists; cited tests verify only their named behaviors.	INCOMPLETE_REQUIREMENT_COVERAGE
word/document.xml/p133	17. Orders and Fulfillment	Order intake preserves shop/listing/product version/provider mapping/currency/personalization identity. External webhook payloads are not trusted for internal IDs or provider mappings. Resolvers must bind external Etsy identities to exactly one approved internal listing/product and derive provider mapping from approved internal evidence.	LOCAL_PARTIAL	includes/Orders/ApprovedPodMappingResolver.php:8	tests/wordpress/FocusedEtsyOrderReadinessAvailabilityTest.php:6::testFocusedEtsyReadDistinguishesQueryFailureFromMissingRecord; tests/wordpress/FocusedEtsyOrderReadinessAvailabilityTest.php:36::testEveryRequiredReadinessCountFailsClosedOnDatabaseFailure	Local exact mapping/readiness failure paths tested; live shop/listing/order lineage unverified.	IMPLEMENTED	Related component code exists; cited tests verify only their named behaviors.	INCOMPLETE_REQUIREMENT_COVERAGE
word/document.xml/p134	17. Orders and Fulfillment	Digital-only lines do not require POD provider mapping. POD lines require unique approved mapping/binding. Hybrid cases must be handled explicitly and fail closed when product/listing/provider intent is ambiguous.	LOCAL_PARTIAL	includes/Orders/ApprovedPodMappingResolver.php:8	tests/wordpress/FocusedEtsyOrderReadinessAvailabilityTest.php:6::testFocusedEtsyReadDistinguishesQueryFailureFromMissingRecord; tests/wordpress/FocusedEtsyOrderReadinessAvailabilityTest.php:36::testEveryRequiredReadinessCountFailsClosedOnDatabaseFailure	Local exact mapping/readiness failure paths tested; live shop/listing/order lineage unverified.	IMPLEMENTED	Related component code exists; cited tests verify only their named behaviors.	INCOMPLETE_REQUIREMENT_COVERAGE
word/document.xml/p135	17. Orders and Fulfillment	Order states requiring review must be persisted in the local order record, not merely returned in an API response. No automatic APPROVED transition is permitted. Shipment/delivery webhook evidence is informational and must not be treated as authoritative provider fulfillment authorization.	LOCAL_PARTIAL	includes/Orders/ApprovedPodMappingResolver.php:8	tests/wordpress/FocusedEtsyOrderReadinessAvailabilityTest.php:6::testFocusedEtsyReadDistinguishesQueryFailureFromMissingRecord; tests/wordpress/FocusedEtsyOrderReadinessAvailabilityTest.php:36::testEveryRequiredReadinessCountFailsClosedOnDatabaseFailure	Local exact mapping/readiness failure paths tested; live shop/listing/order lineage unverified.	IMPLEMENTED	Related component code exists; cited tests verify only their named behaviors.	INCOMPLETE_REQUIREMENT_COVERAGE
word/document.xml/p136	18. Digital Order Delivery Evidence	18. Digital Order Delivery Evidence	LOCAL_PARTIAL	includes/Listings/EtsyDigitalFileVerification.php:7	tests/unit/EtsyGovernedDigitalUploadRuntimeContractTest.php:5::testLedgerPersistsPostCreateAndAssetIdentities; tests/unit/EtsyGovernedDigitalUploadRuntimeContractTest.php:11::testAcceptedFileIdentityIsPersistedAfterConfirmedSuccess; tests/unit/EtsyGovernedDigitalUploadRuntimeContractTest.php:17::testUploadRouteUsesGovernedCustomerPackageAndConfirmedCreate	Positive attachment evidence contracts; no buyer-download or live upload certification asserted.	IMPLEMENTED	Related component code exists; cited tests verify only their named behaviors.	INCOMPLETE_REQUIREMENT_COVERAGE
word/document.xml/p137	18. Digital Order Delivery Evidence	For Etsy digital orders, DigiForge should prove delivery configuration from persisted evidence: approved internal listing → confirmed Etsy CREATE_DRAFT identity → confirmed UPLOAD_FILE operation → positive external listing_file_id bound to the same listing. This proves that the listing was configured with a delivery file; it does not prove that a buyer downloaded the file. Buyer-download claims require separate provider evidence if ever supported.	LOCAL_PARTIAL	includes/Listings/EtsyDigitalFileVerification.php:7	tests/unit/EtsyGovernedDigitalUploadRuntimeContractTest.php:5::testLedgerPersistsPostCreateAndAssetIdentities; tests/unit/EtsyGovernedDigitalUploadRuntimeContractTest.php:11::testAcceptedFileIdentityIsPersistedAfterConfirmedSuccess; tests/unit/EtsyGovernedDigitalUploadRuntimeContractTest.php:17::testUploadRouteUsesGovernedCustomerPackageAndConfirmedCreate	Positive attachment evidence contracts; no buyer-download or live upload certification asserted.	IMPLEMENTED	Related component code exists; cited tests verify only their named behaviors.	INCOMPLETE_REQUIREMENT_COVERAGE
word/document.xml/p138	19. Human Approval Model	19. Human Approval Model	LOCAL_PARTIAL	includes/POD/ApprovalRecord.php:10	tests/wordpress/HumanGateOperationsTest.php:5::testPersonalizationReviewIsHumanImmutableAndExternalAuthorityAbsent; tests/wordpress/HumanGateOperationsTest.php:11::testOwnershipApprovalUsesDraftOnlyAtomicRepositoryTransition	Approval/readback gates tested; full operation-specific operator acceptance remains open.	IMPLEMENTED	Related component code exists; cited tests verify only their named behaviors.	INCOMPLETE_REQUIREMENT_COVERAGE
word/document.xml/table21/r1/c1/p1	19. Human Approval Model	Gate	LOCAL_PARTIAL	includes/POD/ApprovalRecord.php:10	tests/wordpress/HumanGateOperationsTest.php:5::testPersonalizationReviewIsHumanImmutableAndExternalAuthorityAbsent; tests/wordpress/HumanGateOperationsTest.php:11::testOwnershipApprovalUsesDraftOnlyAtomicRepositoryTransition	Approval/readback gates tested; full operation-specific operator acceptance remains open.	IMPLEMENTED	Related component code exists; cited tests verify only their named behaviors.	INCOMPLETE_REQUIREMENT_COVERAGE
word/document.xml/table21/r1/c2/p1	19. Human Approval Model	Decision	LOCAL_PARTIAL	includes/POD/ApprovalRecord.php:10	tests/wordpress/HumanGateOperationsTest.php:5::testPersonalizationReviewIsHumanImmutableAndExternalAuthorityAbsent; tests/wordpress/HumanGateOperationsTest.php:11::testOwnershipApprovalUsesDraftOnlyAtomicRepositoryTransition	Approval/readback gates tested; full operation-specific operator acceptance remains open.	IMPLEMENTED	Related component code exists; cited tests verify only their named behaviors.	INCOMPLETE_REQUIREMENT_COVERAGE
word/document.xml/table21/r2/c1/p1	19. Human Approval Model	Gate 1 — Opportunity Approval	LOCAL_PARTIAL	includes/POD/ApprovalRecord.php:10	tests/wordpress/HumanGateOperationsTest.php:5::testPersonalizationReviewIsHumanImmutableAndExternalAuthorityAbsent; tests/wordpress/HumanGateOperationsTest.php:11::testOwnershipApprovalUsesDraftOnlyAtomicRepositoryTransition	Approval/readback gates tested; full operation-specific operator acceptance remains open.	IMPLEMENTED	Related component code exists; cited tests verify only their named behaviors.	INCOMPLETE_REQUIREMENT_COVERAGE
word/document.xml/table21/r2/c2/p1	19. Human Approval Model	Should DigiForge make/develop this opportunity?	LOCAL_PARTIAL	includes/POD/ApprovalRecord.php:10	tests/wordpress/HumanGateOperationsTest.php:5::testPersonalizationReviewIsHumanImmutableAndExternalAuthorityAbsent; tests/wordpress/HumanGateOperationsTest.php:11::testOwnershipApprovalUsesDraftOnlyAtomicRepositoryTransition	Approval/readback gates tested; full operation-specific operator acceptance remains open.	IMPLEMENTED	Related component code exists; cited tests verify only their named behaviors.	INCOMPLETE_REQUIREMENT_COVERAGE
word/document.xml/table21/r3/c1/p1	19. Human Approval Model	Gate 2 — Product Approval	LOCAL_PARTIAL	includes/POD/ApprovalRecord.php:10	tests/wordpress/HumanGateOperationsTest.php:5::testPersonalizationReviewIsHumanImmutableAndExternalAuthorityAbsent; tests/wordpress/HumanGateOperationsTest.php:11::testOwnershipApprovalUsesDraftOnlyAtomicRepositoryTransition	Approval/readback gates tested; full operation-specific operator acceptance remains open.	IMPLEMENTED	Related component code exists; cited tests verify only their named behaviors.	INCOMPLETE_REQUIREMENT_COVERAGE
word/document.xml/table21/r3/c2/p1	19. Human Approval Model	Is the finished product/template commercially and technically good enough to sell?	LOCAL_PARTIAL	includes/POD/ApprovalRecord.php:10	tests/wordpress/HumanGateOperationsTest.php:5::testPersonalizationReviewIsHumanImmutableAndExternalAuthorityAbsent; tests/wordpress/HumanGateOperationsTest.php:11::testOwnershipApprovalUsesDraftOnlyAtomicRepositoryTransition	Approval/readback gates tested; full operation-specific operator acceptance remains open.	IMPLEMENTED	Related component code exists; cited tests verify only their named behaviors.	INCOMPLETE_REQUIREMENT_COVERAGE
word/document.xml/table21/r4/c1/p1	19. Human Approval Model	Gate 3 — Listing/Publish Approval	LOCAL_PARTIAL	includes/POD/ApprovalRecord.php:10	tests/wordpress/HumanGateOperationsTest.php:5::testPersonalizationReviewIsHumanImmutableAndExternalAuthorityAbsent; tests/wordpress/HumanGateOperationsTest.php:11::testOwnershipApprovalUsesDraftOnlyAtomicRepositoryTransition	Approval/readback gates tested; full operation-specific operator acceptance remains open.	IMPLEMENTED	Related component code exists; cited tests verify only their named behaviors.	INCOMPLETE_REQUIREMENT_COVERAGE
word/document.xml/table21/r4/c2/p1	19. Human Approval Model	Is this exact listing ready to go live?	LOCAL_PARTIAL	includes/POD/ApprovalRecord.php:10	tests/wordpress/HumanGateOperationsTest.php:5::testPersonalizationReviewIsHumanImmutableAndExternalAuthorityAbsent; tests/wordpress/HumanGateOperationsTest.php:11::testOwnershipApprovalUsesDraftOnlyAtomicRepositoryTransition	Approval/readback gates tested; full operation-specific operator acceptance remains open.	IMPLEMENTED	Related component code exists; cited tests verify only their named behaviors.	INCOMPLETE_REQUIREMENT_COVERAGE
word/document.xml/table21/r5/c1/p1	19. Human Approval Model	Personalized order preview approval	LOCAL_PARTIAL	includes/POD/ApprovalRecord.php:10	tests/wordpress/HumanGateOperationsTest.php:5::testPersonalizationReviewIsHumanImmutableAndExternalAuthorityAbsent; tests/wordpress/HumanGateOperationsTest.php:11::testOwnershipApprovalUsesDraftOnlyAtomicRepositoryTransition	Approval/readback gates tested; full operation-specific operator acceptance remains open.	IMPLEMENTED	Related component code exists; cited tests verify only their named behaviors.	INCOMPLETE_REQUIREMENT_COVERAGE
word/document.xml/table21/r5/c2/p1	19. Human Approval Model	Is this exact buyer-specific design correct and acceptable?	LOCAL_PARTIAL	includes/POD/ApprovalRecord.php:10	tests/wordpress/HumanGateOperationsTest.php:5::testPersonalizationReviewIsHumanImmutableAndExternalAuthorityAbsent; tests/wordpress/HumanGateOperationsTest.php:11::testOwnershipApprovalUsesDraftOnlyAtomicRepositoryTransition	Approval/readback gates tested; full operation-specific operator acceptance remains open.	IMPLEMENTED	Related component code exists; cited tests verify only their named behaviors.	INCOMPLETE_REQUIREMENT_COVERAGE
word/document.xml/table21/r6/c1/p1	19. Human Approval Model	Production Authorization	LOCAL_PARTIAL	includes/POD/ApprovalRecord.php:10	tests/wordpress/HumanGateOperationsTest.php:5::testPersonalizationReviewIsHumanImmutableAndExternalAuthorityAbsent; tests/wordpress/HumanGateOperationsTest.php:11::testOwnershipApprovalUsesDraftOnlyAtomicRepositoryTransition	Approval/readback gates tested; full operation-specific operator acceptance remains open.	IMPLEMENTED	Related component code exists; cited tests verify only their named behaviors.	INCOMPLETE_REQUIREMENT_COVERAGE
word/document.xml/table21/r6/c2/p1	19. Human Approval Model	May this exact approved personalized payload be submitted to the provider for production?	LOCAL_PARTIAL	includes/POD/ApprovalRecord.php:10	tests/wordpress/HumanGateOperationsTest.php:5::testPersonalizationReviewIsHumanImmutableAndExternalAuthorityAbsent; tests/wordpress/HumanGateOperationsTest.php:11::testOwnershipApprovalUsesDraftOnlyAtomicRepositoryTransition	Approval/readback gates tested; full operation-specific operator acceptance remains open.	IMPLEMENTED	Related component code exists; cited tests verify only their named behaviors.	INCOMPLETE_REQUIREMENT_COVERAGE
word/document.xml/p141	19. Human Approval Model	These gates are evidence boundaries, not UI decorations. The exact version/payload approved must be the version/payload executed.	LOCAL_PARTIAL	includes/POD/ApprovalRecord.php:10	tests/wordpress/HumanGateOperationsTest.php:5::testPersonalizationReviewIsHumanImmutableAndExternalAuthorityAbsent; tests/wordpress/HumanGateOperationsTest.php:11::testOwnershipApprovalUsesDraftOnlyAtomicRepositoryTransition	Approval/readback gates tested; full operation-specific operator acceptance remains open.	IMPLEMENTED	Related component code exists; cited tests verify only their named behaviors.	INCOMPLETE_REQUIREMENT_COVERAGE
word/document.xml/p142	20. Admin Experience — DigiForge Website, Not WordPress Admin	20. Admin Experience — DigiForge Website, Not WordPress Admin	LOCAL_PARTIAL	includes/Portal/Portal.php:47	tests/wordpress/PortalWorkflowAcceptanceTest.php:7::testAnonymousAndSubscriberCannotReadOperatorViews; tests/wordpress/PortalWorkflowAcceptanceTest.php:11::testLimitedOperatorCannotReadAiPolicyOrIntegrationSecrets; tests/wordpress/PortalWorkflowAcceptanceTest.php:16::testAllNonFinanceViewsAndFourShopsRenderWithoutChangingSafetyOrBusinessState; tests/wordpress/PortalWorkflowAcceptanceTest.php:28::testAiPolicyAndUsageProjectionIsShopIsolated; tests/wordpress/PortalWorkflowAcceptanceTest.php:32::testReadFailureIsVisibleAndRecoveryViewCannotExecute; tests/browser/portal-layout.cjs:1	All19non-financeviews x4shops x3widths228offline cases verified; access/read-error/safety checks pass. Server submissions, all downstream shop authorization, deployed themes and complete accessibility acceptance remain unverified.	IMPLEMENTED	Related component code exists; cited tests verify only their named behaviors.	INCOMPLETE_REQUIREMENT_COVERAGE
word/document.xml/p143	20. Admin Experience — DigiForge Website, Not WordPress Admin	Normal day-to-day business operation must occur in the DigiForge live-site portal. WordPress admin is infrastructure/maintenance only. The operator should not need wp-admin for normal research, approvals, listings, orders, provider operations, finance, AI budgets or reconciliation.	LOCAL_PARTIAL	includes/Portal/Portal.php:47	tests/wordpress/PortalWorkflowAcceptanceTest.php:7::testAnonymousAndSubscriberCannotReadOperatorViews; tests/wordpress/PortalWorkflowAcceptanceTest.php:11::testLimitedOperatorCannotReadAiPolicyOrIntegrationSecrets; tests/wordpress/PortalWorkflowAcceptanceTest.php:16::testAllNonFinanceViewsAndFourShopsRenderWithoutChangingSafetyOrBusinessState; tests/wordpress/PortalWorkflowAcceptanceTest.php:28::testAiPolicyAndUsageProjectionIsShopIsolated; tests/wordpress/PortalWorkflowAcceptanceTest.php:32::testReadFailureIsVisibleAndRecoveryViewCannotExecute; tests/browser/portal-layout.cjs:1	All19non-financeviews x4shops x3widths228offline cases verified; access/read-error/safety checks pass. Server submissions, all downstream shop authorization, deployed themes and complete accessibility acceptance remain unverified.	IMPLEMENTED	Related component code exists; cited tests verify only their named behaviors.	INCOMPLETE_REQUIREMENT_COVERAGE
word/document.xml/table22/r1/c1/p1	20. Admin Experience — DigiForge Website, Not WordPress Admin	Portal area	LOCAL_PARTIAL	includes/Portal/Portal.php:47	tests/wordpress/PortalWorkflowAcceptanceTest.php:7::testAnonymousAndSubscriberCannotReadOperatorViews; tests/wordpress/PortalWorkflowAcceptanceTest.php:11::testLimitedOperatorCannotReadAiPolicyOrIntegrationSecrets; tests/wordpress/PortalWorkflowAcceptanceTest.php:16::testAllNonFinanceViewsAndFourShopsRenderWithoutChangingSafetyOrBusinessState; tests/wordpress/PortalWorkflowAcceptanceTest.php:28::testAiPolicyAndUsageProjectionIsShopIsolated; tests/wordpress/PortalWorkflowAcceptanceTest.php:32::testReadFailureIsVisibleAndRecoveryViewCannotExecute; tests/browser/portal-layout.cjs:1	All19non-financeviews x4shops x3widths228offline cases verified; access/read-error/safety checks pass. Server submissions, all downstream shop authorization, deployed themes and complete accessibility acceptance remain unverified.	IMPLEMENTED	Related component code exists; cited tests verify only their named behaviors.	INCOMPLETE_REQUIREMENT_COVERAGE
word/document.xml/table22/r1/c2/p1	20. Admin Experience — DigiForge Website, Not WordPress Admin	Required capability	LOCAL_PARTIAL	includes/Portal/Portal.php:47	tests/wordpress/PortalWorkflowAcceptanceTest.php:7::testAnonymousAndSubscriberCannotReadOperatorViews; tests/wordpress/PortalWorkflowAcceptanceTest.php:11::testLimitedOperatorCannotReadAiPolicyOrIntegrationSecrets; tests/wordpress/PortalWorkflowAcceptanceTest.php:16::testAllNonFinanceViewsAndFourShopsRenderWithoutChangingSafetyOrBusinessState; tests/wordpress/PortalWorkflowAcceptanceTest.php:28::testAiPolicyAndUsageProjectionIsShopIsolated; tests/wordpress/PortalWorkflowAcceptanceTest.php:32::testReadFailureIsVisibleAndRecoveryViewCannotExecute; tests/browser/portal-layout.cjs:1	All19non-financeviews x4shops x3widths228offline cases verified; access/read-error/safety checks pass. Server submissions, all downstream shop authorization, deployed themes and complete accessibility acceptance remain unverified.	IMPLEMENTED	Related component code exists; cited tests verify only their named behaviors.	INCOMPLETE_REQUIREMENT_COVERAGE
word/document.xml/table22/r2/c1/p1	20. Admin Experience — DigiForge Website, Not WordPress Admin	Global Dashboard	LOCAL_PARTIAL	includes/Portal/Portal.php:47	tests/wordpress/PortalWorkflowAcceptanceTest.php:7::testAnonymousAndSubscriberCannotReadOperatorViews; tests/wordpress/PortalWorkflowAcceptanceTest.php:11::testLimitedOperatorCannotReadAiPolicyOrIntegrationSecrets; tests/wordpress/PortalWorkflowAcceptanceTest.php:16::testAllNonFinanceViewsAndFourShopsRenderWithoutChangingSafetyOrBusinessState; tests/wordpress/PortalWorkflowAcceptanceTest.php:28::testAiPolicyAndUsageProjectionIsShopIsolated; tests/wordpress/PortalWorkflowAcceptanceTest.php:32::testReadFailureIsVisibleAndRecoveryViewCannotExecute; tests/browser/portal-layout.cjs:1	All19non-financeviews x4shops x3widths228offline cases verified; access/read-error/safety checks pass. Server submissions, all downstream shop authorization, deployed themes and complete accessibility acceptance remain unverified.	IMPLEMENTED	Related component code exists; cited tests verify only their named behaviors.	INCOMPLETE_REQUIREMENT_COVERAGE
word/document.xml/table22/r2/c2/p1	20. Admin Experience — DigiForge Website, Not WordPress Admin	Readiness, STOP ALL, blockers, approvals, queue health, shop KPIs, spend and alerts.	LOCAL_PARTIAL	includes/Portal/Portal.php:47	tests/wordpress/PortalWorkflowAcceptanceTest.php:7::testAnonymousAndSubscriberCannotReadOperatorViews; tests/wordpress/PortalWorkflowAcceptanceTest.php:11::testLimitedOperatorCannotReadAiPolicyOrIntegrationSecrets; tests/wordpress/PortalWorkflowAcceptanceTest.php:16::testAllNonFinanceViewsAndFourShopsRenderWithoutChangingSafetyOrBusinessState; tests/wordpress/PortalWorkflowAcceptanceTest.php:28::testAiPolicyAndUsageProjectionIsShopIsolated; tests/wordpress/PortalWorkflowAcceptanceTest.php:32::testReadFailureIsVisibleAndRecoveryViewCannotExecute; tests/browser/portal-layout.cjs:1	All19non-financeviews x4shops x3widths228offline cases verified; access/read-error/safety checks pass. Server submissions, all downstream shop authorization, deployed themes and complete accessibility acceptance remain unverified.	IMPLEMENTED	Related component code exists; cited tests verify only their named behaviors.	INCOMPLETE_REQUIREMENT_COVERAGE
word/document.xml/table22/r3/c1/p1	20. Admin Experience — DigiForge Website, Not WordPress Admin	Shop Switcher	LOCAL_PARTIAL	includes/Portal/Portal.php:47	tests/wordpress/PortalWorkflowAcceptanceTest.php:7::testAnonymousAndSubscriberCannotReadOperatorViews; tests/wordpress/PortalWorkflowAcceptanceTest.php:11::testLimitedOperatorCannotReadAiPolicyOrIntegrationSecrets; tests/wordpress/PortalWorkflowAcceptanceTest.php:16::testAllNonFinanceViewsAndFourShopsRenderWithoutChangingSafetyOrBusinessState; tests/wordpress/PortalWorkflowAcceptanceTest.php:28::testAiPolicyAndUsageProjectionIsShopIsolated; tests/wordpress/PortalWorkflowAcceptanceTest.php:32::testReadFailureIsVisibleAndRecoveryViewCannotExecute; tests/browser/portal-layout.cjs:1	All19non-financeviews x4shops x3widths228offline cases verified; access/read-error/safety checks pass. Server submissions, all downstream shop authorization, deployed themes and complete accessibility acceptance remain unverified.	IMPLEMENTED	Related component code exists; cited tests verify only their named behaviors.	INCOMPLETE_REQUIREMENT_COVERAGE
word/document.xml/table22/r3/c2/p1	20. Admin Experience — DigiForge Website, Not WordPress Admin	All Shops / Digital / Personalized POD / Standard POD / Jewelry; selected shop scopes every view.	LOCAL_PARTIAL	includes/Portal/Portal.php:47	tests/wordpress/PortalWorkflowAcceptanceTest.php:7::testAnonymousAndSubscriberCannotReadOperatorViews; tests/wordpress/PortalWorkflowAcceptanceTest.php:11::testLimitedOperatorCannotReadAiPolicyOrIntegrationSecrets; tests/wordpress/PortalWorkflowAcceptanceTest.php:16::testAllNonFinanceViewsAndFourShopsRenderWithoutChangingSafetyOrBusinessState; tests/wordpress/PortalWorkflowAcceptanceTest.php:28::testAiPolicyAndUsageProjectionIsShopIsolated; tests/wordpress/PortalWorkflowAcceptanceTest.php:32::testReadFailureIsVisibleAndRecoveryViewCannotExecute; tests/browser/portal-layout.cjs:1	All19non-financeviews x4shops x3widths228offline cases verified; access/read-error/safety checks pass. Server submissions, all downstream shop authorization, deployed themes and complete accessibility acceptance remain unverified.	IMPLEMENTED	Related component code exists; cited tests verify only their named behaviors.	INCOMPLETE_REQUIREMENT_COVERAGE
word/document.xml/table22/r4/c1/p1	20. Admin Experience — DigiForge Website, Not WordPress Admin	Businesses / Brands / Shops	LOCAL_PARTIAL	includes/Portal/Portal.php:47	tests/wordpress/PortalWorkflowAcceptanceTest.php:7::testAnonymousAndSubscriberCannotReadOperatorViews; tests/wordpress/PortalWorkflowAcceptanceTest.php:11::testLimitedOperatorCannotReadAiPolicyOrIntegrationSecrets; tests/wordpress/PortalWorkflowAcceptanceTest.php:16::testAllNonFinanceViewsAndFourShopsRenderWithoutChangingSafetyOrBusinessState; tests/wordpress/PortalWorkflowAcceptanceTest.php:28::testAiPolicyAndUsageProjectionIsShopIsolated; tests/wordpress/PortalWorkflowAcceptanceTest.php:32::testReadFailureIsVisibleAndRecoveryViewCannotExecute; tests/browser/portal-layout.cjs:1	All19non-financeviews x4shops x3widths228offline cases verified; access/read-error/safety checks pass. Server submissions, all downstream shop authorization, deployed themes and complete accessibility acceptance remain unverified.	IMPLEMENTED	Related component code exists; cited tests verify only their named behaviors.	INCOMPLETE_REQUIREMENT_COVERAGE
word/document.xml/table22/r4/c2/p1	20. Admin Experience — DigiForge Website, Not WordPress Admin	Ownership, shop identities, environments, provider connections and shop-level policy.	LOCAL_PARTIAL	includes/Portal/Portal.php:47	tests/wordpress/PortalWorkflowAcceptanceTest.php:7::testAnonymousAndSubscriberCannotReadOperatorViews; tests/wordpress/PortalWorkflowAcceptanceTest.php:11::testLimitedOperatorCannotReadAiPolicyOrIntegrationSecrets; tests/wordpress/PortalWorkflowAcceptanceTest.php:16::testAllNonFinanceViewsAndFourShopsRenderWithoutChangingSafetyOrBusinessState; tests/wordpress/PortalWorkflowAcceptanceTest.php:28::testAiPolicyAndUsageProjectionIsShopIsolated; tests/wordpress/PortalWorkflowAcceptanceTest.php:32::testReadFailureIsVisibleAndRecoveryViewCannotExecute; tests/browser/portal-layout.cjs:1	All19non-financeviews x4shops x3widths228offline cases verified; access/read-error/safety checks pass. Server submissions, all downstream shop authorization, deployed themes and complete accessibility acceptance remain unverified.	IMPLEMENTED	Related component code exists; cited tests verify only their named behaviors.	INCOMPLETE_REQUIREMENT_COVERAGE
word/document.xml/table22/r5/c1/p1	20. Admin Experience — DigiForge Website, Not WordPress Admin	Research / Opportunities	LOCAL_PARTIAL	includes/Portal/Portal.php:47	tests/wordpress/PortalWorkflowAcceptanceTest.php:7::testAnonymousAndSubscriberCannotReadOperatorViews; tests/wordpress/PortalWorkflowAcceptanceTest.php:11::testLimitedOperatorCannotReadAiPolicyOrIntegrationSecrets; tests/wordpress/PortalWorkflowAcceptanceTest.php:16::testAllNonFinanceViewsAndFourShopsRenderWithoutChangingSafetyOrBusinessState; tests/wordpress/PortalWorkflowAcceptanceTest.php:28::testAiPolicyAndUsageProjectionIsShopIsolated; tests/wordpress/PortalWorkflowAcceptanceTest.php:32::testReadFailureIsVisibleAndRecoveryViewCannotExecute; tests/browser/portal-layout.cjs:1	All19non-financeviews x4shops x3widths228offline cases verified; access/read-error/safety checks pass. Server submissions, all downstream shop authorization, deployed themes and complete accessibility acceptance remain unverified.	IMPLEMENTED	Related component code exists; cited tests verify only their named behaviors.	INCOMPLETE_REQUIREMENT_COVERAGE
word/document.xml/table22/r5/c2/p1	20. Admin Experience — DigiForge Website, Not WordPress Admin	Manual runs, evidence, scores, shortlist, quantity/budget limits and approval.	LOCAL_PARTIAL	includes/Portal/Portal.php:47	tests/wordpress/PortalWorkflowAcceptanceTest.php:7::testAnonymousAndSubscriberCannotReadOperatorViews; tests/wordpress/PortalWorkflowAcceptanceTest.php:11::testLimitedOperatorCannotReadAiPolicyOrIntegrationSecrets; tests/wordpress/PortalWorkflowAcceptanceTest.php:16::testAllNonFinanceViewsAndFourShopsRenderWithoutChangingSafetyOrBusinessState; tests/wordpress/PortalWorkflowAcceptanceTest.php:28::testAiPolicyAndUsageProjectionIsShopIsolated; tests/wordpress/PortalWorkflowAcceptanceTest.php:32::testReadFailureIsVisibleAndRecoveryViewCannotExecute; tests/browser/portal-layout.cjs:1	All19non-financeviews x4shops x3widths228offline cases verified; access/read-error/safety checks pass. Server submissions, all downstream shop authorization, deployed themes and complete accessibility acceptance remain unverified.	IMPLEMENTED	Related component code exists; cited tests verify only their named behaviors.	INCOMPLETE_REQUIREMENT_COVERAGE
word/document.xml/table22/r6/c1/p1	20. Admin Experience — DigiForge Website, Not WordPress Admin	Digital Factory	LOCAL_PARTIAL	includes/Portal/Portal.php:47	tests/wordpress/PortalWorkflowAcceptanceTest.php:7::testAnonymousAndSubscriberCannotReadOperatorViews; tests/wordpress/PortalWorkflowAcceptanceTest.php:11::testLimitedOperatorCannotReadAiPolicyOrIntegrationSecrets; tests/wordpress/PortalWorkflowAcceptanceTest.php:16::testAllNonFinanceViewsAndFourShopsRenderWithoutChangingSafetyOrBusinessState; tests/wordpress/PortalWorkflowAcceptanceTest.php:28::testAiPolicyAndUsageProjectionIsShopIsolated; tests/wordpress/PortalWorkflowAcceptanceTest.php:32::testReadFailureIsVisibleAndRecoveryViewCannotExecute; tests/browser/portal-layout.cjs:1	All19non-financeviews x4shops x3widths228offline cases verified; access/read-error/safety checks pass. Server submissions, all downstream shop authorization, deployed themes and complete accessibility acceptance remain unverified.	IMPLEMENTED	Related component code exists; cited tests verify only their named behaviors.	INCOMPLETE_REQUIREMENT_COVERAGE
word/document.xml/table22/r6/c2/p1	20. Admin Experience — DigiForge Website, Not WordPress Admin	Products, versions, assets, QA, profitability, listing readiness.	LOCAL_PARTIAL	includes/Portal/Portal.php:47	tests/wordpress/PortalWorkflowAcceptanceTest.php:7::testAnonymousAndSubscriberCannotReadOperatorViews; tests/wordpress/PortalWorkflowAcceptanceTest.php:11::testLimitedOperatorCannotReadAiPolicyOrIntegrationSecrets; tests/wordpress/PortalWorkflowAcceptanceTest.php:16::testAllNonFinanceViewsAndFourShopsRenderWithoutChangingSafetyOrBusinessState; tests/wordpress/PortalWorkflowAcceptanceTest.php:28::testAiPolicyAndUsageProjectionIsShopIsolated; tests/wordpress/PortalWorkflowAcceptanceTest.php:32::testReadFailureIsVisibleAndRecoveryViewCannotExecute; tests/browser/portal-layout.cjs:1	All19non-financeviews x4shops x3widths228offline cases verified; access/read-error/safety checks pass. Server submissions, all downstream shop authorization, deployed themes and complete accessibility acceptance remain unverified.	IMPLEMENTED	Related component code exists; cited tests verify only their named behaviors.	INCOMPLETE_REQUIREMENT_COVERAGE
word/document.xml/table22/r7/c1/p1	20. Admin Experience — DigiForge Website, Not WordPress Admin	Personalized POD	LOCAL_PARTIAL	includes/Portal/Portal.php:47	tests/wordpress/PortalWorkflowAcceptanceTest.php:7::testAnonymousAndSubscriberCannotReadOperatorViews; tests/wordpress/PortalWorkflowAcceptanceTest.php:11::testLimitedOperatorCannotReadAiPolicyOrIntegrationSecrets; tests/wordpress/PortalWorkflowAcceptanceTest.php:16::testAllNonFinanceViewsAndFourShopsRenderWithoutChangingSafetyOrBusinessState; tests/wordpress/PortalWorkflowAcceptanceTest.php:28::testAiPolicyAndUsageProjectionIsShopIsolated; tests/wordpress/PortalWorkflowAcceptanceTest.php:32::testReadFailureIsVisibleAndRecoveryViewCannotExecute; tests/browser/portal-layout.cjs:1	All19non-financeviews x4shops x3widths228offline cases verified; access/read-error/safety checks pass. Server submissions, all downstream shop authorization, deployed themes and complete accessibility acceptance remain unverified.	IMPLEMENTED	Related component code exists; cited tests verify only their named behaviors.	INCOMPLETE_REQUIREMENT_COVERAGE
word/document.xml/table22/r7/c2/p1	20. Admin Experience — DigiForge Website, Not WordPress Admin	Master catalogs, product families, personalization engines, templates, mappings, print areas, mockups, supplier readiness.	LOCAL_PARTIAL	includes/Portal/Portal.php:47	tests/wordpress/PortalWorkflowAcceptanceTest.php:7::testAnonymousAndSubscriberCannotReadOperatorViews; tests/wordpress/PortalWorkflowAcceptanceTest.php:11::testLimitedOperatorCannotReadAiPolicyOrIntegrationSecrets; tests/wordpress/PortalWorkflowAcceptanceTest.php:16::testAllNonFinanceViewsAndFourShopsRenderWithoutChangingSafetyOrBusinessState; tests/wordpress/PortalWorkflowAcceptanceTest.php:28::testAiPolicyAndUsageProjectionIsShopIsolated; tests/wordpress/PortalWorkflowAcceptanceTest.php:32::testReadFailureIsVisibleAndRecoveryViewCannotExecute; tests/browser/portal-layout.cjs:1	All19non-financeviews x4shops x3widths228offline cases verified; access/read-error/safety checks pass. Server submissions, all downstream shop authorization, deployed themes and complete accessibility acceptance remain unverified.	IMPLEMENTED	Related component code exists; cited tests verify only their named behaviors.	INCOMPLETE_REQUIREMENT_COVERAGE
word/document.xml/table22/r8/c1/p1	20. Admin Experience — DigiForge Website, Not WordPress Admin	Products / Versions	LOCAL_PARTIAL	includes/Portal/Portal.php:47	tests/wordpress/PortalWorkflowAcceptanceTest.php:7::testAnonymousAndSubscriberCannotReadOperatorViews; tests/wordpress/PortalWorkflowAcceptanceTest.php:11::testLimitedOperatorCannotReadAiPolicyOrIntegrationSecrets; tests/wordpress/PortalWorkflowAcceptanceTest.php:16::testAllNonFinanceViewsAndFourShopsRenderWithoutChangingSafetyOrBusinessState; tests/wordpress/PortalWorkflowAcceptanceTest.php:28::testAiPolicyAndUsageProjectionIsShopIsolated; tests/wordpress/PortalWorkflowAcceptanceTest.php:32::testReadFailureIsVisibleAndRecoveryViewCannotExecute; tests/browser/portal-layout.cjs:1	All19non-financeviews x4shops x3widths228offline cases verified; access/read-error/safety checks pass. Server submissions, all downstream shop authorization, deployed themes and complete accessibility acceptance remain unverified.	IMPLEMENTED	Related component code exists; cited tests verify only their named behaviors.	INCOMPLETE_REQUIREMENT_COVERAGE
word/document.xml/table22/r8/c2/p1	20. Admin Experience — DigiForge Website, Not WordPress Admin	Canonical products and immutable released versions.	LOCAL_PARTIAL	includes/Portal/Portal.php:47	tests/wordpress/PortalWorkflowAcceptanceTest.php:7::testAnonymousAndSubscriberCannotReadOperatorViews; tests/wordpress/PortalWorkflowAcceptanceTest.php:11::testLimitedOperatorCannotReadAiPolicyOrIntegrationSecrets; tests/wordpress/PortalWorkflowAcceptanceTest.php:16::testAllNonFinanceViewsAndFourShopsRenderWithoutChangingSafetyOrBusinessState; tests/wordpress/PortalWorkflowAcceptanceTest.php:28::testAiPolicyAndUsageProjectionIsShopIsolated; tests/wordpress/PortalWorkflowAcceptanceTest.php:32::testReadFailureIsVisibleAndRecoveryViewCannotExecute; tests/browser/portal-layout.cjs:1	All19non-financeviews x4shops x3widths228offline cases verified; access/read-error/safety checks pass. Server submissions, all downstream shop authorization, deployed themes and complete accessibility acceptance remain unverified.	IMPLEMENTED	Related component code exists; cited tests verify only their named behaviors.	INCOMPLETE_REQUIREMENT_COVERAGE
word/document.xml/table22/r9/c1/p1	20. Admin Experience — DigiForge Website, Not WordPress Admin	Listings / Etsy	LOCAL_PARTIAL	includes/Portal/Portal.php:47	tests/wordpress/PortalWorkflowAcceptanceTest.php:7::testAnonymousAndSubscriberCannotReadOperatorViews; tests/wordpress/PortalWorkflowAcceptanceTest.php:11::testLimitedOperatorCannotReadAiPolicyOrIntegrationSecrets; tests/wordpress/PortalWorkflowAcceptanceTest.php:16::testAllNonFinanceViewsAndFourShopsRenderWithoutChangingSafetyOrBusinessState; tests/wordpress/PortalWorkflowAcceptanceTest.php:28::testAiPolicyAndUsageProjectionIsShopIsolated; tests/wordpress/PortalWorkflowAcceptanceTest.php:32::testReadFailureIsVisibleAndRecoveryViewCannotExecute; tests/browser/portal-layout.cjs:1	All19non-financeviews x4shops x3widths228offline cases verified; access/read-error/safety checks pass. Server submissions, all downstream shop authorization, deployed themes and complete accessibility acceptance remain unverified.	IMPLEMENTED	Related component code exists; cited tests verify only their named behaviors.	INCOMPLETE_REQUIREMENT_COVERAGE
word/document.xml/table22/r9/c2/p1	20. Admin Experience — DigiForge Website, Not WordPress Admin	Draft packages, intents, operations, digital files/media, reconciliation, publish gates.	LOCAL_PARTIAL	includes/Portal/Portal.php:47	tests/wordpress/PortalWorkflowAcceptanceTest.php:7::testAnonymousAndSubscriberCannotReadOperatorViews; tests/wordpress/PortalWorkflowAcceptanceTest.php:11::testLimitedOperatorCannotReadAiPolicyOrIntegrationSecrets; tests/wordpress/PortalWorkflowAcceptanceTest.php:16::testAllNonFinanceViewsAndFourShopsRenderWithoutChangingSafetyOrBusinessState; tests/wordpress/PortalWorkflowAcceptanceTest.php:28::testAiPolicyAndUsageProjectionIsShopIsolated; tests/wordpress/PortalWorkflowAcceptanceTest.php:32::testReadFailureIsVisibleAndRecoveryViewCannotExecute; tests/browser/portal-layout.cjs:1	All19non-financeviews x4shops x3widths228offline cases verified; access/read-error/safety checks pass. Server submissions, all downstream shop authorization, deployed themes and complete accessibility acceptance remain unverified.	IMPLEMENTED	Related component code exists; cited tests verify only their named behaviors.	INCOMPLETE_REQUIREMENT_COVERAGE
word/document.xml/table22/r10/c1/p1	20. Admin Experience — DigiForge Website, Not WordPress Admin	Orders / Personalization	LOCAL_PARTIAL	includes/Portal/Portal.php:47	tests/wordpress/PortalWorkflowAcceptanceTest.php:7::testAnonymousAndSubscriberCannotReadOperatorViews; tests/wordpress/PortalWorkflowAcceptanceTest.php:11::testLimitedOperatorCannotReadAiPolicyOrIntegrationSecrets; tests/wordpress/PortalWorkflowAcceptanceTest.php:16::testAllNonFinanceViewsAndFourShopsRenderWithoutChangingSafetyOrBusinessState; tests/wordpress/PortalWorkflowAcceptanceTest.php:28::testAiPolicyAndUsageProjectionIsShopIsolated; tests/wordpress/PortalWorkflowAcceptanceTest.php:32::testReadFailureIsVisibleAndRecoveryViewCannotExecute; tests/browser/portal-layout.cjs:1	All19non-financeviews x4shops x3widths228offline cases verified; access/read-error/safety checks pass. Server submissions, all downstream shop authorization, deployed themes and complete accessibility acceptance remain unverified.	IMPLEMENTED	Related component code exists; cited tests verify only their named behaviors.	INCOMPLETE_REQUIREMENT_COVERAGE
word/document.xml/table22/r10/c2/p1	20. Admin Experience — DigiForge Website, Not WordPress Admin	Orders, buyer inputs, normalized personalization, previews, review queues.	LOCAL_PARTIAL	includes/Portal/Portal.php:47	tests/wordpress/PortalWorkflowAcceptanceTest.php:7::testAnonymousAndSubscriberCannotReadOperatorViews; tests/wordpress/PortalWorkflowAcceptanceTest.php:11::testLimitedOperatorCannotReadAiPolicyOrIntegrationSecrets; tests/wordpress/PortalWorkflowAcceptanceTest.php:16::testAllNonFinanceViewsAndFourShopsRenderWithoutChangingSafetyOrBusinessState; tests/wordpress/PortalWorkflowAcceptanceTest.php:28::testAiPolicyAndUsageProjectionIsShopIsolated; tests/wordpress/PortalWorkflowAcceptanceTest.php:32::testReadFailureIsVisibleAndRecoveryViewCannotExecute; tests/browser/portal-layout.cjs:1	All19non-financeviews x4shops x3widths228offline cases verified; access/read-error/safety checks pass. Server submissions, all downstream shop authorization, deployed themes and complete accessibility acceptance remain unverified.	IMPLEMENTED	Related component code exists; cited tests verify only their named behaviors.	INCOMPLETE_REQUIREMENT_COVERAGE
word/document.xml/table22/r11/c1/p1	20. Admin Experience — DigiForge Website, Not WordPress Admin	Fulfillment / Providers	LOCAL_PARTIAL	includes/Portal/Portal.php:47	tests/wordpress/PortalWorkflowAcceptanceTest.php:7::testAnonymousAndSubscriberCannotReadOperatorViews; tests/wordpress/PortalWorkflowAcceptanceTest.php:11::testLimitedOperatorCannotReadAiPolicyOrIntegrationSecrets; tests/wordpress/PortalWorkflowAcceptanceTest.php:16::testAllNonFinanceViewsAndFourShopsRenderWithoutChangingSafetyOrBusinessState; tests/wordpress/PortalWorkflowAcceptanceTest.php:28::testAiPolicyAndUsageProjectionIsShopIsolated; tests/wordpress/PortalWorkflowAcceptanceTest.php:32::testReadFailureIsVisibleAndRecoveryViewCannotExecute; tests/browser/portal-layout.cjs:1	All19non-financeviews x4shops x3widths228offline cases verified; access/read-error/safety checks pass. Server submissions, all downstream shop authorization, deployed themes and complete accessibility acceptance remain unverified.	IMPLEMENTED	Related component code exists; cited tests verify only their named behaviors.	INCOMPLETE_REQUIREMENT_COVERAGE
word/document.xml/table22/r11/c2/p1	20. Admin Experience — DigiForge Website, Not WordPress Admin	Provider plans, mappings, prepared orders, production authorization, tracking/errors.	LOCAL_PARTIAL	includes/Portal/Portal.php:47	tests/wordpress/PortalWorkflowAcceptanceTest.php:7::testAnonymousAndSubscriberCannotReadOperatorViews; tests/wordpress/PortalWorkflowAcceptanceTest.php:11::testLimitedOperatorCannotReadAiPolicyOrIntegrationSecrets; tests/wordpress/PortalWorkflowAcceptanceTest.php:16::testAllNonFinanceViewsAndFourShopsRenderWithoutChangingSafetyOrBusinessState; tests/wordpress/PortalWorkflowAcceptanceTest.php:28::testAiPolicyAndUsageProjectionIsShopIsolated; tests/wordpress/PortalWorkflowAcceptanceTest.php:32::testReadFailureIsVisibleAndRecoveryViewCannotExecute; tests/browser/portal-layout.cjs:1	All19non-financeviews x4shops x3widths228offline cases verified; access/read-error/safety checks pass. Server submissions, all downstream shop authorization, deployed themes and complete accessibility acceptance remain unverified.	IMPLEMENTED	Related component code exists; cited tests verify only their named behaviors.	INCOMPLETE_REQUIREMENT_COVERAGE
word/document.xml/table22/r12/c1/p1	20. Admin Experience — DigiForge Website, Not WordPress Admin	Approvals	LOCAL_PARTIAL	includes/Portal/Portal.php:47	tests/wordpress/PortalWorkflowAcceptanceTest.php:7::testAnonymousAndSubscriberCannotReadOperatorViews; tests/wordpress/PortalWorkflowAcceptanceTest.php:11::testLimitedOperatorCannotReadAiPolicyOrIntegrationSecrets; tests/wordpress/PortalWorkflowAcceptanceTest.php:16::testAllNonFinanceViewsAndFourShopsRenderWithoutChangingSafetyOrBusinessState; tests/wordpress/PortalWorkflowAcceptanceTest.php:28::testAiPolicyAndUsageProjectionIsShopIsolated; tests/wordpress/PortalWorkflowAcceptanceTest.php:32::testReadFailureIsVisibleAndRecoveryViewCannotExecute; tests/browser/portal-layout.cjs:1	All19non-financeviews x4shops x3widths228offline cases verified; access/read-error/safety checks pass. Server submissions, all downstream shop authorization, deployed themes and complete accessibility acceptance remain unverified.	IMPLEMENTED	Related component code exists; cited tests verify only their named behaviors.	INCOMPLETE_REQUIREMENT_COVERAGE
word/document.xml/table22/r12/c2/p1	20. Admin Experience — DigiForge Website, Not WordPress Admin	Human-in-the-loop inbox with exact evidence and action boundaries.	LOCAL_PARTIAL	includes/Portal/Portal.php:47	tests/wordpress/PortalWorkflowAcceptanceTest.php:7::testAnonymousAndSubscriberCannotReadOperatorViews; tests/wordpress/PortalWorkflowAcceptanceTest.php:11::testLimitedOperatorCannotReadAiPolicyOrIntegrationSecrets; tests/wordpress/PortalWorkflowAcceptanceTest.php:16::testAllNonFinanceViewsAndFourShopsRenderWithoutChangingSafetyOrBusinessState; tests/wordpress/PortalWorkflowAcceptanceTest.php:28::testAiPolicyAndUsageProjectionIsShopIsolated; tests/wordpress/PortalWorkflowAcceptanceTest.php:32::testReadFailureIsVisibleAndRecoveryViewCannotExecute; tests/browser/portal-layout.cjs:1	All19non-financeviews x4shops x3widths228offline cases verified; access/read-error/safety checks pass. Server submissions, all downstream shop authorization, deployed themes and complete accessibility acceptance remain unverified.	IMPLEMENTED	Related component code exists; cited tests verify only their named behaviors.	INCOMPLETE_REQUIREMENT_COVERAGE
word/document.xml/table22/r13/c1/p1	20. Admin Experience — DigiForge Website, Not WordPress Admin	Automation / Queues	LOCAL_PARTIAL	includes/Portal/Portal.php:47	tests/wordpress/PortalWorkflowAcceptanceTest.php:7::testAnonymousAndSubscriberCannotReadOperatorViews; tests/wordpress/PortalWorkflowAcceptanceTest.php:11::testLimitedOperatorCannotReadAiPolicyOrIntegrationSecrets; tests/wordpress/PortalWorkflowAcceptanceTest.php:16::testAllNonFinanceViewsAndFourShopsRenderWithoutChangingSafetyOrBusinessState; tests/wordpress/PortalWorkflowAcceptanceTest.php:28::testAiPolicyAndUsageProjectionIsShopIsolated; tests/wordpress/PortalWorkflowAcceptanceTest.php:32::testReadFailureIsVisibleAndRecoveryViewCannotExecute; tests/browser/portal-layout.cjs:1	All19non-financeviews x4shops x3widths228offline cases verified; access/read-error/safety checks pass. Server submissions, all downstream shop authorization, deployed themes and complete accessibility acceptance remain unverified.	IMPLEMENTED	Related component code exists; cited tests verify only their named behaviors.	INCOMPLETE_REQUIREMENT_COVERAGE
word/document.xml/table22/r13/c2/p1	20. Admin Experience — DigiForge Website, Not WordPress Admin	Action Scheduler jobs, retries, blocked jobs, dead-letter/recovery.	LOCAL_PARTIAL	includes/Portal/Portal.php:47	tests/wordpress/PortalWorkflowAcceptanceTest.php:7::testAnonymousAndSubscriberCannotReadOperatorViews; tests/wordpress/PortalWorkflowAcceptanceTest.php:11::testLimitedOperatorCannotReadAiPolicyOrIntegrationSecrets; tests/wordpress/PortalWorkflowAcceptanceTest.php:16::testAllNonFinanceViewsAndFourShopsRenderWithoutChangingSafetyOrBusinessState; tests/wordpress/PortalWorkflowAcceptanceTest.php:28::testAiPolicyAndUsageProjectionIsShopIsolated; tests/wordpress/PortalWorkflowAcceptanceTest.php:32::testReadFailureIsVisibleAndRecoveryViewCannotExecute; tests/browser/portal-layout.cjs:1	All19non-financeviews x4shops x3widths228offline cases verified; access/read-error/safety checks pass. Server submissions, all downstream shop authorization, deployed themes and complete accessibility acceptance remain unverified.	IMPLEMENTED	Related component code exists; cited tests verify only their named behaviors.	INCOMPLETE_REQUIREMENT_COVERAGE
word/document.xml/table22/r14/c1/p1	20. Admin Experience — DigiForge Website, Not WordPress Admin	Integrations	LOCAL_PARTIAL	includes/Portal/Portal.php:47	tests/wordpress/PortalWorkflowAcceptanceTest.php:7::testAnonymousAndSubscriberCannotReadOperatorViews; tests/wordpress/PortalWorkflowAcceptanceTest.php:11::testLimitedOperatorCannotReadAiPolicyOrIntegrationSecrets; tests/wordpress/PortalWorkflowAcceptanceTest.php:16::testAllNonFinanceViewsAndFourShopsRenderWithoutChangingSafetyOrBusinessState; tests/wordpress/PortalWorkflowAcceptanceTest.php:28::testAiPolicyAndUsageProjectionIsShopIsolated; tests/wordpress/PortalWorkflowAcceptanceTest.php:32::testReadFailureIsVisibleAndRecoveryViewCannotExecute; tests/browser/portal-layout.cjs:1	All19non-financeviews x4shops x3widths228offline cases verified; access/read-error/safety checks pass. Server submissions, all downstream shop authorization, deployed themes and complete accessibility acceptance remain unverified.	IMPLEMENTED	Related component code exists; cited tests verify only their named behaviors.	INCOMPLETE_REQUIREMENT_COVERAGE
word/document.xml/table22/r14/c2/p1	20. Admin Experience — DigiForge Website, Not WordPress Admin	Etsy, Printify, future Gelato/providers, AI connection state; never display secrets.	LOCAL_PARTIAL	includes/Portal/Portal.php:47	tests/wordpress/PortalWorkflowAcceptanceTest.php:7::testAnonymousAndSubscriberCannotReadOperatorViews; tests/wordpress/PortalWorkflowAcceptanceTest.php:11::testLimitedOperatorCannotReadAiPolicyOrIntegrationSecrets; tests/wordpress/PortalWorkflowAcceptanceTest.php:16::testAllNonFinanceViewsAndFourShopsRenderWithoutChangingSafetyOrBusinessState; tests/wordpress/PortalWorkflowAcceptanceTest.php:28::testAiPolicyAndUsageProjectionIsShopIsolated; tests/wordpress/PortalWorkflowAcceptanceTest.php:32::testReadFailureIsVisibleAndRecoveryViewCannotExecute; tests/browser/portal-layout.cjs:1	All19non-financeviews x4shops x3widths228offline cases verified; access/read-error/safety checks pass. Server submissions, all downstream shop authorization, deployed themes and complete accessibility acceptance remain unverified.	IMPLEMENTED	Related component code exists; cited tests verify only their named behaviors.	INCOMPLETE_REQUIREMENT_COVERAGE
word/document.xml/table22/r15/c1/p1	20. Admin Experience — DigiForge Website, Not WordPress Admin	AI & Budget	LOCAL_PARTIAL	includes/Portal/Portal.php:47	tests/wordpress/PortalWorkflowAcceptanceTest.php:7::testAnonymousAndSubscriberCannotReadOperatorViews; tests/wordpress/PortalWorkflowAcceptanceTest.php:11::testLimitedOperatorCannotReadAiPolicyOrIntegrationSecrets; tests/wordpress/PortalWorkflowAcceptanceTest.php:16::testAllNonFinanceViewsAndFourShopsRenderWithoutChangingSafetyOrBusinessState; tests/wordpress/PortalWorkflowAcceptanceTest.php:28::testAiPolicyAndUsageProjectionIsShopIsolated; tests/wordpress/PortalWorkflowAcceptanceTest.php:32::testReadFailureIsVisibleAndRecoveryViewCannotExecute; tests/browser/portal-layout.cjs:1	All19non-financeviews x4shops x3widths228offline cases verified; access/read-error/safety checks pass. Server submissions, all downstream shop authorization, deployed themes and complete accessibility acceptance remain unverified.	IMPLEMENTED	Related component code exists; cited tests verify only their named behaviors.	INCOMPLETE_REQUIREMENT_COVERAGE
word/document.xml/table22/r15/c2/p1	20. Admin Experience — DigiForge Website, Not WordPress Admin	Per-shop/run quantities, model/task policies, estimated/actual spend and outcome economics.	LOCAL_PARTIAL	includes/Portal/Portal.php:47	tests/wordpress/PortalWorkflowAcceptanceTest.php:7::testAnonymousAndSubscriberCannotReadOperatorViews; tests/wordpress/PortalWorkflowAcceptanceTest.php:11::testLimitedOperatorCannotReadAiPolicyOrIntegrationSecrets; tests/wordpress/PortalWorkflowAcceptanceTest.php:16::testAllNonFinanceViewsAndFourShopsRenderWithoutChangingSafetyOrBusinessState; tests/wordpress/PortalWorkflowAcceptanceTest.php:28::testAiPolicyAndUsageProjectionIsShopIsolated; tests/wordpress/PortalWorkflowAcceptanceTest.php:32::testReadFailureIsVisibleAndRecoveryViewCannotExecute; tests/browser/portal-layout.cjs:1	All19non-financeviews x4shops x3widths228offline cases verified; access/read-error/safety checks pass. Server submissions, all downstream shop authorization, deployed themes and complete accessibility acceptance remain unverified.	IMPLEMENTED	Related component code exists; cited tests verify only their named behaviors.	INCOMPLETE_REQUIREMENT_COVERAGE
word/document.xml/table22/r16/c1/p1	20. Admin Experience — DigiForge Website, Not WordPress Admin	Finance / GST	LOCAL_PARTIAL	includes/Portal/Portal.php:47	tests/wordpress/PortalWorkflowAcceptanceTest.php:7::testAnonymousAndSubscriberCannotReadOperatorViews; tests/wordpress/PortalWorkflowAcceptanceTest.php:11::testLimitedOperatorCannotReadAiPolicyOrIntegrationSecrets; tests/wordpress/PortalWorkflowAcceptanceTest.php:16::testAllNonFinanceViewsAndFourShopsRenderWithoutChangingSafetyOrBusinessState; tests/wordpress/PortalWorkflowAcceptanceTest.php:28::testAiPolicyAndUsageProjectionIsShopIsolated; tests/wordpress/PortalWorkflowAcceptanceTest.php:32::testReadFailureIsVisibleAndRecoveryViewCannotExecute; tests/browser/portal-layout.cjs:1	All19non-financeviews x4shops x3widths228offline cases verified; access/read-error/safety checks pass. Server submissions, all downstream shop authorization, deployed themes and complete accessibility acceptance remain unverified.	IMPLEMENTED	Related component code exists; cited tests verify only their named behaviors.	INCOMPLETE_REQUIREMENT_COVERAGE
word/document.xml/table22/r16/c2/p1	20. Admin Experience — DigiForge Website, Not WordPress Admin	Ledger, profitability, tax-readiness, unresolved reconciliation; no automatic filing without authorization.	LOCAL_PARTIAL	includes/Portal/Portal.php:47	tests/wordpress/PortalWorkflowAcceptanceTest.php:7::testAnonymousAndSubscriberCannotReadOperatorViews; tests/wordpress/PortalWorkflowAcceptanceTest.php:11::testLimitedOperatorCannotReadAiPolicyOrIntegrationSecrets; tests/wordpress/PortalWorkflowAcceptanceTest.php:16::testAllNonFinanceViewsAndFourShopsRenderWithoutChangingSafetyOrBusinessState; tests/wordpress/PortalWorkflowAcceptanceTest.php:28::testAiPolicyAndUsageProjectionIsShopIsolated; tests/wordpress/PortalWorkflowAcceptanceTest.php:32::testReadFailureIsVisibleAndRecoveryViewCannotExecute; tests/browser/portal-layout.cjs:1	All19non-financeviews x4shops x3widths228offline cases verified; access/read-error/safety checks pass. Server submissions, all downstream shop authorization, deployed themes and complete accessibility acceptance remain unverified.	IMPLEMENTED	Related component code exists; cited tests verify only their named behaviors.	INCOMPLETE_REQUIREMENT_COVERAGE
word/document.xml/table22/r17/c1/p1	20. Admin Experience — DigiForge Website, Not WordPress Admin	Analytics	LOCAL_PARTIAL	includes/Portal/Portal.php:47	tests/wordpress/PortalWorkflowAcceptanceTest.php:7::testAnonymousAndSubscriberCannotReadOperatorViews; tests/wordpress/PortalWorkflowAcceptanceTest.php:11::testLimitedOperatorCannotReadAiPolicyOrIntegrationSecrets; tests/wordpress/PortalWorkflowAcceptanceTest.php:16::testAllNonFinanceViewsAndFourShopsRenderWithoutChangingSafetyOrBusinessState; tests/wordpress/PortalWorkflowAcceptanceTest.php:28::testAiPolicyAndUsageProjectionIsShopIsolated; tests/wordpress/PortalWorkflowAcceptanceTest.php:32::testReadFailureIsVisibleAndRecoveryViewCannotExecute; tests/browser/portal-layout.cjs:1	All19non-financeviews x4shops x3widths228offline cases verified; access/read-error/safety checks pass. Server submissions, all downstream shop authorization, deployed themes and complete accessibility acceptance remain unverified.	IMPLEMENTED	Related component code exists; cited tests verify only their named behaviors.	INCOMPLETE_REQUIREMENT_COVERAGE
word/document.xml/table22/r17/c2/p1	20. Admin Experience — DigiForge Website, Not WordPress Admin	Revenue, margin, conversion, defect/quality, supplier/product/shop performance.	LOCAL_PARTIAL	includes/Portal/Portal.php:47	tests/wordpress/PortalWorkflowAcceptanceTest.php:7::testAnonymousAndSubscriberCannotReadOperatorViews; tests/wordpress/PortalWorkflowAcceptanceTest.php:11::testLimitedOperatorCannotReadAiPolicyOrIntegrationSecrets; tests/wordpress/PortalWorkflowAcceptanceTest.php:16::testAllNonFinanceViewsAndFourShopsRenderWithoutChangingSafetyOrBusinessState; tests/wordpress/PortalWorkflowAcceptanceTest.php:28::testAiPolicyAndUsageProjectionIsShopIsolated; tests/wordpress/PortalWorkflowAcceptanceTest.php:32::testReadFailureIsVisibleAndRecoveryViewCannotExecute; tests/browser/portal-layout.cjs:1	All19non-financeviews x4shops x3widths228offline cases verified; access/read-error/safety checks pass. Server submissions, all downstream shop authorization, deployed themes and complete accessibility acceptance remain unverified.	IMPLEMENTED	Related component code exists; cited tests verify only their named behaviors.	INCOMPLETE_REQUIREMENT_COVERAGE
word/document.xml/table22/r18/c1/p1	20. Admin Experience — DigiForge Website, Not WordPress Admin	Audit / Reconciliation	LOCAL_PARTIAL	includes/Portal/Portal.php:47	tests/wordpress/PortalWorkflowAcceptanceTest.php:7::testAnonymousAndSubscriberCannotReadOperatorViews; tests/wordpress/PortalWorkflowAcceptanceTest.php:11::testLimitedOperatorCannotReadAiPolicyOrIntegrationSecrets; tests/wordpress/PortalWorkflowAcceptanceTest.php:16::testAllNonFinanceViewsAndFourShopsRenderWithoutChangingSafetyOrBusinessState; tests/wordpress/PortalWorkflowAcceptanceTest.php:28::testAiPolicyAndUsageProjectionIsShopIsolated; tests/wordpress/PortalWorkflowAcceptanceTest.php:32::testReadFailureIsVisibleAndRecoveryViewCannotExecute; tests/browser/portal-layout.cjs:1	All19non-financeviews x4shops x3widths228offline cases verified; access/read-error/safety checks pass. Server submissions, all downstream shop authorization, deployed themes and complete accessibility acceptance remain unverified.	IMPLEMENTED	Related component code exists; cited tests verify only their named behaviors.	INCOMPLETE_REQUIREMENT_COVERAGE
word/document.xml/table22/r18/c2/p1	20. Admin Experience — DigiForge Website, Not WordPress Admin	Immutable operation evidence, unresolved UNKNOWN outcomes, historical failures.	LOCAL_PARTIAL	includes/Portal/Portal.php:47	tests/wordpress/PortalWorkflowAcceptanceTest.php:7::testAnonymousAndSubscriberCannotReadOperatorViews; tests/wordpress/PortalWorkflowAcceptanceTest.php:11::testLimitedOperatorCannotReadAiPolicyOrIntegrationSecrets; tests/wordpress/PortalWorkflowAcceptanceTest.php:16::testAllNonFinanceViewsAndFourShopsRenderWithoutChangingSafetyOrBusinessState; tests/wordpress/PortalWorkflowAcceptanceTest.php:28::testAiPolicyAndUsageProjectionIsShopIsolated; tests/wordpress/PortalWorkflowAcceptanceTest.php:32::testReadFailureIsVisibleAndRecoveryViewCannotExecute; tests/browser/portal-layout.cjs:1	All19non-financeviews x4shops x3widths228offline cases verified; access/read-error/safety checks pass. Server submissions, all downstream shop authorization, deployed themes and complete accessibility acceptance remain unverified.	IMPLEMENTED	Related component code exists; cited tests verify only their named behaviors.	INCOMPLETE_REQUIREMENT_COVERAGE
word/document.xml/table22/r19/c1/p1	20. Admin Experience — DigiForge Website, Not WordPress Admin	System Controls	LOCAL_PARTIAL	includes/Portal/Portal.php:47	tests/wordpress/PortalWorkflowAcceptanceTest.php:7::testAnonymousAndSubscriberCannotReadOperatorViews; tests/wordpress/PortalWorkflowAcceptanceTest.php:11::testLimitedOperatorCannotReadAiPolicyOrIntegrationSecrets; tests/wordpress/PortalWorkflowAcceptanceTest.php:16::testAllNonFinanceViewsAndFourShopsRenderWithoutChangingSafetyOrBusinessState; tests/wordpress/PortalWorkflowAcceptanceTest.php:28::testAiPolicyAndUsageProjectionIsShopIsolated; tests/wordpress/PortalWorkflowAcceptanceTest.php:32::testReadFailureIsVisibleAndRecoveryViewCannotExecute; tests/browser/portal-layout.cjs:1	All19non-financeviews x4shops x3widths228offline cases verified; access/read-error/safety checks pass. Server submissions, all downstream shop authorization, deployed themes and complete accessibility acceptance remain unverified.	IMPLEMENTED	Related component code exists; cited tests verify only their named behaviors.	INCOMPLETE_REQUIREMENT_COVERAGE
word/document.xml/table22/r19/c2/p1	20. Admin Experience — DigiForge Website, Not WordPress Admin	Global safety ceilings plus shop/workflow capability policies and activation ladder.	LOCAL_PARTIAL	includes/Portal/Portal.php:47	tests/wordpress/PortalWorkflowAcceptanceTest.php:7::testAnonymousAndSubscriberCannotReadOperatorViews; tests/wordpress/PortalWorkflowAcceptanceTest.php:11::testLimitedOperatorCannotReadAiPolicyOrIntegrationSecrets; tests/wordpress/PortalWorkflowAcceptanceTest.php:16::testAllNonFinanceViewsAndFourShopsRenderWithoutChangingSafetyOrBusinessState; tests/wordpress/PortalWorkflowAcceptanceTest.php:28::testAiPolicyAndUsageProjectionIsShopIsolated; tests/wordpress/PortalWorkflowAcceptanceTest.php:32::testReadFailureIsVisibleAndRecoveryViewCannotExecute; tests/browser/portal-layout.cjs:1	All19non-financeviews x4shops x3widths228offline cases verified; access/read-error/safety checks pass. Server submissions, all downstream shop authorization, deployed themes and complete accessibility acceptance remain unverified.	IMPLEMENTED	Related component code exists; cited tests verify only their named behaviors.	INCOMPLETE_REQUIREMENT_COVERAGE
word/document.xml/table22/r20/c1/p1	20. Admin Experience — DigiForge Website, Not WordPress Admin	Settings	LOCAL_PARTIAL	includes/Portal/Portal.php:47	tests/wordpress/PortalWorkflowAcceptanceTest.php:7::testAnonymousAndSubscriberCannotReadOperatorViews; tests/wordpress/PortalWorkflowAcceptanceTest.php:11::testLimitedOperatorCannotReadAiPolicyOrIntegrationSecrets; tests/wordpress/PortalWorkflowAcceptanceTest.php:16::testAllNonFinanceViewsAndFourShopsRenderWithoutChangingSafetyOrBusinessState; tests/wordpress/PortalWorkflowAcceptanceTest.php:28::testAiPolicyAndUsageProjectionIsShopIsolated; tests/wordpress/PortalWorkflowAcceptanceTest.php:32::testReadFailureIsVisibleAndRecoveryViewCannotExecute; tests/browser/portal-layout.cjs:1	All19non-financeviews x4shops x3widths228offline cases verified; access/read-error/safety checks pass. Server submissions, all downstream shop authorization, deployed themes and complete accessibility acceptance remain unverified.	IMPLEMENTED	Related component code exists; cited tests verify only their named behaviors.	INCOMPLETE_REQUIREMENT_COVERAGE
word/document.xml/table22/r20/c2/p1	20. Admin Experience — DigiForge Website, Not WordPress Admin	Non-secret configuration, thresholds, policies, notification preferences.	LOCAL_PARTIAL	includes/Portal/Portal.php:47	tests/wordpress/PortalWorkflowAcceptanceTest.php:7::testAnonymousAndSubscriberCannotReadOperatorViews; tests/wordpress/PortalWorkflowAcceptanceTest.php:11::testLimitedOperatorCannotReadAiPolicyOrIntegrationSecrets; tests/wordpress/PortalWorkflowAcceptanceTest.php:16::testAllNonFinanceViewsAndFourShopsRenderWithoutChangingSafetyOrBusinessState; tests/wordpress/PortalWorkflowAcceptanceTest.php:28::testAiPolicyAndUsageProjectionIsShopIsolated; tests/wordpress/PortalWorkflowAcceptanceTest.php:32::testReadFailureIsVisibleAndRecoveryViewCannotExecute; tests/browser/portal-layout.cjs:1	All19non-financeviews x4shops x3widths228offline cases verified; access/read-error/safety checks pass. Server submissions, all downstream shop authorization, deployed themes and complete accessibility acceptance remain unverified.	IMPLEMENTED	Related component code exists; cited tests verify only their named behaviors.	INCOMPLETE_REQUIREMENT_COVERAGE
word/document.xml/p146	20. Admin Experience — DigiForge Website, Not WordPress Admin	Tablet/mobile operation is a first-class requirement. High-risk actions require clear confirmation, exact target context and evidence summary.	LOCAL_PARTIAL	includes/Portal/Portal.php:47	tests/wordpress/PortalWorkflowAcceptanceTest.php:7::testAnonymousAndSubscriberCannotReadOperatorViews; tests/wordpress/PortalWorkflowAcceptanceTest.php:11::testLimitedOperatorCannotReadAiPolicyOrIntegrationSecrets; tests/wordpress/PortalWorkflowAcceptanceTest.php:16::testAllNonFinanceViewsAndFourShopsRenderWithoutChangingSafetyOrBusinessState; tests/wordpress/PortalWorkflowAcceptanceTest.php:28::testAiPolicyAndUsageProjectionIsShopIsolated; tests/wordpress/PortalWorkflowAcceptanceTest.php:32::testReadFailureIsVisibleAndRecoveryViewCannotExecute; tests/browser/portal-layout.cjs:1	All19non-financeviews x4shops x3widths228offline cases verified; access/read-error/safety checks pass. Server submissions, all downstream shop authorization, deployed themes and complete accessibility acceptance remain unverified.	IMPLEMENTED	Related component code exists; cited tests verify only their named behaviors.	INCOMPLETE_REQUIREMENT_COVERAGE
word/document.xml/p147	21. Finance, Profitability and GST Readiness	21. Finance, Profitability and GST Readiness	OWNER_DEFERRED_FINANCE	docs/engineering/original-source/README.md:3		Finance PR1147 and recovery workspace explicitly excluded; no finance acceptance assertion.	FINANCE DEPENDENCY	Finance PR1147 intentionally excluded.	DEFERRED
word/document.xml/p148	21. Finance, Profitability and GST Readiness	Canonical finance should normalize revenue, refunds/reserves, marketplace fees, COGS, shipping, ads, AI variable cost, tax and adjustments. Profitability must be available by order, product, listing, shop and business. Product/listing/production gates may require margin evidence.	OWNER_DEFERRED_FINANCE	docs/engineering/original-source/README.md:3		Finance PR1147 and recovery workspace explicitly excluded; no finance acceptance assertion.	FINANCE DEPENDENCY	Finance PR1147 intentionally excluded.	DEFERRED
word/document.xml/p149	21. Finance, Profitability and GST Readiness	GST/tax automation remains evidence/preparation-only until separately authorized. Filing, money movement or irreversible tax actions require a separate explicit authorization boundary.	OWNER_DEFERRED_FINANCE	docs/engineering/original-source/README.md:3		Finance PR1147 and recovery workspace explicitly excluded; no finance acceptance assertion.	FINANCE DEPENDENCY	Finance PR1147 intentionally excluded.	DEFERRED
word/document.xml/p150	22. Async, Scheduling and Reliability	22. Async, Scheduling and Reliability	LOCAL_PARTIAL	includes/Queue/Scheduler.php:5	tests/unit/QueueRecoveryHealthVisibilityTest.php:7::testHealthMonitorUsesAuthoritativeRecoveryProjection; tests/unit/QueueRecoveryHealthVisibilityTest.php:13::testAdminDoesNotPresentZeroWhenRecoveryQueryFails	Queue recovery/deny contracts tested; operational scheduler/recovery certification deferred.	IMPLEMENTED	Related component code exists; cited tests verify only their named behaviors.	INCOMPLETE_REQUIREMENT_COVERAGE
word/document.xml/p151	22. Async, Scheduling and Reliability	Action Scheduler is the primary asynchronous queue. Jobs must be bounded, idempotent, dependency-aware and recoverable. Hostinger cron should invoke scheduling independently of visitor traffic. STOP ALL and capability policies are rechecked at execution time, not only when jobs are queued.	LOCAL_PARTIAL	includes/Queue/Scheduler.php:5	tests/unit/QueueRecoveryHealthVisibilityTest.php:7::testHealthMonitorUsesAuthoritativeRecoveryProjection; tests/unit/QueueRecoveryHealthVisibilityTest.php:13::testAdminDoesNotPresentZeroWhenRecoveryQueryFails	Queue recovery/deny contracts tested; operational scheduler/recovery certification deferred.	IMPLEMENTED	Related component code exists; cited tests verify only their named behaviors.	INCOMPLETE_REQUIREMENT_COVERAGE
word/document.xml/p152	22. Async, Scheduling and Reliability	Required reliability behavior includes retry policy by failure class, dead-letter/recovery visibility, orphan detection, replay/dedup tests, rate-limit awareness, and durable external-attempt evidence.	LOCAL_PARTIAL	includes/Queue/Scheduler.php:5	tests/unit/QueueRecoveryHealthVisibilityTest.php:7::testHealthMonitorUsesAuthoritativeRecoveryProjection; tests/unit/QueueRecoveryHealthVisibilityTest.php:13::testAdminDoesNotPresentZeroWhenRecoveryQueryFails	Queue recovery/deny contracts tested; operational scheduler/recovery certification deferred.	IMPLEMENTED	Related component code exists; cited tests verify only their named behaviors.	INCOMPLETE_REQUIREMENT_COVERAGE
word/document.xml/p153	23. Security, Credentials and Audit	23. Security, Credentials and Audit	LOCAL_PARTIAL	includes/Integrations/CredentialVault.php:6	tests/wordpress/ControlledExecutionTransactionFailureTest.php:21::testWpErrorBecomesTerminalSanitizedFailureAndReplayIsBlocked	Encryption/durable failure contracts tested; independent deployed secret/runtime certification remains open.	IMPLEMENTED	Related component code exists; cited tests verify only their named behaviors.	INCOMPLETE_REQUIREMENT_COVERAGE
word/document.xml/p154	23. Security, Credentials and Audit	Credentials remain server-side, encrypted/scoped and unavailable to frontend code/logs.	LOCAL_PARTIAL	includes/Integrations/CredentialVault.php:6	tests/wordpress/ControlledExecutionTransactionFailureTest.php:21::testWpErrorBecomesTerminalSanitizedFailureAndReplayIsBlocked	Encryption/durable failure contracts tested; independent deployed secret/runtime certification remains open.	IMPLEMENTED	Related component code exists; cited tests verify only their named behaviors.	INCOMPLETE_REQUIREMENT_COVERAGE
word/document.xml/p155	23. Security, Credentials and Audit	Operation-bound credential access only after request validation and safety interlocks.	LOCAL_PARTIAL	includes/Integrations/CredentialVault.php:6	tests/wordpress/ControlledExecutionTransactionFailureTest.php:21::testWpErrorBecomesTerminalSanitizedFailureAndReplayIsBlocked	Encryption/durable failure contracts tested; independent deployed secret/runtime certification remains open.	IMPLEMENTED	Related component code exists; cited tests verify only their named behaviors.	INCOMPLETE_REQUIREMENT_COVERAGE
word/document.xml/p156	23. Security, Credentials and Audit	Never store secrets in repository, chat, query parameters or operator-visible responses.	LOCAL_PARTIAL	includes/Integrations/CredentialVault.php:6	tests/wordpress/ControlledExecutionTransactionFailureTest.php:21::testWpErrorBecomesTerminalSanitizedFailureAndReplayIsBlocked	Encryption/durable failure contracts tested; independent deployed secret/runtime certification remains open.	IMPLEMENTED	Related component code exists; cited tests verify only their named behaviors.	INCOMPLETE_REQUIREMENT_COVERAGE
word/document.xml/p157	23. Security, Credentials and Audit	External mutations require authorization, idempotency, durable operation evidence and reconciliation semantics.	LOCAL_PARTIAL	includes/Integrations/CredentialVault.php:6	tests/wordpress/ControlledExecutionTransactionFailureTest.php:21::testWpErrorBecomesTerminalSanitizedFailureAndReplayIsBlocked	Encryption/durable failure contracts tested; independent deployed secret/runtime certification remains open.	IMPLEMENTED	Related component code exists; cited tests verify only their named behaviors.	INCOMPLETE_REQUIREMENT_COVERAGE
word/document.xml/p158	23. Security, Credentials and Audit	Canonical fingerprints bind approved local intent to external payload.	LOCAL_PARTIAL	includes/Integrations/CredentialVault.php:6	tests/wordpress/ControlledExecutionTransactionFailureTest.php:21::testWpErrorBecomesTerminalSanitizedFailureAndReplayIsBlocked	Encryption/durable failure contracts tested; independent deployed secret/runtime certification remains open.	IMPLEMENTED	Related component code exists; cited tests verify only their named behaviors.	INCOMPLETE_REQUIREMENT_COVERAGE
word/document.xml/p159	23. Security, Credentials and Audit	No QA PASS without evidence. UNKNOWN never converts to PASS/CLEAR.	LOCAL_PARTIAL	includes/Integrations/CredentialVault.php:6	tests/wordpress/ControlledExecutionTransactionFailureTest.php:21::testWpErrorBecomesTerminalSanitizedFailureAndReplayIsBlocked	Encryption/durable failure contracts tested; independent deployed secret/runtime certification remains open.	IMPLEMENTED	Related component code exists; cited tests verify only their named behaviors.	INCOMPLETE_REQUIREMENT_COVERAGE
word/document.xml/p160	23. Security, Credentials and Audit	Audit history is append-only/immutable for consequential operations; historical failures are evidence, not clutter to delete.	LOCAL_PARTIAL	includes/Integrations/CredentialVault.php:6	tests/wordpress/ControlledExecutionTransactionFailureTest.php:21::testWpErrorBecomesTerminalSanitizedFailureAndReplayIsBlocked	Encryption/durable failure contracts tested; independent deployed secret/runtime certification remains open.	IMPLEMENTED	Related component code exists; cited tests verify only their named behaviors.	INCOMPLETE_REQUIREMENT_COVERAGE
word/document.xml/p161	23. Security, Credentials and Audit	Current attention dashboards should distinguish unresolved/current-action conditions from resolved historical failures.	LOCAL_PARTIAL	includes/Integrations/CredentialVault.php:6	tests/wordpress/ControlledExecutionTransactionFailureTest.php:21::testWpErrorBecomesTerminalSanitizedFailureAndReplayIsBlocked	Encryption/durable failure contracts tested; independent deployed secret/runtime certification remains open.	IMPLEMENTED	Related component code exists; cited tests verify only their named behaviors.	INCOMPLETE_REQUIREMENT_COVERAGE
word/document.xml/p162	24. End-to-End Process Maps	24. End-to-End Process Maps	SOFTWARE_PARTIAL	includes/POD/ProductionAuthorizationRepository.php:9	tests/wordpress/FinalConvergenceScenarioTest.php:5::testPersonalizedPodReviewChainStopsBeforeExternalExecution; tests/wordpress/FinalConvergenceScenarioTest.php:23::testScopedCapabilityRequiresGlobalShopAndWorkflow; tests/wordpress/RenderArtifactCertificationTest.php:5::testSubscriberCannotApproveRenderOrPackage; tests/wordpress/RenderArtifactCertificationTest.php:10::testSuppliedHashesCannotStandInForActualArtifacts; tests/wordpress/RenderArtifactCertificationTest.php:13::testArtifactReaderRejectsRemoteAndNonImageInputs; tests/wordpress/RenderArtifactCertificationTest.php:16::testActualImageDigestAndDimensionsComeFromBytes; tests/wordpress/RenderArtifactCertificationTest.php:34::testHashOnlyLegacyEvidenceRemainsUnreviewed; tests/wordpress/RenderArtifactCertificationTest.php:37::testActualArtifactsBindTemplateAndApprovalThenDetectTemplateDrift; tests/wordpress/RenderArtifactCertificationTest.php:40::testTemplateFingerprintMappingAndShopConflictsAreBlocked; tests/wordpress/RenderArtifactCertificationTest.php:47::testActualPreviewMismatchFailsBeforeCertification; tests/wordpress/RenderArtifactCertificationTest.php:51::testReceiptPersistenceDoesNotAcceptCallerHashArrays; tests/wordpress/RenderArtifactCertificationTest.php:55::testExternalEtsyShopRequiresExactVerifiedBusinessIdentity	Actual local artifact bytes and current template/ownership/readiness required for new review packages. Actual rendering and full digital/provider process acceptance remain incomplete; no external authority.	IMPLEMENTED; MISSING SOFTWARE; DEFERRED OPERATIONAL EVIDENCE	Related component code exists; cited tests verify only their named behaviors.	INCOMPLETE_REQUIREMENT_COVERAGE
word/document.xml/p163	24. End-to-End Process Maps	24.1 Digital product	SOFTWARE_PARTIAL	includes/POD/ProductionAuthorizationRepository.php:9	tests/wordpress/FinalConvergenceScenarioTest.php:5::testPersonalizedPodReviewChainStopsBeforeExternalExecution; tests/wordpress/FinalConvergenceScenarioTest.php:23::testScopedCapabilityRequiresGlobalShopAndWorkflow; tests/wordpress/RenderArtifactCertificationTest.php:5::testSubscriberCannotApproveRenderOrPackage; tests/wordpress/RenderArtifactCertificationTest.php:10::testSuppliedHashesCannotStandInForActualArtifacts; tests/wordpress/RenderArtifactCertificationTest.php:13::testArtifactReaderRejectsRemoteAndNonImageInputs; tests/wordpress/RenderArtifactCertificationTest.php:16::testActualImageDigestAndDimensionsComeFromBytes; tests/wordpress/RenderArtifactCertificationTest.php:34::testHashOnlyLegacyEvidenceRemainsUnreviewed; tests/wordpress/RenderArtifactCertificationTest.php:37::testActualArtifactsBindTemplateAndApprovalThenDetectTemplateDrift; tests/wordpress/RenderArtifactCertificationTest.php:40::testTemplateFingerprintMappingAndShopConflictsAreBlocked; tests/wordpress/RenderArtifactCertificationTest.php:47::testActualPreviewMismatchFailsBeforeCertification; tests/wordpress/RenderArtifactCertificationTest.php:51::testReceiptPersistenceDoesNotAcceptCallerHashArrays; tests/wordpress/RenderArtifactCertificationTest.php:55::testExternalEtsyShopRequiresExactVerifiedBusinessIdentity	Actual local artifact bytes and current template/ownership/readiness required for new review packages. Actual rendering and full digital/provider process acceptance remain incomplete; no external authority.	IMPLEMENTED; MISSING SOFTWARE; DEFERRED OPERATIONAL EVIDENCE	Related component code exists; cited tests verify only their named behaviors.	INCOMPLETE_REQUIREMENT_COVERAGE
word/document.xml/p164	24. End-to-End Process Maps	Research → evidence/scoring → Opportunity Approval → product family/product/version → customer assets → marketing assets → technical QA → content/visual/commercial/IP/policy QA → profitability → Product Approval → listing package → Listing Approval → Etsy draft → digital file/media → draft QA → Publish Approval → published → analytics/optimization.	SOFTWARE_PARTIAL	includes/POD/ProductionAuthorizationRepository.php:9	tests/wordpress/FinalConvergenceScenarioTest.php:5::testPersonalizedPodReviewChainStopsBeforeExternalExecution; tests/wordpress/FinalConvergenceScenarioTest.php:23::testScopedCapabilityRequiresGlobalShopAndWorkflow; tests/wordpress/RenderArtifactCertificationTest.php:5::testSubscriberCannotApproveRenderOrPackage; tests/wordpress/RenderArtifactCertificationTest.php:10::testSuppliedHashesCannotStandInForActualArtifacts; tests/wordpress/RenderArtifactCertificationTest.php:13::testArtifactReaderRejectsRemoteAndNonImageInputs; tests/wordpress/RenderArtifactCertificationTest.php:16::testActualImageDigestAndDimensionsComeFromBytes; tests/wordpress/RenderArtifactCertificationTest.php:34::testHashOnlyLegacyEvidenceRemainsUnreviewed; tests/wordpress/RenderArtifactCertificationTest.php:37::testActualArtifactsBindTemplateAndApprovalThenDetectTemplateDrift; tests/wordpress/RenderArtifactCertificationTest.php:40::testTemplateFingerprintMappingAndShopConflictsAreBlocked; tests/wordpress/RenderArtifactCertificationTest.php:47::testActualPreviewMismatchFailsBeforeCertification; tests/wordpress/RenderArtifactCertificationTest.php:51::testReceiptPersistenceDoesNotAcceptCallerHashArrays; tests/wordpress/RenderArtifactCertificationTest.php:55::testExternalEtsyShopRequiresExactVerifiedBusinessIdentity	Actual local artifact bytes and current template/ownership/readiness required for new review packages. Actual rendering and full digital/provider process acceptance remain incomplete; no external authority.	IMPLEMENTED; MISSING SOFTWARE; DEFERRED OPERATIONAL EVIDENCE	Related component code exists; cited tests verify only their named behaviors.	INCOMPLETE_REQUIREMENT_COVERAGE
word/document.xml/p165	24. End-to-End Process Maps	24.2 Personalized POD	SOFTWARE_PARTIAL	includes/POD/ProductionAuthorizationRepository.php:9	tests/wordpress/FinalConvergenceScenarioTest.php:5::testPersonalizedPodReviewChainStopsBeforeExternalExecution; tests/wordpress/FinalConvergenceScenarioTest.php:23::testScopedCapabilityRequiresGlobalShopAndWorkflow; tests/wordpress/RenderArtifactCertificationTest.php:5::testSubscriberCannotApproveRenderOrPackage; tests/wordpress/RenderArtifactCertificationTest.php:10::testSuppliedHashesCannotStandInForActualArtifacts; tests/wordpress/RenderArtifactCertificationTest.php:13::testArtifactReaderRejectsRemoteAndNonImageInputs; tests/wordpress/RenderArtifactCertificationTest.php:16::testActualImageDigestAndDimensionsComeFromBytes; tests/wordpress/RenderArtifactCertificationTest.php:34::testHashOnlyLegacyEvidenceRemainsUnreviewed; tests/wordpress/RenderArtifactCertificationTest.php:37::testActualArtifactsBindTemplateAndApprovalThenDetectTemplateDrift; tests/wordpress/RenderArtifactCertificationTest.php:40::testTemplateFingerprintMappingAndShopConflictsAreBlocked; tests/wordpress/RenderArtifactCertificationTest.php:47::testActualPreviewMismatchFailsBeforeCertification; tests/wordpress/RenderArtifactCertificationTest.php:51::testReceiptPersistenceDoesNotAcceptCallerHashArrays; tests/wordpress/RenderArtifactCertificationTest.php:55::testExternalEtsyShopRequiresExactVerifiedBusinessIdentity	Actual local artifact bytes and current template/ownership/readiness required for new review packages. Actual rendering and full digital/provider process acceptance remain incomplete; no external authority.	IMPLEMENTED; MISSING SOFTWARE; DEFERRED OPERATIONAL EVIDENCE	Related component code exists; cited tests verify only their named behaviors.	INCOMPLETE_REQUIREMENT_COVERAGE
word/document.xml/p166	24. End-to-End Process Maps	Research → Opportunity Approval → product/design specification → supplier/blueprint/variant evaluation → production template → personalization schema → deterministic/AI-assisted artwork → print-area geometry → mockup → cost/shipping/margin → Product Approval → Etsy listing → paid order → personalization capture/normalization → review → production asset + preview from same payload → provider order preparation → Production Authorization → production → shipment/tracking → finance/support/quality analytics.	SOFTWARE_PARTIAL	includes/POD/ProductionAuthorizationRepository.php:9	tests/wordpress/FinalConvergenceScenarioTest.php:5::testPersonalizedPodReviewChainStopsBeforeExternalExecution; tests/wordpress/FinalConvergenceScenarioTest.php:23::testScopedCapabilityRequiresGlobalShopAndWorkflow; tests/wordpress/RenderArtifactCertificationTest.php:5::testSubscriberCannotApproveRenderOrPackage; tests/wordpress/RenderArtifactCertificationTest.php:10::testSuppliedHashesCannotStandInForActualArtifacts; tests/wordpress/RenderArtifactCertificationTest.php:13::testArtifactReaderRejectsRemoteAndNonImageInputs; tests/wordpress/RenderArtifactCertificationTest.php:16::testActualImageDigestAndDimensionsComeFromBytes; tests/wordpress/RenderArtifactCertificationTest.php:34::testHashOnlyLegacyEvidenceRemainsUnreviewed; tests/wordpress/RenderArtifactCertificationTest.php:37::testActualArtifactsBindTemplateAndApprovalThenDetectTemplateDrift; tests/wordpress/RenderArtifactCertificationTest.php:40::testTemplateFingerprintMappingAndShopConflictsAreBlocked; tests/wordpress/RenderArtifactCertificationTest.php:47::testActualPreviewMismatchFailsBeforeCertification; tests/wordpress/RenderArtifactCertificationTest.php:51::testReceiptPersistenceDoesNotAcceptCallerHashArrays; tests/wordpress/RenderArtifactCertificationTest.php:55::testExternalEtsyShopRequiresExactVerifiedBusinessIdentity	Actual local artifact bytes and current template/ownership/readiness required for new review packages. Actual rendering and full digital/provider process acceptance remain incomplete; no external authority.	IMPLEMENTED; MISSING SOFTWARE; DEFERRED OPERATIONAL EVIDENCE	Related component code exists; cited tests verify only their named behaviors.	INCOMPLETE_REQUIREMENT_COVERAGE
word/document.xml/p167	24. End-to-End Process Maps	24.3 Order/fulfillment	SOFTWARE_PARTIAL	includes/POD/ProductionAuthorizationRepository.php:9	tests/wordpress/FinalConvergenceScenarioTest.php:5::testPersonalizedPodReviewChainStopsBeforeExternalExecution; tests/wordpress/FinalConvergenceScenarioTest.php:23::testScopedCapabilityRequiresGlobalShopAndWorkflow; tests/wordpress/RenderArtifactCertificationTest.php:5::testSubscriberCannotApproveRenderOrPackage; tests/wordpress/RenderArtifactCertificationTest.php:10::testSuppliedHashesCannotStandInForActualArtifacts; tests/wordpress/RenderArtifactCertificationTest.php:13::testArtifactReaderRejectsRemoteAndNonImageInputs; tests/wordpress/RenderArtifactCertificationTest.php:16::testActualImageDigestAndDimensionsComeFromBytes; tests/wordpress/RenderArtifactCertificationTest.php:34::testHashOnlyLegacyEvidenceRemainsUnreviewed; tests/wordpress/RenderArtifactCertificationTest.php:37::testActualArtifactsBindTemplateAndApprovalThenDetectTemplateDrift; tests/wordpress/RenderArtifactCertificationTest.php:40::testTemplateFingerprintMappingAndShopConflictsAreBlocked; tests/wordpress/RenderArtifactCertificationTest.php:47::testActualPreviewMismatchFailsBeforeCertification; tests/wordpress/RenderArtifactCertificationTest.php:51::testReceiptPersistenceDoesNotAcceptCallerHashArrays; tests/wordpress/RenderArtifactCertificationTest.php:55::testExternalEtsyShopRequiresExactVerifiedBusinessIdentity	Actual local artifact bytes and current template/ownership/readiness required for new review packages. Actual rendering and full digital/provider process acceptance remain incomplete; no external authority.	IMPLEMENTED; MISSING SOFTWARE; DEFERRED OPERATIONAL EVIDENCE	Related component code exists; cited tests verify only their named behaviors.	INCOMPLETE_REQUIREMENT_COVERAGE
word/document.xml/p168	24. End-to-End Process Maps	Order event → signature/dedupe/reconcile → paid-state validation → external listing resolution → internal product/listing binding → digital/POD/hybrid mode → personalization evidence → review/validation state → fulfillment plan if required → provider preparation → human production gate → shipment/tracking → exception/replacement/refund support → finance/supplier-quality feedback.	SOFTWARE_PARTIAL	includes/POD/ProductionAuthorizationRepository.php:9	tests/wordpress/FinalConvergenceScenarioTest.php:5::testPersonalizedPodReviewChainStopsBeforeExternalExecution; tests/wordpress/FinalConvergenceScenarioTest.php:23::testScopedCapabilityRequiresGlobalShopAndWorkflow; tests/wordpress/RenderArtifactCertificationTest.php:5::testSubscriberCannotApproveRenderOrPackage; tests/wordpress/RenderArtifactCertificationTest.php:10::testSuppliedHashesCannotStandInForActualArtifacts; tests/wordpress/RenderArtifactCertificationTest.php:13::testArtifactReaderRejectsRemoteAndNonImageInputs; tests/wordpress/RenderArtifactCertificationTest.php:16::testActualImageDigestAndDimensionsComeFromBytes; tests/wordpress/RenderArtifactCertificationTest.php:34::testHashOnlyLegacyEvidenceRemainsUnreviewed; tests/wordpress/RenderArtifactCertificationTest.php:37::testActualArtifactsBindTemplateAndApprovalThenDetectTemplateDrift; tests/wordpress/RenderArtifactCertificationTest.php:40::testTemplateFingerprintMappingAndShopConflictsAreBlocked; tests/wordpress/RenderArtifactCertificationTest.php:47::testActualPreviewMismatchFailsBeforeCertification; tests/wordpress/RenderArtifactCertificationTest.php:51::testReceiptPersistenceDoesNotAcceptCallerHashArrays; tests/wordpress/RenderArtifactCertificationTest.php:55::testExternalEtsyShopRequiresExactVerifiedBusinessIdentity	Actual local artifact bytes and current template/ownership/readiness required for new review packages. Actual rendering and full digital/provider process acceptance remain incomplete; no external authority.	IMPLEMENTED; MISSING SOFTWARE; DEFERRED OPERATIONAL EVIDENCE	Related component code exists; cited tests verify only their named behaviors.	INCOMPLETE_REQUIREMENT_COVERAGE
word/document.xml/p169	24. End-to-End Process Maps	24.4 Finance	SOFTWARE_PARTIAL	includes/POD/ProductionAuthorizationRepository.php:9	tests/wordpress/FinalConvergenceScenarioTest.php:5::testPersonalizedPodReviewChainStopsBeforeExternalExecution; tests/wordpress/FinalConvergenceScenarioTest.php:23::testScopedCapabilityRequiresGlobalShopAndWorkflow; tests/wordpress/RenderArtifactCertificationTest.php:5::testSubscriberCannotApproveRenderOrPackage; tests/wordpress/RenderArtifactCertificationTest.php:10::testSuppliedHashesCannotStandInForActualArtifacts; tests/wordpress/RenderArtifactCertificationTest.php:13::testArtifactReaderRejectsRemoteAndNonImageInputs; tests/wordpress/RenderArtifactCertificationTest.php:16::testActualImageDigestAndDimensionsComeFromBytes; tests/wordpress/RenderArtifactCertificationTest.php:34::testHashOnlyLegacyEvidenceRemainsUnreviewed; tests/wordpress/RenderArtifactCertificationTest.php:37::testActualArtifactsBindTemplateAndApprovalThenDetectTemplateDrift; tests/wordpress/RenderArtifactCertificationTest.php:40::testTemplateFingerprintMappingAndShopConflictsAreBlocked; tests/wordpress/RenderArtifactCertificationTest.php:47::testActualPreviewMismatchFailsBeforeCertification; tests/wordpress/RenderArtifactCertificationTest.php:51::testReceiptPersistenceDoesNotAcceptCallerHashArrays; tests/wordpress/RenderArtifactCertificationTest.php:55::testExternalEtsyShopRequiresExactVerifiedBusinessIdentity	Actual local artifact bytes and current template/ownership/readiness required for new review packages. Actual rendering and full digital/provider process acceptance remain incomplete; no external authority.	IMPLEMENTED; MISSING SOFTWARE; DEFERRED OPERATIONAL EVIDENCE	Related component code exists; cited tests verify only their named behaviors.	INCOMPLETE_REQUIREMENT_COVERAGE
word/document.xml/p170	24. End-to-End Process Maps	Operational evidence → normalized ledger entries → FX evidence → revenue/refund/fee/COGS/shipping/ads/AI/tax classification → contribution/operating profit → profitability gates → period review → analytics/reporting/GST evidence.	SOFTWARE_PARTIAL	includes/POD/ProductionAuthorizationRepository.php:9	tests/wordpress/FinalConvergenceScenarioTest.php:5::testPersonalizedPodReviewChainStopsBeforeExternalExecution; tests/wordpress/FinalConvergenceScenarioTest.php:23::testScopedCapabilityRequiresGlobalShopAndWorkflow; tests/wordpress/RenderArtifactCertificationTest.php:5::testSubscriberCannotApproveRenderOrPackage; tests/wordpress/RenderArtifactCertificationTest.php:10::testSuppliedHashesCannotStandInForActualArtifacts; tests/wordpress/RenderArtifactCertificationTest.php:13::testArtifactReaderRejectsRemoteAndNonImageInputs; tests/wordpress/RenderArtifactCertificationTest.php:16::testActualImageDigestAndDimensionsComeFromBytes; tests/wordpress/RenderArtifactCertificationTest.php:34::testHashOnlyLegacyEvidenceRemainsUnreviewed; tests/wordpress/RenderArtifactCertificationTest.php:37::testActualArtifactsBindTemplateAndApprovalThenDetectTemplateDrift; tests/wordpress/RenderArtifactCertificationTest.php:40::testTemplateFingerprintMappingAndShopConflictsAreBlocked; tests/wordpress/RenderArtifactCertificationTest.php:47::testActualPreviewMismatchFailsBeforeCertification; tests/wordpress/RenderArtifactCertificationTest.php:51::testReceiptPersistenceDoesNotAcceptCallerHashArrays; tests/wordpress/RenderArtifactCertificationTest.php:55::testExternalEtsyShopRequiresExactVerifiedBusinessIdentity	Actual local artifact bytes and current template/ownership/readiness required for new review packages. Actual rendering and full digital/provider process acceptance remain incomplete; no external authority.	IMPLEMENTED; MISSING SOFTWARE; DEFERRED OPERATIONAL EVIDENCE	Related component code exists; cited tests verify only their named behaviors.	INCOMPLETE_REQUIREMENT_COVERAGE
word/document.xml/p171	25. Feature / Capability State Matrix — v6.0	25. Feature / Capability State Matrix — v6.0	HISTORICAL_CONTEXT	docs/engineering/original-source/README.md:3		Original capability-state table is a checkpoint, not fresh full-product acceptance.	SOURCE_CONTEXT	Original source context/checkpoint preserved, not fresh runtime evidence.	NOT_EXECUTABLE_CRITERION
word/document.xml/table23/r1/c1/p1	25. Feature / Capability State Matrix — v6.0	Domain	HISTORICAL_CONTEXT	docs/engineering/original-source/README.md:3		Original capability-state table is a checkpoint, not fresh full-product acceptance.	SOURCE_CONTEXT	Original source context/checkpoint preserved, not fresh runtime evidence.	NOT_EXECUTABLE_CRITERION
word/document.xml/table23/r1/c2/p1	25. Feature / Capability State Matrix — v6.0	Current state	HISTORICAL_CONTEXT	docs/engineering/original-source/README.md:3		Original capability-state table is a checkpoint, not fresh full-product acceptance.	SOURCE_CONTEXT	Original source context/checkpoint preserved, not fresh runtime evidence.	NOT_EXECUTABLE_CRITERION
word/document.xml/table23/r1/c3/p1	25. Feature / Capability State Matrix — v6.0	Next acceptance target	HISTORICAL_CONTEXT	docs/engineering/original-source/README.md:3		Original capability-state table is a checkpoint, not fresh full-product acceptance.	SOURCE_CONTEXT	Original source context/checkpoint preserved, not fresh runtime evidence.	NOT_EXECUTABLE_CRITERION
word/document.xml/table23/r2/c1/p1	25. Feature / Capability State Matrix — v6.0	Research	HISTORICAL_CONTEXT	docs/engineering/original-source/README.md:3		Original capability-state table is a checkpoint, not fresh full-product acceptance.	SOURCE_CONTEXT	Original source context/checkpoint preserved, not fresh runtime evidence.	NOT_EXECUTABLE_CRITERION
word/document.xml/table23/r2/c2/p1	25. Feature / Capability State Matrix — v6.0	Production ON; foundation mature	HISTORICAL_CONTEXT	docs/engineering/original-source/README.md:3		Original capability-state table is a checkpoint, not fresh full-product acceptance.	SOURCE_CONTEXT	Original source context/checkpoint preserved, not fresh runtime evidence.	NOT_EXECUTABLE_CRITERION
word/document.xml/table23/r2/c3/p1	25. Feature / Capability State Matrix — v6.0	Shop-scoped quantity/budget runs connected to both factories and portal.	HISTORICAL_CONTEXT	docs/engineering/original-source/README.md:3		Original capability-state table is a checkpoint, not fresh full-product acceptance.	SOURCE_CONTEXT	Original source context/checkpoint preserved, not fresh runtime evidence.	NOT_EXECUTABLE_CRITERION
word/document.xml/table23/r3/c1/p1	25. Feature / Capability State Matrix — v6.0	AI	HISTORICAL_CONTEXT	docs/engineering/original-source/README.md:3		Original capability-state table is a checkpoint, not fresh full-product acceptance.	SOURCE_CONTEXT	Original source context/checkpoint preserved, not fresh runtime evidence.	NOT_EXECUTABLE_CRITERION
word/document.xml/table23/r3/c2/p1	25. Feature / Capability State Matrix — v6.0	Production ON; architecture/foundation mature	HISTORICAL_CONTEXT	docs/engineering/original-source/README.md:3		Original capability-state table is a checkpoint, not fresh full-product acceptance.	SOURCE_CONTEXT	Original source context/checkpoint preserved, not fresh runtime evidence.	NOT_EXECUTABLE_CRITERION
word/document.xml/table23/r3/c3/p1	25. Feature / Capability State Matrix — v6.0	Shop/workflow/task policies + estimated/actual cost dashboards.	HISTORICAL_CONTEXT	docs/engineering/original-source/README.md:3		Original capability-state table is a checkpoint, not fresh full-product acceptance.	SOURCE_CONTEXT	Original source context/checkpoint preserved, not fresh runtime evidence.	NOT_EXECUTABLE_CRITERION
word/document.xml/table23/r4/c1/p1	25. Feature / Capability State Matrix — v6.0	Product Core	HISTORICAL_CONTEXT	docs/engineering/original-source/README.md:3		Original capability-state table is a checkpoint, not fresh full-product acceptance.	SOURCE_CONTEXT	Original source context/checkpoint preserved, not fresh runtime evidence.	NOT_EXECUTABLE_CRITERION
word/document.xml/table23/r4/c2/p1	25. Feature / Capability State Matrix — v6.0	Foundation mature	HISTORICAL_CONTEXT	docs/engineering/original-source/README.md:3		Original capability-state table is a checkpoint, not fresh full-product acceptance.	SOURCE_CONTEXT	Original source context/checkpoint preserved, not fresh runtime evidence.	NOT_EXECUTABLE_CRITERION
word/document.xml/table23/r4/c3/p1	25. Feature / Capability State Matrix — v6.0	Complete portal/E2E orchestration with immutable lineage.	HISTORICAL_CONTEXT	docs/engineering/original-source/README.md:3		Original capability-state table is a checkpoint, not fresh full-product acceptance.	SOURCE_CONTEXT	Original source context/checkpoint preserved, not fresh runtime evidence.	NOT_EXECUTABLE_CRITERION
word/document.xml/table23/r5/c1/p1	25. Feature / Capability State Matrix — v6.0	Digital Factory	HISTORICAL_CONTEXT	docs/engineering/original-source/README.md:3		Original capability-state table is a checkpoint, not fresh full-product acceptance.	SOURCE_CONTEXT	Original source context/checkpoint preserved, not fresh runtime evidence.	NOT_EXECUTABLE_CRITERION
word/document.xml/table23/r5/c2/p1	25. Feature / Capability State Matrix — v6.0	Production-proven controlled Etsy draft/file path for Product #25	HISTORICAL_CONTEXT	docs/engineering/original-source/README.md:3		Original capability-state table is a checkpoint, not fresh full-product acceptance.	SOURCE_CONTEXT	Original source context/checkpoint preserved, not fresh runtime evidence.	NOT_EXECUTABLE_CRITERION
word/document.xml/table23/r5/c3/p1	25. Feature / Capability State Matrix — v6.0	Generalize research→product→QA→listing→draft E2E.	HISTORICAL_CONTEXT	docs/engineering/original-source/README.md:3		Original capability-state table is a checkpoint, not fresh full-product acceptance.	SOURCE_CONTEXT	Original source context/checkpoint preserved, not fresh runtime evidence.	NOT_EXECUTABLE_CRITERION
word/document.xml/table23/r6/c1/p1	25. Feature / Capability State Matrix — v6.0	Digital QA	HISTORICAL_CONTEXT	docs/engineering/original-source/README.md:3		Original capability-state table is a checkpoint, not fresh full-product acceptance.	SOURCE_CONTEXT	Original source context/checkpoint preserved, not fresh runtime evidence.	NOT_EXECUTABLE_CRITERION
word/document.xml/table23/r6/c2/p1	25. Feature / Capability State Matrix — v6.0	Foundation mature	HISTORICAL_CONTEXT	docs/engineering/original-source/README.md:3		Original capability-state table is a checkpoint, not fresh full-product acceptance.	SOURCE_CONTEXT	Original source context/checkpoint preserved, not fresh runtime evidence.	NOT_EXECUTABLE_CRITERION
word/document.xml/table23/r6/c3/p1	25. Feature / Capability State Matrix — v6.0	All artifact types evidence-backed and portal-visible.	HISTORICAL_CONTEXT	docs/engineering/original-source/README.md:3		Original capability-state table is a checkpoint, not fresh full-product acceptance.	SOURCE_CONTEXT	Original source context/checkpoint preserved, not fresh runtime evidence.	NOT_EXECUTABLE_CRITERION
word/document.xml/table23/r7/c1/p1	25. Feature / Capability State Matrix — v6.0	Personalized POD	HISTORICAL_CONTEXT	docs/engineering/original-source/README.md:3		Original capability-state table is a checkpoint, not fresh full-product acceptance.	SOURCE_CONTEXT	Original source context/checkpoint preserved, not fresh runtime evidence.	NOT_EXECUTABLE_CRITERION
word/document.xml/table23/r7/c2/p1	25. Feature / Capability State Matrix — v6.0	Foundation + catalog/template architecture; E2E incomplete	HISTORICAL_CONTEXT	docs/engineering/original-source/README.md:3		Original capability-state table is a checkpoint, not fresh full-product acceptance.	SOURCE_CONTEXT	Original source context/checkpoint preserved, not fresh runtime evidence.	NOT_EXECUTABLE_CRITERION
word/document.xml/table23/r7/c3/p1	25. Feature / Capability State Matrix — v6.0	Renderer + preview parity + certified templates + order-to-Printify boundary.	HISTORICAL_CONTEXT	docs/engineering/original-source/README.md:3		Original capability-state table is a checkpoint, not fresh full-product acceptance.	SOURCE_CONTEXT	Original source context/checkpoint preserved, not fresh runtime evidence.	NOT_EXECUTABLE_CRITERION
word/document.xml/table23/r8/c1/p1	25. Feature / Capability State Matrix — v6.0	Printify	HISTORICAL_CONTEXT	docs/engineering/original-source/README.md:3		Original capability-state table is a checkpoint, not fresh full-product acceptance.	SOURCE_CONTEXT	Original source context/checkpoint preserved, not fresh runtime evidence.	NOT_EXECUTABLE_CRITERION
word/document.xml/table23/r8/c2/p1	25. Feature / Capability State Matrix — v6.0	Provider/catalog/mapping foundation; no automatic production	HISTORICAL_CONTEXT	docs/engineering/original-source/README.md:3		Original capability-state table is a checkpoint, not fresh full-product acceptance.	SOURCE_CONTEXT	Original source context/checkpoint preserved, not fresh runtime evidence.	NOT_EXECUTABLE_CRITERION
word/document.xml/table23/r8/c3/p1	25. Feature / Capability State Matrix — v6.0	Controlled preparation, production gate, tracking/error E2E.	HISTORICAL_CONTEXT	docs/engineering/original-source/README.md:3		Original capability-state table is a checkpoint, not fresh full-product acceptance.	SOURCE_CONTEXT	Original source context/checkpoint preserved, not fresh runtime evidence.	NOT_EXECUTABLE_CRITERION
word/document.xml/table23/r9/c1/p1	25. Feature / Capability State Matrix — v6.0	Gelato	HISTORICAL_CONTEXT	docs/engineering/original-source/README.md:3		Original capability-state table is a checkpoint, not fresh full-product acceptance.	SOURCE_CONTEXT	Original source context/checkpoint preserved, not fresh runtime evidence.	NOT_EXECUTABLE_CRITERION
word/document.xml/table23/r9/c2/p1	25. Feature / Capability State Matrix — v6.0	Deferred	HISTORICAL_CONTEXT	docs/engineering/original-source/README.md:3		Original capability-state table is a checkpoint, not fresh full-product acceptance.	SOURCE_CONTEXT	Original source context/checkpoint preserved, not fresh runtime evidence.	NOT_EXECUTABLE_CRITERION
word/document.xml/table23/r9/c3/p1	25. Feature / Capability State Matrix — v6.0	Implement/certify after Printify stability or explicit reprioritization.	HISTORICAL_CONTEXT	docs/engineering/original-source/README.md:3		Original capability-state table is a checkpoint, not fresh full-product acceptance.	SOURCE_CONTEXT	Original source context/checkpoint preserved, not fresh runtime evidence.	NOT_EXECUTABLE_CRITERION
word/document.xml/table23/r10/c1/p1	25. Feature / Capability State Matrix — v6.0	Etsy	HISTORICAL_CONTEXT	docs/engineering/original-source/README.md:3		Original capability-state table is a checkpoint, not fresh full-product acceptance.	SOURCE_CONTEXT	Original source context/checkpoint preserved, not fresh runtime evidence.	NOT_EXECUTABLE_CRITERION
word/document.xml/table23/r10/c2/p1	25. Feature / Capability State Matrix — v6.0	Draft and digital-file upload proven; publish OFF	HISTORICAL_CONTEXT	docs/engineering/original-source/README.md:3		Original capability-state table is a checkpoint, not fresh full-product acceptance.	SOURCE_CONTEXT	Original source context/checkpoint preserved, not fresh runtime evidence.	NOT_EXECUTABLE_CRITERION
word/document.xml/table23/r10/c3/p1	25. Feature / Capability State Matrix — v6.0	Webhook config + order lifecycle hardening + operator verification; publish remains separate.	HISTORICAL_CONTEXT	docs/engineering/original-source/README.md:3		Original capability-state table is a checkpoint, not fresh full-product acceptance.	SOURCE_CONTEXT	Original source context/checkpoint preserved, not fresh runtime evidence.	NOT_EXECUTABLE_CRITERION
word/document.xml/table23/r11/c1/p1	25. Feature / Capability State Matrix — v6.0	Orders	HISTORICAL_CONTEXT	docs/engineering/original-source/README.md:3		Original capability-state table is a checkpoint, not fresh full-product acceptance.	SOURCE_CONTEXT	Original source context/checkpoint preserved, not fresh runtime evidence.	NOT_EXECUTABLE_CRITERION
word/document.xml/table23/r11/c2/p1	25. Feature / Capability State Matrix — v6.0	Post-release foundation advanced; unreleased	HISTORICAL_CONTEXT	docs/engineering/original-source/README.md:3		Original capability-state table is a checkpoint, not fresh full-product acceptance.	SOURCE_CONTEXT	Original source context/checkpoint preserved, not fresh runtime evidence.	NOT_EXECUTABLE_CRITERION
word/document.xml/table23/r11/c3/p1	25. Feature / Capability State Matrix — v6.0	Fix readiness defect; persist review/validated states; hybrid/digital evidence.	HISTORICAL_CONTEXT	docs/engineering/original-source/README.md:3		Original capability-state table is a checkpoint, not fresh full-product acceptance.	SOURCE_CONTEXT	Original source context/checkpoint preserved, not fresh runtime evidence.	NOT_EXECUTABLE_CRITERION
word/document.xml/table23/r12/c1/p1	25. Feature / Capability State Matrix — v6.0	Admin Portal	HISTORICAL_CONTEXT	docs/engineering/original-source/README.md:3		Original capability-state table is a checkpoint, not fresh full-product acceptance.	SOURCE_CONTEXT	Original source context/checkpoint preserved, not fresh runtime evidence.	NOT_EXECUTABLE_CRITERION
word/document.xml/table23/r12/c2/p1	25. Feature / Capability State Matrix — v6.0	Architecture required; partial surfaces	HISTORICAL_CONTEXT	docs/engineering/original-source/README.md:3		Original capability-state table is a checkpoint, not fresh full-product acceptance.	SOURCE_CONTEXT	Original source context/checkpoint preserved, not fresh runtime evidence.	NOT_EXECUTABLE_CRITERION
word/document.xml/table23/r12/c3/p1	25. Feature / Capability State Matrix — v6.0	Complete day-to-day DigiForge website administration.	HISTORICAL_CONTEXT	docs/engineering/original-source/README.md:3		Original capability-state table is a checkpoint, not fresh full-product acceptance.	SOURCE_CONTEXT	Original source context/checkpoint preserved, not fresh runtime evidence.	NOT_EXECUTABLE_CRITERION
word/document.xml/table23/r13/c1/p1	25. Feature / Capability State Matrix — v6.0	Finance	HISTORICAL_CONTEXT	docs/engineering/original-source/README.md:3		Original capability-state table is a checkpoint, not fresh full-product acceptance.	SOURCE_CONTEXT	Original source context/checkpoint preserved, not fresh runtime evidence.	NOT_EXECUTABLE_CRITERION
word/document.xml/table23/r13/c2/p1	25. Feature / Capability State Matrix — v6.0	Foundation	HISTORICAL_CONTEXT	docs/engineering/original-source/README.md:3		Original capability-state table is a checkpoint, not fresh full-product acceptance.	SOURCE_CONTEXT	Original source context/checkpoint preserved, not fresh runtime evidence.	NOT_EXECUTABLE_CRITERION
word/document.xml/table23/r13/c3/p1	25. Feature / Capability State Matrix — v6.0	Canonical actual cost/fee/order/shop profitability + GST evidence.	HISTORICAL_CONTEXT	docs/engineering/original-source/README.md:3		Original capability-state table is a checkpoint, not fresh full-product acceptance.	SOURCE_CONTEXT	Original source context/checkpoint preserved, not fresh runtime evidence.	NOT_EXECUTABLE_CRITERION
word/document.xml/table23/r14/c1/p1	25. Feature / Capability State Matrix — v6.0	Audit/Reconciliation	HISTORICAL_CONTEXT	docs/engineering/original-source/README.md:3		Original capability-state table is a checkpoint, not fresh full-product acceptance.	SOURCE_CONTEXT	Original source context/checkpoint preserved, not fresh runtime evidence.	NOT_EXECUTABLE_CRITERION
word/document.xml/table23/r14/c2/p1	25. Feature / Capability State Matrix — v6.0	Strong foundation	HISTORICAL_CONTEXT	docs/engineering/original-source/README.md:3		Original capability-state table is a checkpoint, not fresh full-product acceptance.	SOURCE_CONTEXT	Original source context/checkpoint preserved, not fresh runtime evidence.	NOT_EXECUTABLE_CRITERION
word/document.xml/table23/r14/c3/p1	25. Feature / Capability State Matrix — v6.0	Operator-friendly current-action diagnostics; preserve history.	HISTORICAL_CONTEXT	docs/engineering/original-source/README.md:3		Original capability-state table is a checkpoint, not fresh full-product acceptance.	SOURCE_CONTEXT	Original source context/checkpoint preserved, not fresh runtime evidence.	NOT_EXECUTABLE_CRITERION
word/document.xml/table23/r15/c1/p1	25. Feature / Capability State Matrix — v6.0	Automation	HISTORICAL_CONTEXT	docs/engineering/original-source/README.md:3		Original capability-state table is a checkpoint, not fresh full-product acceptance.	SOURCE_CONTEXT	Original source context/checkpoint preserved, not fresh runtime evidence.	NOT_EXECUTABLE_CRITERION
word/document.xml/table23/r15/c2/p1	25. Feature / Capability State Matrix — v6.0	Action Scheduler foundation	HISTORICAL_CONTEXT	docs/engineering/original-source/README.md:3		Original capability-state table is a checkpoint, not fresh full-product acceptance.	SOURCE_CONTEXT	Original source context/checkpoint preserved, not fresh runtime evidence.	NOT_EXECUTABLE_CRITERION
word/document.xml/table23/r15/c3/p1	25. Feature / Capability State Matrix — v6.0	Recovery/orphan/replay/cron acceptance.	HISTORICAL_CONTEXT	docs/engineering/original-source/README.md:3		Original capability-state table is a checkpoint, not fresh full-product acceptance.	SOURCE_CONTEXT	Original source context/checkpoint preserved, not fresh runtime evidence.	NOT_EXECUTABLE_CRITERION
word/document.xml/table23/r16/c1/p1	25. Feature / Capability State Matrix — v6.0	Four-shop model	HISTORICAL_CONTEXT	docs/engineering/original-source/README.md:3		Original capability-state table is a checkpoint, not fresh full-product acceptance.	SOURCE_CONTEXT	Original source context/checkpoint preserved, not fresh runtime evidence.	NOT_EXECUTABLE_CRITERION
word/document.xml/table23/r16/c2/p1	25. Feature / Capability State Matrix — v6.0	Approved architecture	HISTORICAL_CONTEXT	docs/engineering/original-source/README.md:3		Original capability-state table is a checkpoint, not fresh full-product acceptance.	SOURCE_CONTEXT	Original source context/checkpoint preserved, not fresh runtime evidence.	NOT_EXECUTABLE_CRITERION
word/document.xml/table23/r16/c3/p1	25. Feature / Capability State Matrix — v6.0	Implement shop profiles/policies; add future shops only when configured.	HISTORICAL_CONTEXT	docs/engineering/original-source/README.md:3		Original capability-state table is a checkpoint, not fresh full-product acceptance.	SOURCE_CONTEXT	Original source context/checkpoint preserved, not fresh runtime evidence.	NOT_EXECUTABLE_CRITERION
word/document.xml/table23/r17/c1/p1	25. Feature / Capability State Matrix — v6.0	AI budgets	HISTORICAL_CONTEXT	docs/engineering/original-source/README.md:3		Original capability-state table is a checkpoint, not fresh full-product acceptance.	SOURCE_CONTEXT	Original source context/checkpoint preserved, not fresh runtime evidence.	NOT_EXECUTABLE_CRITERION
word/document.xml/table23/r17/c2/p1	25. Feature / Capability State Matrix — v6.0	Approved architecture	HISTORICAL_CONTEXT	docs/engineering/original-source/README.md:3		Original capability-state table is a checkpoint, not fresh full-product acceptance.	SOURCE_CONTEXT	Original source context/checkpoint preserved, not fresh runtime evidence.	NOT_EXECUTABLE_CRITERION
word/document.xml/table23/r17/c3/p1	25. Feature / Capability State Matrix — v6.0	Implement per-shop quantity/budget planner and cost outcomes.	HISTORICAL_CONTEXT	docs/engineering/original-source/README.md:3		Original capability-state table is a checkpoint, not fresh full-product acceptance.	SOURCE_CONTEXT	Original source context/checkpoint preserved, not fresh runtime evidence.	NOT_EXECUTABLE_CRITERION
word/document.xml/table23/r18/c1/p1	25. Feature / Capability State Matrix — v6.0	Master 500 v2	HISTORICAL_CONTEXT	docs/engineering/original-source/README.md:3		Original capability-state table is a checkpoint, not fresh full-product acceptance.	SOURCE_CONTEXT	Original source context/checkpoint preserved, not fresh runtime evidence.	NOT_EXECUTABLE_CRITERION
word/document.xml/table23/r18/c2/p1	25. Feature / Capability State Matrix — v6.0	Research plan prepared	HISTORICAL_CONTEXT	docs/engineering/original-source/README.md:3		Original capability-state table is a checkpoint, not fresh full-product acceptance.	SOURCE_CONTEXT	Original source context/checkpoint preserved, not fresh runtime evidence.	NOT_EXECUTABLE_CRITERION
word/document.xml/table23/r18/c3/p1	25. Feature / Capability State Matrix — v6.0	Explicitly approve/promote; import as governed catalog without erasing v1.	HISTORICAL_CONTEXT	docs/engineering/original-source/README.md:3		Original capability-state table is a checkpoint, not fresh full-product acceptance.	SOURCE_CONTEXT	Original source context/checkpoint preserved, not fresh runtime evidence.	NOT_EXECUTABLE_CRITERION
word/document.xml/p174	26. Current Known Gaps and Priority Defects	26. Current Known Gaps and Priority Defects	RECONCILED_PARTIAL	docs/engineering/TEMPLATE_CYCLE_CAP_ACCEPTANCE_20261011.md:1	tests/wordpress/TemplateCycleCapTest.php:10::testNewCandidateRequiresExplicitShop; tests/wordpress/TemplateCycleCapTest.php:11::testEightCandidatesAllowedNinthDeniedReplayDoesNotConsume; tests/wordpress/TemplateCycleCapTest.php:12::testAnotherShopHasIndependentCapacity; tests/wordpress/TemplateCycleCapTest.php:13::testConcurrentShopLockBlocksThenFreshCheckDeniesFinalSlot; tests/wordpress/TemplateCycleCapTest.php:14::testMissingPolicyFailsClosed; tests/wordpress/TemplateCycleCapTest.php:15::testReplayCannotCrossShopOrOmitOwnership; tests/wordpress/TemplateCycleCapTest.php:16::testDirectNewVersionCannotTransferTemplateLineage; tests/wordpress/TemplateCycleCapTest.php:17::testTemplateLineageLockExcludesDifferentVersions; tests/wordpress/TemplateCycleCapTest.php:18::testPortalDisplaysExplicitCapacityWithoutChangingControls	Historical implemented features not rebuilt. Cap, research, replay, artifact-review and portal defects verified; bounded AI settlement implemented. Remaining source criteria not blanket accepted.	IMPLEMENTED	Related component code exists; cited tests verify only their named behaviors.	INCOMPLETE_REQUIREMENT_COVERAGE
word/document.xml/table24/r1/c1/p1	26. Current Known Gaps and Priority Defects	Priority	RECONCILED_PARTIAL	docs/engineering/TEMPLATE_CYCLE_CAP_ACCEPTANCE_20261011.md:1	tests/wordpress/TemplateCycleCapTest.php:10::testNewCandidateRequiresExplicitShop; tests/wordpress/TemplateCycleCapTest.php:11::testEightCandidatesAllowedNinthDeniedReplayDoesNotConsume; tests/wordpress/TemplateCycleCapTest.php:12::testAnotherShopHasIndependentCapacity; tests/wordpress/TemplateCycleCapTest.php:13::testConcurrentShopLockBlocksThenFreshCheckDeniesFinalSlot; tests/wordpress/TemplateCycleCapTest.php:14::testMissingPolicyFailsClosed; tests/wordpress/TemplateCycleCapTest.php:15::testReplayCannotCrossShopOrOmitOwnership; tests/wordpress/TemplateCycleCapTest.php:16::testDirectNewVersionCannotTransferTemplateLineage; tests/wordpress/TemplateCycleCapTest.php:17::testTemplateLineageLockExcludesDifferentVersions; tests/wordpress/TemplateCycleCapTest.php:18::testPortalDisplaysExplicitCapacityWithoutChangingControls	Historical implemented features not rebuilt. Cap, research, replay, artifact-review and portal defects verified; bounded AI settlement implemented. Remaining source criteria not blanket accepted.	IMPLEMENTED	Related component code exists; cited tests verify only their named behaviors.	INCOMPLETE_REQUIREMENT_COVERAGE
word/document.xml/table24/r1/c2/p1	26. Current Known Gaps and Priority Defects	Gap / requirement	RECONCILED_PARTIAL	docs/engineering/TEMPLATE_CYCLE_CAP_ACCEPTANCE_20261011.md:1	tests/wordpress/TemplateCycleCapTest.php:10::testNewCandidateRequiresExplicitShop; tests/wordpress/TemplateCycleCapTest.php:11::testEightCandidatesAllowedNinthDeniedReplayDoesNotConsume; tests/wordpress/TemplateCycleCapTest.php:12::testAnotherShopHasIndependentCapacity; tests/wordpress/TemplateCycleCapTest.php:13::testConcurrentShopLockBlocksThenFreshCheckDeniesFinalSlot; tests/wordpress/TemplateCycleCapTest.php:14::testMissingPolicyFailsClosed; tests/wordpress/TemplateCycleCapTest.php:15::testReplayCannotCrossShopOrOmitOwnership; tests/wordpress/TemplateCycleCapTest.php:16::testDirectNewVersionCannotTransferTemplateLineage; tests/wordpress/TemplateCycleCapTest.php:17::testTemplateLineageLockExcludesDifferentVersions; tests/wordpress/TemplateCycleCapTest.php:18::testPortalDisplaysExplicitCapacityWithoutChangingControls	Historical implemented features not rebuilt. Cap, research, replay, artifact-review and portal defects verified; bounded AI settlement implemented. Remaining source criteria not blanket accepted.	IMPLEMENTED	Related component code exists; cited tests verify only their named behaviors.	INCOMPLETE_REQUIREMENT_COVERAGE
word/document.xml/table24/r2/c1/p1	26. Current Known Gaps and Priority Defects	P0	RECONCILED_PARTIAL	docs/engineering/TEMPLATE_CYCLE_CAP_ACCEPTANCE_20261011.md:1	tests/wordpress/TemplateCycleCapTest.php:10::testNewCandidateRequiresExplicitShop; tests/wordpress/TemplateCycleCapTest.php:11::testEightCandidatesAllowedNinthDeniedReplayDoesNotConsume; tests/wordpress/TemplateCycleCapTest.php:12::testAnotherShopHasIndependentCapacity; tests/wordpress/TemplateCycleCapTest.php:13::testConcurrentShopLockBlocksThenFreshCheckDeniesFinalSlot; tests/wordpress/TemplateCycleCapTest.php:14::testMissingPolicyFailsClosed; tests/wordpress/TemplateCycleCapTest.php:15::testReplayCannotCrossShopOrOmitOwnership; tests/wordpress/TemplateCycleCapTest.php:16::testDirectNewVersionCannotTransferTemplateLineage; tests/wordpress/TemplateCycleCapTest.php:17::testTemplateLineageLockExcludesDifferentVersions; tests/wordpress/TemplateCycleCapTest.php:18::testPortalDisplaysExplicitCapacityWithoutChangingControls	Historical implemented features not rebuilt. Cap, research, replay, artifact-review and portal defects verified; bounded AI settlement implemented. Remaining source criteria not blanket accepted.	IMPLEMENTED	Related component code exists; cited tests verify only their named behaviors.	INCOMPLETE_REQUIREMENT_COVERAGE
word/document.xml/table24/r2/c2/p1	26. Current Known Gaps and Priority Defects	Fix order readiness semantic bug: external_fulfillment_authorized=false must not be a readiness check.	RECONCILED_PARTIAL	docs/engineering/TEMPLATE_CYCLE_CAP_ACCEPTANCE_20261011.md:1	tests/wordpress/TemplateCycleCapTest.php:10::testNewCandidateRequiresExplicitShop; tests/wordpress/TemplateCycleCapTest.php:11::testEightCandidatesAllowedNinthDeniedReplayDoesNotConsume; tests/wordpress/TemplateCycleCapTest.php:12::testAnotherShopHasIndependentCapacity; tests/wordpress/TemplateCycleCapTest.php:13::testConcurrentShopLockBlocksThenFreshCheckDeniesFinalSlot; tests/wordpress/TemplateCycleCapTest.php:14::testMissingPolicyFailsClosed; tests/wordpress/TemplateCycleCapTest.php:15::testReplayCannotCrossShopOrOmitOwnership; tests/wordpress/TemplateCycleCapTest.php:16::testDirectNewVersionCannotTransferTemplateLineage; tests/wordpress/TemplateCycleCapTest.php:17::testTemplateLineageLockExcludesDifferentVersions; tests/wordpress/TemplateCycleCapTest.php:18::testPortalDisplaysExplicitCapacityWithoutChangingControls	Historical implemented features not rebuilt. Cap, research, replay, artifact-review and portal defects verified; bounded AI settlement implemented. Remaining source criteria not blanket accepted.	IMPLEMENTED	Related component code exists; cited tests verify only their named behaviors.	INCOMPLETE_REQUIREMENT_COVERAGE
word/document.xml/table24/r3/c1/p1	26. Current Known Gaps and Priority Defects	P0	RECONCILED_PARTIAL	docs/engineering/TEMPLATE_CYCLE_CAP_ACCEPTANCE_20261011.md:1	tests/wordpress/TemplateCycleCapTest.php:10::testNewCandidateRequiresExplicitShop; tests/wordpress/TemplateCycleCapTest.php:11::testEightCandidatesAllowedNinthDeniedReplayDoesNotConsume; tests/wordpress/TemplateCycleCapTest.php:12::testAnotherShopHasIndependentCapacity; tests/wordpress/TemplateCycleCapTest.php:13::testConcurrentShopLockBlocksThenFreshCheckDeniesFinalSlot; tests/wordpress/TemplateCycleCapTest.php:14::testMissingPolicyFailsClosed; tests/wordpress/TemplateCycleCapTest.php:15::testReplayCannotCrossShopOrOmitOwnership; tests/wordpress/TemplateCycleCapTest.php:16::testDirectNewVersionCannotTransferTemplateLineage; tests/wordpress/TemplateCycleCapTest.php:17::testTemplateLineageLockExcludesDifferentVersions; tests/wordpress/TemplateCycleCapTest.php:18::testPortalDisplaysExplicitCapacityWithoutChangingControls	Historical implemented features not rebuilt. Cap, research, replay, artifact-review and portal defects verified; bounded AI settlement implemented. Remaining source criteria not blanket accepted.	IMPLEMENTED	Related component code exists; cited tests verify only their named behaviors.	INCOMPLETE_REQUIREMENT_COVERAGE
word/document.xml/table24/r3/c2/p1	26. Current Known Gaps and Priority Defects	Persist Etsy paid-webhook review-required / validated state in local order lifecycle; no automatic approval.	RECONCILED_PARTIAL	docs/engineering/TEMPLATE_CYCLE_CAP_ACCEPTANCE_20261011.md:1	tests/wordpress/TemplateCycleCapTest.php:10::testNewCandidateRequiresExplicitShop; tests/wordpress/TemplateCycleCapTest.php:11::testEightCandidatesAllowedNinthDeniedReplayDoesNotConsume; tests/wordpress/TemplateCycleCapTest.php:12::testAnotherShopHasIndependentCapacity; tests/wordpress/TemplateCycleCapTest.php:13::testConcurrentShopLockBlocksThenFreshCheckDeniesFinalSlot; tests/wordpress/TemplateCycleCapTest.php:14::testMissingPolicyFailsClosed; tests/wordpress/TemplateCycleCapTest.php:15::testReplayCannotCrossShopOrOmitOwnership; tests/wordpress/TemplateCycleCapTest.php:16::testDirectNewVersionCannotTransferTemplateLineage; tests/wordpress/TemplateCycleCapTest.php:17::testTemplateLineageLockExcludesDifferentVersions; tests/wordpress/TemplateCycleCapTest.php:18::testPortalDisplaysExplicitCapacityWithoutChangingControls	Historical implemented features not rebuilt. Cap, research, replay, artifact-review and portal defects verified; bounded AI settlement implemented. Remaining source criteria not blanket accepted.	IMPLEMENTED	Related component code exists; cited tests verify only their named behaviors.	INCOMPLETE_REQUIREMENT_COVERAGE
word/document.xml/table24/r4/c1/p1	26. Current Known Gaps and Priority Defects	P0	RECONCILED_PARTIAL	docs/engineering/TEMPLATE_CYCLE_CAP_ACCEPTANCE_20261011.md:1	tests/wordpress/TemplateCycleCapTest.php:10::testNewCandidateRequiresExplicitShop; tests/wordpress/TemplateCycleCapTest.php:11::testEightCandidatesAllowedNinthDeniedReplayDoesNotConsume; tests/wordpress/TemplateCycleCapTest.php:12::testAnotherShopHasIndependentCapacity; tests/wordpress/TemplateCycleCapTest.php:13::testConcurrentShopLockBlocksThenFreshCheckDeniesFinalSlot; tests/wordpress/TemplateCycleCapTest.php:14::testMissingPolicyFailsClosed; tests/wordpress/TemplateCycleCapTest.php:15::testReplayCannotCrossShopOrOmitOwnership; tests/wordpress/TemplateCycleCapTest.php:16::testDirectNewVersionCannotTransferTemplateLineage; tests/wordpress/TemplateCycleCapTest.php:17::testTemplateLineageLockExcludesDifferentVersions; tests/wordpress/TemplateCycleCapTest.php:18::testPortalDisplaysExplicitCapacityWithoutChangingControls	Historical implemented features not rebuilt. Cap, research, replay, artifact-review and portal defects verified; bounded AI settlement implemented. Remaining source criteria not blanket accepted.	IMPLEMENTED	Related component code exists; cited tests verify only their named behaviors.	INCOMPLETE_REQUIREMENT_COVERAGE
word/document.xml/table24/r4/c2/p1	26. Current Known Gaps and Priority Defects	Correct hybrid product/listing provider mapping using listing-specific approved binding evidence; fail closed on ambiguity.	RECONCILED_PARTIAL	docs/engineering/TEMPLATE_CYCLE_CAP_ACCEPTANCE_20261011.md:1	tests/wordpress/TemplateCycleCapTest.php:10::testNewCandidateRequiresExplicitShop; tests/wordpress/TemplateCycleCapTest.php:11::testEightCandidatesAllowedNinthDeniedReplayDoesNotConsume; tests/wordpress/TemplateCycleCapTest.php:12::testAnotherShopHasIndependentCapacity; tests/wordpress/TemplateCycleCapTest.php:13::testConcurrentShopLockBlocksThenFreshCheckDeniesFinalSlot; tests/wordpress/TemplateCycleCapTest.php:14::testMissingPolicyFailsClosed; tests/wordpress/TemplateCycleCapTest.php:15::testReplayCannotCrossShopOrOmitOwnership; tests/wordpress/TemplateCycleCapTest.php:16::testDirectNewVersionCannotTransferTemplateLineage; tests/wordpress/TemplateCycleCapTest.php:17::testTemplateLineageLockExcludesDifferentVersions; tests/wordpress/TemplateCycleCapTest.php:18::testPortalDisplaysExplicitCapacityWithoutChangingControls	Historical implemented features not rebuilt. Cap, research, replay, artifact-review and portal defects verified; bounded AI settlement implemented. Remaining source criteria not blanket accepted.	IMPLEMENTED	Related component code exists; cited tests verify only their named behaviors.	INCOMPLETE_REQUIREMENT_COVERAGE
word/document.xml/table24/r5/c1/p1	26. Current Known Gaps and Priority Defects	P0	RECONCILED_PARTIAL	docs/engineering/TEMPLATE_CYCLE_CAP_ACCEPTANCE_20261011.md:1	tests/wordpress/TemplateCycleCapTest.php:10::testNewCandidateRequiresExplicitShop; tests/wordpress/TemplateCycleCapTest.php:11::testEightCandidatesAllowedNinthDeniedReplayDoesNotConsume; tests/wordpress/TemplateCycleCapTest.php:12::testAnotherShopHasIndependentCapacity; tests/wordpress/TemplateCycleCapTest.php:13::testConcurrentShopLockBlocksThenFreshCheckDeniesFinalSlot; tests/wordpress/TemplateCycleCapTest.php:14::testMissingPolicyFailsClosed; tests/wordpress/TemplateCycleCapTest.php:15::testReplayCannotCrossShopOrOmitOwnership; tests/wordpress/TemplateCycleCapTest.php:16::testDirectNewVersionCannotTransferTemplateLineage; tests/wordpress/TemplateCycleCapTest.php:17::testTemplateLineageLockExcludesDifferentVersions; tests/wordpress/TemplateCycleCapTest.php:18::testPortalDisplaysExplicitCapacityWithoutChangingControls	Historical implemented features not rebuilt. Cap, research, replay, artifact-review and portal defects verified; bounded AI settlement implemented. Remaining source criteria not blanket accepted.	IMPLEMENTED	Related component code exists; cited tests verify only their named behaviors.	INCOMPLETE_REQUIREMENT_COVERAGE
word/document.xml/table24/r5/c2/p1	26. Current Known Gaps and Priority Defects	Implement digital-order delivery-configuration evidence from confirmed listing/file operations.	RECONCILED_PARTIAL	docs/engineering/TEMPLATE_CYCLE_CAP_ACCEPTANCE_20261011.md:1	tests/wordpress/TemplateCycleCapTest.php:10::testNewCandidateRequiresExplicitShop; tests/wordpress/TemplateCycleCapTest.php:11::testEightCandidatesAllowedNinthDeniedReplayDoesNotConsume; tests/wordpress/TemplateCycleCapTest.php:12::testAnotherShopHasIndependentCapacity; tests/wordpress/TemplateCycleCapTest.php:13::testConcurrentShopLockBlocksThenFreshCheckDeniesFinalSlot; tests/wordpress/TemplateCycleCapTest.php:14::testMissingPolicyFailsClosed; tests/wordpress/TemplateCycleCapTest.php:15::testReplayCannotCrossShopOrOmitOwnership; tests/wordpress/TemplateCycleCapTest.php:16::testDirectNewVersionCannotTransferTemplateLineage; tests/wordpress/TemplateCycleCapTest.php:17::testTemplateLineageLockExcludesDifferentVersions; tests/wordpress/TemplateCycleCapTest.php:18::testPortalDisplaysExplicitCapacityWithoutChangingControls	Historical implemented features not rebuilt. Cap, research, replay, artifact-review and portal defects verified; bounded AI settlement implemented. Remaining source criteria not blanket accepted.	IMPLEMENTED	Related component code exists; cited tests verify only their named behaviors.	INCOMPLETE_REQUIREMENT_COVERAGE
word/document.xml/table24/r6/c1/p1	26. Current Known Gaps and Priority Defects	P0	RECONCILED_PARTIAL	docs/engineering/TEMPLATE_CYCLE_CAP_ACCEPTANCE_20261011.md:1	tests/wordpress/TemplateCycleCapTest.php:10::testNewCandidateRequiresExplicitShop; tests/wordpress/TemplateCycleCapTest.php:11::testEightCandidatesAllowedNinthDeniedReplayDoesNotConsume; tests/wordpress/TemplateCycleCapTest.php:12::testAnotherShopHasIndependentCapacity; tests/wordpress/TemplateCycleCapTest.php:13::testConcurrentShopLockBlocksThenFreshCheckDeniesFinalSlot; tests/wordpress/TemplateCycleCapTest.php:14::testMissingPolicyFailsClosed; tests/wordpress/TemplateCycleCapTest.php:15::testReplayCannotCrossShopOrOmitOwnership; tests/wordpress/TemplateCycleCapTest.php:16::testDirectNewVersionCannotTransferTemplateLineage; tests/wordpress/TemplateCycleCapTest.php:17::testTemplateLineageLockExcludesDifferentVersions; tests/wordpress/TemplateCycleCapTest.php:18::testPortalDisplaysExplicitCapacityWithoutChangingControls	Historical implemented features not rebuilt. Cap, research, replay, artifact-review and portal defects verified; bounded AI settlement implemented. Remaining source criteria not blanket accepted.	IMPLEMENTED	Related component code exists; cited tests verify only their named behaviors.	INCOMPLETE_REQUIREMENT_COVERAGE
word/document.xml/table24/r6/c2/p1	26. Current Known Gaps and Priority Defects	Complete Personalized POD deterministic renderer, preview-production parity, template certification and controlled Printify order-preparation path.	RECONCILED_PARTIAL	docs/engineering/TEMPLATE_CYCLE_CAP_ACCEPTANCE_20261011.md:1	tests/wordpress/TemplateCycleCapTest.php:10::testNewCandidateRequiresExplicitShop; tests/wordpress/TemplateCycleCapTest.php:11::testEightCandidatesAllowedNinthDeniedReplayDoesNotConsume; tests/wordpress/TemplateCycleCapTest.php:12::testAnotherShopHasIndependentCapacity; tests/wordpress/TemplateCycleCapTest.php:13::testConcurrentShopLockBlocksThenFreshCheckDeniesFinalSlot; tests/wordpress/TemplateCycleCapTest.php:14::testMissingPolicyFailsClosed; tests/wordpress/TemplateCycleCapTest.php:15::testReplayCannotCrossShopOrOmitOwnership; tests/wordpress/TemplateCycleCapTest.php:16::testDirectNewVersionCannotTransferTemplateLineage; tests/wordpress/TemplateCycleCapTest.php:17::testTemplateLineageLockExcludesDifferentVersions; tests/wordpress/TemplateCycleCapTest.php:18::testPortalDisplaysExplicitCapacityWithoutChangingControls	Historical implemented features not rebuilt. Cap, research, replay, artifact-review and portal defects verified; bounded AI settlement implemented. Remaining source criteria not blanket accepted.	IMPLEMENTED	Related component code exists; cited tests verify only their named behaviors.	INCOMPLETE_REQUIREMENT_COVERAGE
word/document.xml/table24/r7/c1/p1	26. Current Known Gaps and Priority Defects	P0	RECONCILED_PARTIAL	docs/engineering/TEMPLATE_CYCLE_CAP_ACCEPTANCE_20261011.md:1	tests/wordpress/TemplateCycleCapTest.php:10::testNewCandidateRequiresExplicitShop; tests/wordpress/TemplateCycleCapTest.php:11::testEightCandidatesAllowedNinthDeniedReplayDoesNotConsume; tests/wordpress/TemplateCycleCapTest.php:12::testAnotherShopHasIndependentCapacity; tests/wordpress/TemplateCycleCapTest.php:13::testConcurrentShopLockBlocksThenFreshCheckDeniesFinalSlot; tests/wordpress/TemplateCycleCapTest.php:14::testMissingPolicyFailsClosed; tests/wordpress/TemplateCycleCapTest.php:15::testReplayCannotCrossShopOrOmitOwnership; tests/wordpress/TemplateCycleCapTest.php:16::testDirectNewVersionCannotTransferTemplateLineage; tests/wordpress/TemplateCycleCapTest.php:17::testTemplateLineageLockExcludesDifferentVersions; tests/wordpress/TemplateCycleCapTest.php:18::testPortalDisplaysExplicitCapacityWithoutChangingControls	Historical implemented features not rebuilt. Cap, research, replay, artifact-review and portal defects verified; bounded AI settlement implemented. Remaining source criteria not blanket accepted.	IMPLEMENTED	Related component code exists; cited tests verify only their named behaviors.	INCOMPLETE_REQUIREMENT_COVERAGE
word/document.xml/table24/r7/c2/p1	26. Current Known Gaps and Priority Defects	Complete DigiForge live-site admin portal so normal operations do not require wp-admin.	RECONCILED_PARTIAL	docs/engineering/TEMPLATE_CYCLE_CAP_ACCEPTANCE_20261011.md:1	tests/wordpress/TemplateCycleCapTest.php:10::testNewCandidateRequiresExplicitShop; tests/wordpress/TemplateCycleCapTest.php:11::testEightCandidatesAllowedNinthDeniedReplayDoesNotConsume; tests/wordpress/TemplateCycleCapTest.php:12::testAnotherShopHasIndependentCapacity; tests/wordpress/TemplateCycleCapTest.php:13::testConcurrentShopLockBlocksThenFreshCheckDeniesFinalSlot; tests/wordpress/TemplateCycleCapTest.php:14::testMissingPolicyFailsClosed; tests/wordpress/TemplateCycleCapTest.php:15::testReplayCannotCrossShopOrOmitOwnership; tests/wordpress/TemplateCycleCapTest.php:16::testDirectNewVersionCannotTransferTemplateLineage; tests/wordpress/TemplateCycleCapTest.php:17::testTemplateLineageLockExcludesDifferentVersions; tests/wordpress/TemplateCycleCapTest.php:18::testPortalDisplaysExplicitCapacityWithoutChangingControls	Historical implemented features not rebuilt. Cap, research, replay, artifact-review and portal defects verified; bounded AI settlement implemented. Remaining source criteria not blanket accepted.	IMPLEMENTED	Related component code exists; cited tests verify only their named behaviors.	INCOMPLETE_REQUIREMENT_COVERAGE
word/document.xml/table24/r8/c1/p1	26. Current Known Gaps and Priority Defects	P1	RECONCILED_PARTIAL	docs/engineering/TEMPLATE_CYCLE_CAP_ACCEPTANCE_20261011.md:1	tests/wordpress/TemplateCycleCapTest.php:10::testNewCandidateRequiresExplicitShop; tests/wordpress/TemplateCycleCapTest.php:11::testEightCandidatesAllowedNinthDeniedReplayDoesNotConsume; tests/wordpress/TemplateCycleCapTest.php:12::testAnotherShopHasIndependentCapacity; tests/wordpress/TemplateCycleCapTest.php:13::testConcurrentShopLockBlocksThenFreshCheckDeniesFinalSlot; tests/wordpress/TemplateCycleCapTest.php:14::testMissingPolicyFailsClosed; tests/wordpress/TemplateCycleCapTest.php:15::testReplayCannotCrossShopOrOmitOwnership; tests/wordpress/TemplateCycleCapTest.php:16::testDirectNewVersionCannotTransferTemplateLineage; tests/wordpress/TemplateCycleCapTest.php:17::testTemplateLineageLockExcludesDifferentVersions; tests/wordpress/TemplateCycleCapTest.php:18::testPortalDisplaysExplicitCapacityWithoutChangingControls	Historical implemented features not rebuilt. Cap, research, replay, artifact-review and portal defects verified; bounded AI settlement implemented. Remaining source criteria not blanket accepted.	IMPLEMENTED	Related component code exists; cited tests verify only their named behaviors.	INCOMPLETE_REQUIREMENT_COVERAGE
word/document.xml/table24/r8/c2/p1	26. Current Known Gaps and Priority Defects	Improve operations attention semantics so resolved historical failures do not create permanent current-action alerts.	RECONCILED_PARTIAL	docs/engineering/TEMPLATE_CYCLE_CAP_ACCEPTANCE_20261011.md:1	tests/wordpress/TemplateCycleCapTest.php:10::testNewCandidateRequiresExplicitShop; tests/wordpress/TemplateCycleCapTest.php:11::testEightCandidatesAllowedNinthDeniedReplayDoesNotConsume; tests/wordpress/TemplateCycleCapTest.php:12::testAnotherShopHasIndependentCapacity; tests/wordpress/TemplateCycleCapTest.php:13::testConcurrentShopLockBlocksThenFreshCheckDeniesFinalSlot; tests/wordpress/TemplateCycleCapTest.php:14::testMissingPolicyFailsClosed; tests/wordpress/TemplateCycleCapTest.php:15::testReplayCannotCrossShopOrOmitOwnership; tests/wordpress/TemplateCycleCapTest.php:16::testDirectNewVersionCannotTransferTemplateLineage; tests/wordpress/TemplateCycleCapTest.php:17::testTemplateLineageLockExcludesDifferentVersions; tests/wordpress/TemplateCycleCapTest.php:18::testPortalDisplaysExplicitCapacityWithoutChangingControls	Historical implemented features not rebuilt. Cap, research, replay, artifact-review and portal defects verified; bounded AI settlement implemented. Remaining source criteria not blanket accepted.	IMPLEMENTED	Related component code exists; cited tests verify only their named behaviors.	INCOMPLETE_REQUIREMENT_COVERAGE
word/document.xml/table24/r9/c1/p1	26. Current Known Gaps and Priority Defects	P1	RECONCILED_PARTIAL	docs/engineering/TEMPLATE_CYCLE_CAP_ACCEPTANCE_20261011.md:1	tests/wordpress/TemplateCycleCapTest.php:10::testNewCandidateRequiresExplicitShop; tests/wordpress/TemplateCycleCapTest.php:11::testEightCandidatesAllowedNinthDeniedReplayDoesNotConsume; tests/wordpress/TemplateCycleCapTest.php:12::testAnotherShopHasIndependentCapacity; tests/wordpress/TemplateCycleCapTest.php:13::testConcurrentShopLockBlocksThenFreshCheckDeniesFinalSlot; tests/wordpress/TemplateCycleCapTest.php:14::testMissingPolicyFailsClosed; tests/wordpress/TemplateCycleCapTest.php:15::testReplayCannotCrossShopOrOmitOwnership; tests/wordpress/TemplateCycleCapTest.php:16::testDirectNewVersionCannotTransferTemplateLineage; tests/wordpress/TemplateCycleCapTest.php:17::testTemplateLineageLockExcludesDifferentVersions; tests/wordpress/TemplateCycleCapTest.php:18::testPortalDisplaysExplicitCapacityWithoutChangingControls	Historical implemented features not rebuilt. Cap, research, replay, artifact-review and portal defects verified; bounded AI settlement implemented. Remaining source criteria not blanket accepted.	IMPLEMENTED	Related component code exists; cited tests verify only their named behaviors.	INCOMPLETE_REQUIREMENT_COVERAGE
word/document.xml/table24/r9/c2/p1	26. Current Known Gaps and Priority Defects	Strengthen approved fulfillment-plan readiness evidence beyond empty-hash detection; detect stale evidence safely.	RECONCILED_PARTIAL	docs/engineering/TEMPLATE_CYCLE_CAP_ACCEPTANCE_20261011.md:1	tests/wordpress/TemplateCycleCapTest.php:10::testNewCandidateRequiresExplicitShop; tests/wordpress/TemplateCycleCapTest.php:11::testEightCandidatesAllowedNinthDeniedReplayDoesNotConsume; tests/wordpress/TemplateCycleCapTest.php:12::testAnotherShopHasIndependentCapacity; tests/wordpress/TemplateCycleCapTest.php:13::testConcurrentShopLockBlocksThenFreshCheckDeniesFinalSlot; tests/wordpress/TemplateCycleCapTest.php:14::testMissingPolicyFailsClosed; tests/wordpress/TemplateCycleCapTest.php:15::testReplayCannotCrossShopOrOmitOwnership; tests/wordpress/TemplateCycleCapTest.php:16::testDirectNewVersionCannotTransferTemplateLineage; tests/wordpress/TemplateCycleCapTest.php:17::testTemplateLineageLockExcludesDifferentVersions; tests/wordpress/TemplateCycleCapTest.php:18::testPortalDisplaysExplicitCapacityWithoutChangingControls	Historical implemented features not rebuilt. Cap, research, replay, artifact-review and portal defects verified; bounded AI settlement implemented. Remaining source criteria not blanket accepted.	IMPLEMENTED	Related component code exists; cited tests verify only their named behaviors.	INCOMPLETE_REQUIREMENT_COVERAGE
word/document.xml/table24/r10/c1/p1	26. Current Known Gaps and Priority Defects	P1	RECONCILED_PARTIAL	docs/engineering/TEMPLATE_CYCLE_CAP_ACCEPTANCE_20261011.md:1	tests/wordpress/TemplateCycleCapTest.php:10::testNewCandidateRequiresExplicitShop; tests/wordpress/TemplateCycleCapTest.php:11::testEightCandidatesAllowedNinthDeniedReplayDoesNotConsume; tests/wordpress/TemplateCycleCapTest.php:12::testAnotherShopHasIndependentCapacity; tests/wordpress/TemplateCycleCapTest.php:13::testConcurrentShopLockBlocksThenFreshCheckDeniesFinalSlot; tests/wordpress/TemplateCycleCapTest.php:14::testMissingPolicyFailsClosed; tests/wordpress/TemplateCycleCapTest.php:15::testReplayCannotCrossShopOrOmitOwnership; tests/wordpress/TemplateCycleCapTest.php:16::testDirectNewVersionCannotTransferTemplateLineage; tests/wordpress/TemplateCycleCapTest.php:17::testTemplateLineageLockExcludesDifferentVersions; tests/wordpress/TemplateCycleCapTest.php:18::testPortalDisplaysExplicitCapacityWithoutChangingControls	Historical implemented features not rebuilt. Cap, research, replay, artifact-review and portal defects verified; bounded AI settlement implemented. Remaining source criteria not blanket accepted.	IMPLEMENTED	Related component code exists; cited tests verify only their named behaviors.	INCOMPLETE_REQUIREMENT_COVERAGE
word/document.xml/table24/r10/c2/p1	26. Current Known Gaps and Priority Defects	Add operator-facing read-only verification for confirmed Etsy digital file attachment bound to immutable operation evidence.	RECONCILED_PARTIAL	docs/engineering/TEMPLATE_CYCLE_CAP_ACCEPTANCE_20261011.md:1	tests/wordpress/TemplateCycleCapTest.php:10::testNewCandidateRequiresExplicitShop; tests/wordpress/TemplateCycleCapTest.php:11::testEightCandidatesAllowedNinthDeniedReplayDoesNotConsume; tests/wordpress/TemplateCycleCapTest.php:12::testAnotherShopHasIndependentCapacity; tests/wordpress/TemplateCycleCapTest.php:13::testConcurrentShopLockBlocksThenFreshCheckDeniesFinalSlot; tests/wordpress/TemplateCycleCapTest.php:14::testMissingPolicyFailsClosed; tests/wordpress/TemplateCycleCapTest.php:15::testReplayCannotCrossShopOrOmitOwnership; tests/wordpress/TemplateCycleCapTest.php:16::testDirectNewVersionCannotTransferTemplateLineage; tests/wordpress/TemplateCycleCapTest.php:17::testTemplateLineageLockExcludesDifferentVersions; tests/wordpress/TemplateCycleCapTest.php:18::testPortalDisplaysExplicitCapacityWithoutChangingControls	Historical implemented features not rebuilt. Cap, research, replay, artifact-review and portal defects verified; bounded AI settlement implemented. Remaining source criteria not blanket accepted.	IMPLEMENTED	Related component code exists; cited tests verify only their named behaviors.	INCOMPLETE_REQUIREMENT_COVERAGE
word/document.xml/table24/r11/c1/p1	26. Current Known Gaps and Priority Defects	P1	RECONCILED_PARTIAL	docs/engineering/TEMPLATE_CYCLE_CAP_ACCEPTANCE_20261011.md:1	tests/wordpress/TemplateCycleCapTest.php:10::testNewCandidateRequiresExplicitShop; tests/wordpress/TemplateCycleCapTest.php:11::testEightCandidatesAllowedNinthDeniedReplayDoesNotConsume; tests/wordpress/TemplateCycleCapTest.php:12::testAnotherShopHasIndependentCapacity; tests/wordpress/TemplateCycleCapTest.php:13::testConcurrentShopLockBlocksThenFreshCheckDeniesFinalSlot; tests/wordpress/TemplateCycleCapTest.php:14::testMissingPolicyFailsClosed; tests/wordpress/TemplateCycleCapTest.php:15::testReplayCannotCrossShopOrOmitOwnership; tests/wordpress/TemplateCycleCapTest.php:16::testDirectNewVersionCannotTransferTemplateLineage; tests/wordpress/TemplateCycleCapTest.php:17::testTemplateLineageLockExcludesDifferentVersions; tests/wordpress/TemplateCycleCapTest.php:18::testPortalDisplaysExplicitCapacityWithoutChangingControls	Historical implemented features not rebuilt. Cap, research, replay, artifact-review and portal defects verified; bounded AI settlement implemented. Remaining source criteria not blanket accepted.	IMPLEMENTED	Related component code exists; cited tests verify only their named behaviors.	INCOMPLETE_REQUIREMENT_COVERAGE
word/document.xml/table24/r11/c2/p1	26. Current Known Gaps and Priority Defects	Configure Etsy webhook signing secret safely and verify current official subscription/payload semantics before activation.	RECONCILED_PARTIAL	docs/engineering/TEMPLATE_CYCLE_CAP_ACCEPTANCE_20261011.md:1	tests/wordpress/TemplateCycleCapTest.php:10::testNewCandidateRequiresExplicitShop; tests/wordpress/TemplateCycleCapTest.php:11::testEightCandidatesAllowedNinthDeniedReplayDoesNotConsume; tests/wordpress/TemplateCycleCapTest.php:12::testAnotherShopHasIndependentCapacity; tests/wordpress/TemplateCycleCapTest.php:13::testConcurrentShopLockBlocksThenFreshCheckDeniesFinalSlot; tests/wordpress/TemplateCycleCapTest.php:14::testMissingPolicyFailsClosed; tests/wordpress/TemplateCycleCapTest.php:15::testReplayCannotCrossShopOrOmitOwnership; tests/wordpress/TemplateCycleCapTest.php:16::testDirectNewVersionCannotTransferTemplateLineage; tests/wordpress/TemplateCycleCapTest.php:17::testTemplateLineageLockExcludesDifferentVersions; tests/wordpress/TemplateCycleCapTest.php:18::testPortalDisplaysExplicitCapacityWithoutChangingControls	Historical implemented features not rebuilt. Cap, research, replay, artifact-review and portal defects verified; bounded AI settlement implemented. Remaining source criteria not blanket accepted.	IMPLEMENTED	Related component code exists; cited tests verify only their named behaviors.	INCOMPLETE_REQUIREMENT_COVERAGE
word/document.xml/table24/r12/c1/p1	26. Current Known Gaps and Priority Defects	P1	RECONCILED_PARTIAL	docs/engineering/TEMPLATE_CYCLE_CAP_ACCEPTANCE_20261011.md:1	tests/wordpress/TemplateCycleCapTest.php:10::testNewCandidateRequiresExplicitShop; tests/wordpress/TemplateCycleCapTest.php:11::testEightCandidatesAllowedNinthDeniedReplayDoesNotConsume; tests/wordpress/TemplateCycleCapTest.php:12::testAnotherShopHasIndependentCapacity; tests/wordpress/TemplateCycleCapTest.php:13::testConcurrentShopLockBlocksThenFreshCheckDeniesFinalSlot; tests/wordpress/TemplateCycleCapTest.php:14::testMissingPolicyFailsClosed; tests/wordpress/TemplateCycleCapTest.php:15::testReplayCannotCrossShopOrOmitOwnership; tests/wordpress/TemplateCycleCapTest.php:16::testDirectNewVersionCannotTransferTemplateLineage; tests/wordpress/TemplateCycleCapTest.php:17::testTemplateLineageLockExcludesDifferentVersions; tests/wordpress/TemplateCycleCapTest.php:18::testPortalDisplaysExplicitCapacityWithoutChangingControls	Historical implemented features not rebuilt. Cap, research, replay, artifact-review and portal defects verified; bounded AI settlement implemented. Remaining source criteria not blanket accepted.	IMPLEMENTED	Related component code exists; cited tests verify only their named behaviors.	INCOMPLETE_REQUIREMENT_COVERAGE
word/document.xml/table24/r12/c2/p1	26. Current Known Gaps and Priority Defects	Implement hierarchical shop-scoped controls and AI quantity/budget policies.	RECONCILED_PARTIAL	docs/engineering/TEMPLATE_CYCLE_CAP_ACCEPTANCE_20261011.md:1	tests/wordpress/TemplateCycleCapTest.php:10::testNewCandidateRequiresExplicitShop; tests/wordpress/TemplateCycleCapTest.php:11::testEightCandidatesAllowedNinthDeniedReplayDoesNotConsume; tests/wordpress/TemplateCycleCapTest.php:12::testAnotherShopHasIndependentCapacity; tests/wordpress/TemplateCycleCapTest.php:13::testConcurrentShopLockBlocksThenFreshCheckDeniesFinalSlot; tests/wordpress/TemplateCycleCapTest.php:14::testMissingPolicyFailsClosed; tests/wordpress/TemplateCycleCapTest.php:15::testReplayCannotCrossShopOrOmitOwnership; tests/wordpress/TemplateCycleCapTest.php:16::testDirectNewVersionCannotTransferTemplateLineage; tests/wordpress/TemplateCycleCapTest.php:17::testTemplateLineageLockExcludesDifferentVersions; tests/wordpress/TemplateCycleCapTest.php:18::testPortalDisplaysExplicitCapacityWithoutChangingControls	Historical implemented features not rebuilt. Cap, research, replay, artifact-review and portal defects verified; bounded AI settlement implemented. Remaining source criteria not blanket accepted.	IMPLEMENTED	Related component code exists; cited tests verify only their named behaviors.	INCOMPLETE_REQUIREMENT_COVERAGE
word/document.xml/table24/r13/c1/p1	26. Current Known Gaps and Priority Defects	P1	RECONCILED_PARTIAL	docs/engineering/TEMPLATE_CYCLE_CAP_ACCEPTANCE_20261011.md:1	tests/wordpress/TemplateCycleCapTest.php:10::testNewCandidateRequiresExplicitShop; tests/wordpress/TemplateCycleCapTest.php:11::testEightCandidatesAllowedNinthDeniedReplayDoesNotConsume; tests/wordpress/TemplateCycleCapTest.php:12::testAnotherShopHasIndependentCapacity; tests/wordpress/TemplateCycleCapTest.php:13::testConcurrentShopLockBlocksThenFreshCheckDeniesFinalSlot; tests/wordpress/TemplateCycleCapTest.php:14::testMissingPolicyFailsClosed; tests/wordpress/TemplateCycleCapTest.php:15::testReplayCannotCrossShopOrOmitOwnership; tests/wordpress/TemplateCycleCapTest.php:16::testDirectNewVersionCannotTransferTemplateLineage; tests/wordpress/TemplateCycleCapTest.php:17::testTemplateLineageLockExcludesDifferentVersions; tests/wordpress/TemplateCycleCapTest.php:18::testPortalDisplaysExplicitCapacityWithoutChangingControls	Historical implemented features not rebuilt. Cap, research, replay, artifact-review and portal defects verified; bounded AI settlement implemented. Remaining source criteria not blanket accepted.	IMPLEMENTED	Related component code exists; cited tests verify only their named behaviors.	INCOMPLETE_REQUIREMENT_COVERAGE
word/document.xml/table24/r13/c2/p1	26. Current Known Gaps and Priority Defects	Promote/import approved Master 500 v2 as versioned catalog while preserving v1 lineage.	RECONCILED_PARTIAL	docs/engineering/TEMPLATE_CYCLE_CAP_ACCEPTANCE_20261011.md:1	tests/wordpress/TemplateCycleCapTest.php:10::testNewCandidateRequiresExplicitShop; tests/wordpress/TemplateCycleCapTest.php:11::testEightCandidatesAllowedNinthDeniedReplayDoesNotConsume; tests/wordpress/TemplateCycleCapTest.php:12::testAnotherShopHasIndependentCapacity; tests/wordpress/TemplateCycleCapTest.php:13::testConcurrentShopLockBlocksThenFreshCheckDeniesFinalSlot; tests/wordpress/TemplateCycleCapTest.php:14::testMissingPolicyFailsClosed; tests/wordpress/TemplateCycleCapTest.php:15::testReplayCannotCrossShopOrOmitOwnership; tests/wordpress/TemplateCycleCapTest.php:16::testDirectNewVersionCannotTransferTemplateLineage; tests/wordpress/TemplateCycleCapTest.php:17::testTemplateLineageLockExcludesDifferentVersions; tests/wordpress/TemplateCycleCapTest.php:18::testPortalDisplaysExplicitCapacityWithoutChangingControls	Historical implemented features not rebuilt. Cap, research, replay, artifact-review and portal defects verified; bounded AI settlement implemented. Remaining source criteria not blanket accepted.	IMPLEMENTED	Related component code exists; cited tests verify only their named behaviors.	INCOMPLETE_REQUIREMENT_COVERAGE
word/document.xml/table24/r14/c1/p1	26. Current Known Gaps and Priority Defects	P2	RECONCILED_PARTIAL	docs/engineering/TEMPLATE_CYCLE_CAP_ACCEPTANCE_20261011.md:1	tests/wordpress/TemplateCycleCapTest.php:10::testNewCandidateRequiresExplicitShop; tests/wordpress/TemplateCycleCapTest.php:11::testEightCandidatesAllowedNinthDeniedReplayDoesNotConsume; tests/wordpress/TemplateCycleCapTest.php:12::testAnotherShopHasIndependentCapacity; tests/wordpress/TemplateCycleCapTest.php:13::testConcurrentShopLockBlocksThenFreshCheckDeniesFinalSlot; tests/wordpress/TemplateCycleCapTest.php:14::testMissingPolicyFailsClosed; tests/wordpress/TemplateCycleCapTest.php:15::testReplayCannotCrossShopOrOmitOwnership; tests/wordpress/TemplateCycleCapTest.php:16::testDirectNewVersionCannotTransferTemplateLineage; tests/wordpress/TemplateCycleCapTest.php:17::testTemplateLineageLockExcludesDifferentVersions; tests/wordpress/TemplateCycleCapTest.php:18::testPortalDisplaysExplicitCapacityWithoutChangingControls	Historical implemented features not rebuilt. Cap, research, replay, artifact-review and portal defects verified; bounded AI settlement implemented. Remaining source criteria not blanket accepted.	IMPLEMENTED	Related component code exists; cited tests verify only their named behaviors.	INCOMPLETE_REQUIREMENT_COVERAGE
word/document.xml/table24/r14/c2/p1	26. Current Known Gaps and Priority Defects	Add Shop 3 non-personalized POD after Phase-1 stability.	RECONCILED_PARTIAL	docs/engineering/TEMPLATE_CYCLE_CAP_ACCEPTANCE_20261011.md:1	tests/wordpress/TemplateCycleCapTest.php:10::testNewCandidateRequiresExplicitShop; tests/wordpress/TemplateCycleCapTest.php:11::testEightCandidatesAllowedNinthDeniedReplayDoesNotConsume; tests/wordpress/TemplateCycleCapTest.php:12::testAnotherShopHasIndependentCapacity; tests/wordpress/TemplateCycleCapTest.php:13::testConcurrentShopLockBlocksThenFreshCheckDeniesFinalSlot; tests/wordpress/TemplateCycleCapTest.php:14::testMissingPolicyFailsClosed; tests/wordpress/TemplateCycleCapTest.php:15::testReplayCannotCrossShopOrOmitOwnership; tests/wordpress/TemplateCycleCapTest.php:16::testDirectNewVersionCannotTransferTemplateLineage; tests/wordpress/TemplateCycleCapTest.php:17::testTemplateLineageLockExcludesDifferentVersions; tests/wordpress/TemplateCycleCapTest.php:18::testPortalDisplaysExplicitCapacityWithoutChangingControls	Historical implemented features not rebuilt. Cap, research, replay, artifact-review and portal defects verified; bounded AI settlement implemented. Remaining source criteria not blanket accepted.	IMPLEMENTED	Related component code exists; cited tests verify only their named behaviors.	INCOMPLETE_REQUIREMENT_COVERAGE
word/document.xml/table24/r15/c1/p1	26. Current Known Gaps and Priority Defects	P2	RECONCILED_PARTIAL	docs/engineering/TEMPLATE_CYCLE_CAP_ACCEPTANCE_20261011.md:1	tests/wordpress/TemplateCycleCapTest.php:10::testNewCandidateRequiresExplicitShop; tests/wordpress/TemplateCycleCapTest.php:11::testEightCandidatesAllowedNinthDeniedReplayDoesNotConsume; tests/wordpress/TemplateCycleCapTest.php:12::testAnotherShopHasIndependentCapacity; tests/wordpress/TemplateCycleCapTest.php:13::testConcurrentShopLockBlocksThenFreshCheckDeniesFinalSlot; tests/wordpress/TemplateCycleCapTest.php:14::testMissingPolicyFailsClosed; tests/wordpress/TemplateCycleCapTest.php:15::testReplayCannotCrossShopOrOmitOwnership; tests/wordpress/TemplateCycleCapTest.php:16::testDirectNewVersionCannotTransferTemplateLineage; tests/wordpress/TemplateCycleCapTest.php:17::testTemplateLineageLockExcludesDifferentVersions; tests/wordpress/TemplateCycleCapTest.php:18::testPortalDisplaysExplicitCapacityWithoutChangingControls	Historical implemented features not rebuilt. Cap, research, replay, artifact-review and portal defects verified; bounded AI settlement implemented. Remaining source criteria not blanket accepted.	IMPLEMENTED	Related component code exists; cited tests verify only their named behaviors.	INCOMPLETE_REQUIREMENT_COVERAGE
word/document.xml/table24/r15/c2/p1	26. Current Known Gaps and Priority Defects	Add Shop 4 personalized jewelry after supplier/manufacturing architecture decision.	RECONCILED_PARTIAL	docs/engineering/TEMPLATE_CYCLE_CAP_ACCEPTANCE_20261011.md:1	tests/wordpress/TemplateCycleCapTest.php:10::testNewCandidateRequiresExplicitShop; tests/wordpress/TemplateCycleCapTest.php:11::testEightCandidatesAllowedNinthDeniedReplayDoesNotConsume; tests/wordpress/TemplateCycleCapTest.php:12::testAnotherShopHasIndependentCapacity; tests/wordpress/TemplateCycleCapTest.php:13::testConcurrentShopLockBlocksThenFreshCheckDeniesFinalSlot; tests/wordpress/TemplateCycleCapTest.php:14::testMissingPolicyFailsClosed; tests/wordpress/TemplateCycleCapTest.php:15::testReplayCannotCrossShopOrOmitOwnership; tests/wordpress/TemplateCycleCapTest.php:16::testDirectNewVersionCannotTransferTemplateLineage; tests/wordpress/TemplateCycleCapTest.php:17::testTemplateLineageLockExcludesDifferentVersions; tests/wordpress/TemplateCycleCapTest.php:18::testPortalDisplaysExplicitCapacityWithoutChangingControls	Historical implemented features not rebuilt. Cap, research, replay, artifact-review and portal defects verified; bounded AI settlement implemented. Remaining source criteria not blanket accepted.	IMPLEMENTED	Related component code exists; cited tests verify only their named behaviors.	INCOMPLETE_REQUIREMENT_COVERAGE
word/document.xml/table24/r16/c1/p1	26. Current Known Gaps and Priority Defects	P2	RECONCILED_PARTIAL	docs/engineering/TEMPLATE_CYCLE_CAP_ACCEPTANCE_20261011.md:1	tests/wordpress/TemplateCycleCapTest.php:10::testNewCandidateRequiresExplicitShop; tests/wordpress/TemplateCycleCapTest.php:11::testEightCandidatesAllowedNinthDeniedReplayDoesNotConsume; tests/wordpress/TemplateCycleCapTest.php:12::testAnotherShopHasIndependentCapacity; tests/wordpress/TemplateCycleCapTest.php:13::testConcurrentShopLockBlocksThenFreshCheckDeniesFinalSlot; tests/wordpress/TemplateCycleCapTest.php:14::testMissingPolicyFailsClosed; tests/wordpress/TemplateCycleCapTest.php:15::testReplayCannotCrossShopOrOmitOwnership; tests/wordpress/TemplateCycleCapTest.php:16::testDirectNewVersionCannotTransferTemplateLineage; tests/wordpress/TemplateCycleCapTest.php:17::testTemplateLineageLockExcludesDifferentVersions; tests/wordpress/TemplateCycleCapTest.php:18::testPortalDisplaysExplicitCapacityWithoutChangingControls	Historical implemented features not rebuilt. Cap, research, replay, artifact-review and portal defects verified; bounded AI settlement implemented. Remaining source criteria not blanket accepted.	IMPLEMENTED	Related component code exists; cited tests verify only their named behaviors.	INCOMPLETE_REQUIREMENT_COVERAGE
word/document.xml/table24/r16/c2/p1	26. Current Known Gaps and Priority Defects	Gelato/additional providers only after Printify Phase-1 stability and separate certification.	RECONCILED_PARTIAL	docs/engineering/TEMPLATE_CYCLE_CAP_ACCEPTANCE_20261011.md:1	tests/wordpress/TemplateCycleCapTest.php:10::testNewCandidateRequiresExplicitShop; tests/wordpress/TemplateCycleCapTest.php:11::testEightCandidatesAllowedNinthDeniedReplayDoesNotConsume; tests/wordpress/TemplateCycleCapTest.php:12::testAnotherShopHasIndependentCapacity; tests/wordpress/TemplateCycleCapTest.php:13::testConcurrentShopLockBlocksThenFreshCheckDeniesFinalSlot; tests/wordpress/TemplateCycleCapTest.php:14::testMissingPolicyFailsClosed; tests/wordpress/TemplateCycleCapTest.php:15::testReplayCannotCrossShopOrOmitOwnership; tests/wordpress/TemplateCycleCapTest.php:16::testDirectNewVersionCannotTransferTemplateLineage; tests/wordpress/TemplateCycleCapTest.php:17::testTemplateLineageLockExcludesDifferentVersions; tests/wordpress/TemplateCycleCapTest.php:18::testPortalDisplaysExplicitCapacityWithoutChangingControls	Historical implemented features not rebuilt. Cap, research, replay, artifact-review and portal defects verified; bounded AI settlement implemented. Remaining source criteria not blanket accepted.	IMPLEMENTED	Related component code exists; cited tests verify only their named behaviors.	INCOMPLETE_REQUIREMENT_COVERAGE
word/document.xml/p177	27. Development and Release Method	27. Development and Release Method	GOVERNANCE_BOUNDARY	.github/workflows/digiforge-foundation-audit.yml:1		Exact-head audits required. Main protection READ returnsHTTP403 Resource not accessible by integration; this was not a merge attempt. Credential requiresAdministrationREAD to inspect governing checks; no merge bypass.	IMPLEMENTED	Related component code exists; cited tests verify only their named behaviors.	INCOMPLETE_REQUIREMENT_COVERAGE
word/document.xml/p178	27. Development and Release Method	Start every engineering batch from the latest actual main on a new branch. Never reuse a merged branch.	GOVERNANCE_BOUNDARY	.github/workflows/digiforge-foundation-audit.yml:1		Exact-head audits required. Main protection READ returnsHTTP403 Resource not accessible by integration; this was not a merge attempt. Credential requiresAdministrationREAD to inspect governing checks; no merge bypass.	IMPLEMENTED	Related component code exists; cited tests verify only their named behaviors.	INCOMPLETE_REQUIREMENT_COVERAGE
word/document.xml/p179	27. Development and Release Method	Implement coherent multi-workstream batches where changes are independent and can be audited together. Avoid ZIP/release churn for micro-fixes.	GOVERNANCE_BOUNDARY	.github/workflows/digiforge-foundation-audit.yml:1		Exact-head audits required. Main protection READ returnsHTTP403 Resource not accessible by integration; this was not a merge attempt. Credential requiresAdministrationREAD to inspect governing checks; no merge bypass.	IMPLEMENTED	Related component code exists; cited tests verify only their named behaviors.	INCOMPLETE_REQUIREMENT_COVERAGE
word/document.xml/p180	27. Development and Release Method	Add behavioral tests for semantics, not only structural substring tests, especially for safety/readiness logic.	GOVERNANCE_BOUNDARY	.github/workflows/digiforge-foundation-audit.yml:1		Exact-head audits required. Main protection READ returnsHTTP403 Resource not accessible by integration; this was not a merge attempt. Credential requiresAdministrationREAD to inspect governing checks; no merge bypass.	IMPLEMENTED	Related component code exists; cited tests verify only their named behaviors.	INCOMPLETE_REQUIREMENT_COVERAGE
word/document.xml/p181	27. Development and Release Method	Open PR and run exact-head DigiForge Engineering & Safety Audit.	GOVERNANCE_BOUNDARY	.github/workflows/digiforge-foundation-audit.yml:1		Exact-head audits required. Main protection READ returnsHTTP403 Resource not accessible by integration; this was not a merge attempt. Credential requiresAdministrationREAD to inspect governing checks; no merge bypass.	IMPLEMENTED	Related component code exists; cited tests verify only their named behaviors.	INCOMPLETE_REQUIREMENT_COVERAGE
word/document.xml/p182	27. Development and Release Method	Do not merge on failed audit. Correct findings and re-audit exact head.	GOVERNANCE_BOUNDARY	.github/workflows/digiforge-foundation-audit.yml:1		Exact-head audits required. Main protection READ returnsHTTP403 Resource not accessible by integration; this was not a merge attempt. Credential requiresAdministrationREAD to inspect governing checks; no merge bypass.	IMPLEMENTED	Related component code exists; cited tests verify only their named behaviors.	INCOMPLETE_REQUIREMENT_COVERAGE
word/document.xml/p183	27. Development and Release Method	Squash merge only after successful exact-head audit.	GOVERNANCE_BOUNDARY	.github/workflows/digiforge-foundation-audit.yml:1		Exact-head audits required. Main protection READ returnsHTTP403 Resource not accessible by integration; this was not a merge attempt. Credential requiresAdministrationREAD to inspect governing checks; no merge bypass.	IMPLEMENTED	Related component code exists; cited tests verify only their named behaviors.	INCOMPLETE_REQUIREMENT_COVERAGE
word/document.xml/p184	27. Development and Release Method	After a substantial integrated batch, cut the next release, bump all established version pins, audit exact release head, verify certified artifact digest/manifest/inner ZIP integrity, then provide installable ZIP.	GOVERNANCE_BOUNDARY	.github/workflows/digiforge-foundation-audit.yml:1		Exact-head audits required. Main protection READ returnsHTTP403 Resource not accessible by integration; this was not a merge attempt. Credential requiresAdministrationREAD to inspect governing checks; no merge bypass.	IMPLEMENTED	Related component code exists; cited tests verify only their named behaviors.	INCOMPLETE_REQUIREMENT_COVERAGE
word/document.xml/p185	27. Development and Release Method	After user installs release, verify production health/controls/readiness before any controlled external action.	GOVERNANCE_BOUNDARY	.github/workflows/digiforge-foundation-audit.yml:1		Exact-head audits required. Main protection READ returnsHTTP403 Resource not accessible by integration; this was not a merge attempt. Credential requiresAdministrationREAD to inspect governing checks; no merge bypass.	IMPLEMENTED	Related component code exists; cited tests verify only their named behaviors.	INCOMPLETE_REQUIREMENT_COVERAGE
word/document.xml/p186	27. Development and Release Method	Never publish Etsy listing, place POD production order, file GST or perform other consequential external action without the relevant explicit human gate.	GOVERNANCE_BOUNDARY	.github/workflows/digiforge-foundation-audit.yml:1		Exact-head audits required. Main protection READ returnsHTTP403 Resource not accessible by integration; this was not a merge attempt. Credential requiresAdministrationREAD to inspect governing checks; no merge bypass.	IMPLEMENTED	Related component code exists; cited tests verify only their named behaviors.	INCOMPLETE_REQUIREMENT_COVERAGE
word/document.xml/p187	28. Release / Audit History — Key Recent Checkpoints	28. Release / Audit History — Key Recent Checkpoints	HISTORICAL_CONTEXT	docs/engineering/original-source/README.md:3		Historical audit/release records preserved; cannot certify new artifacts.	SOURCE_CONTEXT	Original source context/checkpoint preserved, not fresh runtime evidence.	NOT_EXECUTABLE_CRITERION
word/document.xml/table25/r1/c1/p1	28. Release / Audit History — Key Recent Checkpoints	Checkpoint	HISTORICAL_CONTEXT	docs/engineering/original-source/README.md:3		Historical audit/release records preserved; cannot certify new artifacts.	SOURCE_CONTEXT	Original source context/checkpoint preserved, not fresh runtime evidence.	NOT_EXECUTABLE_CRITERION
word/document.xml/table25/r1/c2/p1	28. Release / Audit History — Key Recent Checkpoints	Result	HISTORICAL_CONTEXT	docs/engineering/original-source/README.md:3		Historical audit/release records preserved; cannot certify new artifacts.	SOURCE_CONTEXT	Original source context/checkpoint preserved, not fresh runtime evidence.	NOT_EXECUTABLE_CRITERION
word/document.xml/table25/r2/c1/p1	28. Release / Audit History — Key Recent Checkpoints	v1.0.54–v1.0.64	HISTORICAL_CONTEXT	docs/engineering/original-source/README.md:3		Historical audit/release records preserved; cannot certify new artifacts.	SOURCE_CONTEXT	Original source context/checkpoint preserved, not fresh runtime evidence.	NOT_EXECUTABLE_CRITERION
word/document.xml/table25/r2/c2/p1	28. Release / Audit History — Key Recent Checkpoints	Progressive Etsy taxonomy, compliance, draft, digital-file and multipart hardening releases.	HISTORICAL_CONTEXT	docs/engineering/original-source/README.md:3		Historical audit/release records preserved; cannot certify new artifacts.	SOURCE_CONTEXT	Original source context/checkpoint preserved, not fresh runtime evidence.	NOT_EXECUTABLE_CRITERION
word/document.xml/table25/r3/c1/p1	28. Release / Audit History — Key Recent Checkpoints	PR #448 / Audit #2856	HISTORICAL_CONTEXT	docs/engineering/original-source/README.md:3		Historical audit/release records preserved; cannot certify new artifacts.	SOURCE_CONTEXT	Original source context/checkpoint preserved, not fresh runtime evidence.	NOT_EXECUTABLE_CRITERION
word/document.xml/table25/r3/c2/p1	28. Release / Audit History — Key Recent Checkpoints	Multipart runtime + webhook ingress/readiness batch — SUCCESS.	HISTORICAL_CONTEXT	docs/engineering/original-source/README.md:3		Historical audit/release records preserved; cannot certify new artifacts.	SOURCE_CONTEXT	Original source context/checkpoint preserved, not fresh runtime evidence.	NOT_EXECUTABLE_CRITERION
word/document.xml/table25/r4/c1/p1	28. Release / Audit History — Key Recent Checkpoints	PR #449 / Audit #2858	HISTORICAL_CONTEXT	docs/engineering/original-source/README.md:3		Historical audit/release records preserved; cannot certify new artifacts.	SOURCE_CONTEXT	Original source context/checkpoint preserved, not fresh runtime evidence.	NOT_EXECUTABLE_CRITERION
word/document.xml/table25/r4/c2/p1	28. Release / Audit History — Key Recent Checkpoints	v1.0.65 release — SUCCESS.	HISTORICAL_CONTEXT	docs/engineering/original-source/README.md:3		Historical audit/release records preserved; cannot certify new artifacts.	SOURCE_CONTEXT	Original source context/checkpoint preserved, not fresh runtime evidence.	NOT_EXECUTABLE_CRITERION
word/document.xml/table25/r5/c1/p1	28. Release / Audit History — Key Recent Checkpoints	v1.0.65 certified artifact	HISTORICAL_CONTEXT	docs/engineering/original-source/README.md:3		Historical audit/release records preserved; cannot certify new artifacts.	SOURCE_CONTEXT	Original source context/checkpoint preserved, not fresh runtime evidence.	NOT_EXECUTABLE_CRITERION
word/document.xml/table25/r5/c2/p1	28. Release / Audit History — Key Recent Checkpoints	Installed and production verified; multipart fix proven by successful Product #25 file upload.	HISTORICAL_CONTEXT	docs/engineering/original-source/README.md:3		Historical audit/release records preserved; cannot certify new artifacts.	SOURCE_CONTEXT	Original source context/checkpoint preserved, not fresh runtime evidence.	NOT_EXECUTABLE_CRITERION
word/document.xml/table25/r6/c1/p1	28. Release / Audit History — Key Recent Checkpoints	PR #450 / Audit #2860	HISTORICAL_CONTEXT	docs/engineering/original-source/README.md:3		Historical audit/release records preserved; cannot certify new artifacts.	SOURCE_CONTEXT	Original source context/checkpoint preserved, not fresh runtime evidence.	NOT_EXECUTABLE_CRITERION
word/document.xml/table25/r6/c2/p1	28. Release / Audit History — Key Recent Checkpoints	SUCCESS.	HISTORICAL_CONTEXT	docs/engineering/original-source/README.md:3		Historical audit/release records preserved; cannot certify new artifacts.	SOURCE_CONTEXT	Original source context/checkpoint preserved, not fresh runtime evidence.	NOT_EXECUTABLE_CRITERION
word/document.xml/table25/r7/c1/p1	28. Release / Audit History — Key Recent Checkpoints	PR #451 / Audit #2864	HISTORICAL_CONTEXT	docs/engineering/original-source/README.md:3		Historical audit/release records preserved; cannot certify new artifacts.	SOURCE_CONTEXT	Original source context/checkpoint preserved, not fresh runtime evidence.	NOT_EXECUTABLE_CRITERION
word/document.xml/table25/r7/c2/p1	28. Release / Audit History — Key Recent Checkpoints	SUCCESS.	HISTORICAL_CONTEXT	docs/engineering/original-source/README.md:3		Historical audit/release records preserved; cannot certify new artifacts.	SOURCE_CONTEXT	Original source context/checkpoint preserved, not fresh runtime evidence.	NOT_EXECUTABLE_CRITERION
word/document.xml/table25/r8/c1/p1	28. Release / Audit History — Key Recent Checkpoints	PR #452 / Audit #2867	HISTORICAL_CONTEXT	docs/engineering/original-source/README.md:3		Historical audit/release records preserved; cannot certify new artifacts.	SOURCE_CONTEXT	Original source context/checkpoint preserved, not fresh runtime evidence.	NOT_EXECUTABLE_CRITERION
word/document.xml/table25/r8/c2/p1	28. Release / Audit History — Key Recent Checkpoints	SUCCESS.	HISTORICAL_CONTEXT	docs/engineering/original-source/README.md:3		Historical audit/release records preserved; cannot certify new artifacts.	SOURCE_CONTEXT	Original source context/checkpoint preserved, not fresh runtime evidence.	NOT_EXECUTABLE_CRITERION
word/document.xml/table25/r9/c1/p1	28. Release / Audit History — Key Recent Checkpoints	PR #453 / Audit #2869	HISTORICAL_CONTEXT	docs/engineering/original-source/README.md:3		Historical audit/release records preserved; cannot certify new artifacts.	SOURCE_CONTEXT	Original source context/checkpoint preserved, not fresh runtime evidence.	NOT_EXECUTABLE_CRITERION
word/document.xml/table25/r9/c2/p1	28. Release / Audit History — Key Recent Checkpoints	SUCCESS.	HISTORICAL_CONTEXT	docs/engineering/original-source/README.md:3		Historical audit/release records preserved; cannot certify new artifacts.	SOURCE_CONTEXT	Original source context/checkpoint preserved, not fresh runtime evidence.	NOT_EXECUTABLE_CRITERION
word/document.xml/table25/r10/c1/p1	28. Release / Audit History — Key Recent Checkpoints	PR #455 / Audit #2871	HISTORICAL_CONTEXT	docs/engineering/original-source/README.md:3		Historical audit/release records preserved; cannot certify new artifacts.	SOURCE_CONTEXT	Original source context/checkpoint preserved, not fresh runtime evidence.	NOT_EXECUTABLE_CRITERION
word/document.xml/table25/r10/c2/p1	28. Release / Audit History — Key Recent Checkpoints	SUCCESS.	HISTORICAL_CONTEXT	docs/engineering/original-source/README.md:3		Historical audit/release records preserved; cannot certify new artifacts.	SOURCE_CONTEXT	Original source context/checkpoint preserved, not fresh runtime evidence.	NOT_EXECUTABLE_CRITERION
word/document.xml/table25/r11/c1/p1	28. Release / Audit History — Key Recent Checkpoints	PR #456 / Audit #2873	HISTORICAL_CONTEXT	docs/engineering/original-source/README.md:3		Historical audit/release records preserved; cannot certify new artifacts.	SOURCE_CONTEXT	Original source context/checkpoint preserved, not fresh runtime evidence.	NOT_EXECUTABLE_CRITERION
word/document.xml/table25/r11/c2/p1	28. Release / Audit History — Key Recent Checkpoints	SUCCESS.	HISTORICAL_CONTEXT	docs/engineering/original-source/README.md:3		Historical audit/release records preserved; cannot certify new artifacts.	SOURCE_CONTEXT	Original source context/checkpoint preserved, not fresh runtime evidence.	NOT_EXECUTABLE_CRITERION
word/document.xml/table25/r12/c1/p1	28. Release / Audit History — Key Recent Checkpoints	PR #457 / Audit #2875	HISTORICAL_CONTEXT	docs/engineering/original-source/README.md:3		Historical audit/release records preserved; cannot certify new artifacts.	SOURCE_CONTEXT	Original source context/checkpoint preserved, not fresh runtime evidence.	NOT_EXECUTABLE_CRITERION
word/document.xml/table25/r12/c2/p1	28. Release / Audit History — Key Recent Checkpoints	SUCCESS; known semantic readiness defect discovered afterward and must be fixed before release.	HISTORICAL_CONTEXT	docs/engineering/original-source/README.md:3		Historical audit/release records preserved; cannot certify new artifacts.	SOURCE_CONTEXT	Original source context/checkpoint preserved, not fresh runtime evidence.	NOT_EXECUTABLE_CRITERION
word/document.xml/p190	29. Production Activation Principles	29. Production Activation Principles	OWNER_DEFERRED_OPERATION	includes/Core/Settings.php:9	tests/wordpress/FinalConvergenceScenarioTest.php:5::testPersonalizedPodReviewChainStopsBeforeExternalExecution; tests/wordpress/FinalConvergenceScenarioTest.php:23::testScopedCapabilityRequiresGlobalShopAndWorkflow	Future activation ladder provides no present execution/deployment authorization.	DEFERRED OPERATIONAL EVIDENCE	No activation, promotion or live certification inferred.	DEFERRED
word/document.xml/p191	29. Production Activation Principles	Activation is capability-by-capability, shop-by-shop and evidence-led. Development completion does not automatically activate consequential behavior.	OWNER_DEFERRED_OPERATION	includes/Core/Settings.php:9	tests/wordpress/FinalConvergenceScenarioTest.php:5::testPersonalizedPodReviewChainStopsBeforeExternalExecution; tests/wordpress/FinalConvergenceScenarioTest.php:23::testScopedCapabilityRequiresGlobalShopAndWorkflow	Future activation ladder provides no present execution/deployment authorization.	DEFERRED OPERATIONAL EVIDENCE	No activation, promotion or live certification inferred.	DEFERRED
word/document.xml/p192	29. Production Activation Principles	Install certified release and verify health/database migrations.	OWNER_DEFERRED_OPERATION	includes/Core/Settings.php:9	tests/wordpress/FinalConvergenceScenarioTest.php:5::testPersonalizedPodReviewChainStopsBeforeExternalExecution; tests/wordpress/FinalConvergenceScenarioTest.php:23::testScopedCapabilityRequiresGlobalShopAndWorkflow	Future activation ladder provides no present execution/deployment authorization.	DEFERRED OPERATIONAL EVIDENCE	No activation, promotion or live certification inferred.	DEFERRED
word/document.xml/p193	29. Production Activation Principles	Configure integrations/credentials without exposing secrets.	OWNER_DEFERRED_OPERATION	includes/Core/Settings.php:9	tests/wordpress/FinalConvergenceScenarioTest.php:5::testPersonalizedPodReviewChainStopsBeforeExternalExecution; tests/wordpress/FinalConvergenceScenarioTest.php:23::testScopedCapabilityRequiresGlobalShopAndWorkflow	Future activation ladder provides no present execution/deployment authorization.	DEFERRED OPERATIONAL EVIDENCE	No activation, promotion or live certification inferred.	DEFERRED
word/document.xml/p194	29. Production Activation Principles	Run read-only connection tests.	OWNER_DEFERRED_OPERATION	includes/Core/Settings.php:9	tests/wordpress/FinalConvergenceScenarioTest.php:5::testPersonalizedPodReviewChainStopsBeforeExternalExecution; tests/wordpress/FinalConvergenceScenarioTest.php:23::testScopedCapabilityRequiresGlobalShopAndWorkflow	Future activation ladder provides no present execution/deployment authorization.	DEFERRED OPERATIONAL EVIDENCE	No activation, promotion or live certification inferred.	DEFERRED
word/document.xml/p195	29. Production Activation Principles	Enable shop-scoped research/AI/product development within explicit quantity/budget limits.	OWNER_DEFERRED_OPERATION	includes/Core/Settings.php:9	tests/wordpress/FinalConvergenceScenarioTest.php:5::testPersonalizedPodReviewChainStopsBeforeExternalExecution; tests/wordpress/FinalConvergenceScenarioTest.php:23::testScopedCapabilityRequiresGlobalShopAndWorkflow	Future activation ladder provides no present execution/deployment authorization.	DEFERRED OPERATIONAL EVIDENCE	No activation, promotion or live certification inferred.	DEFERRED
word/document.xml/p196	29. Production Activation Principles	Enable Etsy DRAFT capability only for controlled scope.	OWNER_DEFERRED_OPERATION	includes/Core/Settings.php:9	tests/wordpress/FinalConvergenceScenarioTest.php:5::testPersonalizedPodReviewChainStopsBeforeExternalExecution; tests/wordpress/FinalConvergenceScenarioTest.php:23::testScopedCapabilityRequiresGlobalShopAndWorkflow	Future activation ladder provides no present execution/deployment authorization.	DEFERRED OPERATIONAL EVIDENCE	No activation, promotion or live certification inferred.	DEFERRED
word/document.xml/p197	29. Production Activation Principles	Configure/verify webhook intake before relying on automated order events.	OWNER_DEFERRED_OPERATION	includes/Core/Settings.php:9	tests/wordpress/FinalConvergenceScenarioTest.php:5::testPersonalizedPodReviewChainStopsBeforeExternalExecution; tests/wordpress/FinalConvergenceScenarioTest.php:23::testScopedCapabilityRequiresGlobalShopAndWorkflow	Future activation ladder provides no present execution/deployment authorization.	DEFERRED OPERATIONAL EVIDENCE	No activation, promotion or live certification inferred.	DEFERRED
word/document.xml/p198	29. Production Activation Principles	Enable Printify preparation only after template/provider acceptance.	OWNER_DEFERRED_OPERATION	includes/Core/Settings.php:9	tests/wordpress/FinalConvergenceScenarioTest.php:5::testPersonalizedPodReviewChainStopsBeforeExternalExecution; tests/wordpress/FinalConvergenceScenarioTest.php:23::testScopedCapabilityRequiresGlobalShopAndWorkflow	Future activation ladder provides no present execution/deployment authorization.	DEFERRED OPERATIONAL EVIDENCE	No activation, promotion or live certification inferred.	DEFERRED
word/document.xml/p199	29. Production Activation Principles	Keep final personalized production authorization human-controlled.	OWNER_DEFERRED_OPERATION	includes/Core/Settings.php:9	tests/wordpress/FinalConvergenceScenarioTest.php:5::testPersonalizedPodReviewChainStopsBeforeExternalExecution; tests/wordpress/FinalConvergenceScenarioTest.php:23::testScopedCapabilityRequiresGlobalShopAndWorkflow	Future activation ladder provides no present execution/deployment authorization.	DEFERRED OPERATIONAL EVIDENCE	No activation, promotion or live certification inferred.	DEFERRED
word/document.xml/p200	29. Production Activation Principles	Enable Etsy PUBLISH only after separate listing/publish approval policy is satisfied.	OWNER_DEFERRED_OPERATION	includes/Core/Settings.php:9	tests/wordpress/FinalConvergenceScenarioTest.php:5::testPersonalizedPodReviewChainStopsBeforeExternalExecution; tests/wordpress/FinalConvergenceScenarioTest.php:23::testScopedCapabilityRequiresGlobalShopAndWorkflow	Future activation ladder provides no present execution/deployment authorization.	DEFERRED OPERATIONAL EVIDENCE	No activation, promotion or live certification inferred.	DEFERRED
word/document.xml/p201	29. Production Activation Principles	Keep GST/tax automation evidence/preparation-only until separately authorized.	OWNER_DEFERRED_OPERATION	includes/Core/Settings.php:9	tests/wordpress/FinalConvergenceScenarioTest.php:5::testPersonalizedPodReviewChainStopsBeforeExternalExecution; tests/wordpress/FinalConvergenceScenarioTest.php:23::testScopedCapabilityRequiresGlobalShopAndWorkflow	Future activation ladder provides no present execution/deployment authorization.	DEFERRED OPERATIONAL EVIDENCE	No activation, promotion or live certification inferred.	DEFERRED
word/document.xml/p202	29. Production Activation Principles	Global STOP ALL remains available at every stage and overrides every shop/workflow setting.	OWNER_DEFERRED_OPERATION	includes/Core/Settings.php:9	tests/wordpress/FinalConvergenceScenarioTest.php:5::testPersonalizedPodReviewChainStopsBeforeExternalExecution; tests/wordpress/FinalConvergenceScenarioTest.php:23::testScopedCapabilityRequiresGlobalShopAndWorkflow	Future activation ladder provides no present execution/deployment authorization.	DEFERRED OPERATIONAL EVIDENCE	No activation, promotion or live certification inferred.	DEFERRED
word/document.xml/p203	30. Future Roadmap	30. Future Roadmap	FUTURE_DEFERRED	includes/Portal/ShopOperationsReadModel.php:10	tests/wordpress/FourShopDataIsolationTest.php:5::testOperationalProjectionDoesNotLeakShopPolicyOrUsageAcrossFourShops; tests/wordpress/FourShopDataIsolationTest.php:15::testPersonalizedPodCatalogProjectionIgnoresNewerUnrelatedCatalog; tests/wordpress/FourShopDataIsolationTest.php:25::testMalformedV2LineageIsVisibleButNeverReportedVerified; tests/wordpress/FourShopDataIsolationTest.php:30::testUnknownShopNormalizesToAllRatherThanInventingScope	Future shops/providers/business decisions remain disabled; no external operations.	DEFERRED OPERATIONAL EVIDENCE	No activation, promotion or live certification inferred.	DEFERRED
word/document.xml/p204	30. Future Roadmap	30.1 Shop 3 — Non-Personalized POD	FUTURE_DEFERRED	includes/Portal/ShopOperationsReadModel.php:10	tests/wordpress/FourShopDataIsolationTest.php:5::testOperationalProjectionDoesNotLeakShopPolicyOrUsageAcrossFourShops; tests/wordpress/FourShopDataIsolationTest.php:15::testPersonalizedPodCatalogProjectionIgnoresNewerUnrelatedCatalog; tests/wordpress/FourShopDataIsolationTest.php:25::testMalformedV2LineageIsVisibleButNeverReportedVerified; tests/wordpress/FourShopDataIsolationTest.php:30::testUnknownShopNormalizesToAllRatherThanInventingScope	Future shops/providers/business decisions remain disabled; no external operations.	DEFERRED OPERATIONAL EVIDENCE	No activation, promotion or live certification inferred.	DEFERRED
word/document.xml/p205	30. Future Roadmap	Create a separate Etsy shop profile and separate Printify shop/provider mappings. Reuse Product Core, Research, AI budgeting, provider abstraction, listing factory, finance and audit. Add design-generation workflow without buyer personalization. Do not mix Shop 3 listings/mappings with Shop 2 simply because both use Printify.	FUTURE_DEFERRED	includes/Portal/ShopOperationsReadModel.php:10	tests/wordpress/FourShopDataIsolationTest.php:5::testOperationalProjectionDoesNotLeakShopPolicyOrUsageAcrossFourShops; tests/wordpress/FourShopDataIsolationTest.php:15::testPersonalizedPodCatalogProjectionIgnoresNewerUnrelatedCatalog; tests/wordpress/FourShopDataIsolationTest.php:25::testMalformedV2LineageIsVisibleButNeverReportedVerified; tests/wordpress/FourShopDataIsolationTest.php:30::testUnknownShopNormalizesToAllRatherThanInventingScope	Future shops/providers/business decisions remain disabled; no external operations.	DEFERRED OPERATIONAL EVIDENCE	No activation, promotion or live certification inferred.	DEFERRED
word/document.xml/p206	30. Future Roadmap	30.2 Shop 4 — Personalized Jewelry	FUTURE_DEFERRED	includes/Portal/ShopOperationsReadModel.php:10	tests/wordpress/FourShopDataIsolationTest.php:5::testOperationalProjectionDoesNotLeakShopPolicyOrUsageAcrossFourShops; tests/wordpress/FourShopDataIsolationTest.php:15::testPersonalizedPodCatalogProjectionIgnoresNewerUnrelatedCatalog; tests/wordpress/FourShopDataIsolationTest.php:25::testMalformedV2LineageIsVisibleButNeverReportedVerified; tests/wordpress/FourShopDataIsolationTest.php:30::testUnknownShopNormalizesToAllRatherThanInventingScope	Future shops/providers/business decisions remain disabled; no external operations.	DEFERRED OPERATIONAL EVIDENCE	No activation, promotion or live certification inferred.	DEFERRED
word/document.xml/p207	30. Future Roadmap	Treat as a separate business/shop profile. Determine supplier/manufacturing model first: engraving/text/photo personalization versus handcrafted/sourced workflow. Then define product geometry, personalization schema, preview, production proof and supplier authorization. Do not force jewelry into a POD template model if the chosen supplier workflow differs materially.	FUTURE_DEFERRED	includes/Portal/ShopOperationsReadModel.php:10	tests/wordpress/FourShopDataIsolationTest.php:5::testOperationalProjectionDoesNotLeakShopPolicyOrUsageAcrossFourShops; tests/wordpress/FourShopDataIsolationTest.php:15::testPersonalizedPodCatalogProjectionIgnoresNewerUnrelatedCatalog; tests/wordpress/FourShopDataIsolationTest.php:25::testMalformedV2LineageIsVisibleButNeverReportedVerified; tests/wordpress/FourShopDataIsolationTest.php:30::testUnknownShopNormalizesToAllRatherThanInventingScope	Future shops/providers/business decisions remain disabled; no external operations.	DEFERRED OPERATIONAL EVIDENCE	No activation, promotion or live certification inferred.	DEFERRED
word/document.xml/p208	30. Future Roadmap	30.3 Additional providers and marketplaces	FUTURE_DEFERRED	includes/Portal/ShopOperationsReadModel.php:10	tests/wordpress/FourShopDataIsolationTest.php:5::testOperationalProjectionDoesNotLeakShopPolicyOrUsageAcrossFourShops; tests/wordpress/FourShopDataIsolationTest.php:15::testPersonalizedPodCatalogProjectionIgnoresNewerUnrelatedCatalog; tests/wordpress/FourShopDataIsolationTest.php:25::testMalformedV2LineageIsVisibleButNeverReportedVerified; tests/wordpress/FourShopDataIsolationTest.php:30::testUnknownShopNormalizesToAllRatherThanInventingScope	Future shops/providers/business decisions remain disabled; no external operations.	DEFERRED OPERATIONAL EVIDENCE	No activation, promotion or live certification inferred.	DEFERRED
word/document.xml/p209	30. Future Roadmap	Gelato and other POD providers remain future adapters. Additional marketplaces are future channel adapters after Etsy baseline stability. Each new adapter must implement the same controlled-execution, idempotency, evidence, reconciliation and shop-scoped policy boundaries.	FUTURE_DEFERRED	includes/Portal/ShopOperationsReadModel.php:10	tests/wordpress/FourShopDataIsolationTest.php:5::testOperationalProjectionDoesNotLeakShopPolicyOrUsageAcrossFourShops; tests/wordpress/FourShopDataIsolationTest.php:15::testPersonalizedPodCatalogProjectionIgnoresNewerUnrelatedCatalog; tests/wordpress/FourShopDataIsolationTest.php:25::testMalformedV2LineageIsVisibleButNeverReportedVerified; tests/wordpress/FourShopDataIsolationTest.php:30::testUnknownShopNormalizesToAllRatherThanInventingScope	Future shops/providers/business decisions remain disabled; no external operations.	DEFERRED OPERATIONAL EVIDENCE	No activation, promotion or live certification inferred.	DEFERRED
word/document.xml/p210	31. Non-Negotiable Safety Rules	31. Non-Negotiable Safety Rules	LOCAL_PARTIAL	includes/Core/Settings.php:9	tests/wordpress/FinalConvergenceScenarioTest.php:5::testPersonalizedPodReviewChainStopsBeforeExternalExecution; tests/wordpress/FinalConvergenceScenarioTest.php:23::testScopedCapabilityRequiresGlobalShopAndWorkflow	Local deny/ownership/approval boundaries tested; no runtime activation or broad product PASS.	IMPLEMENTED	Related component code exists; cited tests verify only their named behaviors.	INCOMPLETE_REQUIREMENT_COVERAGE
word/document.xml/p211	31. Non-Negotiable Safety Rules	STOP ALL outranks everything.	LOCAL_PARTIAL	includes/Core/Settings.php:9	tests/wordpress/FinalConvergenceScenarioTest.php:5::testPersonalizedPodReviewChainStopsBeforeExternalExecution; tests/wordpress/FinalConvergenceScenarioTest.php:23::testScopedCapabilityRequiresGlobalShopAndWorkflow	Local deny/ownership/approval boundaries tested; no runtime activation or broad product PASS.	IMPLEMENTED	Related component code exists; cited tests verify only their named behaviors.	INCOMPLETE_REQUIREMENT_COVERAGE
word/document.xml/p212	31. Non-Negotiable Safety Rules	Configured ON is not the same as authorized/effective.	LOCAL_PARTIAL	includes/Core/Settings.php:9	tests/wordpress/FinalConvergenceScenarioTest.php:5::testPersonalizedPodReviewChainStopsBeforeExternalExecution; tests/wordpress/FinalConvergenceScenarioTest.php:23::testScopedCapabilityRequiresGlobalShopAndWorkflow	Local deny/ownership/approval boundaries tested; no runtime activation or broad product PASS.	IMPLEMENTED	Related component code exists; cited tests verify only their named behaviors.	INCOMPLETE_REQUIREMENT_COVERAGE
word/document.xml/p213	31. Non-Negotiable Safety Rules	AI never creates execution authority.	LOCAL_PARTIAL	includes/Core/Settings.php:9	tests/wordpress/FinalConvergenceScenarioTest.php:5::testPersonalizedPodReviewChainStopsBeforeExternalExecution; tests/wordpress/FinalConvergenceScenarioTest.php:23::testScopedCapabilityRequiresGlobalShopAndWorkflow	Local deny/ownership/approval boundaries tested; no runtime activation or broad product PASS.	IMPLEMENTED	Related component code exists; cited tests verify only their named behaviors.	INCOMPLETE_REQUIREMENT_COVERAGE
word/document.xml/p214	31. Non-Negotiable Safety Rules	No QA PASS without evidence.	LOCAL_PARTIAL	includes/Core/Settings.php:9	tests/wordpress/FinalConvergenceScenarioTest.php:5::testPersonalizedPodReviewChainStopsBeforeExternalExecution; tests/wordpress/FinalConvergenceScenarioTest.php:23::testScopedCapabilityRequiresGlobalShopAndWorkflow	Local deny/ownership/approval boundaries tested; no runtime activation or broad product PASS.	IMPLEMENTED	Related component code exists; cited tests verify only their named behaviors.	INCOMPLETE_REQUIREMENT_COVERAGE
word/document.xml/p215	31. Non-Negotiable Safety Rules	UNKNOWN external result requires reconciliation before retry.	LOCAL_PARTIAL	includes/Core/Settings.php:9	tests/wordpress/FinalConvergenceScenarioTest.php:5::testPersonalizedPodReviewChainStopsBeforeExternalExecution; tests/wordpress/FinalConvergenceScenarioTest.php:23::testScopedCapabilityRequiresGlobalShopAndWorkflow	Local deny/ownership/approval boundaries tested; no runtime activation or broad product PASS.	IMPLEMENTED	Related component code exists; cited tests verify only their named behaviors.	INCOMPLETE_REQUIREMENT_COVERAGE
word/document.xml/p216	31. Non-Negotiable Safety Rules	Never expose or log credentials/secrets.	LOCAL_PARTIAL	includes/Core/Settings.php:9	tests/wordpress/FinalConvergenceScenarioTest.php:5::testPersonalizedPodReviewChainStopsBeforeExternalExecution; tests/wordpress/FinalConvergenceScenarioTest.php:23::testScopedCapabilityRequiresGlobalShopAndWorkflow	Local deny/ownership/approval boundaries tested; no runtime activation or broad product PASS.	IMPLEMENTED	Related component code exists; cited tests verify only their named behaviors.	INCOMPLETE_REQUIREMENT_COVERAGE
word/document.xml/p217	31. Non-Negotiable Safety Rules	Never reuse consumed authorization/idempotency identity for a new external attempt.	LOCAL_PARTIAL	includes/Core/Settings.php:9	tests/wordpress/FinalConvergenceScenarioTest.php:5::testPersonalizedPodReviewChainStopsBeforeExternalExecution; tests/wordpress/FinalConvergenceScenarioTest.php:23::testScopedCapabilityRequiresGlobalShopAndWorkflow	Local deny/ownership/approval boundaries tested; no runtime activation or broad product PASS.	IMPLEMENTED	Related component code exists; cited tests verify only their named behaviors.	INCOMPLETE_REQUIREMENT_COVERAGE
word/document.xml/p218	31. Non-Negotiable Safety Rules	Paid order does not equal production authorization.	LOCAL_PARTIAL	includes/Core/Settings.php:9	tests/wordpress/FinalConvergenceScenarioTest.php:5::testPersonalizedPodReviewChainStopsBeforeExternalExecution; tests/wordpress/FinalConvergenceScenarioTest.php:23::testScopedCapabilityRequiresGlobalShopAndWorkflow	Local deny/ownership/approval boundaries tested; no runtime activation or broad product PASS.	IMPLEMENTED	Related component code exists; cited tests verify only their named behaviors.	INCOMPLETE_REQUIREMENT_COVERAGE
word/document.xml/p219	31. Non-Negotiable Safety Rules	Etsy draft does not equal publish authorization.	LOCAL_PARTIAL	includes/Core/Settings.php:9	tests/wordpress/FinalConvergenceScenarioTest.php:5::testPersonalizedPodReviewChainStopsBeforeExternalExecution; tests/wordpress/FinalConvergenceScenarioTest.php:23::testScopedCapabilityRequiresGlobalShopAndWorkflow	Local deny/ownership/approval boundaries tested; no runtime activation or broad product PASS.	IMPLEMENTED	Related component code exists; cited tests verify only their named behaviors.	INCOMPLETE_REQUIREMENT_COVERAGE
word/document.xml/p220	31. Non-Negotiable Safety Rules	Prepared provider payload does not equal production authorization.	LOCAL_PARTIAL	includes/Core/Settings.php:9	tests/wordpress/FinalConvergenceScenarioTest.php:5::testPersonalizedPodReviewChainStopsBeforeExternalExecution; tests/wordpress/FinalConvergenceScenarioTest.php:23::testScopedCapabilityRequiresGlobalShopAndWorkflow	Local deny/ownership/approval boundaries tested; no runtime activation or broad product PASS.	IMPLEMENTED	Related component code exists; cited tests verify only their named behaviors.	INCOMPLETE_REQUIREMENT_COVERAGE
word/document.xml/p221	31. Non-Negotiable Safety Rules	No automatic Etsy publish, POD production, GST filing or other irreversible external action without explicit policy/human gate.	LOCAL_PARTIAL	includes/Core/Settings.php:9	tests/wordpress/FinalConvergenceScenarioTest.php:5::testPersonalizedPodReviewChainStopsBeforeExternalExecution; tests/wordpress/FinalConvergenceScenarioTest.php:23::testScopedCapabilityRequiresGlobalShopAndWorkflow	Local deny/ownership/approval boundaries tested; no runtime activation or broad product PASS.	IMPLEMENTED	Related component code exists; cited tests verify only their named behaviors.	INCOMPLETE_REQUIREMENT_COVERAGE
word/document.xml/p222	31. Non-Negotiable Safety Rules	Preserve immutable historical operation evidence, including failures.	LOCAL_PARTIAL	includes/Core/Settings.php:9	tests/wordpress/FinalConvergenceScenarioTest.php:5::testPersonalizedPodReviewChainStopsBeforeExternalExecution; tests/wordpress/FinalConvergenceScenarioTest.php:23::testScopedCapabilityRequiresGlobalShopAndWorkflow	Local deny/ownership/approval boundaries tested; no runtime activation or broad product PASS.	IMPLEMENTED	Related component code exists; cited tests verify only their named behaviors.	INCOMPLETE_REQUIREMENT_COVERAGE
word/document.xml/p223	31. Non-Negotiable Safety Rules	Production-authorized template/version/render inputs are frozen.	LOCAL_PARTIAL	includes/Core/Settings.php:9	tests/wordpress/FinalConvergenceScenarioTest.php:5::testPersonalizedPodReviewChainStopsBeforeExternalExecution; tests/wordpress/FinalConvergenceScenarioTest.php:23::testScopedCapabilityRequiresGlobalShopAndWorkflow	Local deny/ownership/approval boundaries tested; no runtime activation or broad product PASS.	IMPLEMENTED	Related component code exists; cited tests verify only their named behaviors.	INCOMPLETE_REQUIREMENT_COVERAGE
word/document.xml/p224	31. Non-Negotiable Safety Rules	Shop isolation is mandatory: no accidental cross-shop controls, mappings, costs or external identities.	LOCAL_PARTIAL	includes/Core/Settings.php:9	tests/wordpress/FinalConvergenceScenarioTest.php:5::testPersonalizedPodReviewChainStopsBeforeExternalExecution; tests/wordpress/FinalConvergenceScenarioTest.php:23::testScopedCapabilityRequiresGlobalShopAndWorkflow	Local deny/ownership/approval boundaries tested; no runtime activation or broad product PASS.	IMPLEMENTED	Related component code exists; cited tests verify only their named behaviors.	INCOMPLETE_REQUIREMENT_COVERAGE
word/document.xml/p225	32. Acceptance Criteria for the Complete DigiForge Website	32. Acceptance Criteria for the Complete DigiForge Website	ACCEPTANCE_INCOMPLETE	docs/engineering/original-source/README.md:3		Criteria reviewed individually below; tests alone do not establish complete product/operational acceptance.	IMPLEMENTED	Related component code exists; cited tests verify only their named behaviors.	INCOMPLETE_REQUIREMENT_COVERAGE
word/document.xml/p226	32. Acceptance Criteria for the Complete DigiForge Website	All four shop profiles can exist independently; inactive/future shops remain disabled without affecting active shops.	LOCAL_PARTIAL	includes/Portal/ShopOperationsReadModel.php:10	tests/wordpress/FourShopDataIsolationTest.php:5::testOperationalProjectionDoesNotLeakShopPolicyOrUsageAcrossFourShops; tests/wordpress/FourShopDataIsolationTest.php:15::testPersonalizedPodCatalogProjectionIgnoresNewerUnrelatedCatalog; tests/wordpress/FourShopDataIsolationTest.php:25::testMalformedV2LineageIsVisibleButNeverReportedVerified; tests/wordpress/FourShopDataIsolationTest.php:30::testUnknownShopNormalizesToAllRatherThanInventingScope	Profile/policy/read projections tested; Shop3/4 execution deliberately deferred.	IMPLEMENTED	Related component code exists; cited tests verify only their named behaviors.	INCOMPLETE_REQUIREMENT_COVERAGE
word/document.xml/p227	32. Acceptance Criteria for the Complete DigiForge Website	Global safety + shop/workflow controls are evaluated hierarchically and visibly.	LOCAL_PARTIAL	includes/Portal/ScopedCapabilityPolicy.php:6	tests/wordpress/FinalConvergenceScenarioTest.php:5::testPersonalizedPodReviewChainStopsBeforeExternalExecution; tests/wordpress/FinalConvergenceScenarioTest.php:23::testScopedCapabilityRequiresGlobalShopAndWorkflow	Hierarchical deny behavior locally tested; production safety state not independently observed.	IMPLEMENTED	Related component code exists; cited tests verify only their named behaviors.	INCOMPLETE_REQUIREMENT_COVERAGE
word/document.xml/p228	32. Acceptance Criteria for the Complete DigiForge Website	Per-shop AI quantity/budget planner estimates and records actual spend.	SOFTWARE_PARTIAL	includes/AI/ProviderEvidenceRepository.php:9	tests/wordpress/AiProviderSettlementTest.php:9::testProviderMeteringAndReviewedChargeAreSeparateImmutableEvidence; tests/wordpress/AiProviderSettlementTest.php:15::testCrossShopAndMalformedMeteringFailClosed; tests/wordpress/AiProviderSettlementTest.php:16::testQueuedBindingSupportsExactBackgroundCompletion; tests/wordpress/AiProviderSettlementTest.php:17::testProviderResponseCannotBeBoundToAnotherReservation; tests/wordpress/AiProviderSettlementTest.php:18::testChargeNeedsHumanEvidenceAndExactCurrency; tests/wordpress/AiProviderSettlementTest.php:19::testSettlementDoesNotEnableMonetaryGeneration; tests/wordpress/AiProviderSettlementTest.php:20::testGovernedProviderResponsePersistsMeteringBeforeReturningPayload; tests/wordpress/AiProviderSettlementTest.php:26::testProjectionFailurePreservesChargeProofAndRequiresReconciliation; tests/wordpress/AiProviderSettlementTest.php:32::testInvoiceLineCannotChargeTwoReservations; tests/wordpress/AiProviderSettlementTest.php:37::testCostModelProjectionUsesMeteredProviderModel; tests/wordpress/AiProviderSettlementTest.php:41::testResearchWorkflowIsNotAttributedToProductFactory; tests/wordpress/AiProviderSettlementTest.php:44::testModelProjectionFailurePreservesMeteringAndBlocksAutomaticRepairOrSettlement	Immutable provider metering and human-attested charge import verified; monetary reservation upper bounds and complete product/order attribution remain MISSING SOFTWARE. Independent provider invoice certification is DEFERRED OPERATIONAL EVIDENCE.	IMPLEMENTED; MISSING SOFTWARE; DEFERRED OPERATIONAL EVIDENCE	Related component code exists; cited tests verify only their named behaviors.	INCOMPLETE_REQUIREMENT_COVERAGE
word/document.xml/p229	32. Acceptance Criteria for the Complete DigiForge Website	Digital opportunity can reach approved Etsy draft/file attachment without internal reconstruction.	LOCAL_PARTIAL	includes/DigitalFactory/Repository.php:9	tests/unit/DigitalFactoryCreateResponseRegressionTest.php:8::testCreateCapturesEntityIdBeforeAuditAndUsesCapturedIdForResponse	Factory local evidence/readbacks tested; approved Etsy draft/file live certification not authorized.	IMPLEMENTED	Related component code exists; cited tests verify only their named behaviors.	INCOMPLETE_REQUIREMENT_COVERAGE
word/document.xml/p230	32. Acceptance Criteria for the Complete DigiForge Website	Personalized POD opportunity can reach certified template/listing and paid order can reach buyer-specific preview + explicit production authorization boundary.	SOFTWARE_PARTIAL	includes/POD/RenderArtifactVerifier.php:8	tests/wordpress/RenderArtifactCertificationTest.php:5::testSubscriberCannotApproveRenderOrPackage; tests/wordpress/RenderArtifactCertificationTest.php:10::testSuppliedHashesCannotStandInForActualArtifacts; tests/wordpress/RenderArtifactCertificationTest.php:13::testArtifactReaderRejectsRemoteAndNonImageInputs; tests/wordpress/RenderArtifactCertificationTest.php:16::testActualImageDigestAndDimensionsComeFromBytes; tests/wordpress/RenderArtifactCertificationTest.php:34::testHashOnlyLegacyEvidenceRemainsUnreviewed; tests/wordpress/RenderArtifactCertificationTest.php:37::testActualArtifactsBindTemplateAndApprovalThenDetectTemplateDrift; tests/wordpress/RenderArtifactCertificationTest.php:40::testTemplateFingerprintMappingAndShopConflictsAreBlocked; tests/wordpress/RenderArtifactCertificationTest.php:47::testActualPreviewMismatchFailsBeforeCertification; tests/wordpress/RenderArtifactCertificationTest.php:51::testReceiptPersistenceDoesNotAcceptCallerHashArrays; tests/wordpress/RenderArtifactCertificationTest.php:55::testExternalEtsyShopRequiresExactVerifiedBusinessIdentity; tests/wordpress/FinalConvergenceScenarioTest.php:5::testPersonalizedPodReviewChainStopsBeforeExternalExecution; tests/wordpress/FinalConvergenceScenarioTest.php:23::testScopedCapabilityRequiresGlobalShopAndWorkflow	Computed single-panel PNG/JPEG byte parity, template/mapping/personalization/identity boundaries verified. Actual personalized renderer and multi-panel contract remain MISSING SOFTWARE; visual/sample/buyer certification remains deferred.	IMPLEMENTED; MISSING SOFTWARE; DEFERRED OPERATIONAL EVIDENCE	Related component code exists; cited tests verify only their named behaviors.	INCOMPLETE_REQUIREMENT_COVERAGE
word/document.xml/p231	32. Acceptance Criteria for the Complete DigiForge Website	Printify mappings/templates are exact, versioned and provider-authoritative; provider switching revalidates geometry/economics.	LOCAL_PARTIAL	includes/POD/ProductionTemplateContract.php:8	tests/wordpress/ProductionTemplateGeometryDriftTest.php:5::testSafeZoneDriftCreatesDraftAndPreservesValidatedVersion	Geometry preservation/fingerprint/drift tested; supplier-authoritative current geometry, samples and economics unverified.	IMPLEMENTED	Related component code exists; cited tests verify only their named behaviors.	INCOMPLETE_REQUIREMENT_COVERAGE
word/document.xml/p232	32. Acceptance Criteria for the Complete DigiForge Website	Normal operations are possible from DigiForge portal without wp-admin.	LOCAL_PARTIAL	includes/Portal/Portal.php:47	tests/wordpress/PortalWorkflowAcceptanceTest.php:7::testAnonymousAndSubscriberCannotReadOperatorViews; tests/wordpress/PortalWorkflowAcceptanceTest.php:11::testLimitedOperatorCannotReadAiPolicyOrIntegrationSecrets; tests/wordpress/PortalWorkflowAcceptanceTest.php:16::testAllNonFinanceViewsAndFourShopsRenderWithoutChangingSafetyOrBusinessState; tests/wordpress/PortalWorkflowAcceptanceTest.php:28::testAiPolicyAndUsageProjectionIsShopIsolated; tests/wordpress/PortalWorkflowAcceptanceTest.php:32::testReadFailureIsVisibleAndRecoveryViewCannotExecute; tests/browser/portal-layout.cjs:1	All19non-financeviews x4shops x3widths228offline cases verified; access/read-error/safety checks pass. Server submissions, all downstream shop authorization, deployed themes and complete accessibility acceptance remain unverified.	IMPLEMENTED	Related component code exists; cited tests verify only their named behaviors.	INCOMPLETE_REQUIREMENT_COVERAGE
word/document.xml/p233	32. Acceptance Criteria for the Complete DigiForge Website	Approvals show exact evidence/payload/version being approved.	LOCAL_PARTIAL	includes/POD/ApprovalRecord.php:10	tests/wordpress/HumanGateOperationsTest.php:5::testPersonalizationReviewIsHumanImmutableAndExternalAuthorityAbsent; tests/wordpress/HumanGateOperationsTest.php:11::testOwnershipApprovalUsesDraftOnlyAtomicRepositoryTransition	Approval/readback gates tested; full operation-specific operator acceptance remains open.	IMPLEMENTED	Related component code exists; cited tests verify only their named behaviors.	INCOMPLETE_REQUIREMENT_COVERAGE
word/document.xml/p234	32. Acceptance Criteria for the Complete DigiForge Website	Orders preserve correct shop/listing/product/provider/personalization lineage.	LOCAL_PARTIAL	includes/Orders/ApprovedPodMappingResolver.php:8	tests/wordpress/FocusedEtsyOrderReadinessAvailabilityTest.php:6::testFocusedEtsyReadDistinguishesQueryFailureFromMissingRecord; tests/wordpress/FocusedEtsyOrderReadinessAvailabilityTest.php:36::testEveryRequiredReadinessCountFailsClosedOnDatabaseFailure	Local exact mapping/readiness failure paths tested; live shop/listing/order lineage unverified.	IMPLEMENTED	Related component code exists; cited tests verify only their named behaviors.	INCOMPLETE_REQUIREMENT_COVERAGE
word/document.xml/p235	32. Acceptance Criteria for the Complete DigiForge Website	Finance reflects actual fees/COGS/shipping/AI/tax evidence and supports profitability by shop/product/order.	OWNER_DEFERRED_FINANCE	docs/engineering/original-source/README.md:3		Finance PR1147 and recovery workspace explicitly excluded; no finance acceptance assertion.	FINANCE DEPENDENCY	Finance PR1147 intentionally excluded.	DEFERRED
word/document.xml/p236	32. Acceptance Criteria for the Complete DigiForge Website	Queues/retries/reconciliation/orphan recovery are visible and tested.	LOCAL_PARTIAL	includes/Queue/Scheduler.php:5	tests/unit/QueueRecoveryHealthVisibilityTest.php:7::testHealthMonitorUsesAuthoritativeRecoveryProjection; tests/unit/QueueRecoveryHealthVisibilityTest.php:13::testAdminDoesNotPresentZeroWhenRecoveryQueryFails	Queue recovery/deny contracts tested; operational scheduler/recovery certification deferred.	IMPLEMENTED	Related component code exists; cited tests verify only their named behaviors.	INCOMPLETE_REQUIREMENT_COVERAGE
word/document.xml/p237	32. Acceptance Criteria for the Complete DigiForge Website	Credentials remain secret; audit and external-operation evidence are durable.	LOCAL_PARTIAL	includes/Integrations/CredentialVault.php:6	tests/wordpress/ControlledExecutionTransactionFailureTest.php:21::testWpErrorBecomesTerminalSanitizedFailureAndReplayIsBlocked	Encryption/durable failure contracts tested; independent deployed secret/runtime certification remains open.	IMPLEMENTED	Related component code exists; cited tests verify only their named behaviors.	INCOMPLETE_REQUIREMENT_COVERAGE
word/document.xml/p238	32. Acceptance Criteria for the Complete DigiForge Website	Mobile/tablet portal is usable for approvals and operations.	LOCAL_PARTIAL	includes/Portal/Portal.php:47	tests/wordpress/PortalWorkflowAcceptanceTest.php:7::testAnonymousAndSubscriberCannotReadOperatorViews; tests/wordpress/PortalWorkflowAcceptanceTest.php:11::testLimitedOperatorCannotReadAiPolicyOrIntegrationSecrets; tests/wordpress/PortalWorkflowAcceptanceTest.php:16::testAllNonFinanceViewsAndFourShopsRenderWithoutChangingSafetyOrBusinessState; tests/wordpress/PortalWorkflowAcceptanceTest.php:28::testAiPolicyAndUsageProjectionIsShopIsolated; tests/wordpress/PortalWorkflowAcceptanceTest.php:32::testReadFailureIsVisibleAndRecoveryViewCannotExecute; tests/browser/portal-layout.cjs:1	228 offline browser cases cover19non-financeviews/fourshopprofiles/threewidths; complete server/operator/deployed-theme acceptance remains unverified.	IMPLEMENTED	Related component code exists; cited tests verify only their named behaviors.	INCOMPLETE_REQUIREMENT_COVERAGE
word/document.xml/p239	32. Acceptance Criteria for the Complete DigiForge Website	Backup/restore + smoke tests pass.	OWNER_DEFERRED_OPERATION	includes/Core/Settings.php:9	tests/wordpress/FinalConvergenceScenarioTest.php:5::testPersonalizedPodReviewChainStopsBeforeExternalExecution; tests/wordpress/FinalConvergenceScenarioTest.php:23::testScopedCapabilityRequiresGlobalShopAndWorkflow	Owner-deferred backup/restore operational certification; no recovery workspace touched.	DEFERRED OPERATIONAL EVIDENCE	No activation, promotion or live certification inferred.	DEFERRED
word/document.xml/p240	32. Acceptance Criteria for the Complete DigiForge Website	Exact-head engineering/release audits pass and production is installed from certified artifact.	GOVERNANCE_BOUNDARY	.github/workflows/digiforge-foundation-audit.yml:1		Final PR exact-head audit required; production installation not authorized or certified.	IMPLEMENTED	Related component code exists; cited tests verify only their named behaviors.	INCOMPLETE_REQUIREMENT_COVERAGE
word/document.xml/p241	32. Acceptance Criteria for the Complete DigiForge Website	No consequential external capability is silently activated by deployment.	LOCAL_PARTIAL	includes/Core/Settings.php:9	tests/wordpress/FinalConvergenceScenarioTest.php:5::testPersonalizedPodReviewChainStopsBeforeExternalExecution; tests/wordpress/FinalConvergenceScenarioTest.php:23::testScopedCapabilityRequiresGlobalShopAndWorkflow	Local deny/ownership/approval boundaries tested; no runtime activation or broad product PASS.	IMPLEMENTED	Related component code exists; cited tests verify only their named behaviors.	INCOMPLETE_REQUIREMENT_COVERAGE
word/document.xml/p242	33. Recommended Immediate Next Development Batch	33. Recommended Immediate Next Development Batch	RECONCILED_PARTIAL	docs/engineering/TEMPLATE_CYCLE_CAP_ACCEPTANCE_20261011.md:1	tests/wordpress/TemplateCycleCapTest.php:10::testNewCandidateRequiresExplicitShop; tests/wordpress/TemplateCycleCapTest.php:11::testEightCandidatesAllowedNinthDeniedReplayDoesNotConsume; tests/wordpress/TemplateCycleCapTest.php:12::testAnotherShopHasIndependentCapacity; tests/wordpress/TemplateCycleCapTest.php:13::testConcurrentShopLockBlocksThenFreshCheckDeniesFinalSlot; tests/wordpress/TemplateCycleCapTest.php:14::testMissingPolicyFailsClosed; tests/wordpress/TemplateCycleCapTest.php:15::testReplayCannotCrossShopOrOmitOwnership; tests/wordpress/TemplateCycleCapTest.php:16::testDirectNewVersionCannotTransferTemplateLineage; tests/wordpress/TemplateCycleCapTest.php:17::testTemplateLineageLockExcludesDifferentVersions; tests/wordpress/TemplateCycleCapTest.php:18::testPortalDisplaysExplicitCapacityWithoutChangingControls	Historical recommended batches not blindly rebuilt; genuine original-source gaps tested separately.	IMPLEMENTED	Related component code exists; cited tests verify only their named behaviors.	INCOMPLETE_REQUIREMENT_COVERAGE
word/document.xml/p243	33. Recommended Immediate Next Development Batch	Development is currently paused for architecture consolidation. When the user explicitly resumes development, start from current main on a new branch and address the following coherent batch before cutting the next release:	RECONCILED_PARTIAL	docs/engineering/TEMPLATE_CYCLE_CAP_ACCEPTANCE_20261011.md:1	tests/wordpress/TemplateCycleCapTest.php:10::testNewCandidateRequiresExplicitShop; tests/wordpress/TemplateCycleCapTest.php:11::testEightCandidatesAllowedNinthDeniedReplayDoesNotConsume; tests/wordpress/TemplateCycleCapTest.php:12::testAnotherShopHasIndependentCapacity; tests/wordpress/TemplateCycleCapTest.php:13::testConcurrentShopLockBlocksThenFreshCheckDeniesFinalSlot; tests/wordpress/TemplateCycleCapTest.php:14::testMissingPolicyFailsClosed; tests/wordpress/TemplateCycleCapTest.php:15::testReplayCannotCrossShopOrOmitOwnership; tests/wordpress/TemplateCycleCapTest.php:16::testDirectNewVersionCannotTransferTemplateLineage; tests/wordpress/TemplateCycleCapTest.php:17::testTemplateLineageLockExcludesDifferentVersions; tests/wordpress/TemplateCycleCapTest.php:18::testPortalDisplaysExplicitCapacityWithoutChangingControls	Historical recommended batches not blindly rebuilt; genuine original-source gaps tested separately.	IMPLEMENTED	Related component code exists; cited tests verify only their named behaviors.	INCOMPLETE_REQUIREMENT_COVERAGE
word/document.xml/p244	33. Recommended Immediate Next Development Batch	Fix P0 order readiness semantic bug with behavioral regression test.	RECONCILED_PARTIAL	docs/engineering/TEMPLATE_CYCLE_CAP_ACCEPTANCE_20261011.md:1	tests/wordpress/TemplateCycleCapTest.php:10::testNewCandidateRequiresExplicitShop; tests/wordpress/TemplateCycleCapTest.php:11::testEightCandidatesAllowedNinthDeniedReplayDoesNotConsume; tests/wordpress/TemplateCycleCapTest.php:12::testAnotherShopHasIndependentCapacity; tests/wordpress/TemplateCycleCapTest.php:13::testConcurrentShopLockBlocksThenFreshCheckDeniesFinalSlot; tests/wordpress/TemplateCycleCapTest.php:14::testMissingPolicyFailsClosed; tests/wordpress/TemplateCycleCapTest.php:15::testReplayCannotCrossShopOrOmitOwnership; tests/wordpress/TemplateCycleCapTest.php:16::testDirectNewVersionCannotTransferTemplateLineage; tests/wordpress/TemplateCycleCapTest.php:17::testTemplateLineageLockExcludesDifferentVersions; tests/wordpress/TemplateCycleCapTest.php:18::testPortalDisplaysExplicitCapacityWithoutChangingControls	Historical recommended batches not blindly rebuilt; genuine original-source gaps tested separately.	IMPLEMENTED	Related component code exists; cited tests verify only their named behaviors.	INCOMPLETE_REQUIREMENT_COVERAGE
word/document.xml/p245	33. Recommended Immediate Next Development Batch	Persist webhook review-required / validated order states safely.	RECONCILED_PARTIAL	docs/engineering/TEMPLATE_CYCLE_CAP_ACCEPTANCE_20261011.md:1	tests/wordpress/TemplateCycleCapTest.php:10::testNewCandidateRequiresExplicitShop; tests/wordpress/TemplateCycleCapTest.php:11::testEightCandidatesAllowedNinthDeniedReplayDoesNotConsume; tests/wordpress/TemplateCycleCapTest.php:12::testAnotherShopHasIndependentCapacity; tests/wordpress/TemplateCycleCapTest.php:13::testConcurrentShopLockBlocksThenFreshCheckDeniesFinalSlot; tests/wordpress/TemplateCycleCapTest.php:14::testMissingPolicyFailsClosed; tests/wordpress/TemplateCycleCapTest.php:15::testReplayCannotCrossShopOrOmitOwnership; tests/wordpress/TemplateCycleCapTest.php:16::testDirectNewVersionCannotTransferTemplateLineage; tests/wordpress/TemplateCycleCapTest.php:17::testTemplateLineageLockExcludesDifferentVersions; tests/wordpress/TemplateCycleCapTest.php:18::testPortalDisplaysExplicitCapacityWithoutChangingControls	Historical recommended batches not blindly rebuilt; genuine original-source gaps tested separately.	IMPLEMENTED	Related component code exists; cited tests verify only their named behaviors.	INCOMPLETE_REQUIREMENT_COVERAGE
word/document.xml/p246	33. Recommended Immediate Next Development Batch	Harden hybrid listing/provider mapping using listing-specific approved bindings.	RECONCILED_PARTIAL	docs/engineering/TEMPLATE_CYCLE_CAP_ACCEPTANCE_20261011.md:1	tests/wordpress/TemplateCycleCapTest.php:10::testNewCandidateRequiresExplicitShop; tests/wordpress/TemplateCycleCapTest.php:11::testEightCandidatesAllowedNinthDeniedReplayDoesNotConsume; tests/wordpress/TemplateCycleCapTest.php:12::testAnotherShopHasIndependentCapacity; tests/wordpress/TemplateCycleCapTest.php:13::testConcurrentShopLockBlocksThenFreshCheckDeniesFinalSlot; tests/wordpress/TemplateCycleCapTest.php:14::testMissingPolicyFailsClosed; tests/wordpress/TemplateCycleCapTest.php:15::testReplayCannotCrossShopOrOmitOwnership; tests/wordpress/TemplateCycleCapTest.php:16::testDirectNewVersionCannotTransferTemplateLineage; tests/wordpress/TemplateCycleCapTest.php:17::testTemplateLineageLockExcludesDifferentVersions; tests/wordpress/TemplateCycleCapTest.php:18::testPortalDisplaysExplicitCapacityWithoutChangingControls	Historical recommended batches not blindly rebuilt; genuine original-source gaps tested separately.	IMPLEMENTED	Related component code exists; cited tests verify only their named behaviors.	INCOMPLETE_REQUIREMENT_COVERAGE
word/document.xml/p247	33. Recommended Immediate Next Development Batch	Add digital-order delivery-configuration evidence from confirmed Etsy file operations.	RECONCILED_PARTIAL	docs/engineering/TEMPLATE_CYCLE_CAP_ACCEPTANCE_20261011.md:1	tests/wordpress/TemplateCycleCapTest.php:10::testNewCandidateRequiresExplicitShop; tests/wordpress/TemplateCycleCapTest.php:11::testEightCandidatesAllowedNinthDeniedReplayDoesNotConsume; tests/wordpress/TemplateCycleCapTest.php:12::testAnotherShopHasIndependentCapacity; tests/wordpress/TemplateCycleCapTest.php:13::testConcurrentShopLockBlocksThenFreshCheckDeniesFinalSlot; tests/wordpress/TemplateCycleCapTest.php:14::testMissingPolicyFailsClosed; tests/wordpress/TemplateCycleCapTest.php:15::testReplayCannotCrossShopOrOmitOwnership; tests/wordpress/TemplateCycleCapTest.php:16::testDirectNewVersionCannotTransferTemplateLineage; tests/wordpress/TemplateCycleCapTest.php:17::testTemplateLineageLockExcludesDifferentVersions; tests/wordpress/TemplateCycleCapTest.php:18::testPortalDisplaysExplicitCapacityWithoutChangingControls	Historical recommended batches not blindly rebuilt; genuine original-source gaps tested separately.	IMPLEMENTED	Related component code exists; cited tests verify only their named behaviors.	INCOMPLETE_REQUIREMENT_COVERAGE
word/document.xml/p248	33. Recommended Immediate Next Development Batch	Improve current-action operations diagnostics and stale readiness evidence.	RECONCILED_PARTIAL	docs/engineering/TEMPLATE_CYCLE_CAP_ACCEPTANCE_20261011.md:1	tests/wordpress/TemplateCycleCapTest.php:10::testNewCandidateRequiresExplicitShop; tests/wordpress/TemplateCycleCapTest.php:11::testEightCandidatesAllowedNinthDeniedReplayDoesNotConsume; tests/wordpress/TemplateCycleCapTest.php:12::testAnotherShopHasIndependentCapacity; tests/wordpress/TemplateCycleCapTest.php:13::testConcurrentShopLockBlocksThenFreshCheckDeniesFinalSlot; tests/wordpress/TemplateCycleCapTest.php:14::testMissingPolicyFailsClosed; tests/wordpress/TemplateCycleCapTest.php:15::testReplayCannotCrossShopOrOmitOwnership; tests/wordpress/TemplateCycleCapTest.php:16::testDirectNewVersionCannotTransferTemplateLineage; tests/wordpress/TemplateCycleCapTest.php:17::testTemplateLineageLockExcludesDifferentVersions; tests/wordpress/TemplateCycleCapTest.php:18::testPortalDisplaysExplicitCapacityWithoutChangingControls	Historical recommended batches not blindly rebuilt; genuine original-source gaps tested separately.	IMPLEMENTED	Related component code exists; cited tests verify only their named behaviors.	INCOMPLETE_REQUIREMENT_COVERAGE
word/document.xml/p249	33. Recommended Immediate Next Development Batch	Begin shop-scoped policy/control primitives and AI quantity/budget data model only after the architecture in this document is accepted.	RECONCILED_PARTIAL	docs/engineering/TEMPLATE_CYCLE_CAP_ACCEPTANCE_20261011.md:1	tests/wordpress/TemplateCycleCapTest.php:10::testNewCandidateRequiresExplicitShop; tests/wordpress/TemplateCycleCapTest.php:11::testEightCandidatesAllowedNinthDeniedReplayDoesNotConsume; tests/wordpress/TemplateCycleCapTest.php:12::testAnotherShopHasIndependentCapacity; tests/wordpress/TemplateCycleCapTest.php:13::testConcurrentShopLockBlocksThenFreshCheckDeniesFinalSlot; tests/wordpress/TemplateCycleCapTest.php:14::testMissingPolicyFailsClosed; tests/wordpress/TemplateCycleCapTest.php:15::testReplayCannotCrossShopOrOmitOwnership; tests/wordpress/TemplateCycleCapTest.php:16::testDirectNewVersionCannotTransferTemplateLineage; tests/wordpress/TemplateCycleCapTest.php:17::testTemplateLineageLockExcludesDifferentVersions; tests/wordpress/TemplateCycleCapTest.php:18::testPortalDisplaysExplicitCapacityWithoutChangingControls	Historical recommended batches not blindly rebuilt; genuine original-source gaps tested separately.	IMPLEMENTED	Related component code exists; cited tests verify only their named behaviors.	INCOMPLETE_REQUIREMENT_COVERAGE
word/document.xml/p250	33. Recommended Immediate Next Development Batch	Continue substantial batching; do not cut a ZIP for each small fix.	RECONCILED_PARTIAL	docs/engineering/TEMPLATE_CYCLE_CAP_ACCEPTANCE_20261011.md:1	tests/wordpress/TemplateCycleCapTest.php:10::testNewCandidateRequiresExplicitShop; tests/wordpress/TemplateCycleCapTest.php:11::testEightCandidatesAllowedNinthDeniedReplayDoesNotConsume; tests/wordpress/TemplateCycleCapTest.php:12::testAnotherShopHasIndependentCapacity; tests/wordpress/TemplateCycleCapTest.php:13::testConcurrentShopLockBlocksThenFreshCheckDeniesFinalSlot; tests/wordpress/TemplateCycleCapTest.php:14::testMissingPolicyFailsClosed; tests/wordpress/TemplateCycleCapTest.php:15::testReplayCannotCrossShopOrOmitOwnership; tests/wordpress/TemplateCycleCapTest.php:16::testDirectNewVersionCannotTransferTemplateLineage; tests/wordpress/TemplateCycleCapTest.php:17::testTemplateLineageLockExcludesDifferentVersions; tests/wordpress/TemplateCycleCapTest.php:18::testPortalDisplaysExplicitCapacityWithoutChangingControls	Historical recommended batches not blindly rebuilt; genuine original-source gaps tested separately.	IMPLEMENTED	Related component code exists; cited tests verify only their named behaviors.	INCOMPLETE_REQUIREMENT_COVERAGE
word/document.xml/p251	34. Operating Instruction for Future Chat / Handoff	34. Operating Instruction for Future Chat / Handoff	AUTHORITY_BOUNDARY	docs/engineering/original-source/README.md:3		Attached handoff instructions are source context; current user request controls this task.	IMPLEMENTED	Related component code exists; cited tests verify only their named behaviors.	INCOMPLETE_REQUIREMENT_COVERAGE
word/document.xml/table26/r1/c1/p1	34. Operating Instruction for Future Chat / Handoff	COPY AS WORKING RULE — Use DigiForge Ultimate Master Blueprint v6.0 as the authoritative architecture/operating reference. Inspect the actual repository and production state before acting. Continue from the latest actual main. When the user says “Proceed”, work autonomously in coherent multi-workstream batches: inspect → implement/fix → test → PR → exact-head Engineering & Safety Audit → correct findings → merge only after certification. Preserve Product #25 approved artifacts and immutable operation evidence. Do not publish Etsy listings, place POD production orders, file GST/tax, expose secrets or bypass human approval gates. Keep global STOP ALL as the ultimate safety override. Treat shop controls, AI quantities/budgets, provider mappings and operations as shop-scoped. Use the Master 500 structured workbooks as governed catalog data, preserving v1 lineage and promoting v2 only after explicit approval.	AUTHORITY_BOUNDARY	docs/engineering/original-source/README.md:3		Attached handoff instructions are source context; current user request controls this task.	IMPLEMENTED	Related component code exists; cited tests verify only their named behaviors.	INCOMPLETE_REQUIREMENT_COVERAGE
word/document.xml/p254	35. Source Consolidation Record	35. Source Consolidation Record	SOURCE_CONTEXT	docs/engineering/original-source/source-inventory.json:1		Consolidation/provenance record preserved verbatim.	SOURCE_CONTEXT	Original source context/checkpoint preserved, not fresh runtime evidence.	NOT_EXECUTABLE_CRITERION
word/document.xml/p255	35. Source Consolidation Record	This edition was built from the following project sources and current evidence:	SOURCE_CONTEXT	docs/engineering/original-source/source-inventory.json:1		Consolidation/provenance record preserved verbatim.	SOURCE_CONTEXT	Original source context/checkpoint preserved, not fresh runtime evidence.	NOT_EXECUTABLE_CRITERION
word/document.xml/p256	35. Source Consolidation Record	DigiForge Master Blueprint, Complete Architecture, Feature & Process Reference v5.0 (26 Sep 2026).	SOURCE_CONTEXT	docs/engineering/original-source/source-inventory.json:1		Consolidation/provenance record preserved verbatim.	SOURCE_CONTEXT	Original source context/checkpoint preserved, not fresh runtime evidence.	NOT_EXECUTABLE_CRITERION
word/document.xml/p257	35. Source Consolidation Record	DigiForge Master Blueprint & Product Architecture — Instant Mode Handoff v4.0.	SOURCE_CONTEXT	docs/engineering/original-source/source-inventory.json:1		Consolidation/provenance record preserved verbatim.	SOURCE_CONTEXT	Original source context/checkpoint preserved, not fresh runtime evidence.	NOT_EXECUTABLE_CRITERION
word/document.xml/p258	35. Source Consolidation Record	DigiForge Product Feature Master Tracker v1.0.	SOURCE_CONTEXT	docs/engineering/original-source/source-inventory.json:1		Consolidation/provenance record preserved verbatim.	SOURCE_CONTEXT	Original source context/checkpoint preserved, not fresh runtime evidence.	NOT_EXECUTABLE_CRITERION
word/document.xml/p259	35. Source Consolidation Record	DigiForge DigiCraftifyGoods Product & Template Master 500 (original v1 catalog).	SOURCE_CONTEXT	docs/engineering/original-source/source-inventory.json:1		Consolidation/provenance record preserved verbatim.	SOURCE_CONTEXT	Original source context/checkpoint preserved, not fresh runtime evidence.	NOT_EXECUTABLE_CRITERION
word/document.xml/p260	35. Source Consolidation Record	DigiForge DigiCraftifyGoods Master 500 v2 Research & Migration Plan.	SOURCE_CONTEXT	docs/engineering/original-source/source-inventory.json:1		Consolidation/provenance record preserved verbatim.	SOURCE_CONTEXT	Original source context/checkpoint preserved, not fresh runtime evidence.	NOT_EXECUTABLE_CRITERION
word/document.xml/p261	35. Source Consolidation Record	Certified production release history through DigiForge v1.0.65.	SOURCE_CONTEXT	docs/engineering/original-source/source-inventory.json:1		Consolidation/provenance record preserved verbatim.	SOURCE_CONTEXT	Original source context/checkpoint preserved, not fresh runtime evidence.	NOT_EXECUTABLE_CRITERION
word/document.xml/p262	35. Source Consolidation Record	Current GitHub main verified on 27 Sep 2026 as f2927f2c2c9e0ef8dcdf6d2b3444386d198b385e.	SOURCE_CONTEXT	docs/engineering/original-source/source-inventory.json:1		Consolidation/provenance record preserved verbatim.	SOURCE_CONTEXT	Original source context/checkpoint preserved, not fresh runtime evidence.	NOT_EXECUTABLE_CRITERION
word/document.xml/p263	35. Source Consolidation Record	Post-release audited engineering through PR #457 and the subsequently identified order-readiness semantic defect.	SOURCE_CONTEXT	docs/engineering/original-source/source-inventory.json:1		Consolidation/provenance record preserved verbatim.	SOURCE_CONTEXT	Original source context/checkpoint preserved, not fresh runtime evidence.	NOT_EXECUTABLE_CRITERION
word/document.xml/p264	35. Source Consolidation Record	User-approved architecture decisions in the current project discussion: four-shop target, DigiForge-portal-first administration, shop-scoped controls, AI quantity/budget governance, Printify-first personalized POD and manual final production approval.	SOURCE_CONTEXT	docs/engineering/original-source/source-inventory.json:1		Consolidation/provenance record preserved verbatim.	SOURCE_CONTEXT	Original source context/checkpoint preserved, not fresh runtime evidence.	NOT_EXECUTABLE_CRITERION
word/document.xml/p265	35. Source Consolidation Record	External provider behavior changes over time. Current Etsy/Printify/Gelato rules must be re-verified from official provider documentation before implementing or activating provider-specific behavior not already certified.	SOURCE_CONTEXT	docs/engineering/original-source/source-inventory.json:1		Consolidation/provenance record preserved verbatim.	SOURCE_CONTEXT	Original source context/checkpoint preserved, not fresh runtime evidence.	NOT_EXECUTABLE_CRITERION
word/document.xml/p266	36. Supersession Statement	36. Supersession Statement	AUTHORITY_BOUNDARY	docs/engineering/original-source/source-inventory.json:1		Source supersession preserved; archives retained; no destructive action authorized.	IMPLEMENTED	Related component code exists; cited tests verify only their named behaviors.	INCOMPLETE_REQUIREMENT_COVERAGE
word/document.xml/p267	36. Supersession Statement	Once the user accepts this v6.0 document, prior DigiForge architecture/handoff DOCX files are superseded and may be deleted or archived to avoid confusion. This document intentionally replaces their architecture, safety and operating instructions. Structured catalog workbooks remain companion governed data sources unless separately migrated into DigiForge and explicitly retired.	AUTHORITY_BOUNDARY	docs/engineering/original-source/source-inventory.json:1		Source supersession preserved; archives retained; no destructive action authorized.	IMPLEMENTED	Related component code exists; cited tests verify only their named behaviors.	INCOMPLETE_REQUIREMENT_COVERAGE
word/document.xml/table27/r1/c1/p1	36. Supersession Statement	FINAL BASELINE — DigiForge is one multi-shop operating platform. The architecture is WordPress/PHP/MySQL-native, portal-first, evidence-driven and fail-closed. Global safety ceilings remain absolute; normal controls, AI budgets, provider routes and workflows are shop-scoped. Digital products are the proven Etsy execution path. Personalized POD is Printify-first and must converge on reusable certified templates, deterministic personalization where possible, buyer-specific preview QA and explicit human production authorization. Future non-personalized POD and jewelry shops reuse the platform without weakening isolation or safety.	AUTHORITY_BOUNDARY	docs/engineering/original-source/source-inventory.json:1		Source supersession preserved; archives retained; no destructive action authorized.	IMPLEMENTED	Related component code exists; cited tests verify only their named behaviors.	INCOMPLETE_REQUIREMENT_COVERAGE
word/header1.xml/p1	36. Supersession Statement	DigiForge Ultimate Master Blueprint v6.0 • 27 Sep 2026	AUTHORITY_BOUNDARY	docs/engineering/original-source/source-inventory.json:1		Source supersession preserved; archives retained; no destructive action authorized.	IMPLEMENTED	Related component code exists; cited tests verify only their named behaviors.	INCOMPLETE_REQUIREMENT_COVERAGE
