Derived locator (not original requirement ID)	Original section	Original source text	Disposition	Existing implementation candidates	Acceptance limitation
word/document.xml/p1	Front matter	DigiForge	TRACE_REVIEW_REQUIRED		Presence is not requirement-specific acceptance; integrated evidence must be linked before PASS.
word/document.xml/p2	Front matter	Ultimate Master Blueprint	TRACE_REVIEW_REQUIRED		Presence is not requirement-specific acceptance; integrated evidence must be linked before PASS.
word/document.xml/p3	Front matter	Complete Platform • Website • Product • Shop • AI • Etsy • POD • Operations Reference	TRACE_REVIEW_REQUIRED		Presence is not requirement-specific acceptance; integrated evidence must be linked before PASS.
word/document.xml/p4	Front matter	Consolidated Replacement Edition • v6.0 • 27 September 2026	TRACE_REVIEW_REQUIRED		Presence is not requirement-specific acceptance; integrated evidence must be linked before PASS.
word/document.xml/table1/r1/c1/p1	Front matter	Reference	TRACE_REVIEW_REQUIRED		Presence is not requirement-specific acceptance; integrated evidence must be linked before PASS.
word/document.xml/table1/r1/c2/p1	Front matter	Authoritative value	TRACE_REVIEW_REQUIRED		Presence is not requirement-specific acceptance; integrated evidence must be linked before PASS.
word/document.xml/table1/r2/c1/p1	Front matter	Platform	TRACE_REVIEW_REQUIRED		Presence is not requirement-specific acceptance; integrated evidence must be linked before PASS.
word/document.xml/table1/r2/c2/p1	Front matter	DigiForge — WordPress/PHP/MySQL internal product-development and commerce automation control plane	TRACE_REVIEW_REQUIRED		Presence is not requirement-specific acceptance; integrated evidence must be linked before PASS.
word/document.xml/table1/r3/c1/p1	Front matter	Repository	TRACE_REVIEW_REQUIRED		Presence is not requirement-specific acceptance; integrated evidence must be linked before PASS.
word/document.xml/table1/r3/c2/p1	Front matter	subvicco12/digiforge	TRACE_REVIEW_REQUIRED		Presence is not requirement-specific acceptance; integrated evidence must be linked before PASS.
word/document.xml/table1/r4/c1/p1	Front matter	Production site	TRACE_REVIEW_REQUIRED		Presence is not requirement-specific acceptance; integrated evidence must be linked before PASS.
word/document.xml/table1/r4/c2/p1	Front matter	digiforge.converentis.com	TRACE_REVIEW_REQUIRED		Presence is not requirement-specific acceptance; integrated evidence must be linked before PASS.
word/document.xml/table1/r5/c1/p1	Front matter	Installed certified production release	TRACE_REVIEW_REQUIRED		Presence is not requirement-specific acceptance; integrated evidence must be linked before PASS.
word/document.xml/table1/r5/c2/p1	Front matter	DigiForge v1.0.65 • DB schema 15	TRACE_REVIEW_REQUIRED		Presence is not requirement-specific acceptance; integrated evidence must be linked before PASS.
word/document.xml/table1/r6/c1/p1	Front matter	Certified v1.0.65 main commit	TRACE_REVIEW_REQUIRED		Presence is not requirement-specific acceptance; integrated evidence must be linked before PASS.
word/document.xml/table1/r6/c2/p1	Front matter	30f6321f7ea6bf88c09069c2b53269e8fcc7594c	TRACE_REVIEW_REQUIRED		Presence is not requirement-specific acceptance; integrated evidence must be linked before PASS.
word/document.xml/table1/r7/c1/p1	Front matter	Current post-release engineering main	TRACE_REVIEW_REQUIRED		Presence is not requirement-specific acceptance; integrated evidence must be linked before PASS.
word/document.xml/table1/r7/c2/p1	Front matter	f2927f2c2c9e0ef8dcdf6d2b3444386d198b385e	TRACE_REVIEW_REQUIRED		Presence is not requirement-specific acceptance; integrated evidence must be linked before PASS.
word/document.xml/table1/r8/c1/p1	Front matter	Production external state	TRACE_REVIEW_REQUIRED		Presence is not requirement-specific acceptance; integrated evidence must be linked before PASS.
word/document.xml/table1/r8/c2/p1	Front matter	Research ON • AI ON • Etsy publish OFF • order automation OFF • GST automation OFF	TRACE_REVIEW_REQUIRED		Presence is not requirement-specific acceptance; integrated evidence must be linked before PASS.
word/document.xml/table1/r9/c1/p1	Front matter	Purpose	TRACE_REVIEW_REQUIRED		Presence is not requirement-specific acceptance; integrated evidence must be linked before PASS.
word/document.xml/table1/r9/c2/p1	Front matter	Single human-readable master reference replacing prior DigiForge architecture/handoff DOCX files.	TRACE_REVIEW_REQUIRED		Presence is not requirement-specific acceptance; integrated evidence must be linked before PASS.
word/document.xml/table2/r1/c1/p1	Front matter	AUTHORITATIVE USE — After this document is approved, use it as the primary architecture and operating reference. Runtime/repository evidence remains authoritative for implementation status when code has moved beyond this document. Do not revive superseded architecture documents to override this edition.	TRACE_REVIEW_REQUIRED		Presence is not requirement-specific acceptance; integrated evidence must be linked before PASS.
word/document.xml/table3/r1/c1/p1	Front matter	COMPANION DATA SOURCES — Do not delete the governed catalog/data workbooks merely because older DOCX architecture files are removed. The Personalized POD catalog is maintained as structured spreadsheet data; this document defines how DigiForge governs and uses it.	TRACE_REVIEW_REQUIRED		Presence is not requirement-specific acceptance; integrated evidence must be linked before PASS.
word/document.xml/p13	1. Authority, Scope and Source-of-Truth Rules	1. Authority, Scope and Source-of-Truth Rules	DOCUMENT_AUTHORITY_CURRENT_USER_OVERRIDES		Presence is not requirement-specific acceptance; integrated evidence must be linked before PASS.
word/document.xml/p14	1. Authority, Scope and Source-of-Truth Rules	This v6.0 document consolidates the prior DigiForge architecture and handoff documents, the Product Feature Master Tracker, the certified production history through v1.0.65, post-release engineering through PR #457, and the newly approved four-shop / shop-scoped AI / Master 500 v2 direction. It is intentionally written as a replacement reference so older DOCX files can be retired without losing essential architecture, safety or completion context.	DOCUMENT_AUTHORITY_CURRENT_USER_OVERRIDES		Presence is not requirement-specific acceptance; integrated evidence must be linked before PASS.
word/document.xml/table4/r1/c1/p1	1. Authority, Scope and Source-of-Truth Rules	Priority	DOCUMENT_AUTHORITY_CURRENT_USER_OVERRIDES		Presence is not requirement-specific acceptance; integrated evidence must be linked before PASS.
word/document.xml/table4/r1/c2/p1	1. Authority, Scope and Source-of-Truth Rules	Authority	DOCUMENT_AUTHORITY_CURRENT_USER_OVERRIDES		Presence is not requirement-specific acceptance; integrated evidence must be linked before PASS.
word/document.xml/table4/r2/c1/p1	1. Authority, Scope and Source-of-Truth Rules	1	DOCUMENT_AUTHORITY_CURRENT_USER_OVERRIDES		Presence is not requirement-specific acceptance; integrated evidence must be linked before PASS.
word/document.xml/table4/r2/c2/p1	1. Authority, Scope and Source-of-Truth Rules	Current explicit user instruction and explicit human approvals.	DOCUMENT_AUTHORITY_CURRENT_USER_OVERRIDES		Presence is not requirement-specific acceptance; integrated evidence must be linked before PASS.
word/document.xml/table4/r3/c1/p1	1. Authority, Scope and Source-of-Truth Rules	2	DOCUMENT_AUTHORITY_CURRENT_USER_OVERRIDES		Presence is not requirement-specific acceptance; integrated evidence must be linked before PASS.
word/document.xml/table4/r3/c2/p1	1. Authority, Scope and Source-of-Truth Rules	Current production/runtime and repository evidence for actual implementation state.	DOCUMENT_AUTHORITY_CURRENT_USER_OVERRIDES		Presence is not requirement-specific acceptance; integrated evidence must be linked before PASS.
word/document.xml/table4/r4/c1/p1	1. Authority, Scope and Source-of-Truth Rules	3	DOCUMENT_AUTHORITY_CURRENT_USER_OVERRIDES		Presence is not requirement-specific acceptance; integrated evidence must be linked before PASS.
word/document.xml/table4/r4/c2/p1	1. Authority, Scope and Source-of-Truth Rules	This DigiForge Ultimate Master Blueprint v6.0 for architecture, terminology, safety, operating model and roadmap.	DOCUMENT_AUTHORITY_CURRENT_USER_OVERRIDES		Presence is not requirement-specific acceptance; integrated evidence must be linked before PASS.
word/document.xml/table4/r5/c1/p1	1. Authority, Scope and Source-of-Truth Rules	4	DOCUMENT_AUTHORITY_CURRENT_USER_OVERRIDES		Presence is not requirement-specific acceptance; integrated evidence must be linked before PASS.
word/document.xml/table4/r5/c2/p1	1. Authority, Scope and Source-of-Truth Rules	Governed structured data sources listed in Section 3, including Personalized POD Master 500 catalogs.	DOCUMENT_AUTHORITY_CURRENT_USER_OVERRIDES		Presence is not requirement-specific acceptance; integrated evidence must be linked before PASS.
word/document.xml/table4/r6/c1/p1	1. Authority, Scope and Source-of-Truth Rules	5	DOCUMENT_AUTHORITY_CURRENT_USER_OVERRIDES		Presence is not requirement-specific acceptance; integrated evidence must be linked before PASS.
word/document.xml/table4/r6/c2/p1	1. Authority, Scope and Source-of-Truth Rules	External provider documentation for current API/provider behavior. Re-verify before consequential external execution.	DOCUMENT_AUTHORITY_CURRENT_USER_OVERRIDES		Presence is not requirement-specific acceptance; integrated evidence must be linked before PASS.
word/document.xml/p17	1. Authority, Scope and Source-of-Truth Rules	Older DigiForge DOCX architecture/handoff files are superseded by this document. They may be archived or deleted after the user verifies this document. They must not later be used to revert current safe behavior or stale checkpoints.	DOCUMENT_AUTHORITY_CURRENT_USER_OVERRIDES		Presence is not requirement-specific acceptance; integrated evidence must be linked before PASS.
word/document.xml/p18	1. Authority, Scope and Source-of-Truth Rules	Repository/runtime evidence remains authoritative for whether a feature is actually implemented, deployed, configured or certified. Architecture intent is not evidence of implementation. Planned capability must never be described as live merely because it appears in this blueprint.	DOCUMENT_AUTHORITY_CURRENT_USER_OVERRIDES		Presence is not requirement-specific acceptance; integrated evidence must be linked before PASS.
word/document.xml/p19	1. Authority, Scope and Source-of-Truth Rules	1.1 Status vocabulary used throughout this document	DOCUMENT_AUTHORITY_CURRENT_USER_OVERRIDES		Presence is not requirement-specific acceptance; integrated evidence must be linked before PASS.
word/document.xml/table5/r1/c1/p1	1. Authority, Scope and Source-of-Truth Rules	Status	DOCUMENT_AUTHORITY_CURRENT_USER_OVERRIDES		Presence is not requirement-specific acceptance; integrated evidence must be linked before PASS.
word/document.xml/table5/r1/c2/p1	1. Authority, Scope and Source-of-Truth Rules	Meaning	DOCUMENT_AUTHORITY_CURRENT_USER_OVERRIDES		Presence is not requirement-specific acceptance; integrated evidence must be linked before PASS.
word/document.xml/table5/r2/c1/p1	1. Authority, Scope and Source-of-Truth Rules	CERTIFIED PRODUCTION	DOCUMENT_AUTHORITY_CURRENT_USER_OVERRIDES		Presence is not requirement-specific acceptance; integrated evidence must be linked before PASS.
word/document.xml/table5/r2/c2/p1	1. Authority, Scope and Source-of-Truth Rules	Installed in production and verified at a certified release checkpoint.	DOCUMENT_AUTHORITY_CURRENT_USER_OVERRIDES		Presence is not requirement-specific acceptance; integrated evidence must be linked before PASS.
word/document.xml/table5/r3/c1/p1	1. Authority, Scope and Source-of-Truth Rules	IMPLEMENTED / AUDITED / UNRELEASED	DOCUMENT_AUTHORITY_CURRENT_USER_OVERRIDES		Presence is not requirement-specific acceptance; integrated evidence must be linked before PASS.
word/document.xml/table5/r3/c2/p1	1. Authority, Scope and Source-of-Truth Rules	Present on current main and covered by successful exact-head audit, but not yet installed in production.	DOCUMENT_AUTHORITY_CURRENT_USER_OVERRIDES		Presence is not requirement-specific acceptance; integrated evidence must be linked before PASS.
word/document.xml/table5/r4/c1/p1	1. Authority, Scope and Source-of-Truth Rules	PARTIAL	DOCUMENT_AUTHORITY_CURRENT_USER_OVERRIDES		Presence is not requirement-specific acceptance; integrated evidence must be linked before PASS.
word/document.xml/table5/r4/c2/p1	1. Authority, Scope and Source-of-Truth Rules	Foundation exists; end-to-end workflow, operator surface, evidence or certification is incomplete.	DOCUMENT_AUTHORITY_CURRENT_USER_OVERRIDES		Presence is not requirement-specific acceptance; integrated evidence must be linked before PASS.
word/document.xml/table5/r5/c1/p1	1. Authority, Scope and Source-of-Truth Rules	PLANNED	DOCUMENT_AUTHORITY_CURRENT_USER_OVERRIDES		Presence is not requirement-specific acceptance; integrated evidence must be linked before PASS.
word/document.xml/table5/r5/c2/p1	1. Authority, Scope and Source-of-Truth Rules	Approved architecture/requirement not yet implemented.	DOCUMENT_AUTHORITY_CURRENT_USER_OVERRIDES		Presence is not requirement-specific acceptance; integrated evidence must be linked before PASS.
word/document.xml/table5/r6/c1/p1	1. Authority, Scope and Source-of-Truth Rules	FUTURE	DOCUMENT_AUTHORITY_CURRENT_USER_OVERRIDES		Presence is not requirement-specific acceptance; integrated evidence must be linked before PASS.
word/document.xml/table5/r6/c2/p1	1. Authority, Scope and Source-of-Truth Rules	Intentionally deferred until a defined trigger.	DOCUMENT_AUTHORITY_CURRENT_USER_OVERRIDES		Presence is not requirement-specific acceptance; integrated evidence must be linked before PASS.
word/document.xml/table5/r7/c1/p1	1. Authority, Scope and Source-of-Truth Rules	BLOCKED / CONFIGURATION REQUIRED	DOCUMENT_AUTHORITY_CURRENT_USER_OVERRIDES		Presence is not requirement-specific acceptance; integrated evidence must be linked before PASS.
word/document.xml/table5/r7/c2/p1	1. Authority, Scope and Source-of-Truth Rules	Implementation may exist, but required configuration/evidence is missing.	DOCUMENT_AUTHORITY_CURRENT_USER_OVERRIDES		Presence is not requirement-specific acceptance; integrated evidence must be linked before PASS.
word/document.xml/table5/r8/c1/p1	1. Authority, Scope and Source-of-Truth Rules	KNOWN DEFECT	DOCUMENT_AUTHORITY_CURRENT_USER_OVERRIDES		Presence is not requirement-specific acceptance; integrated evidence must be linked before PASS.
word/document.xml/table5/r8/c2/p1	1. Authority, Scope and Source-of-Truth Rules	Current implementation contains a discovered defect that must be fixed before release.	DOCUMENT_AUTHORITY_CURRENT_USER_OVERRIDES		Presence is not requirement-specific acceptance; integrated evidence must be linked before PASS.
word/document.xml/p22	2. Current Certified and Engineering Checkpoint	2. Current Certified and Engineering Checkpoint	HISTORICAL_CONTEXT_NOT_CURRENT_ACCEPTANCE		Presence is not requirement-specific acceptance; integrated evidence must be linked before PASS.
word/document.xml/p23	2. Current Certified and Engineering Checkpoint	2.1 Production — certified installed baseline	HISTORICAL_CONTEXT_NOT_CURRENT_ACCEPTANCE		Presence is not requirement-specific acceptance; integrated evidence must be linked before PASS.
word/document.xml/table6/r1/c1/p1	2. Current Certified and Engineering Checkpoint	Item	HISTORICAL_CONTEXT_NOT_CURRENT_ACCEPTANCE		Presence is not requirement-specific acceptance; integrated evidence must be linked before PASS.
word/document.xml/table6/r1/c2/p1	2. Current Certified and Engineering Checkpoint	Current production state	HISTORICAL_CONTEXT_NOT_CURRENT_ACCEPTANCE		Presence is not requirement-specific acceptance; integrated evidence must be linked before PASS.
word/document.xml/table6/r2/c1/p1	2. Current Certified and Engineering Checkpoint	DigiForge version	HISTORICAL_CONTEXT_NOT_CURRENT_ACCEPTANCE		Presence is not requirement-specific acceptance; integrated evidence must be linked before PASS.
word/document.xml/table6/r2/c2/p1	2. Current Certified and Engineering Checkpoint	v1.0.65	HISTORICAL_CONTEXT_NOT_CURRENT_ACCEPTANCE		Presence is not requirement-specific acceptance; integrated evidence must be linked before PASS.
word/document.xml/table6/r3/c1/p1	2. Current Certified and Engineering Checkpoint	Database schema	HISTORICAL_CONTEXT_NOT_CURRENT_ACCEPTANCE		Presence is not requirement-specific acceptance; integrated evidence must be linked before PASS.
word/document.xml/table6/r3/c2/p1	2. Current Certified and Engineering Checkpoint	15 / 15	HISTORICAL_CONTEXT_NOT_CURRENT_ACCEPTANCE		Presence is not requirement-specific acceptance; integrated evidence must be linked before PASS.
word/document.xml/table6/r4/c1/p1	2. Current Certified and Engineering Checkpoint	Certified main commit	HISTORICAL_CONTEXT_NOT_CURRENT_ACCEPTANCE		Presence is not requirement-specific acceptance; integrated evidence must be linked before PASS.
word/document.xml/table6/r4/c2/p1	2. Current Certified and Engineering Checkpoint	30f6321f7ea6bf88c09069c2b53269e8fcc7594c	HISTORICAL_CONTEXT_NOT_CURRENT_ACCEPTANCE		Presence is not requirement-specific acceptance; integrated evidence must be linked before PASS.
word/document.xml/table6/r5/c1/p1	2. Current Certified and Engineering Checkpoint	Health	HISTORICAL_CONTEXT_NOT_CURRENT_ACCEPTANCE		Presence is not requirement-specific acceptance; integrated evidence must be linked before PASS.
word/document.xml/table6/r5/c2/p1	2. Current Certified and Engineering Checkpoint	OK	HISTORICAL_CONTEXT_NOT_CURRENT_ACCEPTANCE		Presence is not requirement-specific acceptance; integrated evidence must be linked before PASS.
word/document.xml/table6/r6/c1/p1	2. Current Certified and Engineering Checkpoint	Research	HISTORICAL_CONTEXT_NOT_CURRENT_ACCEPTANCE		Presence is not requirement-specific acceptance; integrated evidence must be linked before PASS.
word/document.xml/table6/r6/c2/p1	2. Current Certified and Engineering Checkpoint	ON	HISTORICAL_CONTEXT_NOT_CURRENT_ACCEPTANCE		Presence is not requirement-specific acceptance; integrated evidence must be linked before PASS.
word/document.xml/table6/r7/c1/p1	2. Current Certified and Engineering Checkpoint	AI	HISTORICAL_CONTEXT_NOT_CURRENT_ACCEPTANCE		Presence is not requirement-specific acceptance; integrated evidence must be linked before PASS.
word/document.xml/table6/r7/c2/p1	2. Current Certified and Engineering Checkpoint	ON	HISTORICAL_CONTEXT_NOT_CURRENT_ACCEPTANCE		Presence is not requirement-specific acceptance; integrated evidence must be linked before PASS.
word/document.xml/table6/r8/c1/p1	2. Current Certified and Engineering Checkpoint	Product development	HISTORICAL_CONTEXT_NOT_CURRENT_ACCEPTANCE		Presence is not requirement-specific acceptance; integrated evidence must be linked before PASS.
word/document.xml/table6/r8/c2/p1	2. Current Certified and Engineering Checkpoint	ON	HISTORICAL_CONTEXT_NOT_CURRENT_ACCEPTANCE		Presence is not requirement-specific acceptance; integrated evidence must be linked before PASS.
word/document.xml/table6/r9/c1/p1	2. Current Certified and Engineering Checkpoint	Printify control	HISTORICAL_CONTEXT_NOT_CURRENT_ACCEPTANCE		Presence is not requirement-specific acceptance; integrated evidence must be linked before PASS.
word/document.xml/table6/r9/c2/p1	2. Current Certified and Engineering Checkpoint	ON at platform control level; no automatic production authority	HISTORICAL_CONTEXT_NOT_CURRENT_ACCEPTANCE		Presence is not requirement-specific acceptance; integrated evidence must be linked before PASS.
word/document.xml/table6/r10/c1/p1	2. Current Certified and Engineering Checkpoint	Gelato	HISTORICAL_CONTEXT_NOT_CURRENT_ACCEPTANCE		Presence is not requirement-specific acceptance; integrated evidence must be linked before PASS.
word/document.xml/table6/r10/c2/p1	2. Current Certified and Engineering Checkpoint	OFF	HISTORICAL_CONTEXT_NOT_CURRENT_ACCEPTANCE		Presence is not requirement-specific acceptance; integrated evidence must be linked before PASS.
word/document.xml/table6/r11/c1/p1	2. Current Certified and Engineering Checkpoint	Etsy draft	HISTORICAL_CONTEXT_NOT_CURRENT_ACCEPTANCE		Presence is not requirement-specific acceptance; integrated evidence must be linked before PASS.
word/document.xml/table6/r11/c2/p1	2. Current Certified and Engineering Checkpoint	ON	HISTORICAL_CONTEXT_NOT_CURRENT_ACCEPTANCE		Presence is not requirement-specific acceptance; integrated evidence must be linked before PASS.
word/document.xml/table6/r12/c1/p1	2. Current Certified and Engineering Checkpoint	Etsy publish	HISTORICAL_CONTEXT_NOT_CURRENT_ACCEPTANCE		Presence is not requirement-specific acceptance; integrated evidence must be linked before PASS.
word/document.xml/table6/r12/c2/p1	2. Current Certified and Engineering Checkpoint	OFF	HISTORICAL_CONTEXT_NOT_CURRENT_ACCEPTANCE		Presence is not requirement-specific acceptance; integrated evidence must be linked before PASS.
word/document.xml/table6/r13/c1/p1	2. Current Certified and Engineering Checkpoint	Order automation	HISTORICAL_CONTEXT_NOT_CURRENT_ACCEPTANCE		Presence is not requirement-specific acceptance; integrated evidence must be linked before PASS.
word/document.xml/table6/r13/c2/p1	2. Current Certified and Engineering Checkpoint	OFF	HISTORICAL_CONTEXT_NOT_CURRENT_ACCEPTANCE		Presence is not requirement-specific acceptance; integrated evidence must be linked before PASS.
word/document.xml/table6/r14/c1/p1	2. Current Certified and Engineering Checkpoint	GST automation	HISTORICAL_CONTEXT_NOT_CURRENT_ACCEPTANCE		Presence is not requirement-specific acceptance; integrated evidence must be linked before PASS.
word/document.xml/table6/r14/c2/p1	2. Current Certified and Engineering Checkpoint	OFF	HISTORICAL_CONTEXT_NOT_CURRENT_ACCEPTANCE		Presence is not requirement-specific acceptance; integrated evidence must be linked before PASS.
word/document.xml/table6/r15/c1/p1	2. Current Certified and Engineering Checkpoint	STOP ALL	HISTORICAL_CONTEXT_NOT_CURRENT_ACCEPTANCE		Presence is not requirement-specific acceptance; integrated evidence must be linked before PASS.
word/document.xml/table6/r15/c2/p1	2. Current Certified and Engineering Checkpoint	OFF at current verified production checkpoint	HISTORICAL_CONTEXT_NOT_CURRENT_ACCEPTANCE		Presence is not requirement-specific acceptance; integrated evidence must be linked before PASS.
word/document.xml/table6/r16/c1/p1	2. Current Certified and Engineering Checkpoint	Externally locked	HISTORICAL_CONTEXT_NOT_CURRENT_ACCEPTANCE		Presence is not requirement-specific acceptance; integrated evidence must be linked before PASS.
word/document.xml/table6/r16/c2/p1	2. Current Certified and Engineering Checkpoint	false at current verified production checkpoint	HISTORICAL_CONTEXT_NOT_CURRENT_ACCEPTANCE		Presence is not requirement-specific acceptance; integrated evidence must be linked before PASS.
word/document.xml/table6/r17/c1/p1	2. Current Certified and Engineering Checkpoint	Webhook readiness	HISTORICAL_CONTEXT_NOT_CURRENT_ACCEPTANCE		Presence is not requirement-specific acceptance; integrated evidence must be linked before PASS.
word/document.xml/table6/r17/c2/p1	2. Current Certified and Engineering Checkpoint	CONFIGURATION_REQUIRED — signing secret not configured	HISTORICAL_CONTEXT_NOT_CURRENT_ACCEPTANCE		Presence is not requirement-specific acceptance; integrated evidence must be linked before PASS.
word/document.xml/table6/r18/c1/p1	2. Current Certified and Engineering Checkpoint	Production publish authority	HISTORICAL_CONTEXT_NOT_CURRENT_ACCEPTANCE		Presence is not requirement-specific acceptance; integrated evidence must be linked before PASS.
word/document.xml/table6/r18/c2/p1	2. Current Certified and Engineering Checkpoint	Not granted	HISTORICAL_CONTEXT_NOT_CURRENT_ACCEPTANCE		Presence is not requirement-specific acceptance; integrated evidence must be linked before PASS.
word/document.xml/table6/r19/c1/p1	2. Current Certified and Engineering Checkpoint	POD production authority	HISTORICAL_CONTEXT_NOT_CURRENT_ACCEPTANCE		Presence is not requirement-specific acceptance; integrated evidence must be linked before PASS.
word/document.xml/table6/r19/c2/p1	2. Current Certified and Engineering Checkpoint	Not granted automatically; explicit human production gate required	HISTORICAL_CONTEXT_NOT_CURRENT_ACCEPTANCE		Presence is not requirement-specific acceptance; integrated evidence must be linked before PASS.
word/document.xml/p26	2. Current Certified and Engineering Checkpoint	2.2 Current engineering main — post-v1.0.65	HISTORICAL_CONTEXT_NOT_CURRENT_ACCEPTANCE		Presence is not requirement-specific acceptance; integrated evidence must be linked before PASS.
word/document.xml/p27	2. Current Certified and Engineering Checkpoint	Current default branch main is f2927f2c2c9e0ef8dcdf6d2b3444386d198b385e. Engineering through PR #457 has been audited successfully, but these changes are not yet installed in production.	HISTORICAL_CONTEXT_NOT_CURRENT_ACCEPTANCE		Presence is not requirement-specific acceptance; integrated evidence must be linked before PASS.
word/document.xml/table7/r1/c1/p1	2. Current Certified and Engineering Checkpoint	PR / batch	HISTORICAL_CONTEXT_NOT_CURRENT_ACCEPTANCE		Presence is not requirement-specific acceptance; integrated evidence must be linked before PASS.
word/document.xml/table7/r1/c2/p1	2. Current Certified and Engineering Checkpoint	Engineering result	HISTORICAL_CONTEXT_NOT_CURRENT_ACCEPTANCE		Presence is not requirement-specific acceptance; integrated evidence must be linked before PASS.
word/document.xml/table7/r2/c1/p1	2. Current Certified and Engineering Checkpoint	#450	HISTORICAL_CONTEXT_NOT_CURRENT_ACCEPTANCE		Presence is not requirement-specific acceptance; integrated evidence must be linked before PASS.
word/document.xml/table7/r2/c2/p1	2. Current Certified and Engineering Checkpoint	Digital-file verification primitives; webhook readiness expansion; protected Etsy operations snapshot.	HISTORICAL_CONTEXT_NOT_CURRENT_ACCEPTANCE		Presence is not requirement-specific acceptance; integrated evidence must be linked before PASS.
word/document.xml/table7/r3/c1/p1	2. Current Certified and Engineering Checkpoint	#451	HISTORICAL_CONTEXT_NOT_CURRENT_ACCEPTANCE		Presence is not requirement-specific acceptance; integrated evidence must be linked before PASS.
word/document.xml/table7/r3/c2/p1	2. Current Certified and Engineering Checkpoint	Etsy external listing → approved internal listing/product resolver; paid webhook line mapping; review-required fail-closed behavior.	HISTORICAL_CONTEXT_NOT_CURRENT_ACCEPTANCE		Presence is not requirement-specific acceptance; integrated evidence must be linked before PASS.
word/document.xml/table7/r4/c1/p1	2. Current Certified and Engineering Checkpoint	#452	HISTORICAL_CONTEXT_NOT_CURRENT_ACCEPTANCE		Presence is not requirement-specific acceptance; integrated evidence must be linked before PASS.
word/document.xml/table7/r4/c2/p1	2. Current Certified and Engineering Checkpoint	Operations webhook-configuration attention signal.	HISTORICAL_CONTEXT_NOT_CURRENT_ACCEPTANCE		Presence is not requirement-specific acceptance; integrated evidence must be linked before PASS.
word/document.xml/table7/r5/c1/p1	2. Current Certified and Engineering Checkpoint	#453	HISTORICAL_CONTEXT_NOT_CURRENT_ACCEPTANCE		Presence is not requirement-specific acceptance; integrated evidence must be linked before PASS.
word/document.xml/table7/r5/c2/p1	2. Current Certified and Engineering Checkpoint	Order-event/fulfillment diagnostics and privacy-minimized shipment/delivery evidence.	HISTORICAL_CONTEXT_NOT_CURRENT_ACCEPTANCE		Presence is not requirement-specific acceptance; integrated evidence must be linked before PASS.
word/document.xml/table7/r6/c1/p1	2. Current Certified and Engineering Checkpoint	#455	HISTORICAL_CONTEXT_NOT_CURRENT_ACCEPTANCE		Presence is not requirement-specific acceptance; integrated evidence must be linked before PASS.
word/document.xml/table7/r6/c2/p1	2. Current Certified and Engineering Checkpoint	Correct digital-vs-POD provider-mapping readiness distinction.	HISTORICAL_CONTEXT_NOT_CURRENT_ACCEPTANCE		Presence is not requirement-specific acceptance; integrated evidence must be linked before PASS.
word/document.xml/table7/r7/c1/p1	2. Current Certified and Engineering Checkpoint	#456	HISTORICAL_CONTEXT_NOT_CURRENT_ACCEPTANCE		Presence is not requirement-specific acceptance; integrated evidence must be linked before PASS.
word/document.xml/table7/r7/c2/p1	2. Current Certified and Engineering Checkpoint	Unique human-approved POD mapping resolver; webhook no longer trusts external provider_mapping_id; additional readiness diagnostics.	HISTORICAL_CONTEXT_NOT_CURRENT_ACCEPTANCE		Presence is not requirement-specific acceptance; integrated evidence must be linked before PASS.
word/document.xml/table7/r8/c1/p1	2. Current Certified and Engineering Checkpoint	#457	HISTORICAL_CONTEXT_NOT_CURRENT_ACCEPTANCE		Presence is not requirement-specific acceptance; integrated evidence must be linked before PASS.
word/document.xml/table7/r8/c2/p1	2. Current Certified and Engineering Checkpoint	Explicit digital / pod / hybrid fulfillment_mode projection.	HISTORICAL_CONTEXT_NOT_CURRENT_ACCEPTANCE		Presence is not requirement-specific acceptance; integrated evidence must be linked before PASS.
word/document.xml/table8/r1/c1/p1	2. Current Certified and Engineering Checkpoint	KNOWN P0 DEFECT ON CURRENT MAIN — Order readiness currently includes external_fulfillment_authorized=false inside the readiness checks array. Because readiness is computed as all checks true, this makes ready=false for every order. Before the next release, remove this evidence flag from readiness checks, expose it separately at top level, and add a behavioral regression test. Current main is audited but must NOT be described as semantically release-ready until this is fixed.	HISTORICAL_CONTEXT_NOT_CURRENT_ACCEPTANCE		Presence is not requirement-specific acceptance; integrated evidence must be linked before PASS.
word/document.xml/p32	2. Current Certified and Engineering Checkpoint	2.3 Product #25 immutable reference state	HISTORICAL_CONTEXT_NOT_CURRENT_ACCEPTANCE		Presence is not requirement-specific acceptance; integrated evidence must be linked before PASS.
word/document.xml/p33	2. Current Certified and Engineering Checkpoint	Product #25 — Destination Wedding Guest Welcome Guide Kit — is the controlled reference digital product. Preserve its approved lineage; do not recreate or rerun its approved factory/listing artifacts unless a governed migration explicitly requires it.	HISTORICAL_CONTEXT_NOT_CURRENT_ACCEPTANCE		Presence is not requirement-specific acceptance; integrated evidence must be linked before PASS.
word/document.xml/table9/r1/c1/p1	2. Current Certified and Engineering Checkpoint	Artifact	HISTORICAL_CONTEXT_NOT_CURRENT_ACCEPTANCE		Presence is not requirement-specific acceptance; integrated evidence must be linked before PASS.
word/document.xml/table9/r1/c2/p1	2. Current Certified and Engineering Checkpoint	State / identity	HISTORICAL_CONTEXT_NOT_CURRENT_ACCEPTANCE		Presence is not requirement-specific acceptance; integrated evidence must be linked before PASS.
word/document.xml/table9/r2/c1/p1	2. Current Certified and Engineering Checkpoint	Product #25	HISTORICAL_CONTEXT_NOT_CURRENT_ACCEPTANCE		Presence is not requirement-specific acceptance; integrated evidence must be linked before PASS.
word/document.xml/table9/r2/c2/p1	2. Current Certified and Engineering Checkpoint	READY	HISTORICAL_CONTEXT_NOT_CURRENT_ACCEPTANCE		Presence is not requirement-specific acceptance; integrated evidence must be linked before PASS.
word/document.xml/table9/r3/c1/p1	2. Current Certified and Engineering Checkpoint	Listing #1	HISTORICAL_CONTEXT_NOT_CURRENT_ACCEPTANCE		Presence is not requirement-specific acceptance; integrated evidence must be linked before PASS.
word/document.xml/table9/r3/c2/p1	2. Current Certified and Engineering Checkpoint	APPROVED	HISTORICAL_CONTEXT_NOT_CURRENT_ACCEPTANCE		Presence is not requirement-specific acceptance; integrated evidence must be linked before PASS.
word/document.xml/table9/r4/c1/p1	2. Current Certified and Engineering Checkpoint	Draft Package #1	HISTORICAL_CONTEXT_NOT_CURRENT_ACCEPTANCE		Presence is not requirement-specific acceptance; integrated evidence must be linked before PASS.
word/document.xml/table9/r4/c2/p1	2. Current Certified and Engineering Checkpoint	Approved	HISTORICAL_CONTEXT_NOT_CURRENT_ACCEPTANCE		Presence is not requirement-specific acceptance; integrated evidence must be linked before PASS.
word/document.xml/table9/r5/c1/p1	2. Current Certified and Engineering Checkpoint	Release Bundle #1	HISTORICAL_CONTEXT_NOT_CURRENT_ACCEPTANCE		Presence is not requirement-specific acceptance; integrated evidence must be linked before PASS.
word/document.xml/table9/r5/c2/p1	2. Current Certified and Engineering Checkpoint	RELEASE_READY; 23 assets	HISTORICAL_CONTEXT_NOT_CURRENT_ACCEPTANCE		Presence is not requirement-specific acceptance; integrated evidence must be linked before PASS.
word/document.xml/table9/r6/c1/p1	2. Current Certified and Engineering Checkpoint	Etsy Intent #1	HISTORICAL_CONTEXT_NOT_CURRENT_ACCEPTANCE		Presence is not requirement-specific acceptance; integrated evidence must be linked before PASS.
word/document.xml/table9/r6/c2/p1	2. Current Certified and Engineering Checkpoint	APPROVED_INTENT	HISTORICAL_CONTEXT_NOT_CURRENT_ACCEPTANCE		Presence is not requirement-specific acceptance; integrated evidence must be linked before PASS.
word/document.xml/table9/r7/c1/p1	2. Current Certified and Engineering Checkpoint	Etsy draft listing	HISTORICAL_CONTEXT_NOT_CURRENT_ACCEPTANCE		Presence is not requirement-specific acceptance; integrated evidence must be linked before PASS.
word/document.xml/table9/r7/c2/p1	2. Current Certified and Engineering Checkpoint	4583596434	HISTORICAL_CONTEXT_NOT_CURRENT_ACCEPTANCE		Presence is not requirement-specific acceptance; integrated evidence must be linked before PASS.
word/document.xml/table9/r8/c1/p1	2. Current Certified and Engineering Checkpoint	Approved customer delivery ZIP	HISTORICAL_CONTEXT_NOT_CURRENT_ACCEPTANCE		Presence is not requirement-specific acceptance; integrated evidence must be linked before PASS.
word/document.xml/table9/r8/c2/p1	2. Current Certified and Engineering Checkpoint	destination_wedding_guest_welcome_guide_kit.zip	HISTORICAL_CONTEXT_NOT_CURRENT_ACCEPTANCE		Presence is not requirement-specific acceptance; integrated evidence must be linked before PASS.
word/document.xml/table9/r9/c1/p1	2. Current Certified and Engineering Checkpoint	Approved ZIP SHA256	HISTORICAL_CONTEXT_NOT_CURRENT_ACCEPTANCE		Presence is not requirement-specific acceptance; integrated evidence must be linked before PASS.
word/document.xml/table9/r9/c2/p1	2. Current Certified and Engineering Checkpoint	113127f6ba97b8cc32638202c17cf7103d8a20c317ae0de1140380ed35a91485	HISTORICAL_CONTEXT_NOT_CURRENT_ACCEPTANCE		Presence is not requirement-specific acceptance; integrated evidence must be linked before PASS.
word/document.xml/table9/r10/c1/p1	2. Current Certified and Engineering Checkpoint	Successful Etsy listing_file_id	HISTORICAL_CONTEXT_NOT_CURRENT_ACCEPTANCE		Presence is not requirement-specific acceptance; integrated evidence must be linked before PASS.
word/document.xml/table9/r10/c2/p1	2. Current Certified and Engineering Checkpoint	1519420476271	HISTORICAL_CONTEXT_NOT_CURRENT_ACCEPTANCE		Presence is not requirement-specific acceptance; integrated evidence must be linked before PASS.
word/document.xml/table9/r11/c1/p1	2. Current Certified and Engineering Checkpoint	Publish state	HISTORICAL_CONTEXT_NOT_CURRENT_ACCEPTANCE		Presence is not requirement-specific acceptance; integrated evidence must be linked before PASS.
word/document.xml/table9/r11/c2/p1	2. Current Certified and Engineering Checkpoint	NOT PUBLISHED by DigiForge; publish permission remains false	HISTORICAL_CONTEXT_NOT_CURRENT_ACCEPTANCE		Presence is not requirement-specific acceptance; integrated evidence must be linked before PASS.
word/document.xml/p36	2. Current Certified and Engineering Checkpoint	Historical failed/NOT_SENT Etsy operations #1, #3, #4 and #5 are immutable audit evidence and must not be deleted or reused. Operation #2 is confirmed draft creation. Operation #6 is confirmed successful digital-file upload. Never reuse historical idempotency keys.	HISTORICAL_CONTEXT_NOT_CURRENT_ACCEPTANCE		Presence is not requirement-specific acceptance; integrated evidence must be linked before PASS.
word/document.xml/p37	3. Governed Companion Data Sources	3. Governed Companion Data Sources	DOCUMENT_AUTHORITY_CURRENT_USER_OVERRIDES		Presence is not requirement-specific acceptance; integrated evidence must be linked before PASS.
word/document.xml/p38	3. Governed Companion Data Sources	This blueprint is the master prose/architecture reference. Large structured catalogs remain governed data assets because they are safer and more maintainable in spreadsheets than embedded as hundreds of prose rows.	DOCUMENT_AUTHORITY_CURRENT_USER_OVERRIDES		Presence is not requirement-specific acceptance; integrated evidence must be linked before PASS.
word/document.xml/table10/r1/c1/p1	3. Governed Companion Data Sources	Data source	DOCUMENT_AUTHORITY_CURRENT_USER_OVERRIDES		Presence is not requirement-specific acceptance; integrated evidence must be linked before PASS.
word/document.xml/table10/r1/c2/p1	3. Governed Companion Data Sources	Role	DOCUMENT_AUTHORITY_CURRENT_USER_OVERRIDES		Presence is not requirement-specific acceptance; integrated evidence must be linked before PASS.
word/document.xml/table10/r1/c3/p1	3. Governed Companion Data Sources	Governance	DOCUMENT_AUTHORITY_CURRENT_USER_OVERRIDES		Presence is not requirement-specific acceptance; integrated evidence must be linked before PASS.
word/document.xml/table10/r2/c1/p1	3. Governed Companion Data Sources	DigiForge_DigiCraftifyGoods_Product_Template_Master_500.xlsx	DOCUMENT_AUTHORITY_CURRENT_USER_OVERRIDES		Presence is not requirement-specific acceptance; integrated evidence must be linked before PASS.
word/document.xml/table10/r2/c2/p1	3. Governed Companion Data Sources	Original Personalized POD Master 500 v1 catalog: 500 listing concepts, physical-product candidates, personalization engines, provider/template rules.	DOCUMENT_AUTHORITY_CURRENT_USER_OVERRIDES		Presence is not requirement-specific acceptance; integrated evidence must be linked before PASS.
word/document.xml/table10/r2/c3/p1	3. Governed Companion Data Sources	Preserve unchanged as historical/source baseline. Do not silently overwrite.	DOCUMENT_AUTHORITY_CURRENT_USER_OVERRIDES		Presence is not requirement-specific acceptance; integrated evidence must be linked before PASS.
word/document.xml/table10/r3/c1/p1	3. Governed Companion Data Sources	DigiForge_DigiCraftifyGoods_Master_500_v2_Research_Migration_Plan.xlsx	DOCUMENT_AUTHORITY_CURRENT_USER_OVERRIDES		Presence is not requirement-specific acceptance; integrated evidence must be linked before PASS.
word/document.xml/table10/r3/c2/p1	3. Governed Companion Data Sources	Research-backed v2 migration proposal: 500-row v2 catalog, migration matrix, family rebalance, AI launch model.	DOCUMENT_AUTHORITY_CURRENT_USER_OVERRIDES		Presence is not requirement-specific acceptance; integrated evidence must be linked before PASS.
word/document.xml/table10/r3/c3/p1	3. Governed Companion Data Sources	Planning source until explicitly approved/promoted into DigiForge governed catalog.	DOCUMENT_AUTHORITY_CURRENT_USER_OVERRIDES		Presence is not requirement-specific acceptance; integrated evidence must be linked before PASS.
word/document.xml/table10/r4/c1/p1	3. Governed Companion Data Sources	DigiForge_Product_Feature_Master_Tracker_v1.0.xlsx	DOCUMENT_AUTHORITY_CURRENT_USER_OVERRIDES		Presence is not requirement-specific acceptance; integrated evidence must be linked before PASS.
word/document.xml/table10/r4/c2/p1	3. Governed Companion Data Sources	Historical feature/status tracker used to consolidate architecture.	DOCUMENT_AUTHORITY_CURRENT_USER_OVERRIDES		Presence is not requirement-specific acceptance; integrated evidence must be linked before PASS.
word/document.xml/table10/r4/c3/p1	3. Governed Companion Data Sources	Superseded for operational status by this blueprint + runtime/repo evidence; may be archived after verification.	DOCUMENT_AUTHORITY_CURRENT_USER_OVERRIDES		Presence is not requirement-specific acceptance; integrated evidence must be linked before PASS.
word/document.xml/p41	4. Product Vision and Operating Model	4. Product Vision and Operating Model	TRACE_REVIEW_REQUIRED	includes/Core/Settings.php	Presence is not requirement-specific acceptance; integrated evidence must be linked before PASS.
word/document.xml/p42	4. Product Vision and Operating Model	DigiForge is the internal operating system for product discovery, product development, Etsy commerce, personalized POD production preparation, order operations, profitability, AI governance and audit. It remains WordPress/PHP/MySQL-native on Hostinger, with Action Scheduler as the asynchronous boundary and a dedicated DigiForge live-site operator portal as the normal administrative interface.	TRACE_REVIEW_REQUIRED	includes/Core/Settings.php	Presence is not requirement-specific acceptance; integrated evidence must be linked before PASS.
word/document.xml/p43	4. Product Vision and Operating Model	The platform must support multiple businesses, brands, shops and provider identities without cross-shop leakage. One DigiForge installation controls multiple shop profiles. Each product, listing, order, provider mapping, AI cost, approval and external operation must remain traceable to the correct business/shop/environment.	TRACE_REVIEW_REQUIRED	includes/Core/Settings.php	Presence is not requirement-specific acceptance; integrated evidence must be linked before PASS.
word/document.xml/p44	5. Four-Shop Target Business Architecture	5. Four-Shop Target Business Architecture	TRACE_REVIEW_REQUIRED		Presence is not requirement-specific acceptance; integrated evidence must be linked before PASS.
word/document.xml/table11/r1/c1/p1	5. Four-Shop Target Business Architecture	Shop	TRACE_REVIEW_REQUIRED		Presence is not requirement-specific acceptance; integrated evidence must be linked before PASS.
word/document.xml/table11/r1/c2/p1	5. Four-Shop Target Business Architecture	Business purpose	TRACE_REVIEW_REQUIRED		Presence is not requirement-specific acceptance; integrated evidence must be linked before PASS.
word/document.xml/table11/r1/c3/p1	5. Four-Shop Target Business Architecture	Provider model	TRACE_REVIEW_REQUIRED		Presence is not requirement-specific acceptance; integrated evidence must be linked before PASS.
word/document.xml/table11/r1/c4/p1	5. Four-Shop Target Business Architecture	AI / research behavior	TRACE_REVIEW_REQUIRED		Presence is not requirement-specific acceptance; integrated evidence must be linked before PASS.
word/document.xml/table11/r1/c5/p1	5. Four-Shop Target Business Architecture	Phase	TRACE_REVIEW_REQUIRED		Presence is not requirement-specific acceptance; integrated evidence must be linked before PASS.
word/document.xml/table11/r2/c1/p1	5. Four-Shop Target Business Architecture	Shop 1 — Digital Products	TRACE_REVIEW_REQUIRED		Presence is not requirement-specific acceptance; integrated evidence must be linked before PASS.
word/document.xml/table11/r2/c2/p1	5. Four-Shop Target Business Architecture	Downloadable digital products, templates, guides and related digital assets.	TRACE_REVIEW_REQUIRED		Presence is not requirement-specific acceptance; integrated evidence must be linked before PASS.
word/document.xml/table11/r2/c3/p1	5. Four-Shop Target Business Architecture	No POD provider for fulfillment; Etsy digital delivery.	TRACE_REVIEW_REQUIRED		Presence is not requirement-specific acceptance; integrated evidence must be linked before PASS.
word/document.xml/table11/r2/c4/p1	5. Four-Shop Target Business Architecture	Continuous/high research and product-development AI, quantity/budget controlled.	TRACE_REVIEW_REQUIRED		Presence is not requirement-specific acceptance; integrated evidence must be linked before PASS.
word/document.xml/table11/r2/c5/p1	5. Four-Shop Target Business Architecture	ACTIVE / Phase 1	TRACE_REVIEW_REQUIRED		Presence is not requirement-specific acceptance; integrated evidence must be linked before PASS.
word/document.xml/table11/r3/c1/p1	5. Four-Shop Target Business Architecture	Shop 2 — Personalized POD	TRACE_REVIEW_REQUIRED		Presence is not requirement-specific acceptance; integrated evidence must be linked before PASS.
word/document.xml/table11/r3/c2/p1	5. Four-Shop Target Business Architecture	Personalized apparel, gifts, pet/photo products and related made-to-order POD.	TRACE_REVIEW_REQUIRED		Presence is not requirement-specific acceptance; integrated evidence must be linked before PASS.
word/document.xml/table11/r3/c3/p1	5. Four-Shop Target Business Architecture	Printify first. Gelato/other providers later after separate certification.	TRACE_REVIEW_REQUIRED		Presence is not requirement-specific acceptance; integrated evidence must be linked before PASS.
word/document.xml/table11/r3/c4/p1	5. Four-Shop Target Business Architecture	High AI during catalog/template build; later lower ongoing R&D plus per-order personalization where needed.	TRACE_REVIEW_REQUIRED		Presence is not requirement-specific acceptance; integrated evidence must be linked before PASS.
word/document.xml/table11/r3/c5/p1	5. Four-Shop Target Business Architecture	ACTIVE TARGET / Phase 1	TRACE_REVIEW_REQUIRED		Presence is not requirement-specific acceptance; integrated evidence must be linked before PASS.
word/document.xml/table11/r4/c1/p1	5. Four-Shop Target Business Architecture	Shop 3 — Non-Personalized POD	TRACE_REVIEW_REQUIRED		Presence is not requirement-specific acceptance; integrated evidence must be linked before PASS.
word/document.xml/table11/r4/c2/p1	5. Four-Shop Target Business Architecture	Future original-design / non-personalized POD catalog.	TRACE_REVIEW_REQUIRED		Presence is not requirement-specific acceptance; integrated evidence must be linked before PASS.
word/document.xml/table11/r4/c3/p1	5. Four-Shop Target Business Architecture	Printify first; Gelato/others later. Separate shop/provider mappings.	TRACE_REVIEW_REQUIRED		Presence is not requirement-specific acceptance; integrated evidence must be linked before PASS.
word/document.xml/table11/r4/c4/p1	5. Four-Shop Target Business Architecture	Higher research/design AI during catalog growth; lower after catalog maturity.	TRACE_REVIEW_REQUIRED		Presence is not requirement-specific acceptance; integrated evidence must be linked before PASS.
word/document.xml/table11/r4/c5/p1	5. Four-Shop Target Business Architecture	FUTURE	TRACE_REVIEW_REQUIRED		Presence is not requirement-specific acceptance; integrated evidence must be linked before PASS.
word/document.xml/table11/r5/c1/p1	5. Four-Shop Target Business Architecture	Shop 4 — Personalized Jewelry	TRACE_REVIEW_REQUIRED		Presence is not requirement-specific acceptance; integrated evidence must be linked before PASS.
word/document.xml/table11/r5/c2/p1	5. Four-Shop Target Business Architecture	Future personalized jewelry store.	TRACE_REVIEW_REQUIRED		Presence is not requirement-specific acceptance; integrated evidence must be linked before PASS.
word/document.xml/table11/r5/c3/p1	5. Four-Shop Target Business Architecture	Dedicated supplier/manufacturer architecture to be selected; reuse provider abstraction only where appropriate.	TRACE_REVIEW_REQUIRED		Presence is not requirement-specific acceptance; integrated evidence must be linked before PASS.
word/document.xml/table11/r5/c4/p1	5. Four-Shop Target Business Architecture	Specialized personalization/design AI; separate production rules and approval.	TRACE_REVIEW_REQUIRED		Presence is not requirement-specific acceptance; integrated evidence must be linked before PASS.
word/document.xml/table11/r5/c5/p1	5. Four-Shop Target Business Architecture	FUTURE	TRACE_REVIEW_REQUIRED		Presence is not requirement-specific acceptance; integrated evidence must be linked before PASS.
word/document.xml/p47	5. Four-Shop Target Business Architecture	The four shops are independent operating scopes, not four separate DigiForge installations. Cross-shop dashboards may aggregate metrics, but shop-level permissions, controls, costs, listings, provider routes and execution evidence must remain isolated.	TRACE_REVIEW_REQUIRED		Presence is not requirement-specific acceptance; integrated evidence must be linked before PASS.
word/document.xml/p48	6. Hierarchical Controls — Global → Shop → Workflow → Operation	6. Hierarchical Controls — Global → Shop → Workflow → Operation	TRACE_REVIEW_REQUIRED	includes/Core/Settings.php; includes/Launch/AiActivationPreflight.php	Presence is not requirement-specific acceptance; integrated evidence must be linked before PASS.
word/document.xml/p49	6. Hierarchical Controls — Global → Shop → Workflow → Operation	The previous global capability-switch model remains valuable as a safety ceiling, but normal operations must become shop-scoped. A narrower scope can restrict a capability further; it can never override a disabled parent safety control.	TRACE_REVIEW_REQUIRED	includes/Core/Settings.php; includes/Launch/AiActivationPreflight.php	Presence is not requirement-specific acceptance; integrated evidence must be linked before PASS.
word/document.xml/table12/r1/c1/p1	6. Hierarchical Controls — Global → Shop → Workflow → Operation	Scope	TRACE_REVIEW_REQUIRED	includes/Core/Settings.php; includes/Launch/AiActivationPreflight.php	Presence is not requirement-specific acceptance; integrated evidence must be linked before PASS.
word/document.xml/table12/r1/c2/p1	6. Hierarchical Controls — Global → Shop → Workflow → Operation	Examples	TRACE_REVIEW_REQUIRED	includes/Core/Settings.php; includes/Launch/AiActivationPreflight.php	Presence is not requirement-specific acceptance; integrated evidence must be linked before PASS.
word/document.xml/table12/r1/c3/p1	6. Hierarchical Controls — Global → Shop → Workflow → Operation	Rule	TRACE_REVIEW_REQUIRED	includes/Core/Settings.php; includes/Launch/AiActivationPreflight.php	Presence is not requirement-specific acceptance; integrated evidence must be linked before PASS.
word/document.xml/table12/r2/c1/p1	6. Hierarchical Controls — Global → Shop → Workflow → Operation	Global safety	TRACE_REVIEW_REQUIRED	includes/Core/Settings.php; includes/Launch/AiActivationPreflight.php	Presence is not requirement-specific acceptance; integrated evidence must be linked before PASS.
word/document.xml/table12/r2/c2/p1	6. Hierarchical Controls — Global → Shop → Workflow → Operation	STOP ALL, external execution ceiling, emergency provider disable, platform maintenance	TRACE_REVIEW_REQUIRED	includes/Core/Settings.php; includes/Launch/AiActivationPreflight.php	Presence is not requirement-specific acceptance; integrated evidence must be linked before PASS.
word/document.xml/table12/r2/c3/p1	6. Hierarchical Controls — Global → Shop → Workflow → Operation	Global disable always wins.	TRACE_REVIEW_REQUIRED	includes/Core/Settings.php; includes/Launch/AiActivationPreflight.php	Presence is not requirement-specific acceptance; integrated evidence must be linked before PASS.
word/document.xml/table12/r3/c1/p1	6. Hierarchical Controls — Global → Shop → Workflow → Operation	Business / Shop	TRACE_REVIEW_REQUIRED	includes/Core/Settings.php; includes/Launch/AiActivationPreflight.php	Presence is not requirement-specific acceptance; integrated evidence must be linked before PASS.
word/document.xml/table12/r3/c2/p1	6. Hierarchical Controls — Global → Shop → Workflow → Operation	research, AI, product development, Etsy draft, Etsy publish, Printify, Gelato, order intake, production	TRACE_REVIEW_REQUIRED	includes/Core/Settings.php; includes/Launch/AiActivationPreflight.php	Presence is not requirement-specific acceptance; integrated evidence must be linked before PASS.
word/document.xml/table12/r3/c3/p1	6. Hierarchical Controls — Global → Shop → Workflow → Operation	Independent per shop.	TRACE_REVIEW_REQUIRED	includes/Core/Settings.php; includes/Launch/AiActivationPreflight.php	Presence is not requirement-specific acceptance; integrated evidence must be linked before PASS.
word/document.xml/table12/r4/c1/p1	6. Hierarchical Controls — Global → Shop → Workflow → Operation	Workflow	TRACE_REVIEW_REQUIRED	includes/Core/Settings.php; includes/Launch/AiActivationPreflight.php	Presence is not requirement-specific acceptance; integrated evidence must be linked before PASS.
word/document.xml/table12/r4/c2/p1	6. Hierarchical Controls — Global → Shop → Workflow → Operation	trend research, deep research, asset generation, listing preparation, personalization, QA	TRACE_REVIEW_REQUIRED	includes/Core/Settings.php; includes/Launch/AiActivationPreflight.php	Presence is not requirement-specific acceptance; integrated evidence must be linked before PASS.
word/document.xml/table12/r4/c3/p1	6. Hierarchical Controls — Global → Shop → Workflow → Operation	Enable/disable and budget independently.	TRACE_REVIEW_REQUIRED	includes/Core/Settings.php; includes/Launch/AiActivationPreflight.php	Presence is not requirement-specific acceptance; integrated evidence must be linked before PASS.
word/document.xml/table12/r5/c1/p1	6. Hierarchical Controls — Global → Shop → Workflow → Operation	Operation	TRACE_REVIEW_REQUIRED	includes/Core/Settings.php; includes/Launch/AiActivationPreflight.php	Presence is not requirement-specific acceptance; integrated evidence must be linked before PASS.
word/document.xml/table12/r5/c2/p1	6. Hierarchical Controls — Global → Shop → Workflow → Operation	specific Etsy draft, file upload, provider order, production authorization	TRACE_REVIEW_REQUIRED	includes/Core/Settings.php; includes/Launch/AiActivationPreflight.php	Presence is not requirement-specific acceptance; integrated evidence must be linked before PASS.
word/document.xml/table12/r5/c3/p1	6. Hierarchical Controls — Global → Shop → Workflow → Operation	Requires exact evidence, authorization and idempotency.	TRACE_REVIEW_REQUIRED	includes/Core/Settings.php; includes/Launch/AiActivationPreflight.php	Presence is not requirement-specific acceptance; integrated evidence must be linked before PASS.
word/document.xml/table13/r1/c1/p1	6. Hierarchical Controls — Global → Shop → Workflow → Operation	HARD SAFETY RULE — AI, research or product-development capability NEVER implies marketplace publish authority, provider production authority, refund authority, tax filing authority or money movement.	TRACE_REVIEW_REQUIRED	includes/Core/Settings.php; includes/Launch/AiActivationPreflight.php	Presence is not requirement-specific acceptance; integrated evidence must be linked before PASS.
word/document.xml/p54	7. Shop-Scoped AI Utilization and Budget Governance	7. Shop-Scoped AI Utilization and Budget Governance	TRACE_REVIEW_REQUIRED	includes/AI/ShopAiPlan.php; includes/AI/ShopAiGovernanceRepository.php	Presence is not requirement-specific acceptance; integrated evidence must be linked before PASS.
word/document.xml/p55	7. Shop-Scoped AI Utilization and Budget Governance	AI usage is controlled by quantity, stage and budget — not only an ON/OFF switch. Each shop can define how many opportunities to research, how many to deep-research, how many to fully develop, how many listing packages to prepare, and the maximum AI spend for the run/month.	TRACE_REVIEW_REQUIRED	includes/AI/ShopAiPlan.php; includes/AI/ShopAiGovernanceRepository.php	Presence is not requirement-specific acceptance; integrated evidence must be linked before PASS.
word/document.xml/table14/r1/c1/p1	7. Shop-Scoped AI Utilization and Budget Governance	Control	TRACE_REVIEW_REQUIRED	includes/AI/ShopAiPlan.php; includes/AI/ShopAiGovernanceRepository.php	Presence is not requirement-specific acceptance; integrated evidence must be linked before PASS.
word/document.xml/table14/r1/c2/p1	7. Shop-Scoped AI Utilization and Budget Governance	Examples	TRACE_REVIEW_REQUIRED	includes/AI/ShopAiPlan.php; includes/AI/ShopAiGovernanceRepository.php	Presence is not requirement-specific acceptance; integrated evidence must be linked before PASS.
word/document.xml/table14/r2/c1/p1	7. Shop-Scoped AI Utilization and Budget Governance	Catalog / eligible pool	TRACE_REVIEW_REQUIRED	includes/AI/ShopAiPlan.php; includes/AI/ShopAiGovernanceRepository.php	Presence is not requirement-specific acceptance; integrated evidence must be linked before PASS.
word/document.xml/table14/r2/c2/p1	7. Shop-Scoped AI Utilization and Budget Governance	Master 500 v2; Digital opportunity pool; jewelry research pool.	TRACE_REVIEW_REQUIRED	includes/AI/ShopAiPlan.php; includes/AI/ShopAiGovernanceRepository.php	Presence is not requirement-specific acceptance; integrated evidence must be linked before PASS.
word/document.xml/table14/r3/c1/p1	7. Shop-Scoped AI Utilization and Budget Governance	Trend scan quantity	TRACE_REVIEW_REQUIRED	includes/AI/ShopAiPlan.php; includes/AI/ShopAiGovernanceRepository.php	Presence is not requirement-specific acceptance; integrated evidence must be linked before PASS.
word/document.xml/table14/r3/c2/p1	7. Shop-Scoped AI Utilization and Budget Governance	Research/re-score up to N opportunities.	TRACE_REVIEW_REQUIRED	includes/AI/ShopAiPlan.php; includes/AI/ShopAiGovernanceRepository.php	Presence is not requirement-specific acceptance; integrated evidence must be linked before PASS.
word/document.xml/table14/r4/c1/p1	7. Shop-Scoped AI Utilization and Budget Governance	Deep research quantity	TRACE_REVIEW_REQUIRED	includes/AI/ShopAiPlan.php; includes/AI/ShopAiGovernanceRepository.php	Presence is not requirement-specific acceptance; integrated evidence must be linked before PASS.
word/document.xml/table14/r4/c2/p1	7. Shop-Scoped AI Utilization and Budget Governance	Perform demand/competition/provider analysis on up to N.	TRACE_REVIEW_REQUIRED	includes/AI/ShopAiPlan.php; includes/AI/ShopAiGovernanceRepository.php	Presence is not requirement-specific acceptance; integrated evidence must be linked before PASS.
word/document.xml/table14/r5/c1/p1	7. Shop-Scoped AI Utilization and Budget Governance	Full product development quantity	TRACE_REVIEW_REQUIRED	includes/AI/ShopAiPlan.php; includes/AI/ShopAiGovernanceRepository.php	Presence is not requirement-specific acceptance; integrated evidence must be linked before PASS.
word/document.xml/table14/r5/c2/p1	7. Shop-Scoped AI Utilization and Budget Governance	Generate full assets/specification only for strongest N.	TRACE_REVIEW_REQUIRED	includes/AI/ShopAiPlan.php; includes/AI/ShopAiGovernanceRepository.php	Presence is not requirement-specific acceptance; integrated evidence must be linked before PASS.
word/document.xml/table14/r6/c1/p1	7. Shop-Scoped AI Utilization and Budget Governance	Listing preparation quantity	TRACE_REVIEW_REQUIRED	includes/AI/ShopAiPlan.php; includes/AI/ShopAiGovernanceRepository.php	Presence is not requirement-specific acceptance; integrated evidence must be linked before PASS.
word/document.xml/table14/r6/c2/p1	7. Shop-Scoped AI Utilization and Budget Governance	Prepare up to N listing packages; does not imply publish.	TRACE_REVIEW_REQUIRED	includes/AI/ShopAiPlan.php; includes/AI/ShopAiGovernanceRepository.php	Presence is not requirement-specific acceptance; integrated evidence must be linked before PASS.
word/document.xml/table14/r7/c1/p1	7. Shop-Scoped AI Utilization and Budget Governance	Template cap	TRACE_REVIEW_REQUIRED	includes/AI/ShopAiPlan.php; includes/AI/ShopAiGovernanceRepository.php	Presence is not requirement-specific acceptance; integrated evidence must be linked before PASS.
word/document.xml/table14/r7/c2/p1	7. Shop-Scoped AI Utilization and Budget Governance	Allow at most N new provider production templates in a cycle.	TRACE_REVIEW_REQUIRED	includes/AI/ShopAiPlan.php; includes/AI/ShopAiGovernanceRepository.php	Presence is not requirement-specific acceptance; integrated evidence must be linked before PASS.
word/document.xml/table14/r8/c1/p1	7. Shop-Scoped AI Utilization and Budget Governance	Per-run budget	TRACE_REVIEW_REQUIRED	includes/AI/ShopAiPlan.php; includes/AI/ShopAiGovernanceRepository.php	Presence is not requirement-specific acceptance; integrated evidence must be linked before PASS.
word/document.xml/table14/r8/c2/p1	7. Shop-Scoped AI Utilization and Budget Governance	Maximum INR/USD AI spend for one run.	TRACE_REVIEW_REQUIRED	includes/AI/ShopAiPlan.php; includes/AI/ShopAiGovernanceRepository.php	Presence is not requirement-specific acceptance; integrated evidence must be linked before PASS.
word/document.xml/table14/r9/c1/p1	7. Shop-Scoped AI Utilization and Budget Governance	Monthly shop budget	TRACE_REVIEW_REQUIRED	includes/AI/ShopAiPlan.php; includes/AI/ShopAiGovernanceRepository.php	Presence is not requirement-specific acceptance; integrated evidence must be linked before PASS.
word/document.xml/table14/r9/c2/p1	7. Shop-Scoped AI Utilization and Budget Governance	Hard monthly AI ceiling by shop.	TRACE_REVIEW_REQUIRED	includes/AI/ShopAiPlan.php; includes/AI/ShopAiGovernanceRepository.php	Presence is not requirement-specific acceptance; integrated evidence must be linked before PASS.
word/document.xml/table14/r10/c1/p1	7. Shop-Scoped AI Utilization and Budget Governance	Task/model policy	TRACE_REVIEW_REQUIRED	includes/AI/ShopAiPlan.php; includes/AI/ShopAiGovernanceRepository.php	Presence is not requirement-specific acceptance; integrated evidence must be linked before PASS.
word/document.xml/table14/r10/c2/p1	7. Shop-Scoped AI Utilization and Budget Governance	Low-cost model for triage; higher-quality model for approved high-value work; human escalation on ambiguity.	TRACE_REVIEW_REQUIRED	includes/AI/ShopAiPlan.php; includes/AI/ShopAiGovernanceRepository.php	Presence is not requirement-specific acceptance; integrated evidence must be linked before PASS.
word/document.xml/table14/r11/c1/p1	7. Shop-Scoped AI Utilization and Budget Governance	Stop condition	TRACE_REVIEW_REQUIRED	includes/AI/ShopAiPlan.php; includes/AI/ShopAiGovernanceRepository.php	Presence is not requirement-specific acceptance; integrated evidence must be linked before PASS.
word/document.xml/table14/r11/c2/p1	7. Shop-Scoped AI Utilization and Budget Governance	Stop/request approval when quantity or budget ceiling is reached.	TRACE_REVIEW_REQUIRED	includes/AI/ShopAiPlan.php; includes/AI/ShopAiGovernanceRepository.php	Presence is not requirement-specific acceptance; integrated evidence must be linked before PASS.
word/document.xml/p58	7. Shop-Scoped AI Utilization and Budget Governance	DigiForge must estimate cost before a run and record actual usage afterward by provider/model/task/shop/product/order. Required commercial metrics include AI cost per opportunity researched, per qualified opportunity, per developed product, per approved listing, per sale, and AI cost as a percentage of revenue and gross/contribution profit.	TRACE_REVIEW_REQUIRED	includes/AI/ShopAiPlan.php; includes/AI/ShopAiGovernanceRepository.php	Presence is not requirement-specific acceptance; integrated evidence must be linked before PASS.
word/document.xml/p59	7. Shop-Scoped AI Utilization and Budget Governance	7.1 Recommended initial AI funnel — Personalized POD	TRACE_REVIEW_REQUIRED	includes/AI/ShopAiPlan.php; includes/AI/ShopAiGovernanceRepository.php	Presence is not requirement-specific acceptance; integrated evidence must be linked before PASS.
word/document.xml/table15/r1/c1/p1	7. Shop-Scoped AI Utilization and Budget Governance	Stage	TRACE_REVIEW_REQUIRED	includes/AI/ShopAiPlan.php; includes/AI/ShopAiGovernanceRepository.php	Presence is not requirement-specific acceptance; integrated evidence must be linked before PASS.
word/document.xml/table15/r1/c2/p1	7. Shop-Scoped AI Utilization and Budget Governance	Initial W1 planning limit	TRACE_REVIEW_REQUIRED	includes/AI/ShopAiPlan.php; includes/AI/ShopAiGovernanceRepository.php	Presence is not requirement-specific acceptance; integrated evidence must be linked before PASS.
word/document.xml/table15/r2/c1/p1	7. Shop-Scoped AI Utilization and Budget Governance	Catalog trend scan	TRACE_REVIEW_REQUIRED	includes/AI/ShopAiPlan.php; includes/AI/ShopAiGovernanceRepository.php	Presence is not requirement-specific acceptance; integrated evidence must be linked before PASS.
word/document.xml/table15/r2/c2/p1	7. Shop-Scoped AI Utilization and Budget Governance	500	TRACE_REVIEW_REQUIRED	includes/AI/ShopAiPlan.php; includes/AI/ShopAiGovernanceRepository.php	Presence is not requirement-specific acceptance; integrated evidence must be linked before PASS.
word/document.xml/table15/r3/c1/p1	7. Shop-Scoped AI Utilization and Budget Governance	Deep market research	TRACE_REVIEW_REQUIRED	includes/AI/ShopAiPlan.php; includes/AI/ShopAiGovernanceRepository.php	Presence is not requirement-specific acceptance; integrated evidence must be linked before PASS.
word/document.xml/table15/r3/c2/p1	7. Shop-Scoped AI Utilization and Budget Governance	100	TRACE_REVIEW_REQUIRED	includes/AI/ShopAiPlan.php; includes/AI/ShopAiGovernanceRepository.php	Presence is not requirement-specific acceptance; integrated evidence must be linked before PASS.
word/document.xml/table15/r4/c1/p1	7. Shop-Scoped AI Utilization and Budget Governance	Full product development	TRACE_REVIEW_REQUIRED	includes/AI/ShopAiPlan.php; includes/AI/ShopAiGovernanceRepository.php	Presence is not requirement-specific acceptance; integrated evidence must be linked before PASS.
word/document.xml/table15/r4/c2/p1	7. Shop-Scoped AI Utilization and Budget Governance	25	TRACE_REVIEW_REQUIRED	includes/AI/ShopAiPlan.php; includes/AI/ShopAiGovernanceRepository.php	Presence is not requirement-specific acceptance; integrated evidence must be linked before PASS.
word/document.xml/table15/r5/c1/p1	7. Shop-Scoped AI Utilization and Budget Governance	Listing package preparation	TRACE_REVIEW_REQUIRED	includes/AI/ShopAiPlan.php; includes/AI/ShopAiGovernanceRepository.php	Presence is not requirement-specific acceptance; integrated evidence must be linked before PASS.
word/document.xml/table15/r5/c2/p1	7. Shop-Scoped AI Utilization and Budget Governance	15	TRACE_REVIEW_REQUIRED	includes/AI/ShopAiPlan.php; includes/AI/ShopAiGovernanceRepository.php	Presence is not requirement-specific acceptance; integrated evidence must be linked before PASS.
word/document.xml/table15/r6/c1/p1	7. Shop-Scoped AI Utilization and Budget Governance	New production-template candidates	TRACE_REVIEW_REQUIRED	includes/AI/ShopAiPlan.php; includes/AI/ShopAiGovernanceRepository.php	Presence is not requirement-specific acceptance; integrated evidence must be linked before PASS.
word/document.xml/table15/r6/c2/p1	7. Shop-Scoped AI Utilization and Budget Governance	8	TRACE_REVIEW_REQUIRED	includes/AI/ShopAiPlan.php; includes/AI/ShopAiGovernanceRepository.php	Presence is not requirement-specific acceptance; integrated evidence must be linked before PASS.
word/document.xml/table15/r7/c1/p1	7. Shop-Scoped AI Utilization and Budget Governance	Human product/listing approval	TRACE_REVIEW_REQUIRED	includes/AI/ShopAiPlan.php; includes/AI/ShopAiGovernanceRepository.php	Presence is not requirement-specific acceptance; integrated evidence must be linked before PASS.
word/document.xml/table15/r7/c2/p1	7. Shop-Scoped AI Utilization and Budget Governance	Required	TRACE_REVIEW_REQUIRED	includes/AI/ShopAiPlan.php; includes/AI/ShopAiGovernanceRepository.php	Presence is not requirement-specific acceptance; integrated evidence must be linked before PASS.
word/document.xml/table15/r8/c1/p1	7. Shop-Scoped AI Utilization and Budget Governance	Human POD production approval	TRACE_REVIEW_REQUIRED	includes/AI/ShopAiPlan.php; includes/AI/ShopAiGovernanceRepository.php	Presence is not requirement-specific acceptance; integrated evidence must be linked before PASS.
word/document.xml/table15/r8/c2/p1	7. Shop-Scoped AI Utilization and Budget Governance	Required	TRACE_REVIEW_REQUIRED	includes/AI/ShopAiPlan.php; includes/AI/ShopAiGovernanceRepository.php	Presence is not requirement-specific acceptance; integrated evidence must be linked before PASS.
word/document.xml/p62	7. Shop-Scoped AI Utilization and Budget Governance	These are editable operating defaults, not permanent quotas. W2/W3 scale only from evidence. The platform should make cost and output quantities visible before execution.	TRACE_REVIEW_REQUIRED	includes/AI/ShopAiPlan.php; includes/AI/ShopAiGovernanceRepository.php	Presence is not requirement-specific acceptance; integrated evidence must be linked before PASS.
word/document.xml/p63	8. AI Governance and Orchestration	8. AI Governance and Orchestration	TRACE_REVIEW_REQUIRED	includes/AI/GovernedGeneration.php; includes/AI/RoutingPolicy.php	Presence is not requirement-specific acceptance; integrated evidence must be linked before PASS.
word/document.xml/p64	8. AI Governance and Orchestration	Task/model policy with deterministic routing and escalation.	TRACE_REVIEW_REQUIRED	includes/AI/GovernedGeneration.php; includes/AI/RoutingPolicy.php	Presence is not requirement-specific acceptance; integrated evidence must be linked before PASS.
word/document.xml/p65	8. AI Governance and Orchestration	Prompt/version governance and structured outputs.	TRACE_REVIEW_REQUIRED	includes/AI/GovernedGeneration.php; includes/AI/RoutingPolicy.php	Presence is not requirement-specific acceptance; integrated evidence must be linked before PASS.
word/document.xml/p66	8. AI Governance and Orchestration	Provenance and evidence retained for consequential product decisions.	TRACE_REVIEW_REQUIRED	includes/AI/GovernedGeneration.php; includes/AI/RoutingPolicy.php	Presence is not requirement-specific acceptance; integrated evidence must be linked before PASS.
word/document.xml/p67	8. AI Governance and Orchestration	Usage/cost telemetry tied to shop, product, order and workflow.	TRACE_REVIEW_REQUIRED	includes/AI/GovernedGeneration.php; includes/AI/RoutingPolicy.php	Presence is not requirement-specific acceptance; integrated evidence must be linked before PASS.
word/document.xml/p68	8. AI Governance and Orchestration	AI never creates execution authority.	TRACE_REVIEW_REQUIRED	includes/AI/GovernedGeneration.php; includes/AI/RoutingPolicy.php	Presence is not requirement-specific acceptance; integrated evidence must be linked before PASS.
word/document.xml/p69	8. AI Governance and Orchestration	Use AI only where transformation adds value; prefer deterministic rendering for repeatable production geometry.	TRACE_REVIEW_REQUIRED	includes/AI/GovernedGeneration.php; includes/AI/RoutingPolicy.php	Presence is not requirement-specific acceptance; integrated evidence must be linked before PASS.
word/document.xml/p70	8. AI Governance and Orchestration	Ambiguous, risky or failed outputs escalate to better model and/or human review rather than silently passing.	TRACE_REVIEW_REQUIRED	includes/AI/GovernedGeneration.php; includes/AI/RoutingPolicy.php	Presence is not requirement-specific acceptance; integrated evidence must be linked before PASS.
word/document.xml/p71	9. Product Core and Immutable Versioning	9. Product Core and Immutable Versioning	TRACE_REVIEW_REQUIRED		Presence is not requirement-specific acceptance; integrated evidence must be linked before PASS.
word/document.xml/p72	9. Product Core and Immutable Versioning	Shared lineage: Product Family → Canonical Product → Immutable Product Version → Assets/Specifications → QA/Commercial Evidence → Listing Package → External Listing/Order lineage. Released versions and production-authorized templates never silently mutate. Material changes create a new version with traceable lineage.	TRACE_REVIEW_REQUIRED		Presence is not requirement-specific acceptance; integrated evidence must be linked before PASS.
word/document.xml/p73	10. Research and Opportunity Intelligence	10. Research and Opportunity Intelligence	TRACE_REVIEW_REQUIRED	includes/Research/Repository.php	Presence is not requirement-specific acceptance; integrated evidence must be linked before PASS.
word/document.xml/p74	10. Research and Opportunity Intelligence	Research is manually triggerable and shop-scoped. It produces evidence, provenance, scoring, deduplication, shortlist and human opportunity approval. An approved opportunity becomes factory input. Research should be cheap at broad scale and expensive only after commercial filtering.	TRACE_REVIEW_REQUIRED	includes/Research/Repository.php	Presence is not requirement-specific acceptance; integrated evidence must be linked before PASS.
word/document.xml/p75	10. Research and Opportunity Intelligence	Research outputs should include demand evidence, competition/saturation, seasonality, recipient/occasion, trend overlay, provider feasibility, expected margin, policy/IP risk, differentiation, and confidence/uncertainty.	TRACE_REVIEW_REQUIRED	includes/Research/Repository.php	Presence is not requirement-specific acceptance; integrated evidence must be linked before PASS.
word/document.xml/p76	11. Digital Product Factory	11. Digital Product Factory	TRACE_REVIEW_REQUIRED	includes/Listings/EtsyDigitalFileVerification.php	Presence is not requirement-specific acceptance; integrated evidence must be linked before PASS.
word/document.xml/p77	11. Digital Product Factory	Target flow: Approved opportunity → product/version → customer assets + marketing assets → deterministic technical QA → semantic/commercial/IP/policy QA → profitability → Product Review → listing package → Listing Approval → Etsy controlled draft → digital file attachment → draft QA → explicit publish authorization.	TRACE_REVIEW_REQUIRED	includes/Listings/EtsyDigitalFileVerification.php	Presence is not requirement-specific acceptance; integrated evidence must be linked before PASS.
word/document.xml/p78	11. Digital Product Factory	Product #25 proves the controlled draft + governed customer-file upload path in production. DigiForge must upload only the explicit governed customer delivery package, not blindly upload every release-bundle asset.	TRACE_REVIEW_REQUIRED	includes/Listings/EtsyDigitalFileVerification.php	Presence is not requirement-specific acceptance; integrated evidence must be linked before PASS.
word/document.xml/p79	12. Personalized POD Factory	12. Personalized POD Factory	TRACE_REVIEW_REQUIRED	includes/POD/ProductionTemplateContract.php; includes/POD/RenderEvidenceRepository.php	Presence is not requirement-specific acceptance; integrated evidence must be linked before PASS.
word/document.xml/p80	12. Personalized POD Factory	Target flow: Approved opportunity → product/design specification → supplier/product/provider evaluation → exact production template → personalization schema → artwork/print-area geometry → preview/mockup → cost/shipping/margin → Product Approval → Etsy listing → paid order → personalization capture/normalization → review → production artwork + preview from the same approved payload → provider order preparation → explicit human production authorization → provider production → shipment/tracking → finance/support/quality feedback.	TRACE_REVIEW_REQUIRED	includes/POD/ProductionTemplateContract.php; includes/POD/RenderEvidenceRepository.php	Presence is not requirement-specific acceptance; integrated evidence must be linked before PASS.
word/document.xml/table16/r1/c1/p1	12. Personalized POD Factory	PRODUCTION GATE — Paid order is not production authorization. A prepared provider order is not production authorization. Final personalized artwork/preview must remain subject to the configured human approval gate before Printify production.	TRACE_REVIEW_REQUIRED	includes/POD/ProductionTemplateContract.php; includes/POD/RenderEvidenceRepository.php	Presence is not requirement-specific acceptance; integrated evidence must be linked before PASS.
word/document.xml/p83	13. Master 500 Personalized POD Catalog Governance	13. Master 500 Personalized POD Catalog Governance	TRACE_REVIEW_REQUIRED	includes/POD/MasterCatalogV2MigrationContract.php; includes/POD/MasterCatalogV2IngestionService.php; bin/validate-master500-v2.py	Presence is not requirement-specific acceptance; integrated evidence must be linked before PASS.
word/document.xml/p84	13. Master 500 Personalized POD Catalog Governance	The original Master 500 contains exactly 500 personalized listing concepts across 20 families (25 each). It is a source catalog, not a command to build 500 unique production templates. The catalog uses reusable personalization engines and physical-product families.	TRACE_REVIEW_REQUIRED	includes/POD/MasterCatalogV2MigrationContract.php; includes/POD/MasterCatalogV2IngestionService.php; bin/validate-master500-v2.py	Presence is not requirement-specific acceptance; integrated evidence must be linked before PASS.
word/document.xml/p85	13. Master 500 Personalized POD Catalog Governance	13.1 Original 20 product families	TRACE_REVIEW_REQUIRED	includes/POD/MasterCatalogV2MigrationContract.php; includes/POD/MasterCatalogV2IngestionService.php; bin/validate-master500-v2.py	Presence is not requirement-specific acceptance; integrated evidence must be linked before PASS.
word/document.xml/table17/r1/c1/p1	13. Master 500 Personalized POD Catalog Governance	Range	TRACE_REVIEW_REQUIRED	includes/POD/MasterCatalogV2MigrationContract.php; includes/POD/MasterCatalogV2IngestionService.php; bin/validate-master500-v2.py	Presence is not requirement-specific acceptance; integrated evidence must be linked before PASS.
word/document.xml/table17/r1/c2/p1	13. Master 500 Personalized POD Catalog Governance	Family	TRACE_REVIEW_REQUIRED	includes/POD/MasterCatalogV2MigrationContract.php; includes/POD/MasterCatalogV2IngestionService.php; bin/validate-master500-v2.py	Presence is not requirement-specific acceptance; integrated evidence must be linked before PASS.
word/document.xml/table17/r1/c3/p1	13. Master 500 Personalized POD Catalog Governance	Concept count	TRACE_REVIEW_REQUIRED	includes/POD/MasterCatalogV2MigrationContract.php; includes/POD/MasterCatalogV2IngestionService.php; bin/validate-master500-v2.py	Presence is not requirement-specific acceptance; integrated evidence must be linked before PASS.
word/document.xml/table17/r2/c1/p1	13. Master 500 Personalized POD Catalog Governance	001–025	TRACE_REVIEW_REQUIRED	includes/POD/MasterCatalogV2MigrationContract.php; includes/POD/MasterCatalogV2IngestionService.php; bin/validate-master500-v2.py	Presence is not requirement-specific acceptance; integrated evidence must be linked before PASS.
word/document.xml/table17/r2/c2/p1	13. Master 500 Personalized POD Catalog Governance	Face & Photo Socks	TRACE_REVIEW_REQUIRED	includes/POD/MasterCatalogV2MigrationContract.php; includes/POD/MasterCatalogV2IngestionService.php; bin/validate-master500-v2.py	Presence is not requirement-specific acceptance; integrated evidence must be linked before PASS.
word/document.xml/table17/r2/c3/p1	13. Master 500 Personalized POD Catalog Governance	25	TRACE_REVIEW_REQUIRED	includes/POD/MasterCatalogV2MigrationContract.php; includes/POD/MasterCatalogV2IngestionService.php; bin/validate-master500-v2.py	Presence is not requirement-specific acceptance; integrated evidence must be linked before PASS.
word/document.xml/table17/r3/c1/p1	13. Master 500 Personalized POD Catalog Governance	026–050	TRACE_REVIEW_REQUIRED	includes/POD/MasterCatalogV2MigrationContract.php; includes/POD/MasterCatalogV2IngestionService.php; bin/validate-master500-v2.py	Presence is not requirement-specific acceptance; integrated evidence must be linked before PASS.
word/document.xml/table17/r3/c2/p1	13. Master 500 Personalized POD Catalog Governance	Personalized Mugs	TRACE_REVIEW_REQUIRED	includes/POD/MasterCatalogV2MigrationContract.php; includes/POD/MasterCatalogV2IngestionService.php; bin/validate-master500-v2.py	Presence is not requirement-specific acceptance; integrated evidence must be linked before PASS.
word/document.xml/table17/r3/c3/p1	13. Master 500 Personalized POD Catalog Governance	25	TRACE_REVIEW_REQUIRED	includes/POD/MasterCatalogV2MigrationContract.php; includes/POD/MasterCatalogV2IngestionService.php; bin/validate-master500-v2.py	Presence is not requirement-specific acceptance; integrated evidence must be linked before PASS.
word/document.xml/table17/r4/c1/p1	13. Master 500 Personalized POD Catalog Governance	051–075	TRACE_REVIEW_REQUIRED	includes/POD/MasterCatalogV2MigrationContract.php; includes/POD/MasterCatalogV2IngestionService.php; bin/validate-master500-v2.py	Presence is not requirement-specific acceptance; integrated evidence must be linked before PASS.
word/document.xml/table17/r4/c2/p1	13. Master 500 Personalized POD Catalog Governance	Personalized T-Shirts	TRACE_REVIEW_REQUIRED	includes/POD/MasterCatalogV2MigrationContract.php; includes/POD/MasterCatalogV2IngestionService.php; bin/validate-master500-v2.py	Presence is not requirement-specific acceptance; integrated evidence must be linked before PASS.
word/document.xml/table17/r4/c3/p1	13. Master 500 Personalized POD Catalog Governance	25	TRACE_REVIEW_REQUIRED	includes/POD/MasterCatalogV2MigrationContract.php; includes/POD/MasterCatalogV2IngestionService.php; bin/validate-master500-v2.py	Presence is not requirement-specific acceptance; integrated evidence must be linked before PASS.
word/document.xml/table17/r5/c1/p1	13. Master 500 Personalized POD Catalog Governance	076–100	TRACE_REVIEW_REQUIRED	includes/POD/MasterCatalogV2MigrationContract.php; includes/POD/MasterCatalogV2IngestionService.php; bin/validate-master500-v2.py	Presence is not requirement-specific acceptance; integrated evidence must be linked before PASS.
word/document.xml/table17/r5/c2/p1	13. Master 500 Personalized POD Catalog Governance	Personalized Sweatshirts	TRACE_REVIEW_REQUIRED	includes/POD/MasterCatalogV2MigrationContract.php; includes/POD/MasterCatalogV2IngestionService.php; bin/validate-master500-v2.py	Presence is not requirement-specific acceptance; integrated evidence must be linked before PASS.
word/document.xml/table17/r5/c3/p1	13. Master 500 Personalized POD Catalog Governance	25	TRACE_REVIEW_REQUIRED	includes/POD/MasterCatalogV2MigrationContract.php; includes/POD/MasterCatalogV2IngestionService.php; bin/validate-master500-v2.py	Presence is not requirement-specific acceptance; integrated evidence must be linked before PASS.
word/document.xml/table17/r6/c1/p1	13. Master 500 Personalized POD Catalog Governance	101–125	TRACE_REVIEW_REQUIRED	includes/POD/MasterCatalogV2MigrationContract.php; includes/POD/MasterCatalogV2IngestionService.php; bin/validate-master500-v2.py	Presence is not requirement-specific acceptance; integrated evidence must be linked before PASS.
word/document.xml/table17/r6/c2/p1	13. Master 500 Personalized POD Catalog Governance	Personalized Hoodies	TRACE_REVIEW_REQUIRED	includes/POD/MasterCatalogV2MigrationContract.php; includes/POD/MasterCatalogV2IngestionService.php; bin/validate-master500-v2.py	Presence is not requirement-specific acceptance; integrated evidence must be linked before PASS.
word/document.xml/table17/r6/c3/p1	13. Master 500 Personalized POD Catalog Governance	25	TRACE_REVIEW_REQUIRED	includes/POD/MasterCatalogV2MigrationContract.php; includes/POD/MasterCatalogV2IngestionService.php; bin/validate-master500-v2.py	Presence is not requirement-specific acceptance; integrated evidence must be linked before PASS.
word/document.xml/table17/r7/c1/p1	13. Master 500 Personalized POD Catalog Governance	126–150	TRACE_REVIEW_REQUIRED	includes/POD/MasterCatalogV2MigrationContract.php; includes/POD/MasterCatalogV2IngestionService.php; bin/validate-master500-v2.py	Presence is not requirement-specific acceptance; integrated evidence must be linked before PASS.
word/document.xml/table17/r7/c2/p1	13. Master 500 Personalized POD Catalog Governance	Photo & Pet Blankets	TRACE_REVIEW_REQUIRED	includes/POD/MasterCatalogV2MigrationContract.php; includes/POD/MasterCatalogV2IngestionService.php; bin/validate-master500-v2.py	Presence is not requirement-specific acceptance; integrated evidence must be linked before PASS.
word/document.xml/table17/r7/c3/p1	13. Master 500 Personalized POD Catalog Governance	25	TRACE_REVIEW_REQUIRED	includes/POD/MasterCatalogV2MigrationContract.php; includes/POD/MasterCatalogV2IngestionService.php; bin/validate-master500-v2.py	Presence is not requirement-specific acceptance; integrated evidence must be linked before PASS.
word/document.xml/table17/r8/c1/p1	13. Master 500 Personalized POD Catalog Governance	151–175	TRACE_REVIEW_REQUIRED	includes/POD/MasterCatalogV2MigrationContract.php; includes/POD/MasterCatalogV2IngestionService.php; bin/validate-master500-v2.py	Presence is not requirement-specific acceptance; integrated evidence must be linked before PASS.
word/document.xml/table17/r8/c2/p1	13. Master 500 Personalized POD Catalog Governance	Personalized Pillows	TRACE_REVIEW_REQUIRED	includes/POD/MasterCatalogV2MigrationContract.php; includes/POD/MasterCatalogV2IngestionService.php; bin/validate-master500-v2.py	Presence is not requirement-specific acceptance; integrated evidence must be linked before PASS.
word/document.xml/table17/r8/c3/p1	13. Master 500 Personalized POD Catalog Governance	25	TRACE_REVIEW_REQUIRED	includes/POD/MasterCatalogV2MigrationContract.php; includes/POD/MasterCatalogV2IngestionService.php; bin/validate-master500-v2.py	Presence is not requirement-specific acceptance; integrated evidence must be linked before PASS.
word/document.xml/table17/r9/c1/p1	13. Master 500 Personalized POD Catalog Governance	176–200	TRACE_REVIEW_REQUIRED	includes/POD/MasterCatalogV2MigrationContract.php; includes/POD/MasterCatalogV2IngestionService.php; bin/validate-master500-v2.py	Presence is not requirement-specific acceptance; integrated evidence must be linked before PASS.
word/document.xml/table17/r9/c2/p1	13. Master 500 Personalized POD Catalog Governance	Personalized Phone Cases	TRACE_REVIEW_REQUIRED	includes/POD/MasterCatalogV2MigrationContract.php; includes/POD/MasterCatalogV2IngestionService.php; bin/validate-master500-v2.py	Presence is not requirement-specific acceptance; integrated evidence must be linked before PASS.
word/document.xml/table17/r9/c3/p1	13. Master 500 Personalized POD Catalog Governance	25	TRACE_REVIEW_REQUIRED	includes/POD/MasterCatalogV2MigrationContract.php; includes/POD/MasterCatalogV2IngestionService.php; bin/validate-master500-v2.py	Presence is not requirement-specific acceptance; integrated evidence must be linked before PASS.
word/document.xml/table17/r10/c1/p1	13. Master 500 Personalized POD Catalog Governance	201–225	TRACE_REVIEW_REQUIRED	includes/POD/MasterCatalogV2MigrationContract.php; includes/POD/MasterCatalogV2IngestionService.php; bin/validate-master500-v2.py	Presence is not requirement-specific acceptance; integrated evidence must be linked before PASS.
word/document.xml/table17/r10/c2/p1	13. Master 500 Personalized POD Catalog Governance	Personalized Tote Bags	TRACE_REVIEW_REQUIRED	includes/POD/MasterCatalogV2MigrationContract.php; includes/POD/MasterCatalogV2IngestionService.php; bin/validate-master500-v2.py	Presence is not requirement-specific acceptance; integrated evidence must be linked before PASS.
word/document.xml/table17/r10/c3/p1	13. Master 500 Personalized POD Catalog Governance	25	TRACE_REVIEW_REQUIRED	includes/POD/MasterCatalogV2MigrationContract.php; includes/POD/MasterCatalogV2IngestionService.php; bin/validate-master500-v2.py	Presence is not requirement-specific acceptance; integrated evidence must be linked before PASS.
word/document.xml/table17/r11/c1/p1	13. Master 500 Personalized POD Catalog Governance	226–250	TRACE_REVIEW_REQUIRED	includes/POD/MasterCatalogV2MigrationContract.php; includes/POD/MasterCatalogV2IngestionService.php; bin/validate-master500-v2.py	Presence is not requirement-specific acceptance; integrated evidence must be linked before PASS.
word/document.xml/table17/r11/c2/p1	13. Master 500 Personalized POD Catalog Governance	Personalized Ornaments	TRACE_REVIEW_REQUIRED	includes/POD/MasterCatalogV2MigrationContract.php; includes/POD/MasterCatalogV2IngestionService.php; bin/validate-master500-v2.py	Presence is not requirement-specific acceptance; integrated evidence must be linked before PASS.
word/document.xml/table17/r11/c3/p1	13. Master 500 Personalized POD Catalog Governance	25	TRACE_REVIEW_REQUIRED	includes/POD/MasterCatalogV2MigrationContract.php; includes/POD/MasterCatalogV2IngestionService.php; bin/validate-master500-v2.py	Presence is not requirement-specific acceptance; integrated evidence must be linked before PASS.
word/document.xml/table17/r12/c1/p1	13. Master 500 Personalized POD Catalog Governance	251–275	TRACE_REVIEW_REQUIRED	includes/POD/MasterCatalogV2MigrationContract.php; includes/POD/MasterCatalogV2IngestionService.php; bin/validate-master500-v2.py	Presence is not requirement-specific acceptance; integrated evidence must be linked before PASS.
word/document.xml/table17/r12/c2/p1	13. Master 500 Personalized POD Catalog Governance	Personalized Posters	TRACE_REVIEW_REQUIRED	includes/POD/MasterCatalogV2MigrationContract.php; includes/POD/MasterCatalogV2IngestionService.php; bin/validate-master500-v2.py	Presence is not requirement-specific acceptance; integrated evidence must be linked before PASS.
word/document.xml/table17/r12/c3/p1	13. Master 500 Personalized POD Catalog Governance	25	TRACE_REVIEW_REQUIRED	includes/POD/MasterCatalogV2MigrationContract.php; includes/POD/MasterCatalogV2IngestionService.php; bin/validate-master500-v2.py	Presence is not requirement-specific acceptance; integrated evidence must be linked before PASS.
word/document.xml/table17/r13/c1/p1	13. Master 500 Personalized POD Catalog Governance	276–300	TRACE_REVIEW_REQUIRED	includes/POD/MasterCatalogV2MigrationContract.php; includes/POD/MasterCatalogV2IngestionService.php; bin/validate-master500-v2.py	Presence is not requirement-specific acceptance; integrated evidence must be linked before PASS.
word/document.xml/table17/r13/c2/p1	13. Master 500 Personalized POD Catalog Governance	Personalized Canvas	TRACE_REVIEW_REQUIRED	includes/POD/MasterCatalogV2MigrationContract.php; includes/POD/MasterCatalogV2IngestionService.php; bin/validate-master500-v2.py	Presence is not requirement-specific acceptance; integrated evidence must be linked before PASS.
word/document.xml/table17/r13/c3/p1	13. Master 500 Personalized POD Catalog Governance	25	TRACE_REVIEW_REQUIRED	includes/POD/MasterCatalogV2MigrationContract.php; includes/POD/MasterCatalogV2IngestionService.php; bin/validate-master500-v2.py	Presence is not requirement-specific acceptance; integrated evidence must be linked before PASS.
word/document.xml/table17/r14/c1/p1	13. Master 500 Personalized POD Catalog Governance	301–325	TRACE_REVIEW_REQUIRED	includes/POD/MasterCatalogV2MigrationContract.php; includes/POD/MasterCatalogV2IngestionService.php; bin/validate-master500-v2.py	Presence is not requirement-specific acceptance; integrated evidence must be linked before PASS.
word/document.xml/table17/r14/c2/p1	13. Master 500 Personalized POD Catalog Governance	Personalized Journals	TRACE_REVIEW_REQUIRED	includes/POD/MasterCatalogV2MigrationContract.php; includes/POD/MasterCatalogV2IngestionService.php; bin/validate-master500-v2.py	Presence is not requirement-specific acceptance; integrated evidence must be linked before PASS.
word/document.xml/table17/r14/c3/p1	13. Master 500 Personalized POD Catalog Governance	25	TRACE_REVIEW_REQUIRED	includes/POD/MasterCatalogV2MigrationContract.php; includes/POD/MasterCatalogV2IngestionService.php; bin/validate-master500-v2.py	Presence is not requirement-specific acceptance; integrated evidence must be linked before PASS.
word/document.xml/table17/r15/c1/p1	13. Master 500 Personalized POD Catalog Governance	326–350	TRACE_REVIEW_REQUIRED	includes/POD/MasterCatalogV2MigrationContract.php; includes/POD/MasterCatalogV2IngestionService.php; bin/validate-master500-v2.py	Presence is not requirement-specific acceptance; integrated evidence must be linked before PASS.
word/document.xml/table17/r15/c2/p1	13. Master 500 Personalized POD Catalog Governance	Personalized Candles	TRACE_REVIEW_REQUIRED	includes/POD/MasterCatalogV2MigrationContract.php; includes/POD/MasterCatalogV2IngestionService.php; bin/validate-master500-v2.py	Presence is not requirement-specific acceptance; integrated evidence must be linked before PASS.
word/document.xml/table17/r15/c3/p1	13. Master 500 Personalized POD Catalog Governance	25	TRACE_REVIEW_REQUIRED	includes/POD/MasterCatalogV2MigrationContract.php; includes/POD/MasterCatalogV2IngestionService.php; bin/validate-master500-v2.py	Presence is not requirement-specific acceptance; integrated evidence must be linked before PASS.
word/document.xml/table17/r16/c1/p1	13. Master 500 Personalized POD Catalog Governance	351–375	TRACE_REVIEW_REQUIRED	includes/POD/MasterCatalogV2MigrationContract.php; includes/POD/MasterCatalogV2IngestionService.php; bin/validate-master500-v2.py	Presence is not requirement-specific acceptance; integrated evidence must be linked before PASS.
word/document.xml/table17/r16/c2/p1	13. Master 500 Personalized POD Catalog Governance	Personalized Drinkware	TRACE_REVIEW_REQUIRED	includes/POD/MasterCatalogV2MigrationContract.php; includes/POD/MasterCatalogV2IngestionService.php; bin/validate-master500-v2.py	Presence is not requirement-specific acceptance; integrated evidence must be linked before PASS.
word/document.xml/table17/r16/c3/p1	13. Master 500 Personalized POD Catalog Governance	25	TRACE_REVIEW_REQUIRED	includes/POD/MasterCatalogV2MigrationContract.php; includes/POD/MasterCatalogV2IngestionService.php; bin/validate-master500-v2.py	Presence is not requirement-specific acceptance; integrated evidence must be linked before PASS.
word/document.xml/table17/r17/c1/p1	13. Master 500 Personalized POD Catalog Governance	376–400	TRACE_REVIEW_REQUIRED	includes/POD/MasterCatalogV2MigrationContract.php; includes/POD/MasterCatalogV2IngestionService.php; bin/validate-master500-v2.py	Presence is not requirement-specific acceptance; integrated evidence must be linked before PASS.
word/document.xml/table17/r17/c2/p1	13. Master 500 Personalized POD Catalog Governance	Baby & Kids	TRACE_REVIEW_REQUIRED	includes/POD/MasterCatalogV2MigrationContract.php; includes/POD/MasterCatalogV2IngestionService.php; bin/validate-master500-v2.py	Presence is not requirement-specific acceptance; integrated evidence must be linked before PASS.
word/document.xml/table17/r17/c3/p1	13. Master 500 Personalized POD Catalog Governance	25	TRACE_REVIEW_REQUIRED	includes/POD/MasterCatalogV2MigrationContract.php; includes/POD/MasterCatalogV2IngestionService.php; bin/validate-master500-v2.py	Presence is not requirement-specific acceptance; integrated evidence must be linked before PASS.
word/document.xml/table17/r18/c1/p1	13. Master 500 Personalized POD Catalog Governance	401–425	TRACE_REVIEW_REQUIRED	includes/POD/MasterCatalogV2MigrationContract.php; includes/POD/MasterCatalogV2IngestionService.php; bin/validate-master500-v2.py	Presence is not requirement-specific acceptance; integrated evidence must be linked before PASS.
word/document.xml/table17/r18/c2/p1	13. Master 500 Personalized POD Catalog Governance	AOP Leggings	TRACE_REVIEW_REQUIRED	includes/POD/MasterCatalogV2MigrationContract.php; includes/POD/MasterCatalogV2IngestionService.php; bin/validate-master500-v2.py	Presence is not requirement-specific acceptance; integrated evidence must be linked before PASS.
word/document.xml/table17/r18/c3/p1	13. Master 500 Personalized POD Catalog Governance	25	TRACE_REVIEW_REQUIRED	includes/POD/MasterCatalogV2MigrationContract.php; includes/POD/MasterCatalogV2IngestionService.php; bin/validate-master500-v2.py	Presence is not requirement-specific acceptance; integrated evidence must be linked before PASS.
word/document.xml/table17/r19/c1/p1	13. Master 500 Personalized POD Catalog Governance	426–450	TRACE_REVIEW_REQUIRED	includes/POD/MasterCatalogV2MigrationContract.php; includes/POD/MasterCatalogV2IngestionService.php; bin/validate-master500-v2.py	Presence is not requirement-specific acceptance; integrated evidence must be linked before PASS.
word/document.xml/table17/r19/c2/p1	13. Master 500 Personalized POD Catalog Governance	Personalized Pajamas	TRACE_REVIEW_REQUIRED	includes/POD/MasterCatalogV2MigrationContract.php; includes/POD/MasterCatalogV2IngestionService.php; bin/validate-master500-v2.py	Presence is not requirement-specific acceptance; integrated evidence must be linked before PASS.
word/document.xml/table17/r19/c3/p1	13. Master 500 Personalized POD Catalog Governance	25	TRACE_REVIEW_REQUIRED	includes/POD/MasterCatalogV2MigrationContract.php; includes/POD/MasterCatalogV2IngestionService.php; bin/validate-master500-v2.py	Presence is not requirement-specific acceptance; integrated evidence must be linked before PASS.
word/document.xml/table17/r20/c1/p1	13. Master 500 Personalized POD Catalog Governance	451–475	TRACE_REVIEW_REQUIRED	includes/POD/MasterCatalogV2MigrationContract.php; includes/POD/MasterCatalogV2IngestionService.php; bin/validate-master500-v2.py	Presence is not requirement-specific acceptance; integrated evidence must be linked before PASS.
word/document.xml/table17/r20/c2/p1	13. Master 500 Personalized POD Catalog Governance	Family/Couple/Memorial Gifts	TRACE_REVIEW_REQUIRED	includes/POD/MasterCatalogV2MigrationContract.php; includes/POD/MasterCatalogV2IngestionService.php; bin/validate-master500-v2.py	Presence is not requirement-specific acceptance; integrated evidence must be linked before PASS.
word/document.xml/table17/r20/c3/p1	13. Master 500 Personalized POD Catalog Governance	25	TRACE_REVIEW_REQUIRED	includes/POD/MasterCatalogV2MigrationContract.php; includes/POD/MasterCatalogV2IngestionService.php; bin/validate-master500-v2.py	Presence is not requirement-specific acceptance; integrated evidence must be linked before PASS.
word/document.xml/table17/r21/c1/p1	13. Master 500 Personalized POD Catalog Governance	476–500	TRACE_REVIEW_REQUIRED	includes/POD/MasterCatalogV2MigrationContract.php; includes/POD/MasterCatalogV2IngestionService.php; bin/validate-master500-v2.py	Presence is not requirement-specific acceptance; integrated evidence must be linked before PASS.
word/document.xml/table17/r21/c2/p1	13. Master 500 Personalized POD Catalog Governance	Advanced Transformations	TRACE_REVIEW_REQUIRED	includes/POD/MasterCatalogV2MigrationContract.php; includes/POD/MasterCatalogV2IngestionService.php; bin/validate-master500-v2.py	Presence is not requirement-specific acceptance; integrated evidence must be linked before PASS.
word/document.xml/table17/r21/c3/p1	13. Master 500 Personalized POD Catalog Governance	25	TRACE_REVIEW_REQUIRED	includes/POD/MasterCatalogV2MigrationContract.php; includes/POD/MasterCatalogV2IngestionService.php; bin/validate-master500-v2.py	Presence is not requirement-specific acceptance; integrated evidence must be linked before PASS.
word/document.xml/p88	13. Master 500 Personalized POD Catalog Governance	13.2 Reusable personalization engines	TRACE_REVIEW_REQUIRED	includes/POD/MasterCatalogV2MigrationContract.php; includes/POD/MasterCatalogV2IngestionService.php; bin/validate-master500-v2.py	Presence is not requirement-specific acceptance; integrated evidence must be linked before PASS.
word/document.xml/p89	13. Master 500 Personalized POD Catalog Governance	Core engines include FACE_REPEAT, PET_FACE_REPEAT, SINGLE_PHOTO, PHOTO_TEXT, PET_PORTRAIT, PHOTO_COLLAGE, MULTI_PHOTO, NAME_MONOGRAM, HANDWRITING, CHILD_ART, MEMORIAL, LINE_ART, WATERCOLOR, VINTAGE_PORTRAIT, AOP_PATTERN and AI_TRANSFORM. These engines are reusable across multiple physical products and listing concepts.	TRACE_REVIEW_REQUIRED	includes/POD/MasterCatalogV2MigrationContract.php; includes/POD/MasterCatalogV2IngestionService.php; bin/validate-master500-v2.py	Presence is not requirement-specific acceptance; integrated evidence must be linked before PASS.
word/document.xml/p90	13. Master 500 Personalized POD Catalog Governance	13.3 Master 500 v2 research direction	TRACE_REVIEW_REQUIRED	includes/POD/MasterCatalogV2MigrationContract.php; includes/POD/MasterCatalogV2IngestionService.php; bin/validate-master500-v2.py	Presence is not requirement-specific acceptance; integrated evidence must be linked before PASS.
word/document.xml/p91	13. Master 500 Personalized POD Catalog Governance	The research-backed v2 plan preserves 500 total opportunities while consolidating duplicate recipient/occasion variants and adding missing product families. It retains 428 original concepts as dedicated v2 concepts, merges/downgrades 72 original dedicated slots into overlays/tests, and adds 72 new concepts. Of the v2 total, 458 slots remain in existing families and 42 are allocated to four new families.	TRACE_REVIEW_REQUIRED	includes/POD/MasterCatalogV2MigrationContract.php; includes/POD/MasterCatalogV2IngestionService.php; bin/validate-master500-v2.py	Presence is not requirement-specific acceptance; integrated evidence must be linked before PASS.
word/document.xml/table18/r1/c1/p1	13. Master 500 Personalized POD Catalog Governance	New family	TRACE_REVIEW_REQUIRED	includes/POD/MasterCatalogV2MigrationContract.php; includes/POD/MasterCatalogV2IngestionService.php; bin/validate-master500-v2.py	Presence is not requirement-specific acceptance; integrated evidence must be linked before PASS.
word/document.xml/table18/r1/c2/p1	13. Master 500 Personalized POD Catalog Governance	v2 slots	TRACE_REVIEW_REQUIRED	includes/POD/MasterCatalogV2MigrationContract.php; includes/POD/MasterCatalogV2IngestionService.php; bin/validate-master500-v2.py	Presence is not requirement-specific acceptance; integrated evidence must be linked before PASS.
word/document.xml/table18/r2/c1/p1	13. Master 500 Personalized POD Catalog Governance	Kitchen/Home Keepsakes	TRACE_REVIEW_REQUIRED	includes/POD/MasterCatalogV2MigrationContract.php; includes/POD/MasterCatalogV2IngestionService.php; bin/validate-master500-v2.py	Presence is not requirement-specific acceptance; integrated evidence must be linked before PASS.
word/document.xml/table18/r2/c2/p1	13. Master 500 Personalized POD Catalog Governance	12	TRACE_REVIEW_REQUIRED	includes/POD/MasterCatalogV2MigrationContract.php; includes/POD/MasterCatalogV2IngestionService.php; bin/validate-master500-v2.py	Presence is not requirement-specific acceptance; integrated evidence must be linked before PASS.
word/document.xml/table18/r3/c1/p1	13. Master 500 Personalized POD Catalog Governance	Desk/Tech Accessories	TRACE_REVIEW_REQUIRED	includes/POD/MasterCatalogV2MigrationContract.php; includes/POD/MasterCatalogV2IngestionService.php; bin/validate-master500-v2.py	Presence is not requirement-specific acceptance; integrated evidence must be linked before PASS.
word/document.xml/table18/r3/c2/p1	13. Master 500 Personalized POD Catalog Governance	10	TRACE_REVIEW_REQUIRED	includes/POD/MasterCatalogV2MigrationContract.php; includes/POD/MasterCatalogV2IngestionService.php; bin/validate-master500-v2.py	Presence is not requirement-specific acceptance; integrated evidence must be linked before PASS.
word/document.xml/table18/r4/c1/p1	13. Master 500 Personalized POD Catalog Governance	Travel Accessories	TRACE_REVIEW_REQUIRED	includes/POD/MasterCatalogV2MigrationContract.php; includes/POD/MasterCatalogV2IngestionService.php; bin/validate-master500-v2.py	Presence is not requirement-specific acceptance; integrated evidence must be linked before PASS.
word/document.xml/table18/r4/c2/p1	13. Master 500 Personalized POD Catalog Governance	10	TRACE_REVIEW_REQUIRED	includes/POD/MasterCatalogV2MigrationContract.php; includes/POD/MasterCatalogV2IngestionService.php; bin/validate-master500-v2.py	Presence is not requirement-specific acceptance; integrated evidence must be linked before PASS.
word/document.xml/table18/r5/c1/p1	13. Master 500 Personalized POD Catalog Governance	Hats/Caps/Beanies	TRACE_REVIEW_REQUIRED	includes/POD/MasterCatalogV2MigrationContract.php; includes/POD/MasterCatalogV2IngestionService.php; bin/validate-master500-v2.py	Presence is not requirement-specific acceptance; integrated evidence must be linked before PASS.
word/document.xml/table18/r5/c2/p1	13. Master 500 Personalized POD Catalog Governance	10	TRACE_REVIEW_REQUIRED	includes/POD/MasterCatalogV2MigrationContract.php; includes/POD/MasterCatalogV2IngestionService.php; bin/validate-master500-v2.py	Presence is not requirement-specific acceptance; integrated evidence must be linked before PASS.
word/document.xml/p94	13. Master 500 Personalized POD Catalog Governance	Original v1 DG IDs remain historical identities. Removed/downgraded concepts are not erased; they remain traceable as superseded, merged, recipient/occasion overlays or future test candidates. v2 should be promoted into DigiForge only after explicit approval.	TRACE_REVIEW_REQUIRED	includes/POD/MasterCatalogV2MigrationContract.php; includes/POD/MasterCatalogV2IngestionService.php; bin/validate-master500-v2.py	Presence is not requirement-specific acceptance; integrated evidence must be linked before PASS.
word/document.xml/p95	13. Master 500 Personalized POD Catalog Governance	13.4 Template rules that must survive any catalog migration	TRACE_REVIEW_REQUIRED	includes/POD/MasterCatalogV2MigrationContract.php; includes/POD/MasterCatalogV2IngestionService.php; bin/validate-master500-v2.py	Presence is not requirement-specific acceptance; integrated evidence must be linked before PASS.
word/document.xml/p96	13. Master 500 Personalized POD Catalog Governance	Do not lock production geometry until supplier + product + provider route are selected.	TRACE_REVIEW_REQUIRED	includes/POD/MasterCatalogV2MigrationContract.php; includes/POD/MasterCatalogV2IngestionService.php; bin/validate-master500-v2.py	Presence is not requirement-specific acceptance; integrated evidence must be linked before PASS.
word/document.xml/p97	13. Master 500 Personalized POD Catalog Governance	Provider API blueprint/variant print geometry is the production source of truth; downloadable templates are secondary.	TRACE_REVIEW_REQUIRED	includes/POD/MasterCatalogV2MigrationContract.php; includes/POD/MasterCatalogV2IngestionService.php; bin/validate-master500-v2.py	Presence is not requirement-specific acceptance; integrated evidence must be linked before PASS.
word/document.xml/p98	13. Master 500 Personalized POD Catalog Governance	US and EU may use different physical templates while sharing a personalization engine.	TRACE_REVIEW_REQUIRED	includes/POD/MasterCatalogV2MigrationContract.php; includes/POD/MasterCatalogV2IngestionService.php; bin/validate-master500-v2.py	Presence is not requirement-specific acceptance; integrated evidence must be linked before PASS.
word/document.xml/p99	13. Master 500 Personalized POD Catalog Governance	Supplier/product/provider switch triggers geometry, bleed, safe-zone, variant and mockup revalidation.	TRACE_REVIEW_REQUIRED	includes/POD/MasterCatalogV2MigrationContract.php; includes/POD/MasterCatalogV2IngestionService.php; bin/validate-master500-v2.py	Presence is not requirement-specific acceptance; integrated evidence must be linked before PASS.
word/document.xml/p100	13. Master 500 Personalized POD Catalog Governance	Socks, leggings and pajamas require seam/panel-aware rendering and samples.	TRACE_REVIEW_REQUIRED	includes/POD/MasterCatalogV2MigrationContract.php; includes/POD/MasterCatalogV2IngestionService.php; bin/validate-master500-v2.py	Presence is not requirement-specific acceptance; integrated evidence must be linked before PASS.
word/document.xml/p101	13. Master 500 Personalized POD Catalog Governance	Phone-case template key includes device model/variant.	TRACE_REVIEW_REQUIRED	includes/POD/MasterCatalogV2MigrationContract.php; includes/POD/MasterCatalogV2IngestionService.php; bin/validate-master500-v2.py	Presence is not requirement-specific acceptance; integrated evidence must be linked before PASS.
word/document.xml/p102	13. Master 500 Personalized POD Catalog Governance	Use provider-native placement for simple cases; DigiForge deterministic rendering for complex layouts; AI only where transformation adds value.	TRACE_REVIEW_REQUIRED	includes/POD/MasterCatalogV2MigrationContract.php; includes/POD/MasterCatalogV2IngestionService.php; bin/validate-master500-v2.py	Presence is not requirement-specific acceptance; integrated evidence must be linked before PASS.
word/document.xml/p103	13. Master 500 Personalized POD Catalog Governance	Do not template the currently rejected Printify 40oz blueprint 1509 for the US route; retain the opportunity and research alternatives.	TRACE_REVIEW_REQUIRED	includes/POD/MasterCatalogV2MigrationContract.php; includes/POD/MasterCatalogV2IngestionService.php; bin/validate-master500-v2.py	Presence is not requirement-specific acceptance; integrated evidence must be linked before PASS.
word/document.xml/p104	13. Master 500 Personalized POD Catalog Governance	Do not reject a strong opportunity solely because the first supplier is poor; research alternatives.	TRACE_REVIEW_REQUIRED	includes/POD/MasterCatalogV2MigrationContract.php; includes/POD/MasterCatalogV2IngestionService.php; bin/validate-master500-v2.py	Presence is not requirement-specific acceptance; integrated evidence must be linked before PASS.
word/document.xml/p105	13. Master 500 Personalized POD Catalog Governance	Production-authorized order freezes template version and render inputs.	TRACE_REVIEW_REQUIRED	includes/POD/MasterCatalogV2MigrationContract.php; includes/POD/MasterCatalogV2IngestionService.php; bin/validate-master500-v2.py	Presence is not requirement-specific acceptance; integrated evidence must be linked before PASS.
word/document.xml/p106	14. Personalized POD Template Architecture	14. Personalized POD Template Architecture	TRACE_REVIEW_REQUIRED	includes/POD/ProductionTemplateContract.php; includes/POD/ProductionTemplateRepository.php	Presence is not requirement-specific acceptance; integrated evidence must be linked before PASS.
word/document.xml/p107	14. Personalized POD Template Architecture	A production template is keyed primarily by physical product + provider + blueprint/product + variant set + decoration method + region + print-area geometry, not by every marketing concept. A single certified template can support many listing concepts and personalization engines.	TRACE_REVIEW_REQUIRED	includes/POD/ProductionTemplateContract.php; includes/POD/ProductionTemplateRepository.php	Presence is not requirement-specific acceptance; integrated evidence must be linked before PASS.
word/document.xml/table19/r1/c1/p1	14. Personalized POD Template Architecture	Template component	TRACE_REVIEW_REQUIRED	includes/POD/ProductionTemplateContract.php; includes/POD/ProductionTemplateRepository.php	Presence is not requirement-specific acceptance; integrated evidence must be linked before PASS.
word/document.xml/table19/r1/c2/p1	14. Personalized POD Template Architecture	Required evidence	TRACE_REVIEW_REQUIRED	includes/POD/ProductionTemplateContract.php; includes/POD/ProductionTemplateRepository.php	Presence is not requirement-specific acceptance; integrated evidence must be linked before PASS.
word/document.xml/table19/r2/c1/p1	14. Personalized POD Template Architecture	Provider identity	TRACE_REVIEW_REQUIRED	includes/POD/ProductionTemplateContract.php; includes/POD/ProductionTemplateRepository.php	Presence is not requirement-specific acceptance; integrated evidence must be linked before PASS.
word/document.xml/table19/r2/c2/p1	14. Personalized POD Template Architecture	Printify first; later provider adapters separately certified.	TRACE_REVIEW_REQUIRED	includes/POD/ProductionTemplateContract.php; includes/POD/ProductionTemplateRepository.php	Presence is not requirement-specific acceptance; integrated evidence must be linked before PASS.
word/document.xml/table19/r3/c1/p1	14. Personalized POD Template Architecture	Blueprint/product	TRACE_REVIEW_REQUIRED	includes/POD/ProductionTemplateContract.php; includes/POD/ProductionTemplateRepository.php	Presence is not requirement-specific acceptance; integrated evidence must be linked before PASS.
word/document.xml/table19/r3/c2/p1	14. Personalized POD Template Architecture	Exact provider product/blueprint ID.	TRACE_REVIEW_REQUIRED	includes/POD/ProductionTemplateContract.php; includes/POD/ProductionTemplateRepository.php	Presence is not requirement-specific acceptance; integrated evidence must be linked before PASS.
word/document.xml/table19/r4/c1/p1	14. Personalized POD Template Architecture	Print provider	TRACE_REVIEW_REQUIRED	includes/POD/ProductionTemplateContract.php; includes/POD/ProductionTemplateRepository.php	Presence is not requirement-specific acceptance; integrated evidence must be linked before PASS.
word/document.xml/table19/r4/c2/p1	14. Personalized POD Template Architecture	Exact provider/route and region.	TRACE_REVIEW_REQUIRED	includes/POD/ProductionTemplateContract.php; includes/POD/ProductionTemplateRepository.php	Presence is not requirement-specific acceptance; integrated evidence must be linked before PASS.
word/document.xml/table19/r5/c1/p1	14. Personalized POD Template Architecture	Variants	TRACE_REVIEW_REQUIRED	includes/POD/ProductionTemplateContract.php; includes/POD/ProductionTemplateRepository.php	Presence is not requirement-specific acceptance; integrated evidence must be linked before PASS.
word/document.xml/table19/r5/c2/p1	14. Personalized POD Template Architecture	Approved variant IDs, sizes/colors/options.	TRACE_REVIEW_REQUIRED	includes/POD/ProductionTemplateContract.php; includes/POD/ProductionTemplateRepository.php	Presence is not requirement-specific acceptance; integrated evidence must be linked before PASS.
word/document.xml/table19/r6/c1/p1	14. Personalized POD Template Architecture	Decoration method	TRACE_REVIEW_REQUIRED	includes/POD/ProductionTemplateContract.php; includes/POD/ProductionTemplateRepository.php	Presence is not requirement-specific acceptance; integrated evidence must be linked before PASS.
word/document.xml/table19/r6/c2/p1	14. Personalized POD Template Architecture	DTG, sublimation, AOP, embroidery, UV, etc.	TRACE_REVIEW_REQUIRED	includes/POD/ProductionTemplateContract.php; includes/POD/ProductionTemplateRepository.php	Presence is not requirement-specific acceptance; integrated evidence must be linked before PASS.
word/document.xml/table19/r7/c1/p1	14. Personalized POD Template Architecture	Print areas	TRACE_REVIEW_REQUIRED	includes/POD/ProductionTemplateContract.php; includes/POD/ProductionTemplateRepository.php	Presence is not requirement-specific acceptance; integrated evidence must be linked before PASS.
word/document.xml/table19/r7/c2/p1	14. Personalized POD Template Architecture	Provider-authoritative dimensions/positions/safe zones/bleed.	TRACE_REVIEW_REQUIRED	includes/POD/ProductionTemplateContract.php; includes/POD/ProductionTemplateRepository.php	Presence is not requirement-specific acceptance; integrated evidence must be linked before PASS.
word/document.xml/table19/r8/c1/p1	14. Personalized POD Template Architecture	Personalization schema	TRACE_REVIEW_REQUIRED	includes/POD/ProductionTemplateContract.php; includes/POD/ProductionTemplateRepository.php	Presence is not requirement-specific acceptance; integrated evidence must be linked before PASS.
word/document.xml/table19/r8/c2/p1	14. Personalized POD Template Architecture	Typed customer inputs, required/optional rules, length/format constraints.	TRACE_REVIEW_REQUIRED	includes/POD/ProductionTemplateContract.php; includes/POD/ProductionTemplateRepository.php	Presence is not requirement-specific acceptance; integrated evidence must be linked before PASS.
word/document.xml/table19/r9/c1/p1	14. Personalized POD Template Architecture	Renderer	TRACE_REVIEW_REQUIRED	includes/POD/ProductionTemplateContract.php; includes/POD/ProductionTemplateRepository.php	Presence is not requirement-specific acceptance; integrated evidence must be linked before PASS.
word/document.xml/table19/r9/c2/p1	14. Personalized POD Template Architecture	Deterministic rendering where possible; versioned.	TRACE_REVIEW_REQUIRED	includes/POD/ProductionTemplateContract.php; includes/POD/ProductionTemplateRepository.php	Presence is not requirement-specific acceptance; integrated evidence must be linked before PASS.
word/document.xml/table19/r10/c1/p1	14. Personalized POD Template Architecture	Preview/mockup	TRACE_REVIEW_REQUIRED	includes/POD/ProductionTemplateContract.php; includes/POD/ProductionTemplateRepository.php	Presence is not requirement-specific acceptance; integrated evidence must be linked before PASS.
word/document.xml/table19/r10/c2/p1	14. Personalized POD Template Architecture	Generated from the same approved personalization/render payload used for production.	TRACE_REVIEW_REQUIRED	includes/POD/ProductionTemplateContract.php; includes/POD/ProductionTemplateRepository.php	Presence is not requirement-specific acceptance; integrated evidence must be linked before PASS.
word/document.xml/table19/r11/c1/p1	14. Personalized POD Template Architecture	QA	TRACE_REVIEW_REQUIRED	includes/POD/ProductionTemplateContract.php; includes/POD/ProductionTemplateRepository.php	Presence is not requirement-specific acceptance; integrated evidence must be linked before PASS.
word/document.xml/table19/r11/c2/p1	14. Personalized POD Template Architecture	Geometry, clipping, safe zone, seam/panel, resolution, text, spelling and asset integrity.	TRACE_REVIEW_REQUIRED	includes/POD/ProductionTemplateContract.php; includes/POD/ProductionTemplateRepository.php	Presence is not requirement-specific acceptance; integrated evidence must be linked before PASS.
word/document.xml/table19/r12/c1/p1	14. Personalized POD Template Architecture	Commercial evidence	TRACE_REVIEW_REQUIRED	includes/POD/ProductionTemplateContract.php; includes/POD/ProductionTemplateRepository.php	Presence is not requirement-specific acceptance; integrated evidence must be linked before PASS.
word/document.xml/table19/r12/c2/p1	14. Personalized POD Template Architecture	Cost, shipping, margin, provider suitability.	TRACE_REVIEW_REQUIRED	includes/POD/ProductionTemplateContract.php; includes/POD/ProductionTemplateRepository.php	Presence is not requirement-specific acceptance; integrated evidence must be linked before PASS.
word/document.xml/table19/r13/c1/p1	14. Personalized POD Template Architecture	Approval state	TRACE_REVIEW_REQUIRED	includes/POD/ProductionTemplateContract.php; includes/POD/ProductionTemplateRepository.php	Presence is not requirement-specific acceptance; integrated evidence must be linked before PASS.
word/document.xml/table19/r13/c2/p1	14. Personalized POD Template Architecture	Human-approved template/version before use in production.	TRACE_REVIEW_REQUIRED	includes/POD/ProductionTemplateContract.php; includes/POD/ProductionTemplateRepository.php	Presence is not requirement-specific acceptance; integrated evidence must be linked before PASS.
word/document.xml/p110	15. Printify Strategy	15. Printify Strategy	TRACE_REVIEW_REQUIRED	includes/POD/ProductionTemplateContract.php	Presence is not requirement-specific acceptance; integrated evidence must be linked before PASS.
word/document.xml/p111	15. Printify Strategy	Printify is the Phase-1 POD provider. Provider integration must remain shop-scoped and product/template-scoped. Shops 2 and 3 should use distinct provider shop identities/mappings even if credentials are shared where supported. Gelato and additional providers remain adapters behind the provider abstraction and must not be activated until separately implemented, tested and certified.	TRACE_REVIEW_REQUIRED	includes/POD/ProductionTemplateContract.php	Presence is not requirement-specific acceptance; integrated evidence must be linked before PASS.
word/document.xml/p112	15. Printify Strategy	For personalized POD, Printify production approval should remain manual/controlled. DigiForge may prepare provider payloads and previews, but final production submission requires explicit authorization. Automatic provider production must not be enabled merely because order intake succeeds.	TRACE_REVIEW_REQUIRED	includes/POD/ProductionTemplateContract.php	Presence is not requirement-specific acceptance; integrated evidence must be linked before PASS.
word/document.xml/p113	16. Etsy Architecture	16. Etsy Architecture	TRACE_REVIEW_REQUIRED	includes/Listings/EtsyOrderWebhookLifecycle.php; includes/POD/ControlledExecutionTransaction.php	Presence is not requirement-specific acceptance; integrated evidence must be linked before PASS.
word/document.xml/p114	16. Etsy Architecture	Etsy integration uses official Open API v3 semantics, OAuth 2.0 Authorization Code + PKCE, shop-scoped identity, controlled draft/media/file operations, operation ledger, idempotency and reconciliation. Draft and publish are separate authorities.	TRACE_REVIEW_REQUIRED	includes/Listings/EtsyOrderWebhookLifecycle.php; includes/POD/ControlledExecutionTransaction.php	Presence is not requirement-specific acceptance; integrated evidence must be linked before PASS.
word/document.xml/p115	16. Etsy Architecture	16.1 Current production Etsy shops	TRACE_REVIEW_REQUIRED	includes/Listings/EtsyOrderWebhookLifecycle.php; includes/POD/ControlledExecutionTransaction.php	Presence is not requirement-specific acceptance; integrated evidence must be linked before PASS.
word/document.xml/table20/r1/c1/p1	16. Etsy Architecture	Connection	TRACE_REVIEW_REQUIRED	includes/Listings/EtsyOrderWebhookLifecycle.php; includes/POD/ControlledExecutionTransaction.php	Presence is not requirement-specific acceptance; integrated evidence must be linked before PASS.
word/document.xml/table20/r1/c2/p1	16. Etsy Architecture	Integration	TRACE_REVIEW_REQUIRED	includes/Listings/EtsyOrderWebhookLifecycle.php; includes/POD/ControlledExecutionTransaction.php	Presence is not requirement-specific acceptance; integrated evidence must be linked before PASS.
word/document.xml/table20/r1/c3/p1	16. Etsy Architecture	Shop ID	TRACE_REVIEW_REQUIRED	includes/Listings/EtsyOrderWebhookLifecycle.php; includes/POD/ControlledExecutionTransaction.php	Presence is not requirement-specific acceptance; integrated evidence must be linked before PASS.
word/document.xml/table20/r1/c4/p1	16. Etsy Architecture	Shop	TRACE_REVIEW_REQUIRED	includes/Listings/EtsyOrderWebhookLifecycle.php; includes/POD/ControlledExecutionTransaction.php	Presence is not requirement-specific acceptance; integrated evidence must be linked before PASS.
word/document.xml/table20/r2/c1/p1	16. Etsy Architecture	etsy_digital	TRACE_REVIEW_REQUIRED	includes/Listings/EtsyOrderWebhookLifecycle.php; includes/POD/ControlledExecutionTransaction.php	Presence is not requirement-specific acceptance; integrated evidence must be linked before PASS.
word/document.xml/table20/r2/c2/p1	16. Etsy Architecture	1	TRACE_REVIEW_REQUIRED	includes/Listings/EtsyOrderWebhookLifecycle.php; includes/POD/ControlledExecutionTransaction.php	Presence is not requirement-specific acceptance; integrated evidence must be linked before PASS.
word/document.xml/table20/r2/c3/p1	16. Etsy Architecture	67757764	TRACE_REVIEW_REQUIRED	includes/Listings/EtsyOrderWebhookLifecycle.php; includes/POD/ControlledExecutionTransaction.php	Presence is not requirement-specific acceptance; integrated evidence must be linked before PASS.
word/document.xml/table20/r2/c4/p1	16. Etsy Architecture	KinetiqMatrixDesigns	TRACE_REVIEW_REQUIRED	includes/Listings/EtsyOrderWebhookLifecycle.php; includes/POD/ControlledExecutionTransaction.php	Presence is not requirement-specific acceptance; integrated evidence must be linked before PASS.
word/document.xml/table20/r3/c1/p1	16. Etsy Architecture	etsy_goods	TRACE_REVIEW_REQUIRED	includes/Listings/EtsyOrderWebhookLifecycle.php; includes/POD/ControlledExecutionTransaction.php	Presence is not requirement-specific acceptance; integrated evidence must be linked before PASS.
word/document.xml/table20/r3/c2/p1	16. Etsy Architecture	2	TRACE_REVIEW_REQUIRED	includes/Listings/EtsyOrderWebhookLifecycle.php; includes/POD/ControlledExecutionTransaction.php	Presence is not requirement-specific acceptance; integrated evidence must be linked before PASS.
word/document.xml/table20/r3/c3/p1	16. Etsy Architecture	68031896	TRACE_REVIEW_REQUIRED	includes/Listings/EtsyOrderWebhookLifecycle.php; includes/POD/ControlledExecutionTransaction.php	Presence is not requirement-specific acceptance; integrated evidence must be linked before PASS.
word/document.xml/table20/r3/c4/p1	16. Etsy Architecture	DigicraftifyShop	TRACE_REVIEW_REQUIRED	includes/Listings/EtsyOrderWebhookLifecycle.php; includes/POD/ControlledExecutionTransaction.php	Presence is not requirement-specific acceptance; integrated evidence must be linked before PASS.
word/document.xml/p118	16. Etsy Architecture	Future Shop 3 and Shop 4 Etsy identities must be added as separate shop profiles/connections with independent controls and evidence. Before onboarding additional shops, current Etsy developer/app/OAuth rules must be re-verified.	TRACE_REVIEW_REQUIRED	includes/Listings/EtsyOrderWebhookLifecycle.php; includes/POD/ControlledExecutionTransaction.php	Presence is not requirement-specific acceptance; integrated evidence must be linked before PASS.
word/document.xml/p119	16. Etsy Architecture	16.2 Controlled external operation lifecycle	TRACE_REVIEW_REQUIRED	includes/Listings/EtsyOrderWebhookLifecycle.php; includes/POD/ControlledExecutionTransaction.php	Presence is not requirement-specific acceptance; integrated evidence must be linked before PASS.
word/document.xml/p120	16. Etsy Architecture	Approved local intent → scoped execution authorization / one-time permit → operation-scoped credential access → controlled adapter request → external-attempt evidence → SENT → normalized CONFIRMED_SUCCESS / CONFIRMED_FAILURE / UNKNOWN → reconciliation before any retry of UNKNOWN.	TRACE_REVIEW_REQUIRED	includes/Listings/EtsyOrderWebhookLifecycle.php; includes/POD/ControlledExecutionTransaction.php	Presence is not requirement-specific acceptance; integrated evidence must be linked before PASS.
word/document.xml/p121	16. Etsy Architecture	CONFIRMED_SUCCESS is terminal and requires external evidence/reference.	TRACE_REVIEW_REQUIRED	includes/Listings/EtsyOrderWebhookLifecycle.php; includes/POD/ControlledExecutionTransaction.php	Presence is not requirement-specific acceptance; integrated evidence must be linked before PASS.
word/document.xml/p122	16. Etsy Architecture	CONFIRMED_FAILURE may be retried only as a new operation with fresh authorization/idempotency identity.	TRACE_REVIEW_REQUIRED	includes/Listings/EtsyOrderWebhookLifecycle.php; includes/POD/ControlledExecutionTransaction.php	Presence is not requirement-specific acceptance; integrated evidence must be linked before PASS.
word/document.xml/p123	16. Etsy Architecture	UNKNOWN requires reconciliation before retry.	TRACE_REVIEW_REQUIRED	includes/Listings/EtsyOrderWebhookLifecycle.php; includes/POD/ControlledExecutionTransaction.php	Presence is not requirement-specific acceptance; integrated evidence must be linked before PASS.
word/document.xml/p124	16. Etsy Architecture	Consumed authorization without an external attempt requires replacement authorization; never reuse the consumed nonce.	TRACE_REVIEW_REQUIRED	includes/Listings/EtsyOrderWebhookLifecycle.php; includes/POD/ControlledExecutionTransaction.php	Presence is not requirement-specific acceptance; integrated evidence must be linked before PASS.
word/document.xml/p125	16. Etsy Architecture	Credentials are deferred until transport is ready and never exposed to frontend/logs.	TRACE_REVIEW_REQUIRED	includes/Listings/EtsyOrderWebhookLifecycle.php; includes/POD/ControlledExecutionTransaction.php	Presence is not requirement-specific acceptance; integrated evidence must be linked before PASS.
word/document.xml/p126	16. Etsy Architecture	Publish remains a separate explicit human gate.	TRACE_REVIEW_REQUIRED	includes/Listings/EtsyOrderWebhookLifecycle.php; includes/POD/ControlledExecutionTransaction.php	Presence is not requirement-specific acceptance; integrated evidence must be linked before PASS.
word/document.xml/p127	16. Etsy Architecture	16.3 Digital file upload safety	TRACE_REVIEW_REQUIRED	includes/Listings/EtsyOrderWebhookLifecycle.php; includes/POD/ControlledExecutionTransaction.php	Presence is not requirement-specific acceptance; integrated evidence must be linked before PASS.
word/document.xml/p128	16. Etsy Architecture	The v1.0.65 multipart runtime fix was proven in production by successful Product #25 file upload. The governed upload selects only the approved customer-package ZIP and binds listing identity, filename, rank, size and SHA evidence. Historical failed attempts remain immutable.	TRACE_REVIEW_REQUIRED	includes/Listings/EtsyOrderWebhookLifecycle.php; includes/POD/ControlledExecutionTransaction.php	Presence is not requirement-specific acceptance; integrated evidence must be linked before PASS.
word/document.xml/p129	16. Etsy Architecture	16.4 Webhooks	TRACE_REVIEW_REQUIRED	includes/Listings/EtsyOrderWebhookLifecycle.php; includes/POD/ControlledExecutionTransaction.php	Presence is not requirement-specific acceptance; integrated evidence must be linked before PASS.
word/document.xml/p130	16. Etsy Architecture	Webhook ingress is public by necessity but signature-first. The signing secret is server-side only, expected in DIGIFORGE_ETSY_WEBHOOK_SECRET, never accepted from a request parameter, never displayed, and never stored in logs/chat. Replay window is 300 seconds and raw body is bounded. Supported lifecycle events currently include order.paid, order.canceled, order.shipped and order.delivered.	TRACE_REVIEW_REQUIRED	includes/Listings/EtsyOrderWebhookLifecycle.php; includes/POD/ControlledExecutionTransaction.php	Presence is not requirement-specific acceptance; integrated evidence must be linked before PASS.
word/document.xml/p131	16. Etsy Architecture	Production webhook readiness is currently CONFIGURATION_REQUIRED because the signing secret is not configured. Webhook configuration and Etsy subscription setup must use a safe server-side mechanism and current official Etsy documentation. Do not paste the secret into chat or commit it to the repository.	TRACE_REVIEW_REQUIRED	includes/Listings/EtsyOrderWebhookLifecycle.php; includes/POD/ControlledExecutionTransaction.php	Presence is not requirement-specific acceptance; integrated evidence must be linked before PASS.
word/document.xml/p132	17. Orders and Fulfillment	17. Orders and Fulfillment	TRACE_REVIEW_REQUIRED	includes/Orders/Repository.php; includes/Orders/ApprovedPodMappingResolver.php	Presence is not requirement-specific acceptance; integrated evidence must be linked before PASS.
word/document.xml/p133	17. Orders and Fulfillment	Order intake preserves shop/listing/product version/provider mapping/currency/personalization identity. External webhook payloads are not trusted for internal IDs or provider mappings. Resolvers must bind external Etsy identities to exactly one approved internal listing/product and derive provider mapping from approved internal evidence.	TRACE_REVIEW_REQUIRED	includes/Orders/Repository.php; includes/Orders/ApprovedPodMappingResolver.php	Presence is not requirement-specific acceptance; integrated evidence must be linked before PASS.
word/document.xml/p134	17. Orders and Fulfillment	Digital-only lines do not require POD provider mapping. POD lines require unique approved mapping/binding. Hybrid cases must be handled explicitly and fail closed when product/listing/provider intent is ambiguous.	TRACE_REVIEW_REQUIRED	includes/Orders/Repository.php; includes/Orders/ApprovedPodMappingResolver.php	Presence is not requirement-specific acceptance; integrated evidence must be linked before PASS.
word/document.xml/p135	17. Orders and Fulfillment	Order states requiring review must be persisted in the local order record, not merely returned in an API response. No automatic APPROVED transition is permitted. Shipment/delivery webhook evidence is informational and must not be treated as authoritative provider fulfillment authorization.	TRACE_REVIEW_REQUIRED	includes/Orders/Repository.php; includes/Orders/ApprovedPodMappingResolver.php	Presence is not requirement-specific acceptance; integrated evidence must be linked before PASS.
word/document.xml/p136	18. Digital Order Delivery Evidence	18. Digital Order Delivery Evidence	TRACE_REVIEW_REQUIRED	includes/Listings/EtsyDigitalFileVerification.php	Presence is not requirement-specific acceptance; integrated evidence must be linked before PASS.
word/document.xml/p137	18. Digital Order Delivery Evidence	For Etsy digital orders, DigiForge should prove delivery configuration from persisted evidence: approved internal listing → confirmed Etsy CREATE_DRAFT identity → confirmed UPLOAD_FILE operation → positive external listing_file_id bound to the same listing. This proves that the listing was configured with a delivery file; it does not prove that a buyer downloaded the file. Buyer-download claims require separate provider evidence if ever supported.	TRACE_REVIEW_REQUIRED	includes/Listings/EtsyDigitalFileVerification.php	Presence is not requirement-specific acceptance; integrated evidence must be linked before PASS.
word/document.xml/p138	19. Human Approval Model	19. Human Approval Model	TRACE_REVIEW_REQUIRED	includes/POD/ApprovalRecord.php	Presence is not requirement-specific acceptance; integrated evidence must be linked before PASS.
word/document.xml/table21/r1/c1/p1	19. Human Approval Model	Gate	TRACE_REVIEW_REQUIRED	includes/POD/ApprovalRecord.php	Presence is not requirement-specific acceptance; integrated evidence must be linked before PASS.
word/document.xml/table21/r1/c2/p1	19. Human Approval Model	Decision	TRACE_REVIEW_REQUIRED	includes/POD/ApprovalRecord.php	Presence is not requirement-specific acceptance; integrated evidence must be linked before PASS.
word/document.xml/table21/r2/c1/p1	19. Human Approval Model	Gate 1 — Opportunity Approval	TRACE_REVIEW_REQUIRED	includes/POD/ApprovalRecord.php	Presence is not requirement-specific acceptance; integrated evidence must be linked before PASS.
word/document.xml/table21/r2/c2/p1	19. Human Approval Model	Should DigiForge make/develop this opportunity?	TRACE_REVIEW_REQUIRED	includes/POD/ApprovalRecord.php	Presence is not requirement-specific acceptance; integrated evidence must be linked before PASS.
word/document.xml/table21/r3/c1/p1	19. Human Approval Model	Gate 2 — Product Approval	TRACE_REVIEW_REQUIRED	includes/POD/ApprovalRecord.php	Presence is not requirement-specific acceptance; integrated evidence must be linked before PASS.
word/document.xml/table21/r3/c2/p1	19. Human Approval Model	Is the finished product/template commercially and technically good enough to sell?	TRACE_REVIEW_REQUIRED	includes/POD/ApprovalRecord.php	Presence is not requirement-specific acceptance; integrated evidence must be linked before PASS.
word/document.xml/table21/r4/c1/p1	19. Human Approval Model	Gate 3 — Listing/Publish Approval	TRACE_REVIEW_REQUIRED	includes/POD/ApprovalRecord.php	Presence is not requirement-specific acceptance; integrated evidence must be linked before PASS.
word/document.xml/table21/r4/c2/p1	19. Human Approval Model	Is this exact listing ready to go live?	TRACE_REVIEW_REQUIRED	includes/POD/ApprovalRecord.php	Presence is not requirement-specific acceptance; integrated evidence must be linked before PASS.
word/document.xml/table21/r5/c1/p1	19. Human Approval Model	Personalized order preview approval	TRACE_REVIEW_REQUIRED	includes/POD/ApprovalRecord.php	Presence is not requirement-specific acceptance; integrated evidence must be linked before PASS.
word/document.xml/table21/r5/c2/p1	19. Human Approval Model	Is this exact buyer-specific design correct and acceptable?	TRACE_REVIEW_REQUIRED	includes/POD/ApprovalRecord.php	Presence is not requirement-specific acceptance; integrated evidence must be linked before PASS.
word/document.xml/table21/r6/c1/p1	19. Human Approval Model	Production Authorization	TRACE_REVIEW_REQUIRED	includes/POD/ApprovalRecord.php	Presence is not requirement-specific acceptance; integrated evidence must be linked before PASS.
word/document.xml/table21/r6/c2/p1	19. Human Approval Model	May this exact approved personalized payload be submitted to the provider for production?	TRACE_REVIEW_REQUIRED	includes/POD/ApprovalRecord.php	Presence is not requirement-specific acceptance; integrated evidence must be linked before PASS.
word/document.xml/p141	19. Human Approval Model	These gates are evidence boundaries, not UI decorations. The exact version/payload approved must be the version/payload executed.	TRACE_REVIEW_REQUIRED	includes/POD/ApprovalRecord.php	Presence is not requirement-specific acceptance; integrated evidence must be linked before PASS.
word/document.xml/p142	20. Admin Experience — DigiForge Website, Not WordPress Admin	20. Admin Experience — DigiForge Website, Not WordPress Admin	TRACE_REVIEW_REQUIRED	includes/Portal/Portal.php; includes/Portal/OperationalDepthReadModel.php	Presence is not requirement-specific acceptance; integrated evidence must be linked before PASS.
word/document.xml/p143	20. Admin Experience — DigiForge Website, Not WordPress Admin	Normal day-to-day business operation must occur in the DigiForge live-site portal. WordPress admin is infrastructure/maintenance only. The operator should not need wp-admin for normal research, approvals, listings, orders, provider operations, finance, AI budgets or reconciliation.	TRACE_REVIEW_REQUIRED	includes/Portal/Portal.php; includes/Portal/OperationalDepthReadModel.php	Presence is not requirement-specific acceptance; integrated evidence must be linked before PASS.
word/document.xml/table22/r1/c1/p1	20. Admin Experience — DigiForge Website, Not WordPress Admin	Portal area	TRACE_REVIEW_REQUIRED	includes/Portal/Portal.php; includes/Portal/OperationalDepthReadModel.php	Presence is not requirement-specific acceptance; integrated evidence must be linked before PASS.
word/document.xml/table22/r1/c2/p1	20. Admin Experience — DigiForge Website, Not WordPress Admin	Required capability	TRACE_REVIEW_REQUIRED	includes/Portal/Portal.php; includes/Portal/OperationalDepthReadModel.php	Presence is not requirement-specific acceptance; integrated evidence must be linked before PASS.
word/document.xml/table22/r2/c1/p1	20. Admin Experience — DigiForge Website, Not WordPress Admin	Global Dashboard	TRACE_REVIEW_REQUIRED	includes/Portal/Portal.php; includes/Portal/OperationalDepthReadModel.php	Presence is not requirement-specific acceptance; integrated evidence must be linked before PASS.
word/document.xml/table22/r2/c2/p1	20. Admin Experience — DigiForge Website, Not WordPress Admin	Readiness, STOP ALL, blockers, approvals, queue health, shop KPIs, spend and alerts.	TRACE_REVIEW_REQUIRED	includes/Portal/Portal.php; includes/Portal/OperationalDepthReadModel.php	Presence is not requirement-specific acceptance; integrated evidence must be linked before PASS.
word/document.xml/table22/r3/c1/p1	20. Admin Experience — DigiForge Website, Not WordPress Admin	Shop Switcher	TRACE_REVIEW_REQUIRED	includes/Portal/Portal.php; includes/Portal/OperationalDepthReadModel.php	Presence is not requirement-specific acceptance; integrated evidence must be linked before PASS.
word/document.xml/table22/r3/c2/p1	20. Admin Experience — DigiForge Website, Not WordPress Admin	All Shops / Digital / Personalized POD / Standard POD / Jewelry; selected shop scopes every view.	TRACE_REVIEW_REQUIRED	includes/Portal/Portal.php; includes/Portal/OperationalDepthReadModel.php	Presence is not requirement-specific acceptance; integrated evidence must be linked before PASS.
word/document.xml/table22/r4/c1/p1	20. Admin Experience — DigiForge Website, Not WordPress Admin	Businesses / Brands / Shops	TRACE_REVIEW_REQUIRED	includes/Portal/Portal.php; includes/Portal/OperationalDepthReadModel.php	Presence is not requirement-specific acceptance; integrated evidence must be linked before PASS.
word/document.xml/table22/r4/c2/p1	20. Admin Experience — DigiForge Website, Not WordPress Admin	Ownership, shop identities, environments, provider connections and shop-level policy.	TRACE_REVIEW_REQUIRED	includes/Portal/Portal.php; includes/Portal/OperationalDepthReadModel.php	Presence is not requirement-specific acceptance; integrated evidence must be linked before PASS.
word/document.xml/table22/r5/c1/p1	20. Admin Experience — DigiForge Website, Not WordPress Admin	Research / Opportunities	TRACE_REVIEW_REQUIRED	includes/Portal/Portal.php; includes/Portal/OperationalDepthReadModel.php	Presence is not requirement-specific acceptance; integrated evidence must be linked before PASS.
word/document.xml/table22/r5/c2/p1	20. Admin Experience — DigiForge Website, Not WordPress Admin	Manual runs, evidence, scores, shortlist, quantity/budget limits and approval.	TRACE_REVIEW_REQUIRED	includes/Portal/Portal.php; includes/Portal/OperationalDepthReadModel.php	Presence is not requirement-specific acceptance; integrated evidence must be linked before PASS.
word/document.xml/table22/r6/c1/p1	20. Admin Experience — DigiForge Website, Not WordPress Admin	Digital Factory	TRACE_REVIEW_REQUIRED	includes/Portal/Portal.php; includes/Portal/OperationalDepthReadModel.php	Presence is not requirement-specific acceptance; integrated evidence must be linked before PASS.
word/document.xml/table22/r6/c2/p1	20. Admin Experience — DigiForge Website, Not WordPress Admin	Products, versions, assets, QA, profitability, listing readiness.	TRACE_REVIEW_REQUIRED	includes/Portal/Portal.php; includes/Portal/OperationalDepthReadModel.php	Presence is not requirement-specific acceptance; integrated evidence must be linked before PASS.
word/document.xml/table22/r7/c1/p1	20. Admin Experience — DigiForge Website, Not WordPress Admin	Personalized POD	TRACE_REVIEW_REQUIRED	includes/Portal/Portal.php; includes/Portal/OperationalDepthReadModel.php	Presence is not requirement-specific acceptance; integrated evidence must be linked before PASS.
word/document.xml/table22/r7/c2/p1	20. Admin Experience — DigiForge Website, Not WordPress Admin	Master catalogs, product families, personalization engines, templates, mappings, print areas, mockups, supplier readiness.	TRACE_REVIEW_REQUIRED	includes/Portal/Portal.php; includes/Portal/OperationalDepthReadModel.php	Presence is not requirement-specific acceptance; integrated evidence must be linked before PASS.
word/document.xml/table22/r8/c1/p1	20. Admin Experience — DigiForge Website, Not WordPress Admin	Products / Versions	TRACE_REVIEW_REQUIRED	includes/Portal/Portal.php; includes/Portal/OperationalDepthReadModel.php	Presence is not requirement-specific acceptance; integrated evidence must be linked before PASS.
word/document.xml/table22/r8/c2/p1	20. Admin Experience — DigiForge Website, Not WordPress Admin	Canonical products and immutable released versions.	TRACE_REVIEW_REQUIRED	includes/Portal/Portal.php; includes/Portal/OperationalDepthReadModel.php	Presence is not requirement-specific acceptance; integrated evidence must be linked before PASS.
word/document.xml/table22/r9/c1/p1	20. Admin Experience — DigiForge Website, Not WordPress Admin	Listings / Etsy	TRACE_REVIEW_REQUIRED	includes/Portal/Portal.php; includes/Portal/OperationalDepthReadModel.php	Presence is not requirement-specific acceptance; integrated evidence must be linked before PASS.
word/document.xml/table22/r9/c2/p1	20. Admin Experience — DigiForge Website, Not WordPress Admin	Draft packages, intents, operations, digital files/media, reconciliation, publish gates.	TRACE_REVIEW_REQUIRED	includes/Portal/Portal.php; includes/Portal/OperationalDepthReadModel.php	Presence is not requirement-specific acceptance; integrated evidence must be linked before PASS.
word/document.xml/table22/r10/c1/p1	20. Admin Experience — DigiForge Website, Not WordPress Admin	Orders / Personalization	TRACE_REVIEW_REQUIRED	includes/Portal/Portal.php; includes/Portal/OperationalDepthReadModel.php	Presence is not requirement-specific acceptance; integrated evidence must be linked before PASS.
word/document.xml/table22/r10/c2/p1	20. Admin Experience — DigiForge Website, Not WordPress Admin	Orders, buyer inputs, normalized personalization, previews, review queues.	TRACE_REVIEW_REQUIRED	includes/Portal/Portal.php; includes/Portal/OperationalDepthReadModel.php	Presence is not requirement-specific acceptance; integrated evidence must be linked before PASS.
word/document.xml/table22/r11/c1/p1	20. Admin Experience — DigiForge Website, Not WordPress Admin	Fulfillment / Providers	TRACE_REVIEW_REQUIRED	includes/Portal/Portal.php; includes/Portal/OperationalDepthReadModel.php	Presence is not requirement-specific acceptance; integrated evidence must be linked before PASS.
word/document.xml/table22/r11/c2/p1	20. Admin Experience — DigiForge Website, Not WordPress Admin	Provider plans, mappings, prepared orders, production authorization, tracking/errors.	TRACE_REVIEW_REQUIRED	includes/Portal/Portal.php; includes/Portal/OperationalDepthReadModel.php	Presence is not requirement-specific acceptance; integrated evidence must be linked before PASS.
word/document.xml/table22/r12/c1/p1	20. Admin Experience — DigiForge Website, Not WordPress Admin	Approvals	TRACE_REVIEW_REQUIRED	includes/Portal/Portal.php; includes/Portal/OperationalDepthReadModel.php	Presence is not requirement-specific acceptance; integrated evidence must be linked before PASS.
word/document.xml/table22/r12/c2/p1	20. Admin Experience — DigiForge Website, Not WordPress Admin	Human-in-the-loop inbox with exact evidence and action boundaries.	TRACE_REVIEW_REQUIRED	includes/Portal/Portal.php; includes/Portal/OperationalDepthReadModel.php	Presence is not requirement-specific acceptance; integrated evidence must be linked before PASS.
word/document.xml/table22/r13/c1/p1	20. Admin Experience — DigiForge Website, Not WordPress Admin	Automation / Queues	TRACE_REVIEW_REQUIRED	includes/Portal/Portal.php; includes/Portal/OperationalDepthReadModel.php	Presence is not requirement-specific acceptance; integrated evidence must be linked before PASS.
word/document.xml/table22/r13/c2/p1	20. Admin Experience — DigiForge Website, Not WordPress Admin	Action Scheduler jobs, retries, blocked jobs, dead-letter/recovery.	TRACE_REVIEW_REQUIRED	includes/Portal/Portal.php; includes/Portal/OperationalDepthReadModel.php	Presence is not requirement-specific acceptance; integrated evidence must be linked before PASS.
word/document.xml/table22/r14/c1/p1	20. Admin Experience — DigiForge Website, Not WordPress Admin	Integrations	TRACE_REVIEW_REQUIRED	includes/Portal/Portal.php; includes/Portal/OperationalDepthReadModel.php	Presence is not requirement-specific acceptance; integrated evidence must be linked before PASS.
word/document.xml/table22/r14/c2/p1	20. Admin Experience — DigiForge Website, Not WordPress Admin	Etsy, Printify, future Gelato/providers, AI connection state; never display secrets.	TRACE_REVIEW_REQUIRED	includes/Portal/Portal.php; includes/Portal/OperationalDepthReadModel.php	Presence is not requirement-specific acceptance; integrated evidence must be linked before PASS.
word/document.xml/table22/r15/c1/p1	20. Admin Experience — DigiForge Website, Not WordPress Admin	AI & Budget	TRACE_REVIEW_REQUIRED	includes/Portal/Portal.php; includes/Portal/OperationalDepthReadModel.php	Presence is not requirement-specific acceptance; integrated evidence must be linked before PASS.
word/document.xml/table22/r15/c2/p1	20. Admin Experience — DigiForge Website, Not WordPress Admin	Per-shop/run quantities, model/task policies, estimated/actual spend and outcome economics.	TRACE_REVIEW_REQUIRED	includes/Portal/Portal.php; includes/Portal/OperationalDepthReadModel.php	Presence is not requirement-specific acceptance; integrated evidence must be linked before PASS.
word/document.xml/table22/r16/c1/p1	20. Admin Experience — DigiForge Website, Not WordPress Admin	Finance / GST	TRACE_REVIEW_REQUIRED	includes/Portal/Portal.php; includes/Portal/OperationalDepthReadModel.php	Presence is not requirement-specific acceptance; integrated evidence must be linked before PASS.
word/document.xml/table22/r16/c2/p1	20. Admin Experience — DigiForge Website, Not WordPress Admin	Ledger, profitability, tax-readiness, unresolved reconciliation; no automatic filing without authorization.	TRACE_REVIEW_REQUIRED	includes/Portal/Portal.php; includes/Portal/OperationalDepthReadModel.php	Presence is not requirement-specific acceptance; integrated evidence must be linked before PASS.
word/document.xml/table22/r17/c1/p1	20. Admin Experience — DigiForge Website, Not WordPress Admin	Analytics	TRACE_REVIEW_REQUIRED	includes/Portal/Portal.php; includes/Portal/OperationalDepthReadModel.php	Presence is not requirement-specific acceptance; integrated evidence must be linked before PASS.
word/document.xml/table22/r17/c2/p1	20. Admin Experience — DigiForge Website, Not WordPress Admin	Revenue, margin, conversion, defect/quality, supplier/product/shop performance.	TRACE_REVIEW_REQUIRED	includes/Portal/Portal.php; includes/Portal/OperationalDepthReadModel.php	Presence is not requirement-specific acceptance; integrated evidence must be linked before PASS.
word/document.xml/table22/r18/c1/p1	20. Admin Experience — DigiForge Website, Not WordPress Admin	Audit / Reconciliation	TRACE_REVIEW_REQUIRED	includes/Portal/Portal.php; includes/Portal/OperationalDepthReadModel.php	Presence is not requirement-specific acceptance; integrated evidence must be linked before PASS.
word/document.xml/table22/r18/c2/p1	20. Admin Experience — DigiForge Website, Not WordPress Admin	Immutable operation evidence, unresolved UNKNOWN outcomes, historical failures.	TRACE_REVIEW_REQUIRED	includes/Portal/Portal.php; includes/Portal/OperationalDepthReadModel.php	Presence is not requirement-specific acceptance; integrated evidence must be linked before PASS.
word/document.xml/table22/r19/c1/p1	20. Admin Experience — DigiForge Website, Not WordPress Admin	System Controls	TRACE_REVIEW_REQUIRED	includes/Portal/Portal.php; includes/Portal/OperationalDepthReadModel.php	Presence is not requirement-specific acceptance; integrated evidence must be linked before PASS.
word/document.xml/table22/r19/c2/p1	20. Admin Experience — DigiForge Website, Not WordPress Admin	Global safety ceilings plus shop/workflow capability policies and activation ladder.	TRACE_REVIEW_REQUIRED	includes/Portal/Portal.php; includes/Portal/OperationalDepthReadModel.php	Presence is not requirement-specific acceptance; integrated evidence must be linked before PASS.
word/document.xml/table22/r20/c1/p1	20. Admin Experience — DigiForge Website, Not WordPress Admin	Settings	TRACE_REVIEW_REQUIRED	includes/Portal/Portal.php; includes/Portal/OperationalDepthReadModel.php	Presence is not requirement-specific acceptance; integrated evidence must be linked before PASS.
word/document.xml/table22/r20/c2/p1	20. Admin Experience — DigiForge Website, Not WordPress Admin	Non-secret configuration, thresholds, policies, notification preferences.	TRACE_REVIEW_REQUIRED	includes/Portal/Portal.php; includes/Portal/OperationalDepthReadModel.php	Presence is not requirement-specific acceptance; integrated evidence must be linked before PASS.
word/document.xml/p146	20. Admin Experience — DigiForge Website, Not WordPress Admin	Tablet/mobile operation is a first-class requirement. High-risk actions require clear confirmation, exact target context and evidence summary.	TRACE_REVIEW_REQUIRED	includes/Portal/Portal.php; includes/Portal/OperationalDepthReadModel.php	Presence is not requirement-specific acceptance; integrated evidence must be linked before PASS.
word/document.xml/p147	21. Finance, Profitability and GST Readiness	21. Finance, Profitability and GST Readiness	OWNER_DEFERRED_FINANCE		Presence is not requirement-specific acceptance; integrated evidence must be linked before PASS.
word/document.xml/p148	21. Finance, Profitability and GST Readiness	Canonical finance should normalize revenue, refunds/reserves, marketplace fees, COGS, shipping, ads, AI variable cost, tax and adjustments. Profitability must be available by order, product, listing, shop and business. Product/listing/production gates may require margin evidence.	OWNER_DEFERRED_FINANCE		Presence is not requirement-specific acceptance; integrated evidence must be linked before PASS.
word/document.xml/p149	21. Finance, Profitability and GST Readiness	GST/tax automation remains evidence/preparation-only until separately authorized. Filing, money movement or irreversible tax actions require a separate explicit authorization boundary.	OWNER_DEFERRED_FINANCE		Presence is not requirement-specific acceptance; integrated evidence must be linked before PASS.
word/document.xml/p150	22. Async, Scheduling and Reliability	22. Async, Scheduling and Reliability	TRACE_REVIEW_REQUIRED		Presence is not requirement-specific acceptance; integrated evidence must be linked before PASS.
word/document.xml/p151	22. Async, Scheduling and Reliability	Action Scheduler is the primary asynchronous queue. Jobs must be bounded, idempotent, dependency-aware and recoverable. Hostinger cron should invoke scheduling independently of visitor traffic. STOP ALL and capability policies are rechecked at execution time, not only when jobs are queued.	TRACE_REVIEW_REQUIRED		Presence is not requirement-specific acceptance; integrated evidence must be linked before PASS.
word/document.xml/p152	22. Async, Scheduling and Reliability	Required reliability behavior includes retry policy by failure class, dead-letter/recovery visibility, orphan detection, replay/dedup tests, rate-limit awareness, and durable external-attempt evidence.	TRACE_REVIEW_REQUIRED		Presence is not requirement-specific acceptance; integrated evidence must be linked before PASS.
word/document.xml/p153	23. Security, Credentials and Audit	23. Security, Credentials and Audit	TRACE_REVIEW_REQUIRED	includes/Core/Settings.php; includes/POD/ControlledExecutionTransaction.php	Presence is not requirement-specific acceptance; integrated evidence must be linked before PASS.
word/document.xml/p154	23. Security, Credentials and Audit	Credentials remain server-side, encrypted/scoped and unavailable to frontend code/logs.	TRACE_REVIEW_REQUIRED	includes/Core/Settings.php; includes/POD/ControlledExecutionTransaction.php	Presence is not requirement-specific acceptance; integrated evidence must be linked before PASS.
word/document.xml/p155	23. Security, Credentials and Audit	Operation-bound credential access only after request validation and safety interlocks.	TRACE_REVIEW_REQUIRED	includes/Core/Settings.php; includes/POD/ControlledExecutionTransaction.php	Presence is not requirement-specific acceptance; integrated evidence must be linked before PASS.
word/document.xml/p156	23. Security, Credentials and Audit	Never store secrets in repository, chat, query parameters or operator-visible responses.	TRACE_REVIEW_REQUIRED	includes/Core/Settings.php; includes/POD/ControlledExecutionTransaction.php	Presence is not requirement-specific acceptance; integrated evidence must be linked before PASS.
word/document.xml/p157	23. Security, Credentials and Audit	External mutations require authorization, idempotency, durable operation evidence and reconciliation semantics.	TRACE_REVIEW_REQUIRED	includes/Core/Settings.php; includes/POD/ControlledExecutionTransaction.php	Presence is not requirement-specific acceptance; integrated evidence must be linked before PASS.
word/document.xml/p158	23. Security, Credentials and Audit	Canonical fingerprints bind approved local intent to external payload.	TRACE_REVIEW_REQUIRED	includes/Core/Settings.php; includes/POD/ControlledExecutionTransaction.php	Presence is not requirement-specific acceptance; integrated evidence must be linked before PASS.
word/document.xml/p159	23. Security, Credentials and Audit	No QA PASS without evidence. UNKNOWN never converts to PASS/CLEAR.	TRACE_REVIEW_REQUIRED	includes/Core/Settings.php; includes/POD/ControlledExecutionTransaction.php	Presence is not requirement-specific acceptance; integrated evidence must be linked before PASS.
word/document.xml/p160	23. Security, Credentials and Audit	Audit history is append-only/immutable for consequential operations; historical failures are evidence, not clutter to delete.	TRACE_REVIEW_REQUIRED	includes/Core/Settings.php; includes/POD/ControlledExecutionTransaction.php	Presence is not requirement-specific acceptance; integrated evidence must be linked before PASS.
word/document.xml/p161	23. Security, Credentials and Audit	Current attention dashboards should distinguish unresolved/current-action conditions from resolved historical failures.	TRACE_REVIEW_REQUIRED	includes/Core/Settings.php; includes/POD/ControlledExecutionTransaction.php	Presence is not requirement-specific acceptance; integrated evidence must be linked before PASS.
word/document.xml/p162	24. End-to-End Process Maps	24. End-to-End Process Maps	TRACE_REVIEW_REQUIRED	includes/Orders/Repository.php	Presence is not requirement-specific acceptance; integrated evidence must be linked before PASS.
word/document.xml/p163	24. End-to-End Process Maps	24.1 Digital product	TRACE_REVIEW_REQUIRED	includes/Orders/Repository.php	Presence is not requirement-specific acceptance; integrated evidence must be linked before PASS.
word/document.xml/p164	24. End-to-End Process Maps	Research → evidence/scoring → Opportunity Approval → product family/product/version → customer assets → marketing assets → technical QA → content/visual/commercial/IP/policy QA → profitability → Product Approval → listing package → Listing Approval → Etsy draft → digital file/media → draft QA → Publish Approval → published → analytics/optimization.	TRACE_REVIEW_REQUIRED	includes/Orders/Repository.php	Presence is not requirement-specific acceptance; integrated evidence must be linked before PASS.
word/document.xml/p165	24. End-to-End Process Maps	24.2 Personalized POD	TRACE_REVIEW_REQUIRED	includes/Orders/Repository.php	Presence is not requirement-specific acceptance; integrated evidence must be linked before PASS.
word/document.xml/p166	24. End-to-End Process Maps	Research → Opportunity Approval → product/design specification → supplier/blueprint/variant evaluation → production template → personalization schema → deterministic/AI-assisted artwork → print-area geometry → mockup → cost/shipping/margin → Product Approval → Etsy listing → paid order → personalization capture/normalization → review → production asset + preview from same payload → provider order preparation → Production Authorization → production → shipment/tracking → finance/support/quality analytics.	TRACE_REVIEW_REQUIRED	includes/Orders/Repository.php	Presence is not requirement-specific acceptance; integrated evidence must be linked before PASS.
word/document.xml/p167	24. End-to-End Process Maps	24.3 Order/fulfillment	TRACE_REVIEW_REQUIRED	includes/Orders/Repository.php	Presence is not requirement-specific acceptance; integrated evidence must be linked before PASS.
word/document.xml/p168	24. End-to-End Process Maps	Order event → signature/dedupe/reconcile → paid-state validation → external listing resolution → internal product/listing binding → digital/POD/hybrid mode → personalization evidence → review/validation state → fulfillment plan if required → provider preparation → human production gate → shipment/tracking → exception/replacement/refund support → finance/supplier-quality feedback.	TRACE_REVIEW_REQUIRED	includes/Orders/Repository.php	Presence is not requirement-specific acceptance; integrated evidence must be linked before PASS.
word/document.xml/p169	24. End-to-End Process Maps	24.4 Finance	TRACE_REVIEW_REQUIRED	includes/Orders/Repository.php	Presence is not requirement-specific acceptance; integrated evidence must be linked before PASS.
word/document.xml/p170	24. End-to-End Process Maps	Operational evidence → normalized ledger entries → FX evidence → revenue/refund/fee/COGS/shipping/ads/AI/tax classification → contribution/operating profit → profitability gates → period review → analytics/reporting/GST evidence.	TRACE_REVIEW_REQUIRED	includes/Orders/Repository.php	Presence is not requirement-specific acceptance; integrated evidence must be linked before PASS.
word/document.xml/p171	25. Feature / Capability State Matrix — v6.0	25. Feature / Capability State Matrix — v6.0	TRACE_REVIEW_REQUIRED	docs/engineering/FINAL_PRODUCT_ACCEPTANCE_MATRIX_20261010.md	Presence is not requirement-specific acceptance; integrated evidence must be linked before PASS.
word/document.xml/table23/r1/c1/p1	25. Feature / Capability State Matrix — v6.0	Domain	TRACE_REVIEW_REQUIRED	docs/engineering/FINAL_PRODUCT_ACCEPTANCE_MATRIX_20261010.md	Presence is not requirement-specific acceptance; integrated evidence must be linked before PASS.
word/document.xml/table23/r1/c2/p1	25. Feature / Capability State Matrix — v6.0	Current state	TRACE_REVIEW_REQUIRED	docs/engineering/FINAL_PRODUCT_ACCEPTANCE_MATRIX_20261010.md	Presence is not requirement-specific acceptance; integrated evidence must be linked before PASS.
word/document.xml/table23/r1/c3/p1	25. Feature / Capability State Matrix — v6.0	Next acceptance target	TRACE_REVIEW_REQUIRED	docs/engineering/FINAL_PRODUCT_ACCEPTANCE_MATRIX_20261010.md	Presence is not requirement-specific acceptance; integrated evidence must be linked before PASS.
word/document.xml/table23/r2/c1/p1	25. Feature / Capability State Matrix — v6.0	Research	TRACE_REVIEW_REQUIRED	docs/engineering/FINAL_PRODUCT_ACCEPTANCE_MATRIX_20261010.md	Presence is not requirement-specific acceptance; integrated evidence must be linked before PASS.
word/document.xml/table23/r2/c2/p1	25. Feature / Capability State Matrix — v6.0	Production ON; foundation mature	TRACE_REVIEW_REQUIRED	docs/engineering/FINAL_PRODUCT_ACCEPTANCE_MATRIX_20261010.md	Presence is not requirement-specific acceptance; integrated evidence must be linked before PASS.
word/document.xml/table23/r2/c3/p1	25. Feature / Capability State Matrix — v6.0	Shop-scoped quantity/budget runs connected to both factories and portal.	TRACE_REVIEW_REQUIRED	docs/engineering/FINAL_PRODUCT_ACCEPTANCE_MATRIX_20261010.md	Presence is not requirement-specific acceptance; integrated evidence must be linked before PASS.
word/document.xml/table23/r3/c1/p1	25. Feature / Capability State Matrix — v6.0	AI	TRACE_REVIEW_REQUIRED	docs/engineering/FINAL_PRODUCT_ACCEPTANCE_MATRIX_20261010.md	Presence is not requirement-specific acceptance; integrated evidence must be linked before PASS.
word/document.xml/table23/r3/c2/p1	25. Feature / Capability State Matrix — v6.0	Production ON; architecture/foundation mature	TRACE_REVIEW_REQUIRED	docs/engineering/FINAL_PRODUCT_ACCEPTANCE_MATRIX_20261010.md	Presence is not requirement-specific acceptance; integrated evidence must be linked before PASS.
word/document.xml/table23/r3/c3/p1	25. Feature / Capability State Matrix — v6.0	Shop/workflow/task policies + estimated/actual cost dashboards.	TRACE_REVIEW_REQUIRED	docs/engineering/FINAL_PRODUCT_ACCEPTANCE_MATRIX_20261010.md	Presence is not requirement-specific acceptance; integrated evidence must be linked before PASS.
word/document.xml/table23/r4/c1/p1	25. Feature / Capability State Matrix — v6.0	Product Core	TRACE_REVIEW_REQUIRED	docs/engineering/FINAL_PRODUCT_ACCEPTANCE_MATRIX_20261010.md	Presence is not requirement-specific acceptance; integrated evidence must be linked before PASS.
word/document.xml/table23/r4/c2/p1	25. Feature / Capability State Matrix — v6.0	Foundation mature	TRACE_REVIEW_REQUIRED	docs/engineering/FINAL_PRODUCT_ACCEPTANCE_MATRIX_20261010.md	Presence is not requirement-specific acceptance; integrated evidence must be linked before PASS.
word/document.xml/table23/r4/c3/p1	25. Feature / Capability State Matrix — v6.0	Complete portal/E2E orchestration with immutable lineage.	TRACE_REVIEW_REQUIRED	docs/engineering/FINAL_PRODUCT_ACCEPTANCE_MATRIX_20261010.md	Presence is not requirement-specific acceptance; integrated evidence must be linked before PASS.
word/document.xml/table23/r5/c1/p1	25. Feature / Capability State Matrix — v6.0	Digital Factory	TRACE_REVIEW_REQUIRED	docs/engineering/FINAL_PRODUCT_ACCEPTANCE_MATRIX_20261010.md	Presence is not requirement-specific acceptance; integrated evidence must be linked before PASS.
word/document.xml/table23/r5/c2/p1	25. Feature / Capability State Matrix — v6.0	Production-proven controlled Etsy draft/file path for Product #25	TRACE_REVIEW_REQUIRED	docs/engineering/FINAL_PRODUCT_ACCEPTANCE_MATRIX_20261010.md	Presence is not requirement-specific acceptance; integrated evidence must be linked before PASS.
word/document.xml/table23/r5/c3/p1	25. Feature / Capability State Matrix — v6.0	Generalize research→product→QA→listing→draft E2E.	TRACE_REVIEW_REQUIRED	docs/engineering/FINAL_PRODUCT_ACCEPTANCE_MATRIX_20261010.md	Presence is not requirement-specific acceptance; integrated evidence must be linked before PASS.
word/document.xml/table23/r6/c1/p1	25. Feature / Capability State Matrix — v6.0	Digital QA	TRACE_REVIEW_REQUIRED	docs/engineering/FINAL_PRODUCT_ACCEPTANCE_MATRIX_20261010.md	Presence is not requirement-specific acceptance; integrated evidence must be linked before PASS.
word/document.xml/table23/r6/c2/p1	25. Feature / Capability State Matrix — v6.0	Foundation mature	TRACE_REVIEW_REQUIRED	docs/engineering/FINAL_PRODUCT_ACCEPTANCE_MATRIX_20261010.md	Presence is not requirement-specific acceptance; integrated evidence must be linked before PASS.
word/document.xml/table23/r6/c3/p1	25. Feature / Capability State Matrix — v6.0	All artifact types evidence-backed and portal-visible.	TRACE_REVIEW_REQUIRED	docs/engineering/FINAL_PRODUCT_ACCEPTANCE_MATRIX_20261010.md	Presence is not requirement-specific acceptance; integrated evidence must be linked before PASS.
word/document.xml/table23/r7/c1/p1	25. Feature / Capability State Matrix — v6.0	Personalized POD	TRACE_REVIEW_REQUIRED	docs/engineering/FINAL_PRODUCT_ACCEPTANCE_MATRIX_20261010.md	Presence is not requirement-specific acceptance; integrated evidence must be linked before PASS.
word/document.xml/table23/r7/c2/p1	25. Feature / Capability State Matrix — v6.0	Foundation + catalog/template architecture; E2E incomplete	TRACE_REVIEW_REQUIRED	docs/engineering/FINAL_PRODUCT_ACCEPTANCE_MATRIX_20261010.md	Presence is not requirement-specific acceptance; integrated evidence must be linked before PASS.
word/document.xml/table23/r7/c3/p1	25. Feature / Capability State Matrix — v6.0	Renderer + preview parity + certified templates + order-to-Printify boundary.	TRACE_REVIEW_REQUIRED	docs/engineering/FINAL_PRODUCT_ACCEPTANCE_MATRIX_20261010.md	Presence is not requirement-specific acceptance; integrated evidence must be linked before PASS.
word/document.xml/table23/r8/c1/p1	25. Feature / Capability State Matrix — v6.0	Printify	TRACE_REVIEW_REQUIRED	docs/engineering/FINAL_PRODUCT_ACCEPTANCE_MATRIX_20261010.md	Presence is not requirement-specific acceptance; integrated evidence must be linked before PASS.
word/document.xml/table23/r8/c2/p1	25. Feature / Capability State Matrix — v6.0	Provider/catalog/mapping foundation; no automatic production	TRACE_REVIEW_REQUIRED	docs/engineering/FINAL_PRODUCT_ACCEPTANCE_MATRIX_20261010.md	Presence is not requirement-specific acceptance; integrated evidence must be linked before PASS.
word/document.xml/table23/r8/c3/p1	25. Feature / Capability State Matrix — v6.0	Controlled preparation, production gate, tracking/error E2E.	TRACE_REVIEW_REQUIRED	docs/engineering/FINAL_PRODUCT_ACCEPTANCE_MATRIX_20261010.md	Presence is not requirement-specific acceptance; integrated evidence must be linked before PASS.
word/document.xml/table23/r9/c1/p1	25. Feature / Capability State Matrix — v6.0	Gelato	TRACE_REVIEW_REQUIRED	docs/engineering/FINAL_PRODUCT_ACCEPTANCE_MATRIX_20261010.md	Presence is not requirement-specific acceptance; integrated evidence must be linked before PASS.
word/document.xml/table23/r9/c2/p1	25. Feature / Capability State Matrix — v6.0	Deferred	TRACE_REVIEW_REQUIRED	docs/engineering/FINAL_PRODUCT_ACCEPTANCE_MATRIX_20261010.md	Presence is not requirement-specific acceptance; integrated evidence must be linked before PASS.
word/document.xml/table23/r9/c3/p1	25. Feature / Capability State Matrix — v6.0	Implement/certify after Printify stability or explicit reprioritization.	TRACE_REVIEW_REQUIRED	docs/engineering/FINAL_PRODUCT_ACCEPTANCE_MATRIX_20261010.md	Presence is not requirement-specific acceptance; integrated evidence must be linked before PASS.
word/document.xml/table23/r10/c1/p1	25. Feature / Capability State Matrix — v6.0	Etsy	TRACE_REVIEW_REQUIRED	docs/engineering/FINAL_PRODUCT_ACCEPTANCE_MATRIX_20261010.md	Presence is not requirement-specific acceptance; integrated evidence must be linked before PASS.
word/document.xml/table23/r10/c2/p1	25. Feature / Capability State Matrix — v6.0	Draft and digital-file upload proven; publish OFF	TRACE_REVIEW_REQUIRED	docs/engineering/FINAL_PRODUCT_ACCEPTANCE_MATRIX_20261010.md	Presence is not requirement-specific acceptance; integrated evidence must be linked before PASS.
word/document.xml/table23/r10/c3/p1	25. Feature / Capability State Matrix — v6.0	Webhook config + order lifecycle hardening + operator verification; publish remains separate.	TRACE_REVIEW_REQUIRED	docs/engineering/FINAL_PRODUCT_ACCEPTANCE_MATRIX_20261010.md	Presence is not requirement-specific acceptance; integrated evidence must be linked before PASS.
word/document.xml/table23/r11/c1/p1	25. Feature / Capability State Matrix — v6.0	Orders	TRACE_REVIEW_REQUIRED	docs/engineering/FINAL_PRODUCT_ACCEPTANCE_MATRIX_20261010.md	Presence is not requirement-specific acceptance; integrated evidence must be linked before PASS.
word/document.xml/table23/r11/c2/p1	25. Feature / Capability State Matrix — v6.0	Post-release foundation advanced; unreleased	TRACE_REVIEW_REQUIRED	docs/engineering/FINAL_PRODUCT_ACCEPTANCE_MATRIX_20261010.md	Presence is not requirement-specific acceptance; integrated evidence must be linked before PASS.
word/document.xml/table23/r11/c3/p1	25. Feature / Capability State Matrix — v6.0	Fix readiness defect; persist review/validated states; hybrid/digital evidence.	TRACE_REVIEW_REQUIRED	docs/engineering/FINAL_PRODUCT_ACCEPTANCE_MATRIX_20261010.md	Presence is not requirement-specific acceptance; integrated evidence must be linked before PASS.
word/document.xml/table23/r12/c1/p1	25. Feature / Capability State Matrix — v6.0	Admin Portal	TRACE_REVIEW_REQUIRED	docs/engineering/FINAL_PRODUCT_ACCEPTANCE_MATRIX_20261010.md	Presence is not requirement-specific acceptance; integrated evidence must be linked before PASS.
word/document.xml/table23/r12/c2/p1	25. Feature / Capability State Matrix — v6.0	Architecture required; partial surfaces	TRACE_REVIEW_REQUIRED	docs/engineering/FINAL_PRODUCT_ACCEPTANCE_MATRIX_20261010.md	Presence is not requirement-specific acceptance; integrated evidence must be linked before PASS.
word/document.xml/table23/r12/c3/p1	25. Feature / Capability State Matrix — v6.0	Complete day-to-day DigiForge website administration.	TRACE_REVIEW_REQUIRED	docs/engineering/FINAL_PRODUCT_ACCEPTANCE_MATRIX_20261010.md	Presence is not requirement-specific acceptance; integrated evidence must be linked before PASS.
word/document.xml/table23/r13/c1/p1	25. Feature / Capability State Matrix — v6.0	Finance	TRACE_REVIEW_REQUIRED	docs/engineering/FINAL_PRODUCT_ACCEPTANCE_MATRIX_20261010.md	Presence is not requirement-specific acceptance; integrated evidence must be linked before PASS.
word/document.xml/table23/r13/c2/p1	25. Feature / Capability State Matrix — v6.0	Foundation	TRACE_REVIEW_REQUIRED	docs/engineering/FINAL_PRODUCT_ACCEPTANCE_MATRIX_20261010.md	Presence is not requirement-specific acceptance; integrated evidence must be linked before PASS.
word/document.xml/table23/r13/c3/p1	25. Feature / Capability State Matrix — v6.0	Canonical actual cost/fee/order/shop profitability + GST evidence.	TRACE_REVIEW_REQUIRED	docs/engineering/FINAL_PRODUCT_ACCEPTANCE_MATRIX_20261010.md	Presence is not requirement-specific acceptance; integrated evidence must be linked before PASS.
word/document.xml/table23/r14/c1/p1	25. Feature / Capability State Matrix — v6.0	Audit/Reconciliation	TRACE_REVIEW_REQUIRED	docs/engineering/FINAL_PRODUCT_ACCEPTANCE_MATRIX_20261010.md	Presence is not requirement-specific acceptance; integrated evidence must be linked before PASS.
word/document.xml/table23/r14/c2/p1	25. Feature / Capability State Matrix — v6.0	Strong foundation	TRACE_REVIEW_REQUIRED	docs/engineering/FINAL_PRODUCT_ACCEPTANCE_MATRIX_20261010.md	Presence is not requirement-specific acceptance; integrated evidence must be linked before PASS.
word/document.xml/table23/r14/c3/p1	25. Feature / Capability State Matrix — v6.0	Operator-friendly current-action diagnostics; preserve history.	TRACE_REVIEW_REQUIRED	docs/engineering/FINAL_PRODUCT_ACCEPTANCE_MATRIX_20261010.md	Presence is not requirement-specific acceptance; integrated evidence must be linked before PASS.
word/document.xml/table23/r15/c1/p1	25. Feature / Capability State Matrix — v6.0	Automation	TRACE_REVIEW_REQUIRED	docs/engineering/FINAL_PRODUCT_ACCEPTANCE_MATRIX_20261010.md	Presence is not requirement-specific acceptance; integrated evidence must be linked before PASS.
word/document.xml/table23/r15/c2/p1	25. Feature / Capability State Matrix — v6.0	Action Scheduler foundation	TRACE_REVIEW_REQUIRED	docs/engineering/FINAL_PRODUCT_ACCEPTANCE_MATRIX_20261010.md	Presence is not requirement-specific acceptance; integrated evidence must be linked before PASS.
word/document.xml/table23/r15/c3/p1	25. Feature / Capability State Matrix — v6.0	Recovery/orphan/replay/cron acceptance.	TRACE_REVIEW_REQUIRED	docs/engineering/FINAL_PRODUCT_ACCEPTANCE_MATRIX_20261010.md	Presence is not requirement-specific acceptance; integrated evidence must be linked before PASS.
word/document.xml/table23/r16/c1/p1	25. Feature / Capability State Matrix — v6.0	Four-shop model	TRACE_REVIEW_REQUIRED	docs/engineering/FINAL_PRODUCT_ACCEPTANCE_MATRIX_20261010.md	Presence is not requirement-specific acceptance; integrated evidence must be linked before PASS.
word/document.xml/table23/r16/c2/p1	25. Feature / Capability State Matrix — v6.0	Approved architecture	TRACE_REVIEW_REQUIRED	docs/engineering/FINAL_PRODUCT_ACCEPTANCE_MATRIX_20261010.md	Presence is not requirement-specific acceptance; integrated evidence must be linked before PASS.
word/document.xml/table23/r16/c3/p1	25. Feature / Capability State Matrix — v6.0	Implement shop profiles/policies; add future shops only when configured.	TRACE_REVIEW_REQUIRED	docs/engineering/FINAL_PRODUCT_ACCEPTANCE_MATRIX_20261010.md	Presence is not requirement-specific acceptance; integrated evidence must be linked before PASS.
word/document.xml/table23/r17/c1/p1	25. Feature / Capability State Matrix — v6.0	AI budgets	TRACE_REVIEW_REQUIRED	docs/engineering/FINAL_PRODUCT_ACCEPTANCE_MATRIX_20261010.md	Presence is not requirement-specific acceptance; integrated evidence must be linked before PASS.
word/document.xml/table23/r17/c2/p1	25. Feature / Capability State Matrix — v6.0	Approved architecture	TRACE_REVIEW_REQUIRED	docs/engineering/FINAL_PRODUCT_ACCEPTANCE_MATRIX_20261010.md	Presence is not requirement-specific acceptance; integrated evidence must be linked before PASS.
word/document.xml/table23/r17/c3/p1	25. Feature / Capability State Matrix — v6.0	Implement per-shop quantity/budget planner and cost outcomes.	TRACE_REVIEW_REQUIRED	docs/engineering/FINAL_PRODUCT_ACCEPTANCE_MATRIX_20261010.md	Presence is not requirement-specific acceptance; integrated evidence must be linked before PASS.
word/document.xml/table23/r18/c1/p1	25. Feature / Capability State Matrix — v6.0	Master 500 v2	TRACE_REVIEW_REQUIRED	docs/engineering/FINAL_PRODUCT_ACCEPTANCE_MATRIX_20261010.md	Presence is not requirement-specific acceptance; integrated evidence must be linked before PASS.
word/document.xml/table23/r18/c2/p1	25. Feature / Capability State Matrix — v6.0	Research plan prepared	TRACE_REVIEW_REQUIRED	docs/engineering/FINAL_PRODUCT_ACCEPTANCE_MATRIX_20261010.md	Presence is not requirement-specific acceptance; integrated evidence must be linked before PASS.
word/document.xml/table23/r18/c3/p1	25. Feature / Capability State Matrix — v6.0	Explicitly approve/promote; import as governed catalog without erasing v1.	TRACE_REVIEW_REQUIRED	docs/engineering/FINAL_PRODUCT_ACCEPTANCE_MATRIX_20261010.md	Presence is not requirement-specific acceptance; integrated evidence must be linked before PASS.
word/document.xml/p174	26. Current Known Gaps and Priority Defects	26. Current Known Gaps and Priority Defects	TRACE_REVIEW_REQUIRED	docs/engineering/FINAL_PRODUCT_ACCEPTANCE_MATRIX_20261010.md	Presence is not requirement-specific acceptance; integrated evidence must be linked before PASS.
word/document.xml/table24/r1/c1/p1	26. Current Known Gaps and Priority Defects	Priority	TRACE_REVIEW_REQUIRED	docs/engineering/FINAL_PRODUCT_ACCEPTANCE_MATRIX_20261010.md	Presence is not requirement-specific acceptance; integrated evidence must be linked before PASS.
word/document.xml/table24/r1/c2/p1	26. Current Known Gaps and Priority Defects	Gap / requirement	TRACE_REVIEW_REQUIRED	docs/engineering/FINAL_PRODUCT_ACCEPTANCE_MATRIX_20261010.md	Presence is not requirement-specific acceptance; integrated evidence must be linked before PASS.
word/document.xml/table24/r2/c1/p1	26. Current Known Gaps and Priority Defects	P0	TRACE_REVIEW_REQUIRED	docs/engineering/FINAL_PRODUCT_ACCEPTANCE_MATRIX_20261010.md	Presence is not requirement-specific acceptance; integrated evidence must be linked before PASS.
word/document.xml/table24/r2/c2/p1	26. Current Known Gaps and Priority Defects	Fix order readiness semantic bug: external_fulfillment_authorized=false must not be a readiness check.	TRACE_REVIEW_REQUIRED	docs/engineering/FINAL_PRODUCT_ACCEPTANCE_MATRIX_20261010.md	Presence is not requirement-specific acceptance; integrated evidence must be linked before PASS.
word/document.xml/table24/r3/c1/p1	26. Current Known Gaps and Priority Defects	P0	TRACE_REVIEW_REQUIRED	docs/engineering/FINAL_PRODUCT_ACCEPTANCE_MATRIX_20261010.md	Presence is not requirement-specific acceptance; integrated evidence must be linked before PASS.
word/document.xml/table24/r3/c2/p1	26. Current Known Gaps and Priority Defects	Persist Etsy paid-webhook review-required / validated state in local order lifecycle; no automatic approval.	TRACE_REVIEW_REQUIRED	docs/engineering/FINAL_PRODUCT_ACCEPTANCE_MATRIX_20261010.md	Presence is not requirement-specific acceptance; integrated evidence must be linked before PASS.
word/document.xml/table24/r4/c1/p1	26. Current Known Gaps and Priority Defects	P0	TRACE_REVIEW_REQUIRED	docs/engineering/FINAL_PRODUCT_ACCEPTANCE_MATRIX_20261010.md	Presence is not requirement-specific acceptance; integrated evidence must be linked before PASS.
word/document.xml/table24/r4/c2/p1	26. Current Known Gaps and Priority Defects	Correct hybrid product/listing provider mapping using listing-specific approved binding evidence; fail closed on ambiguity.	TRACE_REVIEW_REQUIRED	docs/engineering/FINAL_PRODUCT_ACCEPTANCE_MATRIX_20261010.md	Presence is not requirement-specific acceptance; integrated evidence must be linked before PASS.
word/document.xml/table24/r5/c1/p1	26. Current Known Gaps and Priority Defects	P0	TRACE_REVIEW_REQUIRED	docs/engineering/FINAL_PRODUCT_ACCEPTANCE_MATRIX_20261010.md	Presence is not requirement-specific acceptance; integrated evidence must be linked before PASS.
word/document.xml/table24/r5/c2/p1	26. Current Known Gaps and Priority Defects	Implement digital-order delivery-configuration evidence from confirmed listing/file operations.	TRACE_REVIEW_REQUIRED	docs/engineering/FINAL_PRODUCT_ACCEPTANCE_MATRIX_20261010.md	Presence is not requirement-specific acceptance; integrated evidence must be linked before PASS.
word/document.xml/table24/r6/c1/p1	26. Current Known Gaps and Priority Defects	P0	TRACE_REVIEW_REQUIRED	docs/engineering/FINAL_PRODUCT_ACCEPTANCE_MATRIX_20261010.md	Presence is not requirement-specific acceptance; integrated evidence must be linked before PASS.
word/document.xml/table24/r6/c2/p1	26. Current Known Gaps and Priority Defects	Complete Personalized POD deterministic renderer, preview-production parity, template certification and controlled Printify order-preparation path.	TRACE_REVIEW_REQUIRED	docs/engineering/FINAL_PRODUCT_ACCEPTANCE_MATRIX_20261010.md	Presence is not requirement-specific acceptance; integrated evidence must be linked before PASS.
word/document.xml/table24/r7/c1/p1	26. Current Known Gaps and Priority Defects	P0	TRACE_REVIEW_REQUIRED	docs/engineering/FINAL_PRODUCT_ACCEPTANCE_MATRIX_20261010.md	Presence is not requirement-specific acceptance; integrated evidence must be linked before PASS.
word/document.xml/table24/r7/c2/p1	26. Current Known Gaps and Priority Defects	Complete DigiForge live-site admin portal so normal operations do not require wp-admin.	TRACE_REVIEW_REQUIRED	docs/engineering/FINAL_PRODUCT_ACCEPTANCE_MATRIX_20261010.md	Presence is not requirement-specific acceptance; integrated evidence must be linked before PASS.
word/document.xml/table24/r8/c1/p1	26. Current Known Gaps and Priority Defects	P1	TRACE_REVIEW_REQUIRED	docs/engineering/FINAL_PRODUCT_ACCEPTANCE_MATRIX_20261010.md	Presence is not requirement-specific acceptance; integrated evidence must be linked before PASS.
word/document.xml/table24/r8/c2/p1	26. Current Known Gaps and Priority Defects	Improve operations attention semantics so resolved historical failures do not create permanent current-action alerts.	TRACE_REVIEW_REQUIRED	docs/engineering/FINAL_PRODUCT_ACCEPTANCE_MATRIX_20261010.md	Presence is not requirement-specific acceptance; integrated evidence must be linked before PASS.
word/document.xml/table24/r9/c1/p1	26. Current Known Gaps and Priority Defects	P1	TRACE_REVIEW_REQUIRED	docs/engineering/FINAL_PRODUCT_ACCEPTANCE_MATRIX_20261010.md	Presence is not requirement-specific acceptance; integrated evidence must be linked before PASS.
word/document.xml/table24/r9/c2/p1	26. Current Known Gaps and Priority Defects	Strengthen approved fulfillment-plan readiness evidence beyond empty-hash detection; detect stale evidence safely.	TRACE_REVIEW_REQUIRED	docs/engineering/FINAL_PRODUCT_ACCEPTANCE_MATRIX_20261010.md	Presence is not requirement-specific acceptance; integrated evidence must be linked before PASS.
word/document.xml/table24/r10/c1/p1	26. Current Known Gaps and Priority Defects	P1	TRACE_REVIEW_REQUIRED	docs/engineering/FINAL_PRODUCT_ACCEPTANCE_MATRIX_20261010.md	Presence is not requirement-specific acceptance; integrated evidence must be linked before PASS.
word/document.xml/table24/r10/c2/p1	26. Current Known Gaps and Priority Defects	Add operator-facing read-only verification for confirmed Etsy digital file attachment bound to immutable operation evidence.	TRACE_REVIEW_REQUIRED	docs/engineering/FINAL_PRODUCT_ACCEPTANCE_MATRIX_20261010.md	Presence is not requirement-specific acceptance; integrated evidence must be linked before PASS.
word/document.xml/table24/r11/c1/p1	26. Current Known Gaps and Priority Defects	P1	TRACE_REVIEW_REQUIRED	docs/engineering/FINAL_PRODUCT_ACCEPTANCE_MATRIX_20261010.md	Presence is not requirement-specific acceptance; integrated evidence must be linked before PASS.
word/document.xml/table24/r11/c2/p1	26. Current Known Gaps and Priority Defects	Configure Etsy webhook signing secret safely and verify current official subscription/payload semantics before activation.	TRACE_REVIEW_REQUIRED	docs/engineering/FINAL_PRODUCT_ACCEPTANCE_MATRIX_20261010.md	Presence is not requirement-specific acceptance; integrated evidence must be linked before PASS.
word/document.xml/table24/r12/c1/p1	26. Current Known Gaps and Priority Defects	P1	TRACE_REVIEW_REQUIRED	docs/engineering/FINAL_PRODUCT_ACCEPTANCE_MATRIX_20261010.md	Presence is not requirement-specific acceptance; integrated evidence must be linked before PASS.
word/document.xml/table24/r12/c2/p1	26. Current Known Gaps and Priority Defects	Implement hierarchical shop-scoped controls and AI quantity/budget policies.	TRACE_REVIEW_REQUIRED	docs/engineering/FINAL_PRODUCT_ACCEPTANCE_MATRIX_20261010.md	Presence is not requirement-specific acceptance; integrated evidence must be linked before PASS.
word/document.xml/table24/r13/c1/p1	26. Current Known Gaps and Priority Defects	P1	TRACE_REVIEW_REQUIRED	docs/engineering/FINAL_PRODUCT_ACCEPTANCE_MATRIX_20261010.md	Presence is not requirement-specific acceptance; integrated evidence must be linked before PASS.
word/document.xml/table24/r13/c2/p1	26. Current Known Gaps and Priority Defects	Promote/import approved Master 500 v2 as versioned catalog while preserving v1 lineage.	TRACE_REVIEW_REQUIRED	docs/engineering/FINAL_PRODUCT_ACCEPTANCE_MATRIX_20261010.md	Presence is not requirement-specific acceptance; integrated evidence must be linked before PASS.
word/document.xml/table24/r14/c1/p1	26. Current Known Gaps and Priority Defects	P2	TRACE_REVIEW_REQUIRED	docs/engineering/FINAL_PRODUCT_ACCEPTANCE_MATRIX_20261010.md	Presence is not requirement-specific acceptance; integrated evidence must be linked before PASS.
word/document.xml/table24/r14/c2/p1	26. Current Known Gaps and Priority Defects	Add Shop 3 non-personalized POD after Phase-1 stability.	TRACE_REVIEW_REQUIRED	docs/engineering/FINAL_PRODUCT_ACCEPTANCE_MATRIX_20261010.md	Presence is not requirement-specific acceptance; integrated evidence must be linked before PASS.
word/document.xml/table24/r15/c1/p1	26. Current Known Gaps and Priority Defects	P2	TRACE_REVIEW_REQUIRED	docs/engineering/FINAL_PRODUCT_ACCEPTANCE_MATRIX_20261010.md	Presence is not requirement-specific acceptance; integrated evidence must be linked before PASS.
word/document.xml/table24/r15/c2/p1	26. Current Known Gaps and Priority Defects	Add Shop 4 personalized jewelry after supplier/manufacturing architecture decision.	TRACE_REVIEW_REQUIRED	docs/engineering/FINAL_PRODUCT_ACCEPTANCE_MATRIX_20261010.md	Presence is not requirement-specific acceptance; integrated evidence must be linked before PASS.
word/document.xml/table24/r16/c1/p1	26. Current Known Gaps and Priority Defects	P2	TRACE_REVIEW_REQUIRED	docs/engineering/FINAL_PRODUCT_ACCEPTANCE_MATRIX_20261010.md	Presence is not requirement-specific acceptance; integrated evidence must be linked before PASS.
word/document.xml/table24/r16/c2/p1	26. Current Known Gaps and Priority Defects	Gelato/additional providers only after Printify Phase-1 stability and separate certification.	TRACE_REVIEW_REQUIRED	docs/engineering/FINAL_PRODUCT_ACCEPTANCE_MATRIX_20261010.md	Presence is not requirement-specific acceptance; integrated evidence must be linked before PASS.
word/document.xml/p177	27. Development and Release Method	27. Development and Release Method	TRACE_REVIEW_REQUIRED	.github/workflows/digiforge-foundation-audit.yml	Presence is not requirement-specific acceptance; integrated evidence must be linked before PASS.
word/document.xml/p178	27. Development and Release Method	Start every engineering batch from the latest actual main on a new branch. Never reuse a merged branch.	TRACE_REVIEW_REQUIRED	.github/workflows/digiforge-foundation-audit.yml	Presence is not requirement-specific acceptance; integrated evidence must be linked before PASS.
word/document.xml/p179	27. Development and Release Method	Implement coherent multi-workstream batches where changes are independent and can be audited together. Avoid ZIP/release churn for micro-fixes.	TRACE_REVIEW_REQUIRED	.github/workflows/digiforge-foundation-audit.yml	Presence is not requirement-specific acceptance; integrated evidence must be linked before PASS.
word/document.xml/p180	27. Development and Release Method	Add behavioral tests for semantics, not only structural substring tests, especially for safety/readiness logic.	TRACE_REVIEW_REQUIRED	.github/workflows/digiforge-foundation-audit.yml	Presence is not requirement-specific acceptance; integrated evidence must be linked before PASS.
word/document.xml/p181	27. Development and Release Method	Open PR and run exact-head DigiForge Engineering & Safety Audit.	TRACE_REVIEW_REQUIRED	.github/workflows/digiforge-foundation-audit.yml	Presence is not requirement-specific acceptance; integrated evidence must be linked before PASS.
word/document.xml/p182	27. Development and Release Method	Do not merge on failed audit. Correct findings and re-audit exact head.	TRACE_REVIEW_REQUIRED	.github/workflows/digiforge-foundation-audit.yml	Presence is not requirement-specific acceptance; integrated evidence must be linked before PASS.
word/document.xml/p183	27. Development and Release Method	Squash merge only after successful exact-head audit.	TRACE_REVIEW_REQUIRED	.github/workflows/digiforge-foundation-audit.yml	Presence is not requirement-specific acceptance; integrated evidence must be linked before PASS.
word/document.xml/p184	27. Development and Release Method	After a substantial integrated batch, cut the next release, bump all established version pins, audit exact release head, verify certified artifact digest/manifest/inner ZIP integrity, then provide installable ZIP.	TRACE_REVIEW_REQUIRED	.github/workflows/digiforge-foundation-audit.yml	Presence is not requirement-specific acceptance; integrated evidence must be linked before PASS.
word/document.xml/p185	27. Development and Release Method	After user installs release, verify production health/controls/readiness before any controlled external action.	TRACE_REVIEW_REQUIRED	.github/workflows/digiforge-foundation-audit.yml	Presence is not requirement-specific acceptance; integrated evidence must be linked before PASS.
word/document.xml/p186	27. Development and Release Method	Never publish Etsy listing, place POD production order, file GST or perform other consequential external action without the relevant explicit human gate.	TRACE_REVIEW_REQUIRED	.github/workflows/digiforge-foundation-audit.yml	Presence is not requirement-specific acceptance; integrated evidence must be linked before PASS.
word/document.xml/p187	28. Release / Audit History — Key Recent Checkpoints	28. Release / Audit History — Key Recent Checkpoints	HISTORICAL_CONTEXT_NOT_CURRENT_ACCEPTANCE	.github/workflows/digiforge-foundation-audit.yml	Presence is not requirement-specific acceptance; integrated evidence must be linked before PASS.
word/document.xml/table25/r1/c1/p1	28. Release / Audit History — Key Recent Checkpoints	Checkpoint	HISTORICAL_CONTEXT_NOT_CURRENT_ACCEPTANCE	.github/workflows/digiforge-foundation-audit.yml	Presence is not requirement-specific acceptance; integrated evidence must be linked before PASS.
word/document.xml/table25/r1/c2/p1	28. Release / Audit History — Key Recent Checkpoints	Result	HISTORICAL_CONTEXT_NOT_CURRENT_ACCEPTANCE	.github/workflows/digiforge-foundation-audit.yml	Presence is not requirement-specific acceptance; integrated evidence must be linked before PASS.
word/document.xml/table25/r2/c1/p1	28. Release / Audit History — Key Recent Checkpoints	v1.0.54–v1.0.64	HISTORICAL_CONTEXT_NOT_CURRENT_ACCEPTANCE	.github/workflows/digiforge-foundation-audit.yml	Presence is not requirement-specific acceptance; integrated evidence must be linked before PASS.
word/document.xml/table25/r2/c2/p1	28. Release / Audit History — Key Recent Checkpoints	Progressive Etsy taxonomy, compliance, draft, digital-file and multipart hardening releases.	HISTORICAL_CONTEXT_NOT_CURRENT_ACCEPTANCE	.github/workflows/digiforge-foundation-audit.yml	Presence is not requirement-specific acceptance; integrated evidence must be linked before PASS.
word/document.xml/table25/r3/c1/p1	28. Release / Audit History — Key Recent Checkpoints	PR #448 / Audit #2856	HISTORICAL_CONTEXT_NOT_CURRENT_ACCEPTANCE	.github/workflows/digiforge-foundation-audit.yml	Presence is not requirement-specific acceptance; integrated evidence must be linked before PASS.
word/document.xml/table25/r3/c2/p1	28. Release / Audit History — Key Recent Checkpoints	Multipart runtime + webhook ingress/readiness batch — SUCCESS.	HISTORICAL_CONTEXT_NOT_CURRENT_ACCEPTANCE	.github/workflows/digiforge-foundation-audit.yml	Presence is not requirement-specific acceptance; integrated evidence must be linked before PASS.
word/document.xml/table25/r4/c1/p1	28. Release / Audit History — Key Recent Checkpoints	PR #449 / Audit #2858	HISTORICAL_CONTEXT_NOT_CURRENT_ACCEPTANCE	.github/workflows/digiforge-foundation-audit.yml	Presence is not requirement-specific acceptance; integrated evidence must be linked before PASS.
word/document.xml/table25/r4/c2/p1	28. Release / Audit History — Key Recent Checkpoints	v1.0.65 release — SUCCESS.	HISTORICAL_CONTEXT_NOT_CURRENT_ACCEPTANCE	.github/workflows/digiforge-foundation-audit.yml	Presence is not requirement-specific acceptance; integrated evidence must be linked before PASS.
word/document.xml/table25/r5/c1/p1	28. Release / Audit History — Key Recent Checkpoints	v1.0.65 certified artifact	HISTORICAL_CONTEXT_NOT_CURRENT_ACCEPTANCE	.github/workflows/digiforge-foundation-audit.yml	Presence is not requirement-specific acceptance; integrated evidence must be linked before PASS.
word/document.xml/table25/r5/c2/p1	28. Release / Audit History — Key Recent Checkpoints	Installed and production verified; multipart fix proven by successful Product #25 file upload.	HISTORICAL_CONTEXT_NOT_CURRENT_ACCEPTANCE	.github/workflows/digiforge-foundation-audit.yml	Presence is not requirement-specific acceptance; integrated evidence must be linked before PASS.
word/document.xml/table25/r6/c1/p1	28. Release / Audit History — Key Recent Checkpoints	PR #450 / Audit #2860	HISTORICAL_CONTEXT_NOT_CURRENT_ACCEPTANCE	.github/workflows/digiforge-foundation-audit.yml	Presence is not requirement-specific acceptance; integrated evidence must be linked before PASS.
word/document.xml/table25/r6/c2/p1	28. Release / Audit History — Key Recent Checkpoints	SUCCESS.	HISTORICAL_CONTEXT_NOT_CURRENT_ACCEPTANCE	.github/workflows/digiforge-foundation-audit.yml	Presence is not requirement-specific acceptance; integrated evidence must be linked before PASS.
word/document.xml/table25/r7/c1/p1	28. Release / Audit History — Key Recent Checkpoints	PR #451 / Audit #2864	HISTORICAL_CONTEXT_NOT_CURRENT_ACCEPTANCE	.github/workflows/digiforge-foundation-audit.yml	Presence is not requirement-specific acceptance; integrated evidence must be linked before PASS.
word/document.xml/table25/r7/c2/p1	28. Release / Audit History — Key Recent Checkpoints	SUCCESS.	HISTORICAL_CONTEXT_NOT_CURRENT_ACCEPTANCE	.github/workflows/digiforge-foundation-audit.yml	Presence is not requirement-specific acceptance; integrated evidence must be linked before PASS.
word/document.xml/table25/r8/c1/p1	28. Release / Audit History — Key Recent Checkpoints	PR #452 / Audit #2867	HISTORICAL_CONTEXT_NOT_CURRENT_ACCEPTANCE	.github/workflows/digiforge-foundation-audit.yml	Presence is not requirement-specific acceptance; integrated evidence must be linked before PASS.
word/document.xml/table25/r8/c2/p1	28. Release / Audit History — Key Recent Checkpoints	SUCCESS.	HISTORICAL_CONTEXT_NOT_CURRENT_ACCEPTANCE	.github/workflows/digiforge-foundation-audit.yml	Presence is not requirement-specific acceptance; integrated evidence must be linked before PASS.
word/document.xml/table25/r9/c1/p1	28. Release / Audit History — Key Recent Checkpoints	PR #453 / Audit #2869	HISTORICAL_CONTEXT_NOT_CURRENT_ACCEPTANCE	.github/workflows/digiforge-foundation-audit.yml	Presence is not requirement-specific acceptance; integrated evidence must be linked before PASS.
word/document.xml/table25/r9/c2/p1	28. Release / Audit History — Key Recent Checkpoints	SUCCESS.	HISTORICAL_CONTEXT_NOT_CURRENT_ACCEPTANCE	.github/workflows/digiforge-foundation-audit.yml	Presence is not requirement-specific acceptance; integrated evidence must be linked before PASS.
word/document.xml/table25/r10/c1/p1	28. Release / Audit History — Key Recent Checkpoints	PR #455 / Audit #2871	HISTORICAL_CONTEXT_NOT_CURRENT_ACCEPTANCE	.github/workflows/digiforge-foundation-audit.yml	Presence is not requirement-specific acceptance; integrated evidence must be linked before PASS.
word/document.xml/table25/r10/c2/p1	28. Release / Audit History — Key Recent Checkpoints	SUCCESS.	HISTORICAL_CONTEXT_NOT_CURRENT_ACCEPTANCE	.github/workflows/digiforge-foundation-audit.yml	Presence is not requirement-specific acceptance; integrated evidence must be linked before PASS.
word/document.xml/table25/r11/c1/p1	28. Release / Audit History — Key Recent Checkpoints	PR #456 / Audit #2873	HISTORICAL_CONTEXT_NOT_CURRENT_ACCEPTANCE	.github/workflows/digiforge-foundation-audit.yml	Presence is not requirement-specific acceptance; integrated evidence must be linked before PASS.
word/document.xml/table25/r11/c2/p1	28. Release / Audit History — Key Recent Checkpoints	SUCCESS.	HISTORICAL_CONTEXT_NOT_CURRENT_ACCEPTANCE	.github/workflows/digiforge-foundation-audit.yml	Presence is not requirement-specific acceptance; integrated evidence must be linked before PASS.
word/document.xml/table25/r12/c1/p1	28. Release / Audit History — Key Recent Checkpoints	PR #457 / Audit #2875	HISTORICAL_CONTEXT_NOT_CURRENT_ACCEPTANCE	.github/workflows/digiforge-foundation-audit.yml	Presence is not requirement-specific acceptance; integrated evidence must be linked before PASS.
word/document.xml/table25/r12/c2/p1	28. Release / Audit History — Key Recent Checkpoints	SUCCESS; known semantic readiness defect discovered afterward and must be fixed before release.	HISTORICAL_CONTEXT_NOT_CURRENT_ACCEPTANCE	.github/workflows/digiforge-foundation-audit.yml	Presence is not requirement-specific acceptance; integrated evidence must be linked before PASS.
word/document.xml/p190	29. Production Activation Principles	29. Production Activation Principles	FUTURE_ACTIVATION_NOT_AUTHORIZED		Presence is not requirement-specific acceptance; integrated evidence must be linked before PASS.
word/document.xml/p191	29. Production Activation Principles	Activation is capability-by-capability, shop-by-shop and evidence-led. Development completion does not automatically activate consequential behavior.	FUTURE_ACTIVATION_NOT_AUTHORIZED		Presence is not requirement-specific acceptance; integrated evidence must be linked before PASS.
word/document.xml/p192	29. Production Activation Principles	Install certified release and verify health/database migrations.	FUTURE_ACTIVATION_NOT_AUTHORIZED		Presence is not requirement-specific acceptance; integrated evidence must be linked before PASS.
word/document.xml/p193	29. Production Activation Principles	Configure integrations/credentials without exposing secrets.	FUTURE_ACTIVATION_NOT_AUTHORIZED		Presence is not requirement-specific acceptance; integrated evidence must be linked before PASS.
word/document.xml/p194	29. Production Activation Principles	Run read-only connection tests.	FUTURE_ACTIVATION_NOT_AUTHORIZED		Presence is not requirement-specific acceptance; integrated evidence must be linked before PASS.
word/document.xml/p195	29. Production Activation Principles	Enable shop-scoped research/AI/product development within explicit quantity/budget limits.	FUTURE_ACTIVATION_NOT_AUTHORIZED		Presence is not requirement-specific acceptance; integrated evidence must be linked before PASS.
word/document.xml/p196	29. Production Activation Principles	Enable Etsy DRAFT capability only for controlled scope.	FUTURE_ACTIVATION_NOT_AUTHORIZED		Presence is not requirement-specific acceptance; integrated evidence must be linked before PASS.
word/document.xml/p197	29. Production Activation Principles	Configure/verify webhook intake before relying on automated order events.	FUTURE_ACTIVATION_NOT_AUTHORIZED		Presence is not requirement-specific acceptance; integrated evidence must be linked before PASS.
word/document.xml/p198	29. Production Activation Principles	Enable Printify preparation only after template/provider acceptance.	FUTURE_ACTIVATION_NOT_AUTHORIZED		Presence is not requirement-specific acceptance; integrated evidence must be linked before PASS.
word/document.xml/p199	29. Production Activation Principles	Keep final personalized production authorization human-controlled.	FUTURE_ACTIVATION_NOT_AUTHORIZED		Presence is not requirement-specific acceptance; integrated evidence must be linked before PASS.
word/document.xml/p200	29. Production Activation Principles	Enable Etsy PUBLISH only after separate listing/publish approval policy is satisfied.	FUTURE_ACTIVATION_NOT_AUTHORIZED		Presence is not requirement-specific acceptance; integrated evidence must be linked before PASS.
word/document.xml/p201	29. Production Activation Principles	Keep GST/tax automation evidence/preparation-only until separately authorized.	FUTURE_ACTIVATION_NOT_AUTHORIZED		Presence is not requirement-specific acceptance; integrated evidence must be linked before PASS.
word/document.xml/p202	29. Production Activation Principles	Global STOP ALL remains available at every stage and overrides every shop/workflow setting.	FUTURE_ACTIVATION_NOT_AUTHORIZED		Presence is not requirement-specific acceptance; integrated evidence must be linked before PASS.
word/document.xml/p203	30. Future Roadmap	30. Future Roadmap	FUTURE_ACTIVATION_NOT_AUTHORIZED		Presence is not requirement-specific acceptance; integrated evidence must be linked before PASS.
word/document.xml/p204	30. Future Roadmap	30.1 Shop 3 — Non-Personalized POD	FUTURE_ACTIVATION_NOT_AUTHORIZED		Presence is not requirement-specific acceptance; integrated evidence must be linked before PASS.
word/document.xml/p205	30. Future Roadmap	Create a separate Etsy shop profile and separate Printify shop/provider mappings. Reuse Product Core, Research, AI budgeting, provider abstraction, listing factory, finance and audit. Add design-generation workflow without buyer personalization. Do not mix Shop 3 listings/mappings with Shop 2 simply because both use Printify.	FUTURE_ACTIVATION_NOT_AUTHORIZED		Presence is not requirement-specific acceptance; integrated evidence must be linked before PASS.
word/document.xml/p206	30. Future Roadmap	30.2 Shop 4 — Personalized Jewelry	FUTURE_ACTIVATION_NOT_AUTHORIZED		Presence is not requirement-specific acceptance; integrated evidence must be linked before PASS.
word/document.xml/p207	30. Future Roadmap	Treat as a separate business/shop profile. Determine supplier/manufacturing model first: engraving/text/photo personalization versus handcrafted/sourced workflow. Then define product geometry, personalization schema, preview, production proof and supplier authorization. Do not force jewelry into a POD template model if the chosen supplier workflow differs materially.	FUTURE_ACTIVATION_NOT_AUTHORIZED		Presence is not requirement-specific acceptance; integrated evidence must be linked before PASS.
word/document.xml/p208	30. Future Roadmap	30.3 Additional providers and marketplaces	FUTURE_ACTIVATION_NOT_AUTHORIZED		Presence is not requirement-specific acceptance; integrated evidence must be linked before PASS.
word/document.xml/p209	30. Future Roadmap	Gelato and other POD providers remain future adapters. Additional marketplaces are future channel adapters after Etsy baseline stability. Each new adapter must implement the same controlled-execution, idempotency, evidence, reconciliation and shop-scoped policy boundaries.	FUTURE_ACTIVATION_NOT_AUTHORIZED		Presence is not requirement-specific acceptance; integrated evidence must be linked before PASS.
word/document.xml/p210	31. Non-Negotiable Safety Rules	31. Non-Negotiable Safety Rules	TRACE_REVIEW_REQUIRED	includes/Core/Settings.php	Presence is not requirement-specific acceptance; integrated evidence must be linked before PASS.
word/document.xml/p211	31. Non-Negotiable Safety Rules	STOP ALL outranks everything.	TRACE_REVIEW_REQUIRED	includes/Core/Settings.php	Presence is not requirement-specific acceptance; integrated evidence must be linked before PASS.
word/document.xml/p212	31. Non-Negotiable Safety Rules	Configured ON is not the same as authorized/effective.	TRACE_REVIEW_REQUIRED	includes/Core/Settings.php	Presence is not requirement-specific acceptance; integrated evidence must be linked before PASS.
word/document.xml/p213	31. Non-Negotiable Safety Rules	AI never creates execution authority.	TRACE_REVIEW_REQUIRED	includes/Core/Settings.php	Presence is not requirement-specific acceptance; integrated evidence must be linked before PASS.
word/document.xml/p214	31. Non-Negotiable Safety Rules	No QA PASS without evidence.	TRACE_REVIEW_REQUIRED	includes/Core/Settings.php	Presence is not requirement-specific acceptance; integrated evidence must be linked before PASS.
word/document.xml/p215	31. Non-Negotiable Safety Rules	UNKNOWN external result requires reconciliation before retry.	TRACE_REVIEW_REQUIRED	includes/Core/Settings.php	Presence is not requirement-specific acceptance; integrated evidence must be linked before PASS.
word/document.xml/p216	31. Non-Negotiable Safety Rules	Never expose or log credentials/secrets.	TRACE_REVIEW_REQUIRED	includes/Core/Settings.php	Presence is not requirement-specific acceptance; integrated evidence must be linked before PASS.
word/document.xml/p217	31. Non-Negotiable Safety Rules	Never reuse consumed authorization/idempotency identity for a new external attempt.	TRACE_REVIEW_REQUIRED	includes/Core/Settings.php	Presence is not requirement-specific acceptance; integrated evidence must be linked before PASS.
word/document.xml/p218	31. Non-Negotiable Safety Rules	Paid order does not equal production authorization.	TRACE_REVIEW_REQUIRED	includes/Core/Settings.php	Presence is not requirement-specific acceptance; integrated evidence must be linked before PASS.
word/document.xml/p219	31. Non-Negotiable Safety Rules	Etsy draft does not equal publish authorization.	TRACE_REVIEW_REQUIRED	includes/Core/Settings.php	Presence is not requirement-specific acceptance; integrated evidence must be linked before PASS.
word/document.xml/p220	31. Non-Negotiable Safety Rules	Prepared provider payload does not equal production authorization.	TRACE_REVIEW_REQUIRED	includes/Core/Settings.php	Presence is not requirement-specific acceptance; integrated evidence must be linked before PASS.
word/document.xml/p221	31. Non-Negotiable Safety Rules	No automatic Etsy publish, POD production, GST filing or other irreversible external action without explicit policy/human gate.	TRACE_REVIEW_REQUIRED	includes/Core/Settings.php	Presence is not requirement-specific acceptance; integrated evidence must be linked before PASS.
word/document.xml/p222	31. Non-Negotiable Safety Rules	Preserve immutable historical operation evidence, including failures.	TRACE_REVIEW_REQUIRED	includes/Core/Settings.php	Presence is not requirement-specific acceptance; integrated evidence must be linked before PASS.
word/document.xml/p223	31. Non-Negotiable Safety Rules	Production-authorized template/version/render inputs are frozen.	TRACE_REVIEW_REQUIRED	includes/Core/Settings.php	Presence is not requirement-specific acceptance; integrated evidence must be linked before PASS.
word/document.xml/p224	31. Non-Negotiable Safety Rules	Shop isolation is mandatory: no accidental cross-shop controls, mappings, costs or external identities.	TRACE_REVIEW_REQUIRED	includes/Core/Settings.php	Presence is not requirement-specific acceptance; integrated evidence must be linked before PASS.
word/document.xml/p225	32. Acceptance Criteria for the Complete DigiForge Website	32. Acceptance Criteria for the Complete DigiForge Website	TRACE_REVIEW_REQUIRED	docs/engineering/FINAL_PRODUCT_ACCEPTANCE_MATRIX_20261010.md	Presence is not requirement-specific acceptance; integrated evidence must be linked before PASS.
word/document.xml/p226	32. Acceptance Criteria for the Complete DigiForge Website	All four shop profiles can exist independently; inactive/future shops remain disabled without affecting active shops.	TRACE_REVIEW_REQUIRED	docs/engineering/FINAL_PRODUCT_ACCEPTANCE_MATRIX_20261010.md	Presence is not requirement-specific acceptance; integrated evidence must be linked before PASS.
word/document.xml/p227	32. Acceptance Criteria for the Complete DigiForge Website	Global safety + shop/workflow controls are evaluated hierarchically and visibly.	TRACE_REVIEW_REQUIRED	docs/engineering/FINAL_PRODUCT_ACCEPTANCE_MATRIX_20261010.md	Presence is not requirement-specific acceptance; integrated evidence must be linked before PASS.
word/document.xml/p228	32. Acceptance Criteria for the Complete DigiForge Website	Per-shop AI quantity/budget planner estimates and records actual spend.	TRACE_REVIEW_REQUIRED	docs/engineering/FINAL_PRODUCT_ACCEPTANCE_MATRIX_20261010.md	Presence is not requirement-specific acceptance; integrated evidence must be linked before PASS.
word/document.xml/p229	32. Acceptance Criteria for the Complete DigiForge Website	Digital opportunity can reach approved Etsy draft/file attachment without internal reconstruction.	TRACE_REVIEW_REQUIRED	docs/engineering/FINAL_PRODUCT_ACCEPTANCE_MATRIX_20261010.md	Presence is not requirement-specific acceptance; integrated evidence must be linked before PASS.
word/document.xml/p230	32. Acceptance Criteria for the Complete DigiForge Website	Personalized POD opportunity can reach certified template/listing and paid order can reach buyer-specific preview + explicit production authorization boundary.	TRACE_REVIEW_REQUIRED	docs/engineering/FINAL_PRODUCT_ACCEPTANCE_MATRIX_20261010.md	Presence is not requirement-specific acceptance; integrated evidence must be linked before PASS.
word/document.xml/p231	32. Acceptance Criteria for the Complete DigiForge Website	Printify mappings/templates are exact, versioned and provider-authoritative; provider switching revalidates geometry/economics.	TRACE_REVIEW_REQUIRED	docs/engineering/FINAL_PRODUCT_ACCEPTANCE_MATRIX_20261010.md	Presence is not requirement-specific acceptance; integrated evidence must be linked before PASS.
word/document.xml/p232	32. Acceptance Criteria for the Complete DigiForge Website	Normal operations are possible from DigiForge portal without wp-admin.	TRACE_REVIEW_REQUIRED	docs/engineering/FINAL_PRODUCT_ACCEPTANCE_MATRIX_20261010.md	Presence is not requirement-specific acceptance; integrated evidence must be linked before PASS.
word/document.xml/p233	32. Acceptance Criteria for the Complete DigiForge Website	Approvals show exact evidence/payload/version being approved.	TRACE_REVIEW_REQUIRED	docs/engineering/FINAL_PRODUCT_ACCEPTANCE_MATRIX_20261010.md	Presence is not requirement-specific acceptance; integrated evidence must be linked before PASS.
word/document.xml/p234	32. Acceptance Criteria for the Complete DigiForge Website	Orders preserve correct shop/listing/product/provider/personalization lineage.	TRACE_REVIEW_REQUIRED	docs/engineering/FINAL_PRODUCT_ACCEPTANCE_MATRIX_20261010.md	Presence is not requirement-specific acceptance; integrated evidence must be linked before PASS.
word/document.xml/p235	32. Acceptance Criteria for the Complete DigiForge Website	Finance reflects actual fees/COGS/shipping/AI/tax evidence and supports profitability by shop/product/order.	TRACE_REVIEW_REQUIRED	docs/engineering/FINAL_PRODUCT_ACCEPTANCE_MATRIX_20261010.md	Presence is not requirement-specific acceptance; integrated evidence must be linked before PASS.
word/document.xml/p236	32. Acceptance Criteria for the Complete DigiForge Website	Queues/retries/reconciliation/orphan recovery are visible and tested.	TRACE_REVIEW_REQUIRED	docs/engineering/FINAL_PRODUCT_ACCEPTANCE_MATRIX_20261010.md	Presence is not requirement-specific acceptance; integrated evidence must be linked before PASS.
word/document.xml/p237	32. Acceptance Criteria for the Complete DigiForge Website	Credentials remain secret; audit and external-operation evidence are durable.	TRACE_REVIEW_REQUIRED	docs/engineering/FINAL_PRODUCT_ACCEPTANCE_MATRIX_20261010.md	Presence is not requirement-specific acceptance; integrated evidence must be linked before PASS.
word/document.xml/p238	32. Acceptance Criteria for the Complete DigiForge Website	Mobile/tablet portal is usable for approvals and operations.	TRACE_REVIEW_REQUIRED	docs/engineering/FINAL_PRODUCT_ACCEPTANCE_MATRIX_20261010.md	Presence is not requirement-specific acceptance; integrated evidence must be linked before PASS.
word/document.xml/p239	32. Acceptance Criteria for the Complete DigiForge Website	Backup/restore + smoke tests pass.	TRACE_REVIEW_REQUIRED	docs/engineering/FINAL_PRODUCT_ACCEPTANCE_MATRIX_20261010.md	Presence is not requirement-specific acceptance; integrated evidence must be linked before PASS.
word/document.xml/p240	32. Acceptance Criteria for the Complete DigiForge Website	Exact-head engineering/release audits pass and production is installed from certified artifact.	TRACE_REVIEW_REQUIRED	docs/engineering/FINAL_PRODUCT_ACCEPTANCE_MATRIX_20261010.md	Presence is not requirement-specific acceptance; integrated evidence must be linked before PASS.
word/document.xml/p241	32. Acceptance Criteria for the Complete DigiForge Website	No consequential external capability is silently activated by deployment.	TRACE_REVIEW_REQUIRED	docs/engineering/FINAL_PRODUCT_ACCEPTANCE_MATRIX_20261010.md	Presence is not requirement-specific acceptance; integrated evidence must be linked before PASS.
word/document.xml/p242	33. Recommended Immediate Next Development Batch	33. Recommended Immediate Next Development Batch	TRACE_REVIEW_REQUIRED	docs/engineering/FINAL_PRODUCT_ACCEPTANCE_MATRIX_20261010.md	Presence is not requirement-specific acceptance; integrated evidence must be linked before PASS.
word/document.xml/p243	33. Recommended Immediate Next Development Batch	Development is currently paused for architecture consolidation. When the user explicitly resumes development, start from current main on a new branch and address the following coherent batch before cutting the next release:	TRACE_REVIEW_REQUIRED	docs/engineering/FINAL_PRODUCT_ACCEPTANCE_MATRIX_20261010.md	Presence is not requirement-specific acceptance; integrated evidence must be linked before PASS.
word/document.xml/p244	33. Recommended Immediate Next Development Batch	Fix P0 order readiness semantic bug with behavioral regression test.	TRACE_REVIEW_REQUIRED	docs/engineering/FINAL_PRODUCT_ACCEPTANCE_MATRIX_20261010.md	Presence is not requirement-specific acceptance; integrated evidence must be linked before PASS.
word/document.xml/p245	33. Recommended Immediate Next Development Batch	Persist webhook review-required / validated order states safely.	TRACE_REVIEW_REQUIRED	docs/engineering/FINAL_PRODUCT_ACCEPTANCE_MATRIX_20261010.md	Presence is not requirement-specific acceptance; integrated evidence must be linked before PASS.
word/document.xml/p246	33. Recommended Immediate Next Development Batch	Harden hybrid listing/provider mapping using listing-specific approved bindings.	TRACE_REVIEW_REQUIRED	docs/engineering/FINAL_PRODUCT_ACCEPTANCE_MATRIX_20261010.md	Presence is not requirement-specific acceptance; integrated evidence must be linked before PASS.
word/document.xml/p247	33. Recommended Immediate Next Development Batch	Add digital-order delivery-configuration evidence from confirmed Etsy file operations.	TRACE_REVIEW_REQUIRED	docs/engineering/FINAL_PRODUCT_ACCEPTANCE_MATRIX_20261010.md	Presence is not requirement-specific acceptance; integrated evidence must be linked before PASS.
word/document.xml/p248	33. Recommended Immediate Next Development Batch	Improve current-action operations diagnostics and stale readiness evidence.	TRACE_REVIEW_REQUIRED	docs/engineering/FINAL_PRODUCT_ACCEPTANCE_MATRIX_20261010.md	Presence is not requirement-specific acceptance; integrated evidence must be linked before PASS.
word/document.xml/p249	33. Recommended Immediate Next Development Batch	Begin shop-scoped policy/control primitives and AI quantity/budget data model only after the architecture in this document is accepted.	TRACE_REVIEW_REQUIRED	docs/engineering/FINAL_PRODUCT_ACCEPTANCE_MATRIX_20261010.md	Presence is not requirement-specific acceptance; integrated evidence must be linked before PASS.
word/document.xml/p250	33. Recommended Immediate Next Development Batch	Continue substantial batching; do not cut a ZIP for each small fix.	TRACE_REVIEW_REQUIRED	docs/engineering/FINAL_PRODUCT_ACCEPTANCE_MATRIX_20261010.md	Presence is not requirement-specific acceptance; integrated evidence must be linked before PASS.
word/document.xml/p251	34. Operating Instruction for Future Chat / Handoff	34. Operating Instruction for Future Chat / Handoff	DOCUMENT_AUTHORITY_CURRENT_USER_OVERRIDES	.github/workflows/digiforge-foundation-audit.yml	Presence is not requirement-specific acceptance; integrated evidence must be linked before PASS.
word/document.xml/table26/r1/c1/p1	34. Operating Instruction for Future Chat / Handoff	COPY AS WORKING RULE — Use DigiForge Ultimate Master Blueprint v6.0 as the authoritative architecture/operating reference. Inspect the actual repository and production state before acting. Continue from the latest actual main. When the user says “Proceed”, work autonomously in coherent multi-workstream batches: inspect → implement/fix → test → PR → exact-head Engineering & Safety Audit → correct findings → merge only after certification. Preserve Product #25 approved artifacts and immutable operation evidence. Do not publish Etsy listings, place POD production orders, file GST/tax, expose secrets or bypass human approval gates. Keep global STOP ALL as the ultimate safety override. Treat shop controls, AI quantities/budgets, provider mappings and operations as shop-scoped. Use the Master 500 structured workbooks as governed catalog data, preserving v1 lineage and promoting v2 only after explicit approval.	DOCUMENT_AUTHORITY_CURRENT_USER_OVERRIDES	.github/workflows/digiforge-foundation-audit.yml	Presence is not requirement-specific acceptance; integrated evidence must be linked before PASS.
word/document.xml/p254	35. Source Consolidation Record	35. Source Consolidation Record	HISTORICAL_CONTEXT_NOT_CURRENT_ACCEPTANCE		Presence is not requirement-specific acceptance; integrated evidence must be linked before PASS.
word/document.xml/p255	35. Source Consolidation Record	This edition was built from the following project sources and current evidence:	HISTORICAL_CONTEXT_NOT_CURRENT_ACCEPTANCE		Presence is not requirement-specific acceptance; integrated evidence must be linked before PASS.
word/document.xml/p256	35. Source Consolidation Record	DigiForge Master Blueprint, Complete Architecture, Feature & Process Reference v5.0 (26 Sep 2026).	HISTORICAL_CONTEXT_NOT_CURRENT_ACCEPTANCE		Presence is not requirement-specific acceptance; integrated evidence must be linked before PASS.
word/document.xml/p257	35. Source Consolidation Record	DigiForge Master Blueprint & Product Architecture — Instant Mode Handoff v4.0.	HISTORICAL_CONTEXT_NOT_CURRENT_ACCEPTANCE		Presence is not requirement-specific acceptance; integrated evidence must be linked before PASS.
word/document.xml/p258	35. Source Consolidation Record	DigiForge Product Feature Master Tracker v1.0.	HISTORICAL_CONTEXT_NOT_CURRENT_ACCEPTANCE		Presence is not requirement-specific acceptance; integrated evidence must be linked before PASS.
word/document.xml/p259	35. Source Consolidation Record	DigiForge DigiCraftifyGoods Product & Template Master 500 (original v1 catalog).	HISTORICAL_CONTEXT_NOT_CURRENT_ACCEPTANCE		Presence is not requirement-specific acceptance; integrated evidence must be linked before PASS.
word/document.xml/p260	35. Source Consolidation Record	DigiForge DigiCraftifyGoods Master 500 v2 Research & Migration Plan.	HISTORICAL_CONTEXT_NOT_CURRENT_ACCEPTANCE		Presence is not requirement-specific acceptance; integrated evidence must be linked before PASS.
word/document.xml/p261	35. Source Consolidation Record	Certified production release history through DigiForge v1.0.65.	HISTORICAL_CONTEXT_NOT_CURRENT_ACCEPTANCE		Presence is not requirement-specific acceptance; integrated evidence must be linked before PASS.
word/document.xml/p262	35. Source Consolidation Record	Current GitHub main verified on 27 Sep 2026 as f2927f2c2c9e0ef8dcdf6d2b3444386d198b385e.	HISTORICAL_CONTEXT_NOT_CURRENT_ACCEPTANCE		Presence is not requirement-specific acceptance; integrated evidence must be linked before PASS.
word/document.xml/p263	35. Source Consolidation Record	Post-release audited engineering through PR #457 and the subsequently identified order-readiness semantic defect.	HISTORICAL_CONTEXT_NOT_CURRENT_ACCEPTANCE		Presence is not requirement-specific acceptance; integrated evidence must be linked before PASS.
word/document.xml/p264	35. Source Consolidation Record	User-approved architecture decisions in the current project discussion: four-shop target, DigiForge-portal-first administration, shop-scoped controls, AI quantity/budget governance, Printify-first personalized POD and manual final production approval.	HISTORICAL_CONTEXT_NOT_CURRENT_ACCEPTANCE		Presence is not requirement-specific acceptance; integrated evidence must be linked before PASS.
word/document.xml/p265	35. Source Consolidation Record	External provider behavior changes over time. Current Etsy/Printify/Gelato rules must be re-verified from official provider documentation before implementing or activating provider-specific behavior not already certified.	HISTORICAL_CONTEXT_NOT_CURRENT_ACCEPTANCE		Presence is not requirement-specific acceptance; integrated evidence must be linked before PASS.
word/document.xml/p266	36. Supersession Statement	36. Supersession Statement	DOCUMENT_AUTHORITY_CURRENT_USER_OVERRIDES		Presence is not requirement-specific acceptance; integrated evidence must be linked before PASS.
word/document.xml/p267	36. Supersession Statement	Once the user accepts this v6.0 document, prior DigiForge architecture/handoff DOCX files are superseded and may be deleted or archived to avoid confusion. This document intentionally replaces their architecture, safety and operating instructions. Structured catalog workbooks remain companion governed data sources unless separately migrated into DigiForge and explicitly retired.	DOCUMENT_AUTHORITY_CURRENT_USER_OVERRIDES		Presence is not requirement-specific acceptance; integrated evidence must be linked before PASS.
word/document.xml/table27/r1/c1/p1	36. Supersession Statement	FINAL BASELINE — DigiForge is one multi-shop operating platform. The architecture is WordPress/PHP/MySQL-native, portal-first, evidence-driven and fail-closed. Global safety ceilings remain absolute; normal controls, AI budgets, provider routes and workflows are shop-scoped. Digital products are the proven Etsy execution path. Personalized POD is Printify-first and must converge on reusable certified templates, deterministic personalization where possible, buyer-specific preview QA and explicit human production authorization. Future non-personalized POD and jewelry shops reuse the platform without weakening isolation or safety.	DOCUMENT_AUTHORITY_CURRENT_USER_OVERRIDES		Presence is not requirement-specific acceptance; integrated evidence must be linked before PASS.
word/header1.xml/p1	36. Supersession Statement	DigiForge Ultimate Master Blueprint v6.0 • 27 Sep 2026	DOCUMENT_AUTHORITY_CURRENT_USER_OVERRIDES		Presence is not requirement-specific acceptance; integrated evidence must be linked before PASS.
