Original worksheet	Physical row (derived coordinate)	Complete original row values/formulas	Reconciliation state	Exact implementation reference	Exact test references	Acceptance boundary
Executive_Summary	1	"[""DigiCraftifyGoods Master 500 v2 — Research & Migration Plan"",null,null,null,null,null,null,null]"	SOURCE_PRESERVED_LOCAL_VALIDATION	includes/POD/MasterCatalogV2MigrationContract.php:6	tests/wordpress/MasterCatalogMixedCandidateTest.php:21::testMixedCandidatePersistsAllDispositionsAndReplaysExactEvidence; tests/wordpress/MasterCatalogMixedCandidateTest.php:42::testForgedNormalizedEvidenceIsRejectedBeforePersistence	Original migration/research summary, planning only; no activation.
Executive_Summary	2	[null,null,null,null,null,null,null,null]	SOURCE_PRESERVED_LOCAL_VALIDATION	includes/POD/MasterCatalogV2MigrationContract.php:6	tests/wordpress/MasterCatalogMixedCandidateTest.php:21::testMixedCandidatePersistsAllDispositionsAndReplaysExactEvidence; tests/wordpress/MasterCatalogMixedCandidateTest.php:42::testForgedNormalizedEvidenceIsRejectedBeforePersistence	Original migration/research summary, planning only; no activation.
Executive_Summary	3	"[""Metric"",""Value"",null,""Architecture decision"",""Recommendation"",null,null,null]"	SOURCE_PRESERVED_LOCAL_VALIDATION	includes/POD/MasterCatalogV2MigrationContract.php:6	tests/wordpress/MasterCatalogMixedCandidateTest.php:21::testMixedCandidatePersistsAllDispositionsAndReplaysExactEvidence; tests/wordpress/MasterCatalogMixedCandidateTest.php:42::testForgedNormalizedEvidenceIsRejectedBeforePersistence	Original migration/research summary, planning only; no activation.
Executive_Summary	4	"[""Source catalog rows"",500,null,""Catalog model"",""Preserve Master 500 v1; create versioned v2"",null,null,null]"	SOURCE_PRESERVED_LOCAL_VALIDATION	includes/POD/MasterCatalogV2MigrationContract.php:6	tests/wordpress/MasterCatalogMixedCandidateTest.php:21::testMixedCandidatePersistsAllDispositionsAndReplaysExactEvidence; tests/wordpress/MasterCatalogMixedCandidateTest.php:42::testForgedNormalizedEvidenceIsRejectedBeforePersistence	Original migration/research summary, planning only; no activation.
Executive_Summary	5	"[""Proposed v2 rows"",500,null,""Production templates"",""Do not equate 500 concepts with 500 templates"",null,null,null]"	SOURCE_PRESERVED_LOCAL_VALIDATION	includes/POD/MasterCatalogV2MigrationContract.php:6	tests/wordpress/MasterCatalogMixedCandidateTest.php:21::testMixedCandidatePersistsAllDispositionsAndReplaysExactEvidence; tests/wordpress/MasterCatalogMixedCandidateTest.php:42::testForgedNormalizedEvidenceIsRejectedBeforePersistence	Original migration/research summary, planning only; no activation.
Executive_Summary	6	"[""Existing-family v2 rows"",458,null,""AI control"",""Set quantity + budget ceilings per shop/run/stage"",null,null,null]"	SOURCE_PRESERVED_LOCAL_VALIDATION	includes/POD/MasterCatalogV2MigrationContract.php:6	tests/wordpress/MasterCatalogMixedCandidateTest.php:21::testMixedCandidatePersistsAllDispositionsAndReplaysExactEvidence; tests/wordpress/MasterCatalogMixedCandidateTest.php:42::testForgedNormalizedEvidenceIsRejectedBeforePersistence	Original migration/research summary, planning only; no activation.
Executive_Summary	7	"[""New-family v2 rows"",42,null,""Approval"",""Human approval remains required before POD production"",null,null,null]"	SOURCE_PRESERVED_LOCAL_VALIDATION	includes/POD/MasterCatalogV2MigrationContract.php:6	tests/wordpress/MasterCatalogMixedCandidateTest.php:21::testMixedCandidatePersistsAllDispositionsAndReplaysExactEvidence; tests/wordpress/MasterCatalogMixedCandidateTest.php:42::testForgedNormalizedEvidenceIsRejectedBeforePersistence	Original migration/research summary, planning only; no activation.
Executive_Summary	8	"[""Source rows retained"",428,null,""Trend handling"",""Use trend/occasion overlays instead of multiplying templates"",null,null,null]"	SOURCE_PRESERVED_LOCAL_VALIDATION	includes/POD/MasterCatalogV2MigrationContract.php:6	tests/wordpress/MasterCatalogMixedCandidateTest.php:21::testMixedCandidatePersistsAllDispositionsAndReplaysExactEvidence; tests/wordpress/MasterCatalogMixedCandidateTest.php:42::testForgedNormalizedEvidenceIsRejectedBeforePersistence	Original migration/research summary, planning only; no activation.
Executive_Summary	9	"[""Source rows merged/downgraded"",72,null,""Provider rule"",""Provider geometry remains authoritative after product/provider selection"",null,null,null]"	SOURCE_PRESERVED_LOCAL_VALIDATION	includes/POD/MasterCatalogV2MigrationContract.php:6	tests/wordpress/MasterCatalogMixedCandidateTest.php:21::testMixedCandidatePersistsAllDispositionsAndReplaysExactEvidence; tests/wordpress/MasterCatalogMixedCandidateTest.php:42::testForgedNormalizedEvidenceIsRejectedBeforePersistence	Original migration/research summary, planning only; no activation.
Executive_Summary	10	"[""New concepts added"",72,null,""Status"",""Planning only; no DigiForge development performed"",null,null,null]"	SOURCE_PRESERVED_LOCAL_VALIDATION	includes/POD/MasterCatalogV2MigrationContract.php:6	tests/wordpress/MasterCatalogMixedCandidateTest.php:21::testMixedCandidatePersistsAllDispositionsAndReplaysExactEvidence; tests/wordpress/MasterCatalogMixedCandidateTest.php:42::testForgedNormalizedEvidenceIsRejectedBeforePersistence	Original migration/research summary, planning only; no activation.
Executive_Summary	11	"[""Source workbook modified"",""No"",null,null,null,null,null,null]"	SOURCE_PRESERVED_LOCAL_VALIDATION	includes/POD/MasterCatalogV2MigrationContract.php:6	tests/wordpress/MasterCatalogMixedCandidateTest.php:21::testMixedCandidatePersistsAllDispositionsAndReplaysExactEvidence; tests/wordpress/MasterCatalogMixedCandidateTest.php:42::testForgedNormalizedEvidenceIsRejectedBeforePersistence	Original migration/research summary, planning only; no activation.
Family_Rebalance	1	"[""Family"",""V1 Count"",""V2 Target"",""Delta"",""Direction"",""Primary Rationale"",null,null,null,null,null,null,null,null,null,null,null,null,null,null,null,null,null,null,null,null]"	SOURCE_PRESERVED_LOCAL_VALIDATION	includes/POD/MasterCatalogV2MigrationContract.php:6	tests/wordpress/MasterCatalogMixedCandidateTest.php:21::testMixedCandidatePersistsAllDispositionsAndReplaysExactEvidence; tests/wordpress/MasterCatalogMixedCandidateTest.php:42::testForgedNormalizedEvidenceIsRejectedBeforePersistence	All 24 targets/deltas preserved and offline validated; no production rebalance.
Family_Rebalance	2	"[""Face & Photo Socks"",25,20,-5,""Reduce"",""Keep novelty/pet strength; merge relationship variants into options."",null,null,null,null,null,null,null,null,null,null,null,null,null,null,null,null,null,null,null,null]"	SOURCE_PRESERVED_LOCAL_VALIDATION	includes/POD/MasterCatalogV2MigrationContract.php:6	tests/wordpress/MasterCatalogMixedCandidateTest.php:21::testMixedCandidatePersistsAllDispositionsAndReplaysExactEvidence; tests/wordpress/MasterCatalogMixedCandidateTest.php:42::testForgedNormalizedEvidenceIsRejectedBeforePersistence	All 24 targets/deltas preserved and offline validated; no production rebalance.
Family_Rebalance	3	"[""Personalized Mugs"",25,28,3,""Expand"",""Year-round personalized gifting; add handwriting/home/long-distance angles."",null,null,null,null,null,null,null,null,null,null,null,null,null,null,null,null,null,null,null,null]"	SOURCE_PRESERVED_LOCAL_VALIDATION	includes/POD/MasterCatalogV2MigrationContract.php:6	tests/wordpress/MasterCatalogMixedCandidateTest.php:21::testMixedCandidatePersistsAllDispositionsAndReplaysExactEvidence; tests/wordpress/MasterCatalogMixedCandidateTest.php:42::testForgedNormalizedEvidenceIsRejectedBeforePersistence	All 24 targets/deltas preserved and offline validated; no production rebalance.
Family_Rebalance	4	"[""Personalized T-Shirts"",25,28,3,""Expand"",""Core POD staple; retain but avoid generic duplication."",null,null,null,null,null,null,null,null,null,null,null,null,null,null,null,null,null,null,null,null]"	SOURCE_PRESERVED_LOCAL_VALIDATION	includes/POD/MasterCatalogV2MigrationContract.php:6	tests/wordpress/MasterCatalogMixedCandidateTest.php:21::testMixedCandidatePersistsAllDispositionsAndReplaysExactEvidence; tests/wordpress/MasterCatalogMixedCandidateTest.php:42::testForgedNormalizedEvidenceIsRejectedBeforePersistence	All 24 targets/deltas preserved and offline validated; no production rebalance.
Family_Rebalance	5	"[""Personalized Sweatshirts"",25,32,7,""Expand"",""Strong apparel + stitched/embroidered-look opportunity."",null,null,null,null,null,null,null,null,null,null,null,null,null,null,null,null,null,null,null,null]"	SOURCE_PRESERVED_LOCAL_VALIDATION	includes/POD/MasterCatalogV2MigrationContract.php:6	tests/wordpress/MasterCatalogMixedCandidateTest.php:21::testMixedCandidatePersistsAllDispositionsAndReplaysExactEvidence; tests/wordpress/MasterCatalogMixedCandidateTest.php:42::testForgedNormalizedEvidenceIsRejectedBeforePersistence	All 24 targets/deltas preserved and offline validated; no production rebalance.
Family_Rebalance	6	"[""Personalized Hoodies"",25,23,-2,""Reduce"",""Strong staple; slightly reduce relationship duplication."",null,null,null,null,null,null,null,null,null,null,null,null,null,null,null,null,null,null,null,null]"	SOURCE_PRESERVED_LOCAL_VALIDATION	includes/POD/MasterCatalogV2MigrationContract.php:6	tests/wordpress/MasterCatalogMixedCandidateTest.php:21::testMixedCandidatePersistsAllDispositionsAndReplaysExactEvidence; tests/wordpress/MasterCatalogMixedCandidateTest.php:42::testForgedNormalizedEvidenceIsRejectedBeforePersistence	All 24 targets/deltas preserved and offline validated; no production rebalance.
Family_Rebalance	7	"[""Photo & Pet Blankets"",25,28,3,""Expand"",""Premium personalized home/gift product."",null,null,null,null,null,null,null,null,null,null,null,null,null,null,null,null,null,null,null,null]"	SOURCE_PRESERVED_LOCAL_VALIDATION	includes/POD/MasterCatalogV2MigrationContract.php:6	tests/wordpress/MasterCatalogMixedCandidateTest.php:21::testMixedCandidatePersistsAllDispositionsAndReplaysExactEvidence; tests/wordpress/MasterCatalogMixedCandidateTest.php:42::testForgedNormalizedEvidenceIsRejectedBeforePersistence	All 24 targets/deltas preserved and offline validated; no production rebalance.
Family_Rebalance	8	"[""Personalized Pillows"",25,18,-7,""Reduce"",""Useful home decor but several occasions duplicate stronger products."",null,null,null,null,null,null,null,null,null,null,null,null,null,null,null,null,null,null,null,null]"	SOURCE_PRESERVED_LOCAL_VALIDATION	includes/POD/MasterCatalogV2MigrationContract.php:6	tests/wordpress/MasterCatalogMixedCandidateTest.php:21::testMixedCandidatePersistsAllDispositionsAndReplaysExactEvidence; tests/wordpress/MasterCatalogMixedCandidateTest.php:42::testForgedNormalizedEvidenceIsRejectedBeforePersistence	All 24 targets/deltas preserved and offline validated; no production rebalance.
Family_Rebalance	9	"[""Personalized Phone Cases"",25,25,0,""Keep"",""Keep; refresh aesthetics/trend overlays frequently."",null,null,null,null,null,null,null,null,null,null,null,null,null,null,null,null,null,null,null,null]"	SOURCE_PRESERVED_LOCAL_VALIDATION	includes/POD/MasterCatalogV2MigrationContract.php:6	tests/wordpress/MasterCatalogMixedCandidateTest.php:21::testMixedCandidatePersistsAllDispositionsAndReplaysExactEvidence; tests/wordpress/MasterCatalogMixedCandidateTest.php:42::testForgedNormalizedEvidenceIsRejectedBeforePersistence	All 24 targets/deltas preserved and offline validated; no production rebalance.
Family_Rebalance	10	"[""Personalized Tote Bags"",25,18,-7,""Reduce"",""Keep practical winners; reduce recipient duplication."",null,null,null,null,null,null,null,null,null,null,null,null,null,null,null,null,null,null,null,null]"	SOURCE_PRESERVED_LOCAL_VALIDATION	includes/POD/MasterCatalogV2MigrationContract.php:6	tests/wordpress/MasterCatalogMixedCandidateTest.php:21::testMixedCandidatePersistsAllDispositionsAndReplaysExactEvidence; tests/wordpress/MasterCatalogMixedCandidateTest.php:42::testForgedNormalizedEvidenceIsRejectedBeforePersistence	All 24 targets/deltas preserved and offline validated; no production rebalance.
Family_Rebalance	11	"[""Personalized Ornaments"",25,28,3,""Expand"",""Strong seasonal personalization; expand occasion depth."",null,null,null,null,null,null,null,null,null,null,null,null,null,null,null,null,null,null,null,null]"	SOURCE_PRESERVED_LOCAL_VALIDATION	includes/POD/MasterCatalogV2MigrationContract.php:6	tests/wordpress/MasterCatalogMixedCandidateTest.php:21::testMixedCandidatePersistsAllDispositionsAndReplaysExactEvidence; tests/wordpress/MasterCatalogMixedCandidateTest.php:42::testForgedNormalizedEvidenceIsRejectedBeforePersistence	All 24 targets/deltas preserved and offline validated; no production rebalance.
Family_Rebalance	12	"[""Personalized Posters"",25,23,-2,""Reduce"",""Keep wall-art strength; reduce weak generic occasions."",null,null,null,null,null,null,null,null,null,null,null,null,null,null,null,null,null,null,null,null]"	SOURCE_PRESERVED_LOCAL_VALIDATION	includes/POD/MasterCatalogV2MigrationContract.php:6	tests/wordpress/MasterCatalogMixedCandidateTest.php:21::testMixedCandidatePersistsAllDispositionsAndReplaysExactEvidence; tests/wordpress/MasterCatalogMixedCandidateTest.php:42::testForgedNormalizedEvidenceIsRejectedBeforePersistence	All 24 targets/deltas preserved and offline validated; no production rebalance.
Family_Rebalance	13	"[""Personalized Canvas"",25,23,-2,""Reduce"",""Premium wall-art keepsake; modest focus."",null,null,null,null,null,null,null,null,null,null,null,null,null,null,null,null,null,null,null,null]"	SOURCE_PRESERVED_LOCAL_VALIDATION	includes/POD/MasterCatalogV2MigrationContract.php:6	tests/wordpress/MasterCatalogMixedCandidateTest.php:21::testMixedCandidatePersistsAllDispositionsAndReplaysExactEvidence; tests/wordpress/MasterCatalogMixedCandidateTest.php:42::testForgedNormalizedEvidenceIsRejectedBeforePersistence	All 24 targets/deltas preserved and offline validated; no production rebalance.
Family_Rebalance	14	"[""Personalized Journals"",25,28,3,""Expand"",""Expand memory/analog/keepsake use cases."",null,null,null,null,null,null,null,null,null,null,null,null,null,null,null,null,null,null,null,null]"	SOURCE_PRESERVED_LOCAL_VALIDATION	includes/POD/MasterCatalogV2MigrationContract.php:6	tests/wordpress/MasterCatalogMixedCandidateTest.php:21::testMixedCandidatePersistsAllDispositionsAndReplaysExactEvidence; tests/wordpress/MasterCatalogMixedCandidateTest.php:42::testForgedNormalizedEvidenceIsRejectedBeforePersistence	All 24 targets/deltas preserved and offline validated; no production rebalance.
Family_Rebalance	15	"[""Personalized Candles"",25,10,-15,""Reduce"",""Keep select gifting occasions; reduce label-level duplication."",null,null,null,null,null,null,null,null,null,null,null,null,null,null,null,null,null,null,null,null]"	SOURCE_PRESERVED_LOCAL_VALIDATION	includes/POD/MasterCatalogV2MigrationContract.php:6	tests/wordpress/MasterCatalogMixedCandidateTest.php:21::testMixedCandidatePersistsAllDispositionsAndReplaysExactEvidence; tests/wordpress/MasterCatalogMixedCandidateTest.php:42::testForgedNormalizedEvidenceIsRejectedBeforePersistence	All 24 targets/deltas preserved and offline validated; no production rebalance.
Family_Rebalance	16	"[""Personalized Drinkware"",25,28,3,""Expand"",""Expand utility + personalization across recipient/occasion niches."",null,null,null,null,null,null,null,null,null,null,null,null,null,null,null,null,null,null,null,null]"	SOURCE_PRESERVED_LOCAL_VALIDATION	includes/POD/MasterCatalogV2MigrationContract.php:6	tests/wordpress/MasterCatalogMixedCandidateTest.php:21::testMixedCandidatePersistsAllDispositionsAndReplaysExactEvidence; tests/wordpress/MasterCatalogMixedCandidateTest.php:42::testForgedNormalizedEvidenceIsRejectedBeforePersistence	All 24 targets/deltas preserved and offline validated; no production rebalance.
Family_Rebalance	17	"[""Baby & Kids"",25,25,0,""Keep"",""Keep milestone/personalization breadth."",null,null,null,null,null,null,null,null,null,null,null,null,null,null,null,null,null,null,null,null]"	SOURCE_PRESERVED_LOCAL_VALIDATION	includes/POD/MasterCatalogV2MigrationContract.php:6	tests/wordpress/MasterCatalogMixedCandidateTest.php:21::testMixedCandidatePersistsAllDispositionsAndReplaysExactEvidence; tests/wordpress/MasterCatalogMixedCandidateTest.php:42::testForgedNormalizedEvidenceIsRejectedBeforePersistence	All 24 targets/deltas preserved and offline validated; no production rebalance.
Family_Rebalance	18	"[""AOP Leggings"",25,10,-15,""Reduce"",""Reduce; weaker personalization fit and seam/panel complexity."",null,null,null,null,null,null,null,null,null,null,null,null,null,null,null,null,null,null,null,null]"	SOURCE_PRESERVED_LOCAL_VALIDATION	includes/POD/MasterCatalogV2MigrationContract.php:6	tests/wordpress/MasterCatalogMixedCandidateTest.php:21::testMixedCandidatePersistsAllDispositionsAndReplaysExactEvidence; tests/wordpress/MasterCatalogMixedCandidateTest.php:42::testForgedNormalizedEvidenceIsRejectedBeforePersistence	All 24 targets/deltas preserved and offline validated; no production rebalance.
Family_Rebalance	19	"[""Personalized Pajamas"",25,15,-10,""Reduce"",""Reduce sizing/AOP complexity; keep strongest family/seasonal concepts."",null,null,null,null,null,null,null,null,null,null,null,null,null,null,null,null,null,null,null,null]"	SOURCE_PRESERVED_LOCAL_VALIDATION	includes/POD/MasterCatalogV2MigrationContract.php:6	tests/wordpress/MasterCatalogMixedCandidateTest.php:21::testMixedCandidatePersistsAllDispositionsAndReplaysExactEvidence; tests/wordpress/MasterCatalogMixedCandidateTest.php:42::testForgedNormalizedEvidenceIsRejectedBeforePersistence	All 24 targets/deltas preserved and offline validated; no production rebalance.
Family_Rebalance	20	"[""Family/Couple/Memorial Gifts"",25,30,5,""Expand"",""Expand high-intent emotional/occasion layer."",null,null,null,null,null,null,null,null,null,null,null,null,null,null,null,null,null,null,null,null]"	SOURCE_PRESERVED_LOCAL_VALIDATION	includes/POD/MasterCatalogV2MigrationContract.php:6	tests/wordpress/MasterCatalogMixedCandidateTest.php:21::testMixedCandidatePersistsAllDispositionsAndReplaysExactEvidence; tests/wordpress/MasterCatalogMixedCandidateTest.php:42::testForgedNormalizedEvidenceIsRejectedBeforePersistence	All 24 targets/deltas preserved and offline validated; no production rebalance.
Family_Rebalance	21	"[""Advanced Transformations"",25,18,-7,""Reduce"",""Keep differentiated transformations; merge style variants."",null,null,null,null,null,null,null,null,null,null,null,null,null,null,null,null,null,null,null,null]"	SOURCE_PRESERVED_LOCAL_VALIDATION	includes/POD/MasterCatalogV2MigrationContract.php:6	tests/wordpress/MasterCatalogMixedCandidateTest.php:21::testMixedCandidatePersistsAllDispositionsAndReplaysExactEvidence; tests/wordpress/MasterCatalogMixedCandidateTest.php:42::testForgedNormalizedEvidenceIsRejectedBeforePersistence	All 24 targets/deltas preserved and offline validated; no production rebalance.
Family_Rebalance	22	"[""NEW Kitchen/Home Keepsakes"",0,12,12,""Expand"",""Exploit handwriting/recipe/new-home personalization."",null,null,null,null,null,null,null,null,null,null,null,null,null,null,null,null,null,null,null,null]"	SOURCE_PRESERVED_LOCAL_VALIDATION	includes/POD/MasterCatalogV2MigrationContract.php:6	tests/wordpress/MasterCatalogMixedCandidateTest.php:21::testMixedCandidatePersistsAllDispositionsAndReplaysExactEvidence; tests/wordpress/MasterCatalogMixedCandidateTest.php:42::testForgedNormalizedEvidenceIsRejectedBeforePersistence	All 24 targets/deltas preserved and offline validated; no production rebalance.
Family_Rebalance	23	"[""NEW Desk/Tech Accessories"",0,10,10,""Expand"",""Test profitable functional personalization and desk-mat demand."",null,null,null,null,null,null,null,null,null,null,null,null,null,null,null,null,null,null,null,null]"	SOURCE_PRESERVED_LOCAL_VALIDATION	includes/POD/MasterCatalogV2MigrationContract.php:6	tests/wordpress/MasterCatalogMixedCandidateTest.php:21::testMixedCandidatePersistsAllDispositionsAndReplaysExactEvidence; tests/wordpress/MasterCatalogMixedCandidateTest.php:42::testForgedNormalizedEvidenceIsRejectedBeforePersistence	All 24 targets/deltas preserved and offline validated; no production rebalance.
Family_Rebalance	24	"[""NEW Travel Accessories"",0,10,10,""Expand"",""Test travel/wedding/family personalization."",null,null,null,null,null,null,null,null,null,null,null,null,null,null,null,null,null,null,null,null]"	SOURCE_PRESERVED_LOCAL_VALIDATION	includes/POD/MasterCatalogV2MigrationContract.php:6	tests/wordpress/MasterCatalogMixedCandidateTest.php:21::testMixedCandidatePersistsAllDispositionsAndReplaysExactEvidence; tests/wordpress/MasterCatalogMixedCandidateTest.php:42::testForgedNormalizedEvidenceIsRejectedBeforePersistence	All 24 targets/deltas preserved and offline validated; no production rebalance.
Family_Rebalance	25	"[""NEW Hats/Caps/Beanies"",0,10,10,""Expand"",""Test embroidery-friendly small-format personalization."",null,null,null,null,null,null,null,null,null,null,null,null,null,null,null,null,null,null,null,null]"	SOURCE_PRESERVED_LOCAL_VALIDATION	includes/POD/MasterCatalogV2MigrationContract.php:6	tests/wordpress/MasterCatalogMixedCandidateTest.php:21::testMixedCandidatePersistsAllDispositionsAndReplaysExactEvidence; tests/wordpress/MasterCatalogMixedCandidateTest.php:42::testForgedNormalizedEvidenceIsRejectedBeforePersistence	All 24 targets/deltas preserved and offline validated; no production rebalance.
Source_Migration_500	1	"[""Source DG ID"",""Wave"",""V1 Family"",""V1 Concept"",""Engine"",""Disposition"",""Migration Note"",""V2 Successor ID"",""Retain as Overlay/Test"",null,null,null,null,null,null,null,null,null,null,null,null,null,null,null,null,null]"	SOURCE_PRESERVED_LOCAL_VALIDATION	includes/POD/MasterCatalogV2MigrationContract.php:6	tests/wordpress/MasterCatalogMixedCandidateTest.php:21::testMixedCandidatePersistsAllDispositionsAndReplaysExactEvidence; tests/wordpress/MasterCatalogMixedCandidateTest.php:42::testForgedNormalizedEvidenceIsRejectedBeforePersistence	DG identity/disposition/notes preserved; 428 KEEP,37 MERGE,35 DOWNGRADE; no destructive migration.
Source_Migration_500	2	"[""DG-001"",""W1"",""Face & Photo Socks"",""Dog face"",""FACE_REPEAT"",""KEEP"",""Retain as an active v2 listing concept."",""DG2-001"",""No"",null,null,null,null,null,null,null,null,null,null,null,null,null,null,null,null,null]"	SOURCE_PRESERVED_LOCAL_VALIDATION	includes/POD/MasterCatalogV2MigrationContract.php:6	tests/wordpress/MasterCatalogMixedCandidateTest.php:21::testMixedCandidatePersistsAllDispositionsAndReplaysExactEvidence; tests/wordpress/MasterCatalogMixedCandidateTest.php:42::testForgedNormalizedEvidenceIsRejectedBeforePersistence	DG identity/disposition/notes preserved; 428 KEEP,37 MERGE,35 DOWNGRADE; no destructive migration.
Source_Migration_500	3	"[""DG-002"",""W1"",""Face & Photo Socks"",""Cat face"",""FACE_REPEAT"",""KEEP"",""Retain as an active v2 listing concept."",""DG2-002"",""No"",null,null,null,null,null,null,null,null,null,null,null,null,null,null,null,null,null]"	SOURCE_PRESERVED_LOCAL_VALIDATION	includes/POD/MasterCatalogV2MigrationContract.php:6	tests/wordpress/MasterCatalogMixedCandidateTest.php:21::testMixedCandidatePersistsAllDispositionsAndReplaysExactEvidence; tests/wordpress/MasterCatalogMixedCandidateTest.php:42::testForgedNormalizedEvidenceIsRejectedBeforePersistence	DG identity/disposition/notes preserved; 428 KEEP,37 MERGE,35 DOWNGRADE; no destructive migration.
Source_Migration_500	4	"[""DG-003"",""W1"",""Face & Photo Socks"",""Any pet"",""FACE_REPEAT"",""KEEP"",""Retain as an active v2 listing concept."",""DG2-003"",""No"",null,null,null,null,null,null,null,null,null,null,null,null,null,null,null,null,null]"	SOURCE_PRESERVED_LOCAL_VALIDATION	includes/POD/MasterCatalogV2MigrationContract.php:6	tests/wordpress/MasterCatalogMixedCandidateTest.php:21::testMixedCandidatePersistsAllDispositionsAndReplaysExactEvidence; tests/wordpress/MasterCatalogMixedCandidateTest.php:42::testForgedNormalizedEvidenceIsRejectedBeforePersistence	DG identity/disposition/notes preserved; 428 KEEP,37 MERGE,35 DOWNGRADE; no destructive migration.
Source_Migration_500	5	"[""DG-004"",""W1"",""Face & Photo Socks"",""Boyfriend face"",""FACE_REPEAT"",""KEEP"",""Retain as an active v2 listing concept."",""DG2-004"",""No"",null,null,null,null,null,null,null,null,null,null,null,null,null,null,null,null,null]"	SOURCE_PRESERVED_LOCAL_VALIDATION	includes/POD/MasterCatalogV2MigrationContract.php:6	tests/wordpress/MasterCatalogMixedCandidateTest.php:21::testMixedCandidatePersistsAllDispositionsAndReplaysExactEvidence; tests/wordpress/MasterCatalogMixedCandidateTest.php:42::testForgedNormalizedEvidenceIsRejectedBeforePersistence	DG identity/disposition/notes preserved; 428 KEEP,37 MERGE,35 DOWNGRADE; no destructive migration.
Source_Migration_500	6	"[""DG-005"",""W1"",""Face & Photo Socks"",""Girlfriend face"",""FACE_REPEAT"",""KEEP"",""Retain as an active v2 listing concept."",""DG2-005"",""No"",null,null,null,null,null,null,null,null,null,null,null,null,null,null,null,null,null]"	SOURCE_PRESERVED_LOCAL_VALIDATION	includes/POD/MasterCatalogV2MigrationContract.php:6	tests/wordpress/MasterCatalogMixedCandidateTest.php:21::testMixedCandidatePersistsAllDispositionsAndReplaysExactEvidence; tests/wordpress/MasterCatalogMixedCandidateTest.php:42::testForgedNormalizedEvidenceIsRejectedBeforePersistence	DG identity/disposition/notes preserved; 428 KEEP,37 MERGE,35 DOWNGRADE; no destructive migration.
Source_Migration_500	7	"[""DG-006"",""W1"",""Face & Photo Socks"",""Husband"",""FACE_REPEAT"",""MERGE"",""Keep the buyer intent as a recipient/style/personalization option; do not spend a dedicated listing slot."",null,""Yes"",null,null,null,null,null,null,null,null,null,null,null,null,null,null,null,null,null]"	SOURCE_PRESERVED_LOCAL_VALIDATION	includes/POD/MasterCatalogV2MigrationContract.php:6	tests/wordpress/MasterCatalogMixedCandidateTest.php:21::testMixedCandidatePersistsAllDispositionsAndReplaysExactEvidence; tests/wordpress/MasterCatalogMixedCandidateTest.php:42::testForgedNormalizedEvidenceIsRejectedBeforePersistence	DG identity/disposition/notes preserved; 428 KEEP,37 MERGE,35 DOWNGRADE; no destructive migration.
Source_Migration_500	8	"[""DG-007"",""W1"",""Face & Photo Socks"",""Wife"",""FACE_REPEAT"",""MERGE"",""Keep the buyer intent as a recipient/style/personalization option; do not spend a dedicated listing slot."",null,""Yes"",null,null,null,null,null,null,null,null,null,null,null,null,null,null,null,null,null]"	SOURCE_PRESERVED_LOCAL_VALIDATION	includes/POD/MasterCatalogV2MigrationContract.php:6	tests/wordpress/MasterCatalogMixedCandidateTest.php:21::testMixedCandidatePersistsAllDispositionsAndReplaysExactEvidence; tests/wordpress/MasterCatalogMixedCandidateTest.php:42::testForgedNormalizedEvidenceIsRejectedBeforePersistence	DG identity/disposition/notes preserved; 428 KEEP,37 MERGE,35 DOWNGRADE; no destructive migration.
Source_Migration_500	9	"[""DG-008"",""W1"",""Face & Photo Socks"",""Dad"",""FACE_REPEAT"",""MERGE"",""Keep the buyer intent as a recipient/style/personalization option; do not spend a dedicated listing slot."",null,""Yes"",null,null,null,null,null,null,null,null,null,null,null,null,null,null,null,null,null]"	SOURCE_PRESERVED_LOCAL_VALIDATION	includes/POD/MasterCatalogV2MigrationContract.php:6	tests/wordpress/MasterCatalogMixedCandidateTest.php:21::testMixedCandidatePersistsAllDispositionsAndReplaysExactEvidence; tests/wordpress/MasterCatalogMixedCandidateTest.php:42::testForgedNormalizedEvidenceIsRejectedBeforePersistence	DG identity/disposition/notes preserved; 428 KEEP,37 MERGE,35 DOWNGRADE; no destructive migration.
Source_Migration_500	10	"[""DG-009"",""W1"",""Face & Photo Socks"",""Mom"",""FACE_REPEAT"",""MERGE"",""Keep the buyer intent as a recipient/style/personalization option; do not spend a dedicated listing slot."",null,""Yes"",null,null,null,null,null,null,null,null,null,null,null,null,null,null,null,null,null]"	SOURCE_PRESERVED_LOCAL_VALIDATION	includes/POD/MasterCatalogV2MigrationContract.php:6	tests/wordpress/MasterCatalogMixedCandidateTest.php:21::testMixedCandidatePersistsAllDispositionsAndReplaysExactEvidence; tests/wordpress/MasterCatalogMixedCandidateTest.php:42::testForgedNormalizedEvidenceIsRejectedBeforePersistence	DG identity/disposition/notes preserved; 428 KEEP,37 MERGE,35 DOWNGRADE; no destructive migration.
Source_Migration_500	11	"[""DG-010"",""W1"",""Face & Photo Socks"",""Grandpa"",""FACE_REPEAT"",""MERGE"",""Keep the buyer intent as a recipient/style/personalization option; do not spend a dedicated listing slot."",null,""Yes"",null,null,null,null,null,null,null,null,null,null,null,null,null,null,null,null,null]"	SOURCE_PRESERVED_LOCAL_VALIDATION	includes/POD/MasterCatalogV2MigrationContract.php:6	tests/wordpress/MasterCatalogMixedCandidateTest.php:21::testMixedCandidatePersistsAllDispositionsAndReplaysExactEvidence; tests/wordpress/MasterCatalogMixedCandidateTest.php:42::testForgedNormalizedEvidenceIsRejectedBeforePersistence	DG identity/disposition/notes preserved; 428 KEEP,37 MERGE,35 DOWNGRADE; no destructive migration.
Source_Migration_500	12	"[""DG-011"",""W1"",""Face & Photo Socks"",""Grandma"",""FACE_REPEAT"",""KEEP"",""Retain as an active v2 listing concept."",""DG2-006"",""No"",null,null,null,null,null,null,null,null,null,null,null,null,null,null,null,null,null]"	SOURCE_PRESERVED_LOCAL_VALIDATION	includes/POD/MasterCatalogV2MigrationContract.php:6	tests/wordpress/MasterCatalogMixedCandidateTest.php:21::testMixedCandidatePersistsAllDispositionsAndReplaysExactEvidence; tests/wordpress/MasterCatalogMixedCandidateTest.php:42::testForgedNormalizedEvidenceIsRejectedBeforePersistence	DG identity/disposition/notes preserved; 428 KEEP,37 MERGE,35 DOWNGRADE; no destructive migration.
Source_Migration_500	13	"[""DG-012"",""W1"",""Face & Photo Socks"",""Child"",""FACE_REPEAT"",""KEEP"",""Retain as an active v2 listing concept."",""DG2-007"",""No"",null,null,null,null,null,null,null,null,null,null,null,null,null,null,null,null,null]"	SOURCE_PRESERVED_LOCAL_VALIDATION	includes/POD/MasterCatalogV2MigrationContract.php:6	tests/wordpress/MasterCatalogMixedCandidateTest.php:21::testMixedCandidatePersistsAllDispositionsAndReplaysExactEvidence; tests/wordpress/MasterCatalogMixedCandidateTest.php:42::testForgedNormalizedEvidenceIsRejectedBeforePersistence	DG identity/disposition/notes preserved; 428 KEEP,37 MERGE,35 DOWNGRADE; no destructive migration.
Source_Migration_500	14	"[""DG-013"",""W1"",""Face & Photo Socks"",""Baby"",""FACE_REPEAT"",""KEEP"",""Retain as an active v2 listing concept."",""DG2-008"",""No"",null,null,null,null,null,null,null,null,null,null,null,null,null,null,null,null,null]"	SOURCE_PRESERVED_LOCAL_VALIDATION	includes/POD/MasterCatalogV2MigrationContract.php:6	tests/wordpress/MasterCatalogMixedCandidateTest.php:21::testMixedCandidatePersistsAllDispositionsAndReplaysExactEvidence; tests/wordpress/MasterCatalogMixedCandidateTest.php:42::testForgedNormalizedEvidenceIsRejectedBeforePersistence	DG identity/disposition/notes preserved; 428 KEEP,37 MERGE,35 DOWNGRADE; no destructive migration.
Source_Migration_500	15	"[""DG-014"",""W1"",""Face & Photo Socks"",""Couple"",""FACE_REPEAT"",""KEEP"",""Retain as an active v2 listing concept."",""DG2-009"",""No"",null,null,null,null,null,null,null,null,null,null,null,null,null,null,null,null,null]"	SOURCE_PRESERVED_LOCAL_VALIDATION	includes/POD/MasterCatalogV2MigrationContract.php:6	tests/wordpress/MasterCatalogMixedCandidateTest.php:21::testMixedCandidatePersistsAllDispositionsAndReplaysExactEvidence; tests/wordpress/MasterCatalogMixedCandidateTest.php:42::testForgedNormalizedEvidenceIsRejectedBeforePersistence	DG identity/disposition/notes preserved; 428 KEEP,37 MERGE,35 DOWNGRADE; no destructive migration.
Source_Migration_500	16	"[""DG-015"",""W1"",""Face & Photo Socks"",""Best friend"",""FACE_REPEAT"",""KEEP"",""Retain as an active v2 listing concept."",""DG2-010"",""No"",null,null,null,null,null,null,null,null,null,null,null,null,null,null,null,null,null]"	SOURCE_PRESERVED_LOCAL_VALIDATION	includes/POD/MasterCatalogV2MigrationContract.php:6	tests/wordpress/MasterCatalogMixedCandidateTest.php:21::testMixedCandidatePersistsAllDispositionsAndReplaysExactEvidence; tests/wordpress/MasterCatalogMixedCandidateTest.php:42::testForgedNormalizedEvidenceIsRejectedBeforePersistence	DG identity/disposition/notes preserved; 428 KEEP,37 MERGE,35 DOWNGRADE; no destructive migration.
Source_Migration_500	17	"[""DG-016"",""W1"",""Face & Photo Socks"",""Bride"",""FACE_REPEAT"",""KEEP"",""Retain as an active v2 listing concept."",""DG2-011"",""No"",null,null,null,null,null,null,null,null,null,null,null,null,null,null,null,null,null]"	SOURCE_PRESERVED_LOCAL_VALIDATION	includes/POD/MasterCatalogV2MigrationContract.php:6	tests/wordpress/MasterCatalogMixedCandidateTest.php:21::testMixedCandidatePersistsAllDispositionsAndReplaysExactEvidence; tests/wordpress/MasterCatalogMixedCandidateTest.php:42::testForgedNormalizedEvidenceIsRejectedBeforePersistence	DG identity/disposition/notes preserved; 428 KEEP,37 MERGE,35 DOWNGRADE; no destructive migration.
Source_Migration_500	18	"[""DG-017"",""W1"",""Face & Photo Socks"",""Groom"",""FACE_REPEAT"",""KEEP"",""Retain as an active v2 listing concept."",""DG2-012"",""No"",null,null,null,null,null,null,null,null,null,null,null,null,null,null,null,null,null]"	SOURCE_PRESERVED_LOCAL_VALIDATION	includes/POD/MasterCatalogV2MigrationContract.php:6	tests/wordpress/MasterCatalogMixedCandidateTest.php:21::testMixedCandidatePersistsAllDispositionsAndReplaysExactEvidence; tests/wordpress/MasterCatalogMixedCandidateTest.php:42::testForgedNormalizedEvidenceIsRejectedBeforePersistence	DG identity/disposition/notes preserved; 428 KEEP,37 MERGE,35 DOWNGRADE; no destructive migration.
Source_Migration_500	19	"[""DG-018"",""W1"",""Face & Photo Socks"",""Bridesmaids"",""FACE_REPEAT"",""KEEP"",""Retain as an active v2 listing concept."",""DG2-013"",""No"",null,null,null,null,null,null,null,null,null,null,null,null,null,null,null,null,null]"	SOURCE_PRESERVED_LOCAL_VALIDATION	includes/POD/MasterCatalogV2MigrationContract.php:6	tests/wordpress/MasterCatalogMixedCandidateTest.php:21::testMixedCandidatePersistsAllDispositionsAndReplaysExactEvidence; tests/wordpress/MasterCatalogMixedCandidateTest.php:42::testForgedNormalizedEvidenceIsRejectedBeforePersistence	DG identity/disposition/notes preserved; 428 KEEP,37 MERGE,35 DOWNGRADE; no destructive migration.
Source_Migration_500	20	"[""DG-019"",""W1"",""Face & Photo Socks"",""Groomsmen"",""FACE_REPEAT"",""KEEP"",""Retain as an active v2 listing concept."",""DG2-014"",""No"",null,null,null,null,null,null,null,null,null,null,null,null,null,null,null,null,null]"	SOURCE_PRESERVED_LOCAL_VALIDATION	includes/POD/MasterCatalogV2MigrationContract.php:6	tests/wordpress/MasterCatalogMixedCandidateTest.php:21::testMixedCandidatePersistsAllDispositionsAndReplaysExactEvidence; tests/wordpress/MasterCatalogMixedCandidateTest.php:42::testForgedNormalizedEvidenceIsRejectedBeforePersistence	DG identity/disposition/notes preserved; 428 KEEP,37 MERGE,35 DOWNGRADE; no destructive migration.
Source_Migration_500	21	"[""DG-020"",""W1"",""Face & Photo Socks"",""Birthday face"",""FACE_REPEAT"",""KEEP"",""Retain as an active v2 listing concept."",""DG2-015"",""No"",null,null,null,null,null,null,null,null,null,null,null,null,null,null,null,null,null]"	SOURCE_PRESERVED_LOCAL_VALIDATION	includes/POD/MasterCatalogV2MigrationContract.php:6	tests/wordpress/MasterCatalogMixedCandidateTest.php:21::testMixedCandidatePersistsAllDispositionsAndReplaysExactEvidence; tests/wordpress/MasterCatalogMixedCandidateTest.php:42::testForgedNormalizedEvidenceIsRejectedBeforePersistence	DG identity/disposition/notes preserved; 428 KEEP,37 MERGE,35 DOWNGRADE; no destructive migration.
Source_Migration_500	22	"[""DG-021"",""W1"",""Face & Photo Socks"",""Graduation face"",""FACE_REPEAT"",""KEEP"",""Retain as an active v2 listing concept."",""DG2-016"",""No"",null,null,null,null,null,null,null,null,null,null,null,null,null,null,null,null,null]"	SOURCE_PRESERVED_LOCAL_VALIDATION	includes/POD/MasterCatalogV2MigrationContract.php:6	tests/wordpress/MasterCatalogMixedCandidateTest.php:21::testMixedCandidatePersistsAllDispositionsAndReplaysExactEvidence; tests/wordpress/MasterCatalogMixedCandidateTest.php:42::testForgedNormalizedEvidenceIsRejectedBeforePersistence	DG identity/disposition/notes preserved; 428 KEEP,37 MERGE,35 DOWNGRADE; no destructive migration.
Source_Migration_500	23	"[""DG-022"",""W1"",""Face & Photo Socks"",""Christmas face"",""FACE_REPEAT"",""KEEP"",""Retain as an active v2 listing concept."",""DG2-017"",""No"",null,null,null,null,null,null,null,null,null,null,null,null,null,null,null,null,null]"	SOURCE_PRESERVED_LOCAL_VALIDATION	includes/POD/MasterCatalogV2MigrationContract.php:6	tests/wordpress/MasterCatalogMixedCandidateTest.php:21::testMixedCandidatePersistsAllDispositionsAndReplaysExactEvidence; tests/wordpress/MasterCatalogMixedCandidateTest.php:42::testForgedNormalizedEvidenceIsRejectedBeforePersistence	DG identity/disposition/notes preserved; 428 KEEP,37 MERGE,35 DOWNGRADE; no destructive migration.
Source_Migration_500	24	"[""DG-023"",""W1"",""Face & Photo Socks"",""Valentine couple"",""FACE_REPEAT"",""KEEP"",""Retain as an active v2 listing concept."",""DG2-018"",""No"",null,null,null,null,null,null,null,null,null,null,null,null,null,null,null,null,null]"	SOURCE_PRESERVED_LOCAL_VALIDATION	includes/POD/MasterCatalogV2MigrationContract.php:6	tests/wordpress/MasterCatalogMixedCandidateTest.php:21::testMixedCandidatePersistsAllDispositionsAndReplaysExactEvidence; tests/wordpress/MasterCatalogMixedCandidateTest.php:42::testForgedNormalizedEvidenceIsRejectedBeforePersistence	DG identity/disposition/notes preserved; 428 KEEP,37 MERGE,35 DOWNGRADE; no destructive migration.
Source_Migration_500	25	"[""DG-024"",""W1"",""Face & Photo Socks"",""Multi-family face"",""FACE_REPEAT"",""KEEP"",""Retain as an active v2 listing concept."",""DG2-019"",""No"",null,null,null,null,null,null,null,null,null,null,null,null,null,null,null,null,null]"	SOURCE_PRESERVED_LOCAL_VALIDATION	includes/POD/MasterCatalogV2MigrationContract.php:6	tests/wordpress/MasterCatalogMixedCandidateTest.php:21::testMixedCandidatePersistsAllDispositionsAndReplaysExactEvidence; tests/wordpress/MasterCatalogMixedCandidateTest.php:42::testForgedNormalizedEvidenceIsRejectedBeforePersistence	DG identity/disposition/notes preserved; 428 KEEP,37 MERGE,35 DOWNGRADE; no destructive migration.
Source_Migration_500	26	"[""DG-025"",""W1"",""Face & Photo Socks"",""Face + custom text"",""FACE_REPEAT"",""KEEP"",""Retain as an active v2 listing concept."",""DG2-020"",""No"",null,null,null,null,null,null,null,null,null,null,null,null,null,null,null,null,null]"	SOURCE_PRESERVED_LOCAL_VALIDATION	includes/POD/MasterCatalogV2MigrationContract.php:6	tests/wordpress/MasterCatalogMixedCandidateTest.php:21::testMixedCandidatePersistsAllDispositionsAndReplaysExactEvidence; tests/wordpress/MasterCatalogMixedCandidateTest.php:42::testForgedNormalizedEvidenceIsRejectedBeforePersistence	DG identity/disposition/notes preserved; 428 KEEP,37 MERGE,35 DOWNGRADE; no destructive migration.
Source_Migration_500	27	"[""DG-026"",""W1"",""Personalized Mugs"",""Pet portrait"",""PHOTO_TEXT"",""KEEP"",""Retain as an active v2 listing concept."",""DG2-021"",""No"",null,null,null,null,null,null,null,null,null,null,null,null,null,null,null,null,null]"	SOURCE_PRESERVED_LOCAL_VALIDATION	includes/POD/MasterCatalogV2MigrationContract.php:6	tests/wordpress/MasterCatalogMixedCandidateTest.php:21::testMixedCandidatePersistsAllDispositionsAndReplaysExactEvidence; tests/wordpress/MasterCatalogMixedCandidateTest.php:42::testForgedNormalizedEvidenceIsRejectedBeforePersistence	DG identity/disposition/notes preserved; 428 KEEP,37 MERGE,35 DOWNGRADE; no destructive migration.
Source_Migration_500	28	"[""DG-027"",""W1"",""Personalized Mugs"",""Pet + name"",""PHOTO_TEXT"",""KEEP"",""Retain as an active v2 listing concept."",""DG2-022"",""No"",null,null,null,null,null,null,null,null,null,null,null,null,null,null,null,null,null]"	SOURCE_PRESERVED_LOCAL_VALIDATION	includes/POD/MasterCatalogV2MigrationContract.php:6	tests/wordpress/MasterCatalogMixedCandidateTest.php:21::testMixedCandidatePersistsAllDispositionsAndReplaysExactEvidence; tests/wordpress/MasterCatalogMixedCandidateTest.php:42::testForgedNormalizedEvidenceIsRejectedBeforePersistence	DG identity/disposition/notes preserved; 428 KEEP,37 MERGE,35 DOWNGRADE; no destructive migration.
Source_Migration_500	29	"[""DG-028"",""W1"",""Personalized Mugs"",""Dog mom"",""PHOTO_TEXT"",""KEEP"",""Retain as an active v2 listing concept."",""DG2-023"",""No"",null,null,null,null,null,null,null,null,null,null,null,null,null,null,null,null,null]"	SOURCE_PRESERVED_LOCAL_VALIDATION	includes/POD/MasterCatalogV2MigrationContract.php:6	tests/wordpress/MasterCatalogMixedCandidateTest.php:21::testMixedCandidatePersistsAllDispositionsAndReplaysExactEvidence; tests/wordpress/MasterCatalogMixedCandidateTest.php:42::testForgedNormalizedEvidenceIsRejectedBeforePersistence	DG identity/disposition/notes preserved; 428 KEEP,37 MERGE,35 DOWNGRADE; no destructive migration.
Source_Migration_500	30	"[""DG-029"",""W1"",""Personalized Mugs"",""Dog dad"",""PHOTO_TEXT"",""KEEP"",""Retain as an active v2 listing concept."",""DG2-024"",""No"",null,null,null,null,null,null,null,null,null,null,null,null,null,null,null,null,null]"	SOURCE_PRESERVED_LOCAL_VALIDATION	includes/POD/MasterCatalogV2MigrationContract.php:6	tests/wordpress/MasterCatalogMixedCandidateTest.php:21::testMixedCandidatePersistsAllDispositionsAndReplaysExactEvidence; tests/wordpress/MasterCatalogMixedCandidateTest.php:42::testForgedNormalizedEvidenceIsRejectedBeforePersistence	DG identity/disposition/notes preserved; 428 KEEP,37 MERGE,35 DOWNGRADE; no destructive migration.
Source_Migration_500	31	"[""DG-030"",""W1"",""Personalized Mugs"",""Cat mom"",""PHOTO_TEXT"",""KEEP"",""Retain as an active v2 listing concept."",""DG2-025"",""No"",null,null,null,null,null,null,null,null,null,null,null,null,null,null,null,null,null]"	SOURCE_PRESERVED_LOCAL_VALIDATION	includes/POD/MasterCatalogV2MigrationContract.php:6	tests/wordpress/MasterCatalogMixedCandidateTest.php:21::testMixedCandidatePersistsAllDispositionsAndReplaysExactEvidence; tests/wordpress/MasterCatalogMixedCandidateTest.php:42::testForgedNormalizedEvidenceIsRejectedBeforePersistence	DG identity/disposition/notes preserved; 428 KEEP,37 MERGE,35 DOWNGRADE; no destructive migration.
Source_Migration_500	32	"[""DG-031"",""W1"",""Personalized Mugs"",""Cat dad"",""PHOTO_TEXT"",""KEEP"",""Retain as an active v2 listing concept."",""DG2-026"",""No"",null,null,null,null,null,null,null,null,null,null,null,null,null,null,null,null,null]"	SOURCE_PRESERVED_LOCAL_VALIDATION	includes/POD/MasterCatalogV2MigrationContract.php:6	tests/wordpress/MasterCatalogMixedCandidateTest.php:21::testMixedCandidatePersistsAllDispositionsAndReplaysExactEvidence; tests/wordpress/MasterCatalogMixedCandidateTest.php:42::testForgedNormalizedEvidenceIsRejectedBeforePersistence	DG identity/disposition/notes preserved; 428 KEEP,37 MERGE,35 DOWNGRADE; no destructive migration.
Source_Migration_500	33	"[""DG-032"",""W1"",""Personalized Mugs"",""Couple photo"",""PHOTO_TEXT"",""KEEP"",""Retain as an active v2 listing concept."",""DG2-027"",""No"",null,null,null,null,null,null,null,null,null,null,null,null,null,null,null,null,null]"	SOURCE_PRESERVED_LOCAL_VALIDATION	includes/POD/MasterCatalogV2MigrationContract.php:6	tests/wordpress/MasterCatalogMixedCandidateTest.php:21::testMixedCandidatePersistsAllDispositionsAndReplaysExactEvidence; tests/wordpress/MasterCatalogMixedCandidateTest.php:42::testForgedNormalizedEvidenceIsRejectedBeforePersistence	DG identity/disposition/notes preserved; 428 KEEP,37 MERGE,35 DOWNGRADE; no destructive migration.
Source_Migration_500	34	"[""DG-033"",""W1"",""Personalized Mugs"",""Wedding photo"",""PHOTO_TEXT"",""KEEP"",""Retain as an active v2 listing concept."",""DG2-028"",""No"",null,null,null,null,null,null,null,null,null,null,null,null,null,null,null,null,null]"	SOURCE_PRESERVED_LOCAL_VALIDATION	includes/POD/MasterCatalogV2MigrationContract.php:6	tests/wordpress/MasterCatalogMixedCandidateTest.php:21::testMixedCandidatePersistsAllDispositionsAndReplaysExactEvidence; tests/wordpress/MasterCatalogMixedCandidateTest.php:42::testForgedNormalizedEvidenceIsRejectedBeforePersistence	DG identity/disposition/notes preserved; 428 KEEP,37 MERGE,35 DOWNGRADE; no destructive migration.
Source_Migration_500	35	"[""DG-034"",""W1"",""Personalized Mugs"",""Anniversary"",""PHOTO_TEXT"",""KEEP"",""Retain as an active v2 listing concept."",""DG2-029"",""No"",null,null,null,null,null,null,null,null,null,null,null,null,null,null,null,null,null]"	SOURCE_PRESERVED_LOCAL_VALIDATION	includes/POD/MasterCatalogV2MigrationContract.php:6	tests/wordpress/MasterCatalogMixedCandidateTest.php:21::testMixedCandidatePersistsAllDispositionsAndReplaysExactEvidence; tests/wordpress/MasterCatalogMixedCandidateTest.php:42::testForgedNormalizedEvidenceIsRejectedBeforePersistence	DG identity/disposition/notes preserved; 428 KEEP,37 MERGE,35 DOWNGRADE; no destructive migration.
Source_Migration_500	36	"[""DG-035"",""W1"",""Personalized Mugs"",""Mom"",""PHOTO_TEXT"",""KEEP"",""Retain as an active v2 listing concept."",""DG2-030"",""No"",null,null,null,null,null,null,null,null,null,null,null,null,null,null,null,null,null]"	SOURCE_PRESERVED_LOCAL_VALIDATION	includes/POD/MasterCatalogV2MigrationContract.php:6	tests/wordpress/MasterCatalogMixedCandidateTest.php:21::testMixedCandidatePersistsAllDispositionsAndReplaysExactEvidence; tests/wordpress/MasterCatalogMixedCandidateTest.php:42::testForgedNormalizedEvidenceIsRejectedBeforePersistence	DG identity/disposition/notes preserved; 428 KEEP,37 MERGE,35 DOWNGRADE; no destructive migration.
Source_Migration_500	37	"[""DG-036"",""W1"",""Personalized Mugs"",""Dad"",""PHOTO_TEXT"",""KEEP"",""Retain as an active v2 listing concept."",""DG2-031"",""No"",null,null,null,null,null,null,null,null,null,null,null,null,null,null,null,null,null]"	SOURCE_PRESERVED_LOCAL_VALIDATION	includes/POD/MasterCatalogV2MigrationContract.php:6	tests/wordpress/MasterCatalogMixedCandidateTest.php:21::testMixedCandidatePersistsAllDispositionsAndReplaysExactEvidence; tests/wordpress/MasterCatalogMixedCandidateTest.php:42::testForgedNormalizedEvidenceIsRejectedBeforePersistence	DG identity/disposition/notes preserved; 428 KEEP,37 MERGE,35 DOWNGRADE; no destructive migration.
Source_Migration_500	38	"[""DG-037"",""W1"",""Personalized Mugs"",""Grandma"",""PHOTO_TEXT"",""KEEP"",""Retain as an active v2 listing concept."",""DG2-032"",""No"",null,null,null,null,null,null,null,null,null,null,null,null,null,null,null,null,null]"	SOURCE_PRESERVED_LOCAL_VALIDATION	includes/POD/MasterCatalogV2MigrationContract.php:6	tests/wordpress/MasterCatalogMixedCandidateTest.php:21::testMixedCandidatePersistsAllDispositionsAndReplaysExactEvidence; tests/wordpress/MasterCatalogMixedCandidateTest.php:42::testForgedNormalizedEvidenceIsRejectedBeforePersistence	DG identity/disposition/notes preserved; 428 KEEP,37 MERGE,35 DOWNGRADE; no destructive migration.
Source_Migration_500	39	"[""DG-038"",""W1"",""Personalized Mugs"",""Grandpa"",""PHOTO_TEXT"",""KEEP"",""Retain as an active v2 listing concept."",""DG2-033"",""No"",null,null,null,null,null,null,null,null,null,null,null,null,null,null,null,null,null]"	SOURCE_PRESERVED_LOCAL_VALIDATION	includes/POD/MasterCatalogV2MigrationContract.php:6	tests/wordpress/MasterCatalogMixedCandidateTest.php:21::testMixedCandidatePersistsAllDispositionsAndReplaysExactEvidence; tests/wordpress/MasterCatalogMixedCandidateTest.php:42::testForgedNormalizedEvidenceIsRejectedBeforePersistence	DG identity/disposition/notes preserved; 428 KEEP,37 MERGE,35 DOWNGRADE; no destructive migration.
Source_Migration_500	40	"[""DG-039"",""W1"",""Personalized Mugs"",""Family collage"",""PHOTO_COLLAGE"",""KEEP"",""Retain as an active v2 listing concept."",""DG2-034"",""No"",null,null,null,null,null,null,null,null,null,null,null,null,null,null,null,null,null]"	SOURCE_PRESERVED_LOCAL_VALIDATION	includes/POD/MasterCatalogV2MigrationContract.php:6	tests/wordpress/MasterCatalogMixedCandidateTest.php:21::testMixedCandidatePersistsAllDispositionsAndReplaysExactEvidence; tests/wordpress/MasterCatalogMixedCandidateTest.php:42::testForgedNormalizedEvidenceIsRejectedBeforePersistence	DG identity/disposition/notes preserved; 428 KEEP,37 MERGE,35 DOWNGRADE; no destructive migration.
Source_Migration_500	41	"[""DG-040"",""W1"",""Personalized Mugs"",""Best friend"",""PHOTO_TEXT"",""KEEP"",""Retain as an active v2 listing concept."",""DG2-035"",""No"",null,null,null,null,null,null,null,null,null,null,null,null,null,null,null,null,null]"	SOURCE_PRESERVED_LOCAL_VALIDATION	includes/POD/MasterCatalogV2MigrationContract.php:6	tests/wordpress/MasterCatalogMixedCandidateTest.php:21::testMixedCandidatePersistsAllDispositionsAndReplaysExactEvidence; tests/wordpress/MasterCatalogMixedCandidateTest.php:42::testForgedNormalizedEvidenceIsRejectedBeforePersistence	DG identity/disposition/notes preserved; 428 KEEP,37 MERGE,35 DOWNGRADE; no destructive migration.
Source_Migration_500	42	"[""DG-041"",""W1"",""Personalized Mugs"",""Coworker"",""PHOTO_TEXT"",""KEEP"",""Retain as an active v2 listing concept."",""DG2-036"",""No"",null,null,null,null,null,null,null,null,null,null,null,null,null,null,null,null,null]"	SOURCE_PRESERVED_LOCAL_VALIDATION	includes/POD/MasterCatalogV2MigrationContract.php:6	tests/wordpress/MasterCatalogMixedCandidateTest.php:21::testMixedCandidatePersistsAllDispositionsAndReplaysExactEvidence; tests/wordpress/MasterCatalogMixedCandidateTest.php:42::testForgedNormalizedEvidenceIsRejectedBeforePersistence	DG identity/disposition/notes preserved; 428 KEEP,37 MERGE,35 DOWNGRADE; no destructive migration.
Source_Migration_500	43	"[""DG-042"",""W1"",""Personalized Mugs"",""Teacher"",""PHOTO_TEXT"",""KEEP"",""Retain as an active v2 listing concept."",""DG2-037"",""No"",null,null,null,null,null,null,null,null,null,null,null,null,null,null,null,null,null]"	SOURCE_PRESERVED_LOCAL_VALIDATION	includes/POD/MasterCatalogV2MigrationContract.php:6	tests/wordpress/MasterCatalogMixedCandidateTest.php:21::testMixedCandidatePersistsAllDispositionsAndReplaysExactEvidence; tests/wordpress/MasterCatalogMixedCandidateTest.php:42::testForgedNormalizedEvidenceIsRejectedBeforePersistence	DG identity/disposition/notes preserved; 428 KEEP,37 MERGE,35 DOWNGRADE; no destructive migration.
Source_Migration_500	44	"[""DG-043"",""W1"",""Personalized Mugs"",""Graduation"",""PHOTO_TEXT"",""KEEP"",""Retain as an active v2 listing concept."",""DG2-038"",""No"",null,null,null,null,null,null,null,null,null,null,null,null,null,null,null,null,null]"	SOURCE_PRESERVED_LOCAL_VALIDATION	includes/POD/MasterCatalogV2MigrationContract.php:6	tests/wordpress/MasterCatalogMixedCandidateTest.php:21::testMixedCandidatePersistsAllDispositionsAndReplaysExactEvidence; tests/wordpress/MasterCatalogMixedCandidateTest.php:42::testForgedNormalizedEvidenceIsRejectedBeforePersistence	DG identity/disposition/notes preserved; 428 KEEP,37 MERGE,35 DOWNGRADE; no destructive migration.
Source_Migration_500	45	"[""DG-044"",""W1"",""Personalized Mugs"",""New baby"",""PHOTO_TEXT"",""KEEP"",""Retain as an active v2 listing concept."",""DG2-039"",""No"",null,null,null,null,null,null,null,null,null,null,null,null,null,null,null,null,null]"	SOURCE_PRESERVED_LOCAL_VALIDATION	includes/POD/MasterCatalogV2MigrationContract.php:6	tests/wordpress/MasterCatalogMixedCandidateTest.php:21::testMixedCandidatePersistsAllDispositionsAndReplaysExactEvidence; tests/wordpress/MasterCatalogMixedCandidateTest.php:42::testForgedNormalizedEvidenceIsRejectedBeforePersistence	DG identity/disposition/notes preserved; 428 KEEP,37 MERGE,35 DOWNGRADE; no destructive migration.
Source_Migration_500	46	"[""DG-045"",""W1"",""Personalized Mugs"",""Memorial"",""MEMORIAL"",""KEEP"",""Retain as an active v2 listing concept."",""DG2-040"",""No"",null,null,null,null,null,null,null,null,null,null,null,null,null,null,null,null,null]"	SOURCE_PRESERVED_LOCAL_VALIDATION	includes/POD/MasterCatalogV2MigrationContract.php:6	tests/wordpress/MasterCatalogMixedCandidateTest.php:21::testMixedCandidatePersistsAllDispositionsAndReplaysExactEvidence; tests/wordpress/MasterCatalogMixedCandidateTest.php:42::testForgedNormalizedEvidenceIsRejectedBeforePersistence	DG identity/disposition/notes preserved; 428 KEEP,37 MERGE,35 DOWNGRADE; no destructive migration.
Source_Migration_500	47	"[""DG-046"",""W1"",""Personalized Mugs"",""Pet memorial"",""MEMORIAL"",""KEEP"",""Retain as an active v2 listing concept."",""DG2-041"",""No"",null,null,null,null,null,null,null,null,null,null,null,null,null,null,null,null,null]"	SOURCE_PRESERVED_LOCAL_VALIDATION	includes/POD/MasterCatalogV2MigrationContract.php:6	tests/wordpress/MasterCatalogMixedCandidateTest.php:21::testMixedCandidatePersistsAllDispositionsAndReplaysExactEvidence; tests/wordpress/MasterCatalogMixedCandidateTest.php:42::testForgedNormalizedEvidenceIsRejectedBeforePersistence	DG identity/disposition/notes preserved; 428 KEEP,37 MERGE,35 DOWNGRADE; no destructive migration.
Source_Migration_500	48	"[""DG-047"",""W1"",""Personalized Mugs"",""Birthday"",""PHOTO_TEXT"",""KEEP"",""Retain as an active v2 listing concept."",""DG2-042"",""No"",null,null,null,null,null,null,null,null,null,null,null,null,null,null,null,null,null]"	SOURCE_PRESERVED_LOCAL_VALIDATION	includes/POD/MasterCatalogV2MigrationContract.php:6	tests/wordpress/MasterCatalogMixedCandidateTest.php:21::testMixedCandidatePersistsAllDispositionsAndReplaysExactEvidence; tests/wordpress/MasterCatalogMixedCandidateTest.php:42::testForgedNormalizedEvidenceIsRejectedBeforePersistence	DG identity/disposition/notes preserved; 428 KEEP,37 MERGE,35 DOWNGRADE; no destructive migration.
Source_Migration_500	49	"[""DG-048"",""W1"",""Personalized Mugs"",""Travel memory"",""PHOTO_TEXT"",""KEEP"",""Retain as an active v2 listing concept."",""DG2-043"",""No"",null,null,null,null,null,null,null,null,null,null,null,null,null,null,null,null,null]"	SOURCE_PRESERVED_LOCAL_VALIDATION	includes/POD/MasterCatalogV2MigrationContract.php:6	tests/wordpress/MasterCatalogMixedCandidateTest.php:21::testMixedCandidatePersistsAllDispositionsAndReplaysExactEvidence; tests/wordpress/MasterCatalogMixedCandidateTest.php:42::testForgedNormalizedEvidenceIsRejectedBeforePersistence	DG identity/disposition/notes preserved; 428 KEEP,37 MERGE,35 DOWNGRADE; no destructive migration.
Source_Migration_500	50	"[""DG-049"",""W1"",""Personalized Mugs"",""Handwriting/message"",""HANDWRITING"",""KEEP"",""Retain as an active v2 listing concept."",""DG2-044"",""No"",null,null,null,null,null,null,null,null,null,null,null,null,null,null,null,null,null]"	SOURCE_PRESERVED_LOCAL_VALIDATION	includes/POD/MasterCatalogV2MigrationContract.php:6	tests/wordpress/MasterCatalogMixedCandidateTest.php:21::testMixedCandidatePersistsAllDispositionsAndReplaysExactEvidence; tests/wordpress/MasterCatalogMixedCandidateTest.php:42::testForgedNormalizedEvidenceIsRejectedBeforePersistence	DG identity/disposition/notes preserved; 428 KEEP,37 MERGE,35 DOWNGRADE; no destructive migration.
Source_Migration_500	51	"[""DG-050"",""W1"",""Personalized Mugs"",""Child drawing"",""CHILD_ART"",""KEEP"",""Retain as an active v2 listing concept."",""DG2-045"",""No"",null,null,null,null,null,null,null,null,null,null,null,null,null,null,null,null,null]"	SOURCE_PRESERVED_LOCAL_VALIDATION	includes/POD/MasterCatalogV2MigrationContract.php:6	tests/wordpress/MasterCatalogMixedCandidateTest.php:21::testMixedCandidatePersistsAllDispositionsAndReplaysExactEvidence; tests/wordpress/MasterCatalogMixedCandidateTest.php:42::testForgedNormalizedEvidenceIsRejectedBeforePersistence	DG identity/disposition/notes preserved; 428 KEEP,37 MERGE,35 DOWNGRADE; no destructive migration.
Source_Migration_500	52	"[""DG-051"",""W1"",""Personalized T-Shirts"",""Dog portrait"",""PET_PORTRAIT"",""KEEP"",""Retain as an active v2 listing concept."",""DG2-046"",""No"",null,null,null,null,null,null,null,null,null,null,null,null,null,null,null,null,null]"	SOURCE_PRESERVED_LOCAL_VALIDATION	includes/POD/MasterCatalogV2MigrationContract.php:6	tests/wordpress/MasterCatalogMixedCandidateTest.php:21::testMixedCandidatePersistsAllDispositionsAndReplaysExactEvidence; tests/wordpress/MasterCatalogMixedCandidateTest.php:42::testForgedNormalizedEvidenceIsRejectedBeforePersistence	DG identity/disposition/notes preserved; 428 KEEP,37 MERGE,35 DOWNGRADE; no destructive migration.
Source_Migration_500	53	"[""DG-052"",""W1"",""Personalized T-Shirts"",""Cat portrait"",""PET_PORTRAIT"",""KEEP"",""Retain as an active v2 listing concept."",""DG2-047"",""No"",null,null,null,null,null,null,null,null,null,null,null,null,null,null,null,null,null]"	SOURCE_PRESERVED_LOCAL_VALIDATION	includes/POD/MasterCatalogV2MigrationContract.php:6	tests/wordpress/MasterCatalogMixedCandidateTest.php:21::testMixedCandidatePersistsAllDispositionsAndReplaysExactEvidence; tests/wordpress/MasterCatalogMixedCandidateTest.php:42::testForgedNormalizedEvidenceIsRejectedBeforePersistence	DG identity/disposition/notes preserved; 428 KEEP,37 MERGE,35 DOWNGRADE; no destructive migration.
Source_Migration_500	54	"[""DG-053"",""W1"",""Personalized T-Shirts"",""Multi-pet"",""PET_PORTRAIT"",""KEEP"",""Retain as an active v2 listing concept."",""DG2-048"",""No"",null,null,null,null,null,null,null,null,null,null,null,null,null,null,null,null,null]"	SOURCE_PRESERVED_LOCAL_VALIDATION	includes/POD/MasterCatalogV2MigrationContract.php:6	tests/wordpress/MasterCatalogMixedCandidateTest.php:21::testMixedCandidatePersistsAllDispositionsAndReplaysExactEvidence; tests/wordpress/MasterCatalogMixedCandidateTest.php:42::testForgedNormalizedEvidenceIsRejectedBeforePersistence	DG identity/disposition/notes preserved; 428 KEEP,37 MERGE,35 DOWNGRADE; no destructive migration.
Source_Migration_500	55	"[""DG-054"",""W1"",""Personalized T-Shirts"",""Dog mom"",""PET_PORTRAIT"",""KEEP"",""Retain as an active v2 listing concept."",""DG2-049"",""No"",null,null,null,null,null,null,null,null,null,null,null,null,null,null,null,null,null]"	SOURCE_PRESERVED_LOCAL_VALIDATION	includes/POD/MasterCatalogV2MigrationContract.php:6	tests/wordpress/MasterCatalogMixedCandidateTest.php:21::testMixedCandidatePersistsAllDispositionsAndReplaysExactEvidence; tests/wordpress/MasterCatalogMixedCandidateTest.php:42::testForgedNormalizedEvidenceIsRejectedBeforePersistence	DG identity/disposition/notes preserved; 428 KEEP,37 MERGE,35 DOWNGRADE; no destructive migration.
Source_Migration_500	56	"[""DG-055"",""W1"",""Personalized T-Shirts"",""Dog dad"",""PET_PORTRAIT"",""KEEP"",""Retain as an active v2 listing concept."",""DG2-050"",""No"",null,null,null,null,null,null,null,null,null,null,null,null,null,null,null,null,null]"	SOURCE_PRESERVED_LOCAL_VALIDATION	includes/POD/MasterCatalogV2MigrationContract.php:6	tests/wordpress/MasterCatalogMixedCandidateTest.php:21::testMixedCandidatePersistsAllDispositionsAndReplaysExactEvidence; tests/wordpress/MasterCatalogMixedCandidateTest.php:42::testForgedNormalizedEvidenceIsRejectedBeforePersistence	DG identity/disposition/notes preserved; 428 KEEP,37 MERGE,35 DOWNGRADE; no destructive migration.
Source_Migration_500	57	"[""DG-056"",""W1"",""Personalized T-Shirts"",""Pet memorial"",""MEMORIAL"",""KEEP"",""Retain as an active v2 listing concept."",""DG2-051"",""No"",null,null,null,null,null,null,null,null,null,null,null,null,null,null,null,null,null]"	SOURCE_PRESERVED_LOCAL_VALIDATION	includes/POD/MasterCatalogV2MigrationContract.php:6	tests/wordpress/MasterCatalogMixedCandidateTest.php:21::testMixedCandidatePersistsAllDispositionsAndReplaysExactEvidence; tests/wordpress/MasterCatalogMixedCandidateTest.php:42::testForgedNormalizedEvidenceIsRejectedBeforePersistence	DG identity/disposition/notes preserved; 428 KEEP,37 MERGE,35 DOWNGRADE; no destructive migration.
Source_Migration_500	58	"[""DG-057"",""W1"",""Personalized T-Shirts"",""Human photo"",""PET_PORTRAIT"",""KEEP"",""Retain as an active v2 listing concept."",""DG2-052"",""No"",null,null,null,null,null,null,null,null,null,null,null,null,null,null,null,null,null]"	SOURCE_PRESERVED_LOCAL_VALIDATION	includes/POD/MasterCatalogV2MigrationContract.php:6	tests/wordpress/MasterCatalogMixedCandidateTest.php:21::testMixedCandidatePersistsAllDispositionsAndReplaysExactEvidence; tests/wordpress/MasterCatalogMixedCandidateTest.php:42::testForgedNormalizedEvidenceIsRejectedBeforePersistence	DG identity/disposition/notes preserved; 428 KEEP,37 MERGE,35 DOWNGRADE; no destructive migration.
Source_Migration_500	59	"[""DG-058"",""W1"",""Personalized T-Shirts"",""Couple"",""PET_PORTRAIT"",""KEEP"",""Retain as an active v2 listing concept."",""DG2-053"",""No"",null,null,null,null,null,null,null,null,null,null,null,null,null,null,null,null,null]"	SOURCE_PRESERVED_LOCAL_VALIDATION	includes/POD/MasterCatalogV2MigrationContract.php:6	tests/wordpress/MasterCatalogMixedCandidateTest.php:21::testMixedCandidatePersistsAllDispositionsAndReplaysExactEvidence; tests/wordpress/MasterCatalogMixedCandidateTest.php:42::testForgedNormalizedEvidenceIsRejectedBeforePersistence	DG identity/disposition/notes preserved; 428 KEEP,37 MERGE,35 DOWNGRADE; no destructive migration.
Source_Migration_500	60	"[""DG-059"",""W1"",""Personalized T-Shirts"",""Family"",""PET_PORTRAIT"",""KEEP"",""Retain as an active v2 listing concept."",""DG2-054"",""No"",null,null,null,null,null,null,null,null,null,null,null,null,null,null,null,null,null]"	SOURCE_PRESERVED_LOCAL_VALIDATION	includes/POD/MasterCatalogV2MigrationContract.php:6	tests/wordpress/MasterCatalogMixedCandidateTest.php:21::testMixedCandidatePersistsAllDispositionsAndReplaysExactEvidence; tests/wordpress/MasterCatalogMixedCandidateTest.php:42::testForgedNormalizedEvidenceIsRejectedBeforePersistence	DG identity/disposition/notes preserved; 428 KEEP,37 MERGE,35 DOWNGRADE; no destructive migration.
Source_Migration_500	61	"[""DG-060"",""W1"",""Personalized T-Shirts"",""Vintage collage"",""PHOTO_COLLAGE"",""KEEP"",""Retain as an active v2 listing concept."",""DG2-055"",""No"",null,null,null,null,null,null,null,null,null,null,null,null,null,null,null,null,null]"	SOURCE_PRESERVED_LOCAL_VALIDATION	includes/POD/MasterCatalogV2MigrationContract.php:6	tests/wordpress/MasterCatalogMixedCandidateTest.php:21::testMixedCandidatePersistsAllDispositionsAndReplaysExactEvidence; tests/wordpress/MasterCatalogMixedCandidateTest.php:42::testForgedNormalizedEvidenceIsRejectedBeforePersistence	DG identity/disposition/notes preserved; 428 KEEP,37 MERGE,35 DOWNGRADE; no destructive migration.
Source_Migration_500	62	"[""DG-061"",""W1"",""Personalized T-Shirts"",""Retro portrait"",""PET_PORTRAIT"",""KEEP"",""Retain as an active v2 listing concept."",""DG2-056"",""No"",null,null,null,null,null,null,null,null,null,null,null,null,null,null,null,null,null]"	SOURCE_PRESERVED_LOCAL_VALIDATION	includes/POD/MasterCatalogV2MigrationContract.php:6	tests/wordpress/MasterCatalogMixedCandidateTest.php:21::testMixedCandidatePersistsAllDispositionsAndReplaysExactEvidence; tests/wordpress/MasterCatalogMixedCandidateTest.php:42::testForgedNormalizedEvidenceIsRejectedBeforePersistence	DG identity/disposition/notes preserved; 428 KEEP,37 MERGE,35 DOWNGRADE; no destructive migration.
Source_Migration_500	63	"[""DG-062"",""W1"",""Personalized T-Shirts"",""Mom"",""PET_PORTRAIT"",""KEEP"",""Retain as an active v2 listing concept."",""DG2-057"",""No"",null,null,null,null,null,null,null,null,null,null,null,null,null,null,null,null,null]"	SOURCE_PRESERVED_LOCAL_VALIDATION	includes/POD/MasterCatalogV2MigrationContract.php:6	tests/wordpress/MasterCatalogMixedCandidateTest.php:21::testMixedCandidatePersistsAllDispositionsAndReplaysExactEvidence; tests/wordpress/MasterCatalogMixedCandidateTest.php:42::testForgedNormalizedEvidenceIsRejectedBeforePersistence	DG identity/disposition/notes preserved; 428 KEEP,37 MERGE,35 DOWNGRADE; no destructive migration.
Source_Migration_500	64	"[""DG-063"",""W1"",""Personalized T-Shirts"",""Dad"",""PET_PORTRAIT"",""KEEP"",""Retain as an active v2 listing concept."",""DG2-058"",""No"",null,null,null,null,null,null,null,null,null,null,null,null,null,null,null,null,null]"	SOURCE_PRESERVED_LOCAL_VALIDATION	includes/POD/MasterCatalogV2MigrationContract.php:6	tests/wordpress/MasterCatalogMixedCandidateTest.php:21::testMixedCandidatePersistsAllDispositionsAndReplaysExactEvidence; tests/wordpress/MasterCatalogMixedCandidateTest.php:42::testForgedNormalizedEvidenceIsRejectedBeforePersistence	DG identity/disposition/notes preserved; 428 KEEP,37 MERGE,35 DOWNGRADE; no destructive migration.
Source_Migration_500	65	"[""DG-064"",""W1"",""Personalized T-Shirts"",""Grandma"",""PET_PORTRAIT"",""KEEP"",""Retain as an active v2 listing concept."",""DG2-059"",""No"",null,null,null,null,null,null,null,null,null,null,null,null,null,null,null,null,null]"	SOURCE_PRESERVED_LOCAL_VALIDATION	includes/POD/MasterCatalogV2MigrationContract.php:6	tests/wordpress/MasterCatalogMixedCandidateTest.php:21::testMixedCandidatePersistsAllDispositionsAndReplaysExactEvidence; tests/wordpress/MasterCatalogMixedCandidateTest.php:42::testForgedNormalizedEvidenceIsRejectedBeforePersistence	DG identity/disposition/notes preserved; 428 KEEP,37 MERGE,35 DOWNGRADE; no destructive migration.
Source_Migration_500	66	"[""DG-065"",""W1"",""Personalized T-Shirts"",""Grandpa"",""PET_PORTRAIT"",""KEEP"",""Retain as an active v2 listing concept."",""DG2-060"",""No"",null,null,null,null,null,null,null,null,null,null,null,null,null,null,null,null,null]"	SOURCE_PRESERVED_LOCAL_VALIDATION	includes/POD/MasterCatalogV2MigrationContract.php:6	tests/wordpress/MasterCatalogMixedCandidateTest.php:21::testMixedCandidatePersistsAllDispositionsAndReplaysExactEvidence; tests/wordpress/MasterCatalogMixedCandidateTest.php:42::testForgedNormalizedEvidenceIsRejectedBeforePersistence	DG identity/disposition/notes preserved; 428 KEEP,37 MERGE,35 DOWNGRADE; no destructive migration.
Source_Migration_500	67	"[""DG-066"",""W1"",""Personalized T-Shirts"",""Birthday"",""PET_PORTRAIT"",""KEEP"",""Retain as an active v2 listing concept."",""DG2-061"",""No"",null,null,null,null,null,null,null,null,null,null,null,null,null,null,null,null,null]"	SOURCE_PRESERVED_LOCAL_VALIDATION	includes/POD/MasterCatalogV2MigrationContract.php:6	tests/wordpress/MasterCatalogMixedCandidateTest.php:21::testMixedCandidatePersistsAllDispositionsAndReplaysExactEvidence; tests/wordpress/MasterCatalogMixedCandidateTest.php:42::testForgedNormalizedEvidenceIsRejectedBeforePersistence	DG identity/disposition/notes preserved; 428 KEEP,37 MERGE,35 DOWNGRADE; no destructive migration.
Source_Migration_500	68	"[""DG-067"",""W1"",""Personalized T-Shirts"",""Graduation"",""PET_PORTRAIT"",""KEEP"",""Retain as an active v2 listing concept."",""DG2-062"",""No"",null,null,null,null,null,null,null,null,null,null,null,null,null,null,null,null,null]"	SOURCE_PRESERVED_LOCAL_VALIDATION	includes/POD/MasterCatalogV2MigrationContract.php:6	tests/wordpress/MasterCatalogMixedCandidateTest.php:21::testMixedCandidatePersistsAllDispositionsAndReplaysExactEvidence; tests/wordpress/MasterCatalogMixedCandidateTest.php:42::testForgedNormalizedEvidenceIsRejectedBeforePersistence	DG identity/disposition/notes preserved; 428 KEEP,37 MERGE,35 DOWNGRADE; no destructive migration.
Source_Migration_500	69	"[""DG-068"",""W1"",""Personalized T-Shirts"",""Bride"",""PET_PORTRAIT"",""KEEP"",""Retain as an active v2 listing concept."",""DG2-063"",""No"",null,null,null,null,null,null,null,null,null,null,null,null,null,null,null,null,null]"	SOURCE_PRESERVED_LOCAL_VALIDATION	includes/POD/MasterCatalogV2MigrationContract.php:6	tests/wordpress/MasterCatalogMixedCandidateTest.php:21::testMixedCandidatePersistsAllDispositionsAndReplaysExactEvidence; tests/wordpress/MasterCatalogMixedCandidateTest.php:42::testForgedNormalizedEvidenceIsRejectedBeforePersistence	DG identity/disposition/notes preserved; 428 KEEP,37 MERGE,35 DOWNGRADE; no destructive migration.
Source_Migration_500	70	"[""DG-069"",""W1"",""Personalized T-Shirts"",""Groom"",""PET_PORTRAIT"",""KEEP"",""Retain as an active v2 listing concept."",""DG2-064"",""No"",null,null,null,null,null,null,null,null,null,null,null,null,null,null,null,null,null]"	SOURCE_PRESERVED_LOCAL_VALIDATION	includes/POD/MasterCatalogV2MigrationContract.php:6	tests/wordpress/MasterCatalogMixedCandidateTest.php:21::testMixedCandidatePersistsAllDispositionsAndReplaysExactEvidence; tests/wordpress/MasterCatalogMixedCandidateTest.php:42::testForgedNormalizedEvidenceIsRejectedBeforePersistence	DG identity/disposition/notes preserved; 428 KEEP,37 MERGE,35 DOWNGRADE; no destructive migration.
Source_Migration_500	71	"[""DG-070"",""W1"",""Personalized T-Shirts"",""Bridal party"",""PET_PORTRAIT"",""KEEP"",""Retain as an active v2 listing concept."",""DG2-065"",""No"",null,null,null,null,null,null,null,null,null,null,null,null,null,null,null,null,null]"	SOURCE_PRESERVED_LOCAL_VALIDATION	includes/POD/MasterCatalogV2MigrationContract.php:6	tests/wordpress/MasterCatalogMixedCandidateTest.php:21::testMixedCandidatePersistsAllDispositionsAndReplaysExactEvidence; tests/wordpress/MasterCatalogMixedCandidateTest.php:42::testForgedNormalizedEvidenceIsRejectedBeforePersistence	DG identity/disposition/notes preserved; 428 KEEP,37 MERGE,35 DOWNGRADE; no destructive migration.
Source_Migration_500	72	"[""DG-071"",""W1"",""Personalized T-Shirts"",""Family reunion"",""PET_PORTRAIT"",""KEEP"",""Retain as an active v2 listing concept."",""DG2-066"",""No"",null,null,null,null,null,null,null,null,null,null,null,null,null,null,null,null,null]"	SOURCE_PRESERVED_LOCAL_VALIDATION	includes/POD/MasterCatalogV2MigrationContract.php:6	tests/wordpress/MasterCatalogMixedCandidateTest.php:21::testMixedCandidatePersistsAllDispositionsAndReplaysExactEvidence; tests/wordpress/MasterCatalogMixedCandidateTest.php:42::testForgedNormalizedEvidenceIsRejectedBeforePersistence	DG identity/disposition/notes preserved; 428 KEEP,37 MERGE,35 DOWNGRADE; no destructive migration.
Source_Migration_500	73	"[""DG-072"",""W1"",""Personalized T-Shirts"",""Vacation"",""PET_PORTRAIT"",""KEEP"",""Retain as an active v2 listing concept."",""DG2-067"",""No"",null,null,null,null,null,null,null,null,null,null,null,null,null,null,null,null,null]"	SOURCE_PRESERVED_LOCAL_VALIDATION	includes/POD/MasterCatalogV2MigrationContract.php:6	tests/wordpress/MasterCatalogMixedCandidateTest.php:21::testMixedCandidatePersistsAllDispositionsAndReplaysExactEvidence; tests/wordpress/MasterCatalogMixedCandidateTest.php:42::testForgedNormalizedEvidenceIsRejectedBeforePersistence	DG identity/disposition/notes preserved; 428 KEEP,37 MERGE,35 DOWNGRADE; no destructive migration.
Source_Migration_500	74	"[""DG-073"",""W1"",""Personalized T-Shirts"",""Child drawing"",""CHILD_ART"",""KEEP"",""Retain as an active v2 listing concept."",""DG2-068"",""No"",null,null,null,null,null,null,null,null,null,null,null,null,null,null,null,null,null]"	SOURCE_PRESERVED_LOCAL_VALIDATION	includes/POD/MasterCatalogV2MigrationContract.php:6	tests/wordpress/MasterCatalogMixedCandidateTest.php:21::testMixedCandidatePersistsAllDispositionsAndReplaysExactEvidence; tests/wordpress/MasterCatalogMixedCandidateTest.php:42::testForgedNormalizedEvidenceIsRejectedBeforePersistence	DG identity/disposition/notes preserved; 428 KEEP,37 MERGE,35 DOWNGRADE; no destructive migration.
Source_Migration_500	75	"[""DG-074"",""W1"",""Personalized T-Shirts"",""Handwriting"",""HANDWRITING"",""KEEP"",""Retain as an active v2 listing concept."",""DG2-069"",""No"",null,null,null,null,null,null,null,null,null,null,null,null,null,null,null,null,null]"	SOURCE_PRESERVED_LOCAL_VALIDATION	includes/POD/MasterCatalogV2MigrationContract.php:6	tests/wordpress/MasterCatalogMixedCandidateTest.php:21::testMixedCandidatePersistsAllDispositionsAndReplaysExactEvidence; tests/wordpress/MasterCatalogMixedCandidateTest.php:42::testForgedNormalizedEvidenceIsRejectedBeforePersistence	DG identity/disposition/notes preserved; 428 KEEP,37 MERGE,35 DOWNGRADE; no destructive migration.
Source_Migration_500	76	"[""DG-075"",""W1"",""Personalized T-Shirts"",""Photo + message"",""PET_PORTRAIT"",""KEEP"",""Retain as an active v2 listing concept."",""DG2-070"",""No"",null,null,null,null,null,null,null,null,null,null,null,null,null,null,null,null,null]"	SOURCE_PRESERVED_LOCAL_VALIDATION	includes/POD/MasterCatalogV2MigrationContract.php:6	tests/wordpress/MasterCatalogMixedCandidateTest.php:21::testMixedCandidatePersistsAllDispositionsAndReplaysExactEvidence; tests/wordpress/MasterCatalogMixedCandidateTest.php:42::testForgedNormalizedEvidenceIsRejectedBeforePersistence	DG identity/disposition/notes preserved; 428 KEEP,37 MERGE,35 DOWNGRADE; no destructive migration.
Source_Migration_500	77	"[""DG-076"",""W1"",""Personalized Sweatshirts"",""Dog portrait"",""PET_PORTRAIT"",""KEEP"",""Retain as an active v2 listing concept."",""DG2-071"",""No"",null,null,null,null,null,null,null,null,null,null,null,null,null,null,null,null,null]"	SOURCE_PRESERVED_LOCAL_VALIDATION	includes/POD/MasterCatalogV2MigrationContract.php:6	tests/wordpress/MasterCatalogMixedCandidateTest.php:21::testMixedCandidatePersistsAllDispositionsAndReplaysExactEvidence; tests/wordpress/MasterCatalogMixedCandidateTest.php:42::testForgedNormalizedEvidenceIsRejectedBeforePersistence	DG identity/disposition/notes preserved; 428 KEEP,37 MERGE,35 DOWNGRADE; no destructive migration.
Source_Migration_500	78	"[""DG-077"",""W1"",""Personalized Sweatshirts"",""Cat portrait"",""PET_PORTRAIT"",""KEEP"",""Retain as an active v2 listing concept."",""DG2-072"",""No"",null,null,null,null,null,null,null,null,null,null,null,null,null,null,null,null,null]"	SOURCE_PRESERVED_LOCAL_VALIDATION	includes/POD/MasterCatalogV2MigrationContract.php:6	tests/wordpress/MasterCatalogMixedCandidateTest.php:21::testMixedCandidatePersistsAllDispositionsAndReplaysExactEvidence; tests/wordpress/MasterCatalogMixedCandidateTest.php:42::testForgedNormalizedEvidenceIsRejectedBeforePersistence	DG identity/disposition/notes preserved; 428 KEEP,37 MERGE,35 DOWNGRADE; no destructive migration.
Source_Migration_500	79	"[""DG-078"",""W1"",""Personalized Sweatshirts"",""Multi-pet"",""PET_PORTRAIT"",""KEEP"",""Retain as an active v2 listing concept."",""DG2-073"",""No"",null,null,null,null,null,null,null,null,null,null,null,null,null,null,null,null,null]"	SOURCE_PRESERVED_LOCAL_VALIDATION	includes/POD/MasterCatalogV2MigrationContract.php:6	tests/wordpress/MasterCatalogMixedCandidateTest.php:21::testMixedCandidatePersistsAllDispositionsAndReplaysExactEvidence; tests/wordpress/MasterCatalogMixedCandidateTest.php:42::testForgedNormalizedEvidenceIsRejectedBeforePersistence	DG identity/disposition/notes preserved; 428 KEEP,37 MERGE,35 DOWNGRADE; no destructive migration.
Source_Migration_500	80	"[""DG-079"",""W1"",""Personalized Sweatshirts"",""Embroidered-look portrait"",""PET_PORTRAIT"",""KEEP"",""Retain as an active v2 listing concept."",""DG2-074"",""No"",null,null,null,null,null,null,null,null,null,null,null,null,null,null,null,null,null]"	SOURCE_PRESERVED_LOCAL_VALIDATION	includes/POD/MasterCatalogV2MigrationContract.php:6	tests/wordpress/MasterCatalogMixedCandidateTest.php:21::testMixedCandidatePersistsAllDispositionsAndReplaysExactEvidence; tests/wordpress/MasterCatalogMixedCandidateTest.php:42::testForgedNormalizedEvidenceIsRejectedBeforePersistence	DG identity/disposition/notes preserved; 428 KEEP,37 MERGE,35 DOWNGRADE; no destructive migration.
Source_Migration_500	81	"[""DG-080"",""W1"",""Personalized Sweatshirts"",""Line art"",""LINE_ART"",""KEEP"",""Retain as an active v2 listing concept."",""DG2-075"",""No"",null,null,null,null,null,null,null,null,null,null,null,null,null,null,null,null,null]"	SOURCE_PRESERVED_LOCAL_VALIDATION	includes/POD/MasterCatalogV2MigrationContract.php:6	tests/wordpress/MasterCatalogMixedCandidateTest.php:21::testMixedCandidatePersistsAllDispositionsAndReplaysExactEvidence; tests/wordpress/MasterCatalogMixedCandidateTest.php:42::testForgedNormalizedEvidenceIsRejectedBeforePersistence	DG identity/disposition/notes preserved; 428 KEEP,37 MERGE,35 DOWNGRADE; no destructive migration.
Source_Migration_500	82	"[""DG-081"",""W1"",""Personalized Sweatshirts"",""Minimalist pet"",""PET_PORTRAIT"",""KEEP"",""Retain as an active v2 listing concept."",""DG2-076"",""No"",null,null,null,null,null,null,null,null,null,null,null,null,null,null,null,null,null]"	SOURCE_PRESERVED_LOCAL_VALIDATION	includes/POD/MasterCatalogV2MigrationContract.php:6	tests/wordpress/MasterCatalogMixedCandidateTest.php:21::testMixedCandidatePersistsAllDispositionsAndReplaysExactEvidence; tests/wordpress/MasterCatalogMixedCandidateTest.php:42::testForgedNormalizedEvidenceIsRejectedBeforePersistence	DG identity/disposition/notes preserved; 428 KEEP,37 MERGE,35 DOWNGRADE; no destructive migration.
Source_Migration_500	83	"[""DG-082"",""W1"",""Personalized Sweatshirts"",""Varsity pet"",""PET_PORTRAIT"",""KEEP"",""Retain as an active v2 listing concept."",""DG2-077"",""No"",null,null,null,null,null,null,null,null,null,null,null,null,null,null,null,null,null]"	SOURCE_PRESERVED_LOCAL_VALIDATION	includes/POD/MasterCatalogV2MigrationContract.php:6	tests/wordpress/MasterCatalogMixedCandidateTest.php:21::testMixedCandidatePersistsAllDispositionsAndReplaysExactEvidence; tests/wordpress/MasterCatalogMixedCandidateTest.php:42::testForgedNormalizedEvidenceIsRejectedBeforePersistence	DG identity/disposition/notes preserved; 428 KEEP,37 MERGE,35 DOWNGRADE; no destructive migration.
Source_Migration_500	84	"[""DG-083"",""W1"",""Personalized Sweatshirts"",""Retro pet"",""PET_PORTRAIT"",""KEEP"",""Retain as an active v2 listing concept."",""DG2-078"",""No"",null,null,null,null,null,null,null,null,null,null,null,null,null,null,null,null,null]"	SOURCE_PRESERVED_LOCAL_VALIDATION	includes/POD/MasterCatalogV2MigrationContract.php:6	tests/wordpress/MasterCatalogMixedCandidateTest.php:21::testMixedCandidatePersistsAllDispositionsAndReplaysExactEvidence; tests/wordpress/MasterCatalogMixedCandidateTest.php:42::testForgedNormalizedEvidenceIsRejectedBeforePersistence	DG identity/disposition/notes preserved; 428 KEEP,37 MERGE,35 DOWNGRADE; no destructive migration.
Source_Migration_500	85	"[""DG-084"",""W1"",""Personalized Sweatshirts"",""Pet memorial"",""MEMORIAL"",""KEEP"",""Retain as an active v2 listing concept."",""DG2-079"",""No"",null,null,null,null,null,null,null,null,null,null,null,null,null,null,null,null,null]"	SOURCE_PRESERVED_LOCAL_VALIDATION	includes/POD/MasterCatalogV2MigrationContract.php:6	tests/wordpress/MasterCatalogMixedCandidateTest.php:21::testMixedCandidatePersistsAllDispositionsAndReplaysExactEvidence; tests/wordpress/MasterCatalogMixedCandidateTest.php:42::testForgedNormalizedEvidenceIsRejectedBeforePersistence	DG identity/disposition/notes preserved; 428 KEEP,37 MERGE,35 DOWNGRADE; no destructive migration.
Source_Migration_500	86	"[""DG-085"",""W1"",""Personalized Sweatshirts"",""Dog mom"",""PET_PORTRAIT"",""KEEP"",""Retain as an active v2 listing concept."",""DG2-080"",""No"",null,null,null,null,null,null,null,null,null,null,null,null,null,null,null,null,null]"	SOURCE_PRESERVED_LOCAL_VALIDATION	includes/POD/MasterCatalogV2MigrationContract.php:6	tests/wordpress/MasterCatalogMixedCandidateTest.php:21::testMixedCandidatePersistsAllDispositionsAndReplaysExactEvidence; tests/wordpress/MasterCatalogMixedCandidateTest.php:42::testForgedNormalizedEvidenceIsRejectedBeforePersistence	DG identity/disposition/notes preserved; 428 KEEP,37 MERGE,35 DOWNGRADE; no destructive migration.
Source_Migration_500	87	"[""DG-086"",""W1"",""Personalized Sweatshirts"",""Dog dad"",""PET_PORTRAIT"",""KEEP"",""Retain as an active v2 listing concept."",""DG2-081"",""No"",null,null,null,null,null,null,null,null,null,null,null,null,null,null,null,null,null]"	SOURCE_PRESERVED_LOCAL_VALIDATION	includes/POD/MasterCatalogV2MigrationContract.php:6	tests/wordpress/MasterCatalogMixedCandidateTest.php:21::testMixedCandidatePersistsAllDispositionsAndReplaysExactEvidence; tests/wordpress/MasterCatalogMixedCandidateTest.php:42::testForgedNormalizedEvidenceIsRejectedBeforePersistence	DG identity/disposition/notes preserved; 428 KEEP,37 MERGE,35 DOWNGRADE; no destructive migration.
Source_Migration_500	88	"[""DG-087"",""W1"",""Personalized Sweatshirts"",""Couple"",""PET_PORTRAIT"",""KEEP"",""Retain as an active v2 listing concept."",""DG2-082"",""No"",null,null,null,null,null,null,null,null,null,null,null,null,null,null,null,null,null]"	SOURCE_PRESERVED_LOCAL_VALIDATION	includes/POD/MasterCatalogV2MigrationContract.php:6	tests/wordpress/MasterCatalogMixedCandidateTest.php:21::testMixedCandidatePersistsAllDispositionsAndReplaysExactEvidence; tests/wordpress/MasterCatalogMixedCandidateTest.php:42::testForgedNormalizedEvidenceIsRejectedBeforePersistence	DG identity/disposition/notes preserved; 428 KEEP,37 MERGE,35 DOWNGRADE; no destructive migration.
Source_Migration_500	89	"[""DG-088"",""W1"",""Personalized Sweatshirts"",""Anniversary"",""PET_PORTRAIT"",""KEEP"",""Retain as an active v2 listing concept."",""DG2-083"",""No"",null,null,null,null,null,null,null,null,null,null,null,null,null,null,null,null,null]"	SOURCE_PRESERVED_LOCAL_VALIDATION	includes/POD/MasterCatalogV2MigrationContract.php:6	tests/wordpress/MasterCatalogMixedCandidateTest.php:21::testMixedCandidatePersistsAllDispositionsAndReplaysExactEvidence; tests/wordpress/MasterCatalogMixedCandidateTest.php:42::testForgedNormalizedEvidenceIsRejectedBeforePersistence	DG identity/disposition/notes preserved; 428 KEEP,37 MERGE,35 DOWNGRADE; no destructive migration.
Source_Migration_500	90	"[""DG-089"",""W1"",""Personalized Sweatshirts"",""Wedding"",""PET_PORTRAIT"",""KEEP"",""Retain as an active v2 listing concept."",""DG2-084"",""No"",null,null,null,null,null,null,null,null,null,null,null,null,null,null,null,null,null]"	SOURCE_PRESERVED_LOCAL_VALIDATION	includes/POD/MasterCatalogV2MigrationContract.php:6	tests/wordpress/MasterCatalogMixedCandidateTest.php:21::testMixedCandidatePersistsAllDispositionsAndReplaysExactEvidence; tests/wordpress/MasterCatalogMixedCandidateTest.php:42::testForgedNormalizedEvidenceIsRejectedBeforePersistence	DG identity/disposition/notes preserved; 428 KEEP,37 MERGE,35 DOWNGRADE; no destructive migration.
Source_Migration_500	91	"[""DG-090"",""W1"",""Personalized Sweatshirts"",""Family"",""PET_PORTRAIT"",""KEEP"",""Retain as an active v2 listing concept."",""DG2-085"",""No"",null,null,null,null,null,null,null,null,null,null,null,null,null,null,null,null,null]"	SOURCE_PRESERVED_LOCAL_VALIDATION	includes/POD/MasterCatalogV2MigrationContract.php:6	tests/wordpress/MasterCatalogMixedCandidateTest.php:21::testMixedCandidatePersistsAllDispositionsAndReplaysExactEvidence; tests/wordpress/MasterCatalogMixedCandidateTest.php:42::testForgedNormalizedEvidenceIsRejectedBeforePersistence	DG identity/disposition/notes preserved; 428 KEEP,37 MERGE,35 DOWNGRADE; no destructive migration.
Source_Migration_500	92	"[""DG-091"",""W1"",""Personalized Sweatshirts"",""Mom"",""PET_PORTRAIT"",""KEEP"",""Retain as an active v2 listing concept."",""DG2-086"",""No"",null,null,null,null,null,null,null,null,null,null,null,null,null,null,null,null,null]"	SOURCE_PRESERVED_LOCAL_VALIDATION	includes/POD/MasterCatalogV2MigrationContract.php:6	tests/wordpress/MasterCatalogMixedCandidateTest.php:21::testMixedCandidatePersistsAllDispositionsAndReplaysExactEvidence; tests/wordpress/MasterCatalogMixedCandidateTest.php:42::testForgedNormalizedEvidenceIsRejectedBeforePersistence	DG identity/disposition/notes preserved; 428 KEEP,37 MERGE,35 DOWNGRADE; no destructive migration.
Source_Migration_500	93	"[""DG-092"",""W1"",""Personalized Sweatshirts"",""Dad"",""PET_PORTRAIT"",""KEEP"",""Retain as an active v2 listing concept."",""DG2-087"",""No"",null,null,null,null,null,null,null,null,null,null,null,null,null,null,null,null,null]"	SOURCE_PRESERVED_LOCAL_VALIDATION	includes/POD/MasterCatalogV2MigrationContract.php:6	tests/wordpress/MasterCatalogMixedCandidateTest.php:21::testMixedCandidatePersistsAllDispositionsAndReplaysExactEvidence; tests/wordpress/MasterCatalogMixedCandidateTest.php:42::testForgedNormalizedEvidenceIsRejectedBeforePersistence	DG identity/disposition/notes preserved; 428 KEEP,37 MERGE,35 DOWNGRADE; no destructive migration.
Source_Migration_500	94	"[""DG-093"",""W1"",""Personalized Sweatshirts"",""Grandma"",""PET_PORTRAIT"",""KEEP"",""Retain as an active v2 listing concept."",""DG2-088"",""No"",null,null,null,null,null,null,null,null,null,null,null,null,null,null,null,null,null]"	SOURCE_PRESERVED_LOCAL_VALIDATION	includes/POD/MasterCatalogV2MigrationContract.php:6	tests/wordpress/MasterCatalogMixedCandidateTest.php:21::testMixedCandidatePersistsAllDispositionsAndReplaysExactEvidence; tests/wordpress/MasterCatalogMixedCandidateTest.php:42::testForgedNormalizedEvidenceIsRejectedBeforePersistence	DG identity/disposition/notes preserved; 428 KEEP,37 MERGE,35 DOWNGRADE; no destructive migration.
Source_Migration_500	95	"[""DG-094"",""W1"",""Personalized Sweatshirts"",""Grandpa"",""PET_PORTRAIT"",""KEEP"",""Retain as an active v2 listing concept."",""DG2-089"",""No"",null,null,null,null,null,null,null,null,null,null,null,null,null,null,null,null,null]"	SOURCE_PRESERVED_LOCAL_VALIDATION	includes/POD/MasterCatalogV2MigrationContract.php:6	tests/wordpress/MasterCatalogMixedCandidateTest.php:21::testMixedCandidatePersistsAllDispositionsAndReplaysExactEvidence; tests/wordpress/MasterCatalogMixedCandidateTest.php:42::testForgedNormalizedEvidenceIsRejectedBeforePersistence	DG identity/disposition/notes preserved; 428 KEEP,37 MERGE,35 DOWNGRADE; no destructive migration.
Source_Migration_500	96	"[""DG-095"",""W1"",""Personalized Sweatshirts"",""Child"",""PET_PORTRAIT"",""KEEP"",""Retain as an active v2 listing concept."",""DG2-090"",""No"",null,null,null,null,null,null,null,null,null,null,null,null,null,null,null,null,null]"	SOURCE_PRESERVED_LOCAL_VALIDATION	includes/POD/MasterCatalogV2MigrationContract.php:6	tests/wordpress/MasterCatalogMixedCandidateTest.php:21::testMixedCandidatePersistsAllDispositionsAndReplaysExactEvidence; tests/wordpress/MasterCatalogMixedCandidateTest.php:42::testForgedNormalizedEvidenceIsRejectedBeforePersistence	DG identity/disposition/notes preserved; 428 KEEP,37 MERGE,35 DOWNGRADE; no destructive migration.
Source_Migration_500	97	"[""DG-096"",""W1"",""Personalized Sweatshirts"",""Birthday"",""PET_PORTRAIT"",""KEEP"",""Retain as an active v2 listing concept."",""DG2-091"",""No"",null,null,null,null,null,null,null,null,null,null,null,null,null,null,null,null,null]"	SOURCE_PRESERVED_LOCAL_VALIDATION	includes/POD/MasterCatalogV2MigrationContract.php:6	tests/wordpress/MasterCatalogMixedCandidateTest.php:21::testMixedCandidatePersistsAllDispositionsAndReplaysExactEvidence; tests/wordpress/MasterCatalogMixedCandidateTest.php:42::testForgedNormalizedEvidenceIsRejectedBeforePersistence	DG identity/disposition/notes preserved; 428 KEEP,37 MERGE,35 DOWNGRADE; no destructive migration.
Source_Migration_500	98	"[""DG-097"",""W1"",""Personalized Sweatshirts"",""Graduation"",""PET_PORTRAIT"",""KEEP"",""Retain as an active v2 listing concept."",""DG2-092"",""No"",null,null,null,null,null,null,null,null,null,null,null,null,null,null,null,null,null]"	SOURCE_PRESERVED_LOCAL_VALIDATION	includes/POD/MasterCatalogV2MigrationContract.php:6	tests/wordpress/MasterCatalogMixedCandidateTest.php:21::testMixedCandidatePersistsAllDispositionsAndReplaysExactEvidence; tests/wordpress/MasterCatalogMixedCandidateTest.php:42::testForgedNormalizedEvidenceIsRejectedBeforePersistence	DG identity/disposition/notes preserved; 428 KEEP,37 MERGE,35 DOWNGRADE; no destructive migration.
Source_Migration_500	99	"[""DG-098"",""W1"",""Personalized Sweatshirts"",""Handwriting"",""HANDWRITING"",""KEEP"",""Retain as an active v2 listing concept."",""DG2-093"",""No"",null,null,null,null,null,null,null,null,null,null,null,null,null,null,null,null,null]"	SOURCE_PRESERVED_LOCAL_VALIDATION	includes/POD/MasterCatalogV2MigrationContract.php:6	tests/wordpress/MasterCatalogMixedCandidateTest.php:21::testMixedCandidatePersistsAllDispositionsAndReplaysExactEvidence; tests/wordpress/MasterCatalogMixedCandidateTest.php:42::testForgedNormalizedEvidenceIsRejectedBeforePersistence	DG identity/disposition/notes preserved; 428 KEEP,37 MERGE,35 DOWNGRADE; no destructive migration.
Source_Migration_500	100	"[""DG-099"",""W1"",""Personalized Sweatshirts"",""Photo collage"",""PHOTO_COLLAGE"",""KEEP"",""Retain as an active v2 listing concept."",""DG2-094"",""No"",null,null,null,null,null,null,null,null,null,null,null,null,null,null,null,null,null]"	SOURCE_PRESERVED_LOCAL_VALIDATION	includes/POD/MasterCatalogV2MigrationContract.php:6	tests/wordpress/MasterCatalogMixedCandidateTest.php:21::testMixedCandidatePersistsAllDispositionsAndReplaysExactEvidence; tests/wordpress/MasterCatalogMixedCandidateTest.php:42::testForgedNormalizedEvidenceIsRejectedBeforePersistence	DG identity/disposition/notes preserved; 428 KEEP,37 MERGE,35 DOWNGRADE; no destructive migration.
Source_Migration_500	101	"[""DG-100"",""W1"",""Personalized Sweatshirts"",""Photo + date"",""PET_PORTRAIT"",""KEEP"",""Retain as an active v2 listing concept."",""DG2-095"",""No"",null,null,null,null,null,null,null,null,null,null,null,null,null,null,null,null,null]"	SOURCE_PRESERVED_LOCAL_VALIDATION	includes/POD/MasterCatalogV2MigrationContract.php:6	tests/wordpress/MasterCatalogMixedCandidateTest.php:21::testMixedCandidatePersistsAllDispositionsAndReplaysExactEvidence; tests/wordpress/MasterCatalogMixedCandidateTest.php:42::testForgedNormalizedEvidenceIsRejectedBeforePersistence	DG identity/disposition/notes preserved; 428 KEEP,37 MERGE,35 DOWNGRADE; no destructive migration.
Source_Migration_500	102	"[""DG-101"",""W2"",""Personalized Hoodies"",""Dog portrait"",""PET_PORTRAIT"",""KEEP"",""Retain as an active v2 listing concept."",""DG2-096"",""No"",null,null,null,null,null,null,null,null,null,null,null,null,null,null,null,null,null]"	SOURCE_PRESERVED_LOCAL_VALIDATION	includes/POD/MasterCatalogV2MigrationContract.php:6	tests/wordpress/MasterCatalogMixedCandidateTest.php:21::testMixedCandidatePersistsAllDispositionsAndReplaysExactEvidence; tests/wordpress/MasterCatalogMixedCandidateTest.php:42::testForgedNormalizedEvidenceIsRejectedBeforePersistence	DG identity/disposition/notes preserved; 428 KEEP,37 MERGE,35 DOWNGRADE; no destructive migration.
Source_Migration_500	103	"[""DG-102"",""W2"",""Personalized Hoodies"",""Cat portrait"",""PET_PORTRAIT"",""KEEP"",""Retain as an active v2 listing concept."",""DG2-097"",""No"",null,null,null,null,null,null,null,null,null,null,null,null,null,null,null,null,null]"	SOURCE_PRESERVED_LOCAL_VALIDATION	includes/POD/MasterCatalogV2MigrationContract.php:6	tests/wordpress/MasterCatalogMixedCandidateTest.php:21::testMixedCandidatePersistsAllDispositionsAndReplaysExactEvidence; tests/wordpress/MasterCatalogMixedCandidateTest.php:42::testForgedNormalizedEvidenceIsRejectedBeforePersistence	DG identity/disposition/notes preserved; 428 KEEP,37 MERGE,35 DOWNGRADE; no destructive migration.
Source_Migration_500	104	"[""DG-103"",""W2"",""Personalized Hoodies"",""Multi-pet"",""PET_PORTRAIT"",""KEEP"",""Retain as an active v2 listing concept."",""DG2-098"",""No"",null,null,null,null,null,null,null,null,null,null,null,null,null,null,null,null,null]"	SOURCE_PRESERVED_LOCAL_VALIDATION	includes/POD/MasterCatalogV2MigrationContract.php:6	tests/wordpress/MasterCatalogMixedCandidateTest.php:21::testMixedCandidatePersistsAllDispositionsAndReplaysExactEvidence; tests/wordpress/MasterCatalogMixedCandidateTest.php:42::testForgedNormalizedEvidenceIsRejectedBeforePersistence	DG identity/disposition/notes preserved; 428 KEEP,37 MERGE,35 DOWNGRADE; no destructive migration.
Source_Migration_500	105	"[""DG-104"",""W2"",""Personalized Hoodies"",""Pet memorial"",""MEMORIAL"",""KEEP"",""Retain as an active v2 listing concept."",""DG2-099"",""No"",null,null,null,null,null,null,null,null,null,null,null,null,null,null,null,null,null]"	SOURCE_PRESERVED_LOCAL_VALIDATION	includes/POD/MasterCatalogV2MigrationContract.php:6	tests/wordpress/MasterCatalogMixedCandidateTest.php:21::testMixedCandidatePersistsAllDispositionsAndReplaysExactEvidence; tests/wordpress/MasterCatalogMixedCandidateTest.php:42::testForgedNormalizedEvidenceIsRejectedBeforePersistence	DG identity/disposition/notes preserved; 428 KEEP,37 MERGE,35 DOWNGRADE; no destructive migration.
Source_Migration_500	106	"[""DG-105"",""W2"",""Personalized Hoodies"",""Dog mom"",""PET_PORTRAIT"",""KEEP"",""Retain as an active v2 listing concept."",""DG2-100"",""No"",null,null,null,null,null,null,null,null,null,null,null,null,null,null,null,null,null]"	SOURCE_PRESERVED_LOCAL_VALIDATION	includes/POD/MasterCatalogV2MigrationContract.php:6	tests/wordpress/MasterCatalogMixedCandidateTest.php:21::testMixedCandidatePersistsAllDispositionsAndReplaysExactEvidence; tests/wordpress/MasterCatalogMixedCandidateTest.php:42::testForgedNormalizedEvidenceIsRejectedBeforePersistence	DG identity/disposition/notes preserved; 428 KEEP,37 MERGE,35 DOWNGRADE; no destructive migration.
Source_Migration_500	107	"[""DG-106"",""W2"",""Personalized Hoodies"",""Dog dad"",""PET_PORTRAIT"",""KEEP"",""Retain as an active v2 listing concept."",""DG2-101"",""No"",null,null,null,null,null,null,null,null,null,null,null,null,null,null,null,null,null]"	SOURCE_PRESERVED_LOCAL_VALIDATION	includes/POD/MasterCatalogV2MigrationContract.php:6	tests/wordpress/MasterCatalogMixedCandidateTest.php:21::testMixedCandidatePersistsAllDispositionsAndReplaysExactEvidence; tests/wordpress/MasterCatalogMixedCandidateTest.php:42::testForgedNormalizedEvidenceIsRejectedBeforePersistence	DG identity/disposition/notes preserved; 428 KEEP,37 MERGE,35 DOWNGRADE; no destructive migration.
Source_Migration_500	108	"[""DG-107"",""W2"",""Personalized Hoodies"",""Human portrait"",""PET_PORTRAIT"",""KEEP"",""Retain as an active v2 listing concept."",""DG2-102"",""No"",null,null,null,null,null,null,null,null,null,null,null,null,null,null,null,null,null]"	SOURCE_PRESERVED_LOCAL_VALIDATION	includes/POD/MasterCatalogV2MigrationContract.php:6	tests/wordpress/MasterCatalogMixedCandidateTest.php:21::testMixedCandidatePersistsAllDispositionsAndReplaysExactEvidence; tests/wordpress/MasterCatalogMixedCandidateTest.php:42::testForgedNormalizedEvidenceIsRejectedBeforePersistence	DG identity/disposition/notes preserved; 428 KEEP,37 MERGE,35 DOWNGRADE; no destructive migration.
Source_Migration_500	109	"[""DG-108"",""W2"",""Personalized Hoodies"",""Couple"",""PET_PORTRAIT"",""KEEP"",""Retain as an active v2 listing concept."",""DG2-103"",""No"",null,null,null,null,null,null,null,null,null,null,null,null,null,null,null,null,null]"	SOURCE_PRESERVED_LOCAL_VALIDATION	includes/POD/MasterCatalogV2MigrationContract.php:6	tests/wordpress/MasterCatalogMixedCandidateTest.php:21::testMixedCandidatePersistsAllDispositionsAndReplaysExactEvidence; tests/wordpress/MasterCatalogMixedCandidateTest.php:42::testForgedNormalizedEvidenceIsRejectedBeforePersistence	DG identity/disposition/notes preserved; 428 KEEP,37 MERGE,35 DOWNGRADE; no destructive migration.
Source_Migration_500	110	"[""DG-109"",""W2"",""Personalized Hoodies"",""Boyfriend"",""PET_PORTRAIT"",""DOWNGRADE"",""Preserve as an occasion/recipient overlay or test candidate; remove from the initial dedicated-listing allocation."",null,""Yes"",null,null,null,null,null,null,null,null,null,null,null,null,null,null,null,null,null]"	SOURCE_PRESERVED_LOCAL_VALIDATION	includes/POD/MasterCatalogV2MigrationContract.php:6	tests/wordpress/MasterCatalogMixedCandidateTest.php:21::testMixedCandidatePersistsAllDispositionsAndReplaysExactEvidence; tests/wordpress/MasterCatalogMixedCandidateTest.php:42::testForgedNormalizedEvidenceIsRejectedBeforePersistence	DG identity/disposition/notes preserved; 428 KEEP,37 MERGE,35 DOWNGRADE; no destructive migration.
Source_Migration_500	111	"[""DG-110"",""W2"",""Personalized Hoodies"",""Girlfriend"",""PET_PORTRAIT"",""DOWNGRADE"",""Preserve as an occasion/recipient overlay or test candidate; remove from the initial dedicated-listing allocation."",null,""Yes"",null,null,null,null,null,null,null,null,null,null,null,null,null,null,null,null,null]"	SOURCE_PRESERVED_LOCAL_VALIDATION	includes/POD/MasterCatalogV2MigrationContract.php:6	tests/wordpress/MasterCatalogMixedCandidateTest.php:21::testMixedCandidatePersistsAllDispositionsAndReplaysExactEvidence; tests/wordpress/MasterCatalogMixedCandidateTest.php:42::testForgedNormalizedEvidenceIsRejectedBeforePersistence	DG identity/disposition/notes preserved; 428 KEEP,37 MERGE,35 DOWNGRADE; no destructive migration.
Source_Migration_500	112	"[""DG-111"",""W2"",""Personalized Hoodies"",""Husband"",""PET_PORTRAIT"",""KEEP"",""Retain as an active v2 listing concept."",""DG2-104"",""No"",null,null,null,null,null,null,null,null,null,null,null,null,null,null,null,null,null]"	SOURCE_PRESERVED_LOCAL_VALIDATION	includes/POD/MasterCatalogV2MigrationContract.php:6	tests/wordpress/MasterCatalogMixedCandidateTest.php:21::testMixedCandidatePersistsAllDispositionsAndReplaysExactEvidence; tests/wordpress/MasterCatalogMixedCandidateTest.php:42::testForgedNormalizedEvidenceIsRejectedBeforePersistence	DG identity/disposition/notes preserved; 428 KEEP,37 MERGE,35 DOWNGRADE; no destructive migration.
Source_Migration_500	113	"[""DG-112"",""W2"",""Personalized Hoodies"",""Wife"",""PET_PORTRAIT"",""KEEP"",""Retain as an active v2 listing concept."",""DG2-105"",""No"",null,null,null,null,null,null,null,null,null,null,null,null,null,null,null,null,null]"	SOURCE_PRESERVED_LOCAL_VALIDATION	includes/POD/MasterCatalogV2MigrationContract.php:6	tests/wordpress/MasterCatalogMixedCandidateTest.php:21::testMixedCandidatePersistsAllDispositionsAndReplaysExactEvidence; tests/wordpress/MasterCatalogMixedCandidateTest.php:42::testForgedNormalizedEvidenceIsRejectedBeforePersistence	DG identity/disposition/notes preserved; 428 KEEP,37 MERGE,35 DOWNGRADE; no destructive migration.
Source_Migration_500	114	"[""DG-113"",""W2"",""Personalized Hoodies"",""Family"",""PET_PORTRAIT"",""KEEP"",""Retain as an active v2 listing concept."",""DG2-106"",""No"",null,null,null,null,null,null,null,null,null,null,null,null,null,null,null,null,null]"	SOURCE_PRESERVED_LOCAL_VALIDATION	includes/POD/MasterCatalogV2MigrationContract.php:6	tests/wordpress/MasterCatalogMixedCandidateTest.php:21::testMixedCandidatePersistsAllDispositionsAndReplaysExactEvidence; tests/wordpress/MasterCatalogMixedCandidateTest.php:42::testForgedNormalizedEvidenceIsRejectedBeforePersistence	DG identity/disposition/notes preserved; 428 KEEP,37 MERGE,35 DOWNGRADE; no destructive migration.
Source_Migration_500	115	"[""DG-114"",""W2"",""Personalized Hoodies"",""Dad"",""PET_PORTRAIT"",""KEEP"",""Retain as an active v2 listing concept."",""DG2-107"",""No"",null,null,null,null,null,null,null,null,null,null,null,null,null,null,null,null,null]"	SOURCE_PRESERVED_LOCAL_VALIDATION	includes/POD/MasterCatalogV2MigrationContract.php:6	tests/wordpress/MasterCatalogMixedCandidateTest.php:21::testMixedCandidatePersistsAllDispositionsAndReplaysExactEvidence; tests/wordpress/MasterCatalogMixedCandidateTest.php:42::testForgedNormalizedEvidenceIsRejectedBeforePersistence	DG identity/disposition/notes preserved; 428 KEEP,37 MERGE,35 DOWNGRADE; no destructive migration.
Source_Migration_500	116	"[""DG-115"",""W2"",""Personalized Hoodies"",""Mom"",""PET_PORTRAIT"",""KEEP"",""Retain as an active v2 listing concept."",""DG2-108"",""No"",null,null,null,null,null,null,null,null,null,null,null,null,null,null,null,null,null]"	SOURCE_PRESERVED_LOCAL_VALIDATION	includes/POD/MasterCatalogV2MigrationContract.php:6	tests/wordpress/MasterCatalogMixedCandidateTest.php:21::testMixedCandidatePersistsAllDispositionsAndReplaysExactEvidence; tests/wordpress/MasterCatalogMixedCandidateTest.php:42::testForgedNormalizedEvidenceIsRejectedBeforePersistence	DG identity/disposition/notes preserved; 428 KEEP,37 MERGE,35 DOWNGRADE; no destructive migration.
Source_Migration_500	117	"[""DG-116"",""W2"",""Personalized Hoodies"",""Grandparents"",""PET_PORTRAIT"",""KEEP"",""Retain as an active v2 listing concept."",""DG2-109"",""No"",null,null,null,null,null,null,null,null,null,null,null,null,null,null,null,null,null]"	SOURCE_PRESERVED_LOCAL_VALIDATION	includes/POD/MasterCatalogV2MigrationContract.php:6	tests/wordpress/MasterCatalogMixedCandidateTest.php:21::testMixedCandidatePersistsAllDispositionsAndReplaysExactEvidence; tests/wordpress/MasterCatalogMixedCandidateTest.php:42::testForgedNormalizedEvidenceIsRejectedBeforePersistence	DG identity/disposition/notes preserved; 428 KEEP,37 MERGE,35 DOWNGRADE; no destructive migration.
Source_Migration_500	118	"[""DG-117"",""W2"",""Personalized Hoodies"",""Wedding"",""PET_PORTRAIT"",""KEEP"",""Retain as an active v2 listing concept."",""DG2-110"",""No"",null,null,null,null,null,null,null,null,null,null,null,null,null,null,null,null,null]"	SOURCE_PRESERVED_LOCAL_VALIDATION	includes/POD/MasterCatalogV2MigrationContract.php:6	tests/wordpress/MasterCatalogMixedCandidateTest.php:21::testMixedCandidatePersistsAllDispositionsAndReplaysExactEvidence; tests/wordpress/MasterCatalogMixedCandidateTest.php:42::testForgedNormalizedEvidenceIsRejectedBeforePersistence	DG identity/disposition/notes preserved; 428 KEEP,37 MERGE,35 DOWNGRADE; no destructive migration.
Source_Migration_500	119	"[""DG-118"",""W2"",""Personalized Hoodies"",""Anniversary"",""PET_PORTRAIT"",""KEEP"",""Retain as an active v2 listing concept."",""DG2-111"",""No"",null,null,null,null,null,null,null,null,null,null,null,null,null,null,null,null,null]"	SOURCE_PRESERVED_LOCAL_VALIDATION	includes/POD/MasterCatalogV2MigrationContract.php:6	tests/wordpress/MasterCatalogMixedCandidateTest.php:21::testMixedCandidatePersistsAllDispositionsAndReplaysExactEvidence; tests/wordpress/MasterCatalogMixedCandidateTest.php:42::testForgedNormalizedEvidenceIsRejectedBeforePersistence	DG identity/disposition/notes preserved; 428 KEEP,37 MERGE,35 DOWNGRADE; no destructive migration.
Source_Migration_500	120	"[""DG-119"",""W2"",""Personalized Hoodies"",""Birthday"",""PET_PORTRAIT"",""KEEP"",""Retain as an active v2 listing concept."",""DG2-112"",""No"",null,null,null,null,null,null,null,null,null,null,null,null,null,null,null,null,null]"	SOURCE_PRESERVED_LOCAL_VALIDATION	includes/POD/MasterCatalogV2MigrationContract.php:6	tests/wordpress/MasterCatalogMixedCandidateTest.php:21::testMixedCandidatePersistsAllDispositionsAndReplaysExactEvidence; tests/wordpress/MasterCatalogMixedCandidateTest.php:42::testForgedNormalizedEvidenceIsRejectedBeforePersistence	DG identity/disposition/notes preserved; 428 KEEP,37 MERGE,35 DOWNGRADE; no destructive migration.
Source_Migration_500	121	"[""DG-120"",""W2"",""Personalized Hoodies"",""Graduation"",""PET_PORTRAIT"",""KEEP"",""Retain as an active v2 listing concept."",""DG2-113"",""No"",null,null,null,null,null,null,null,null,null,null,null,null,null,null,null,null,null]"	SOURCE_PRESERVED_LOCAL_VALIDATION	includes/POD/MasterCatalogV2MigrationContract.php:6	tests/wordpress/MasterCatalogMixedCandidateTest.php:21::testMixedCandidatePersistsAllDispositionsAndReplaysExactEvidence; tests/wordpress/MasterCatalogMixedCandidateTest.php:42::testForgedNormalizedEvidenceIsRejectedBeforePersistence	DG identity/disposition/notes preserved; 428 KEEP,37 MERGE,35 DOWNGRADE; no destructive migration.
Source_Migration_500	122	"[""DG-121"",""W2"",""Personalized Hoodies"",""Memorial"",""MEMORIAL"",""KEEP"",""Retain as an active v2 listing concept."",""DG2-114"",""No"",null,null,null,null,null,null,null,null,null,null,null,null,null,null,null,null,null]"	SOURCE_PRESERVED_LOCAL_VALIDATION	includes/POD/MasterCatalogV2MigrationContract.php:6	tests/wordpress/MasterCatalogMixedCandidateTest.php:21::testMixedCandidatePersistsAllDispositionsAndReplaysExactEvidence; tests/wordpress/MasterCatalogMixedCandidateTest.php:42::testForgedNormalizedEvidenceIsRejectedBeforePersistence	DG identity/disposition/notes preserved; 428 KEEP,37 MERGE,35 DOWNGRADE; no destructive migration.
Source_Migration_500	123	"[""DG-122"",""W2"",""Personalized Hoodies"",""Travel"",""PET_PORTRAIT"",""KEEP"",""Retain as an active v2 listing concept."",""DG2-115"",""No"",null,null,null,null,null,null,null,null,null,null,null,null,null,null,null,null,null]"	SOURCE_PRESERVED_LOCAL_VALIDATION	includes/POD/MasterCatalogV2MigrationContract.php:6	tests/wordpress/MasterCatalogMixedCandidateTest.php:21::testMixedCandidatePersistsAllDispositionsAndReplaysExactEvidence; tests/wordpress/MasterCatalogMixedCandidateTest.php:42::testForgedNormalizedEvidenceIsRejectedBeforePersistence	DG identity/disposition/notes preserved; 428 KEEP,37 MERGE,35 DOWNGRADE; no destructive migration.
Source_Migration_500	124	"[""DG-123"",""W2"",""Personalized Hoodies"",""Photo collage"",""PHOTO_COLLAGE"",""KEEP"",""Retain as an active v2 listing concept."",""DG2-116"",""No"",null,null,null,null,null,null,null,null,null,null,null,null,null,null,null,null,null]"	SOURCE_PRESERVED_LOCAL_VALIDATION	includes/POD/MasterCatalogV2MigrationContract.php:6	tests/wordpress/MasterCatalogMixedCandidateTest.php:21::testMixedCandidatePersistsAllDispositionsAndReplaysExactEvidence; tests/wordpress/MasterCatalogMixedCandidateTest.php:42::testForgedNormalizedEvidenceIsRejectedBeforePersistence	DG identity/disposition/notes preserved; 428 KEEP,37 MERGE,35 DOWNGRADE; no destructive migration.
Source_Migration_500	125	"[""DG-124"",""W2"",""Personalized Hoodies"",""Vintage portrait"",""PET_PORTRAIT"",""KEEP"",""Retain as an active v2 listing concept."",""DG2-117"",""No"",null,null,null,null,null,null,null,null,null,null,null,null,null,null,null,null,null]"	SOURCE_PRESERVED_LOCAL_VALIDATION	includes/POD/MasterCatalogV2MigrationContract.php:6	tests/wordpress/MasterCatalogMixedCandidateTest.php:21::testMixedCandidatePersistsAllDispositionsAndReplaysExactEvidence; tests/wordpress/MasterCatalogMixedCandidateTest.php:42::testForgedNormalizedEvidenceIsRejectedBeforePersistence	DG identity/disposition/notes preserved; 428 KEEP,37 MERGE,35 DOWNGRADE; no destructive migration.
Source_Migration_500	126	"[""DG-125"",""W2"",""Personalized Hoodies"",""Handwriting"",""HANDWRITING"",""KEEP"",""Retain as an active v2 listing concept."",""DG2-118"",""No"",null,null,null,null,null,null,null,null,null,null,null,null,null,null,null,null,null]"	SOURCE_PRESERVED_LOCAL_VALIDATION	includes/POD/MasterCatalogV2MigrationContract.php:6	tests/wordpress/MasterCatalogMixedCandidateTest.php:21::testMixedCandidatePersistsAllDispositionsAndReplaysExactEvidence; tests/wordpress/MasterCatalogMixedCandidateTest.php:42::testForgedNormalizedEvidenceIsRejectedBeforePersistence	DG identity/disposition/notes preserved; 428 KEEP,37 MERGE,35 DOWNGRADE; no destructive migration.
Source_Migration_500	127	"[""DG-126"",""W2"",""Photo & Pet Blankets"",""Single photo"",""PHOTO_COLLAGE"",""KEEP"",""Retain as an active v2 listing concept."",""DG2-119"",""No"",null,null,null,null,null,null,null,null,null,null,null,null,null,null,null,null,null]"	SOURCE_PRESERVED_LOCAL_VALIDATION	includes/POD/MasterCatalogV2MigrationContract.php:6	tests/wordpress/MasterCatalogMixedCandidateTest.php:21::testMixedCandidatePersistsAllDispositionsAndReplaysExactEvidence; tests/wordpress/MasterCatalogMixedCandidateTest.php:42::testForgedNormalizedEvidenceIsRejectedBeforePersistence	DG identity/disposition/notes preserved; 428 KEEP,37 MERGE,35 DOWNGRADE; no destructive migration.
Source_Migration_500	128	"[""DG-127"",""W2"",""Photo & Pet Blankets"",""4-photo collage"",""PHOTO_COLLAGE"",""KEEP"",""Retain as an active v2 listing concept."",""DG2-120"",""No"",null,null,null,null,null,null,null,null,null,null,null,null,null,null,null,null,null]"	SOURCE_PRESERVED_LOCAL_VALIDATION	includes/POD/MasterCatalogV2MigrationContract.php:6	tests/wordpress/MasterCatalogMixedCandidateTest.php:21::testMixedCandidatePersistsAllDispositionsAndReplaysExactEvidence; tests/wordpress/MasterCatalogMixedCandidateTest.php:42::testForgedNormalizedEvidenceIsRejectedBeforePersistence	DG identity/disposition/notes preserved; 428 KEEP,37 MERGE,35 DOWNGRADE; no destructive migration.
Source_Migration_500	129	"[""DG-128"",""W2"",""Photo & Pet Blankets"",""9-photo collage"",""PHOTO_COLLAGE"",""KEEP"",""Retain as an active v2 listing concept."",""DG2-121"",""No"",null,null,null,null,null,null,null,null,null,null,null,null,null,null,null,null,null]"	SOURCE_PRESERVED_LOCAL_VALIDATION	includes/POD/MasterCatalogV2MigrationContract.php:6	tests/wordpress/MasterCatalogMixedCandidateTest.php:21::testMixedCandidatePersistsAllDispositionsAndReplaysExactEvidence; tests/wordpress/MasterCatalogMixedCandidateTest.php:42::testForgedNormalizedEvidenceIsRejectedBeforePersistence	DG identity/disposition/notes preserved; 428 KEEP,37 MERGE,35 DOWNGRADE; no destructive migration.
Source_Migration_500	130	"[""DG-129"",""W2"",""Photo & Pet Blankets"",""Family"",""PHOTO_COLLAGE"",""KEEP"",""Retain as an active v2 listing concept."",""DG2-122"",""No"",null,null,null,null,null,null,null,null,null,null,null,null,null,null,null,null,null]"	SOURCE_PRESERVED_LOCAL_VALIDATION	includes/POD/MasterCatalogV2MigrationContract.php:6	tests/wordpress/MasterCatalogMixedCandidateTest.php:21::testMixedCandidatePersistsAllDispositionsAndReplaysExactEvidence; tests/wordpress/MasterCatalogMixedCandidateTest.php:42::testForgedNormalizedEvidenceIsRejectedBeforePersistence	DG identity/disposition/notes preserved; 428 KEEP,37 MERGE,35 DOWNGRADE; no destructive migration.
Source_Migration_500	131	"[""DG-130"",""W2"",""Photo & Pet Blankets"",""Couple"",""PHOTO_COLLAGE"",""KEEP"",""Retain as an active v2 listing concept."",""DG2-123"",""No"",null,null,null,null,null,null,null,null,null,null,null,null,null,null,null,null,null]"	SOURCE_PRESERVED_LOCAL_VALIDATION	includes/POD/MasterCatalogV2MigrationContract.php:6	tests/wordpress/MasterCatalogMixedCandidateTest.php:21::testMixedCandidatePersistsAllDispositionsAndReplaysExactEvidence; tests/wordpress/MasterCatalogMixedCandidateTest.php:42::testForgedNormalizedEvidenceIsRejectedBeforePersistence	DG identity/disposition/notes preserved; 428 KEEP,37 MERGE,35 DOWNGRADE; no destructive migration.
Source_Migration_500	132	"[""DG-131"",""W2"",""Photo & Pet Blankets"",""Wedding"",""PHOTO_COLLAGE"",""KEEP"",""Retain as an active v2 listing concept."",""DG2-124"",""No"",null,null,null,null,null,null,null,null,null,null,null,null,null,null,null,null,null]"	SOURCE_PRESERVED_LOCAL_VALIDATION	includes/POD/MasterCatalogV2MigrationContract.php:6	tests/wordpress/MasterCatalogMixedCandidateTest.php:21::testMixedCandidatePersistsAllDispositionsAndReplaysExactEvidence; tests/wordpress/MasterCatalogMixedCandidateTest.php:42::testForgedNormalizedEvidenceIsRejectedBeforePersistence	DG identity/disposition/notes preserved; 428 KEEP,37 MERGE,35 DOWNGRADE; no destructive migration.
Source_Migration_500	133	"[""DG-132"",""W2"",""Photo & Pet Blankets"",""Anniversary"",""PHOTO_COLLAGE"",""KEEP"",""Retain as an active v2 listing concept."",""DG2-125"",""No"",null,null,null,null,null,null,null,null,null,null,null,null,null,null,null,null,null]"	SOURCE_PRESERVED_LOCAL_VALIDATION	includes/POD/MasterCatalogV2MigrationContract.php:6	tests/wordpress/MasterCatalogMixedCandidateTest.php:21::testMixedCandidatePersistsAllDispositionsAndReplaysExactEvidence; tests/wordpress/MasterCatalogMixedCandidateTest.php:42::testForgedNormalizedEvidenceIsRejectedBeforePersistence	DG identity/disposition/notes preserved; 428 KEEP,37 MERGE,35 DOWNGRADE; no destructive migration.
Source_Migration_500	134	"[""DG-133"",""W2"",""Photo & Pet Blankets"",""Mom"",""PHOTO_COLLAGE"",""KEEP"",""Retain as an active v2 listing concept."",""DG2-126"",""No"",null,null,null,null,null,null,null,null,null,null,null,null,null,null,null,null,null]"	SOURCE_PRESERVED_LOCAL_VALIDATION	includes/POD/MasterCatalogV2MigrationContract.php:6	tests/wordpress/MasterCatalogMixedCandidateTest.php:21::testMixedCandidatePersistsAllDispositionsAndReplaysExactEvidence; tests/wordpress/MasterCatalogMixedCandidateTest.php:42::testForgedNormalizedEvidenceIsRejectedBeforePersistence	DG identity/disposition/notes preserved; 428 KEEP,37 MERGE,35 DOWNGRADE; no destructive migration.
Source_Migration_500	135	"[""DG-134"",""W2"",""Photo & Pet Blankets"",""Dad"",""PHOTO_COLLAGE"",""KEEP"",""Retain as an active v2 listing concept."",""DG2-127"",""No"",null,null,null,null,null,null,null,null,null,null,null,null,null,null,null,null,null]"	SOURCE_PRESERVED_LOCAL_VALIDATION	includes/POD/MasterCatalogV2MigrationContract.php:6	tests/wordpress/MasterCatalogMixedCandidateTest.php:21::testMixedCandidatePersistsAllDispositionsAndReplaysExactEvidence; tests/wordpress/MasterCatalogMixedCandidateTest.php:42::testForgedNormalizedEvidenceIsRejectedBeforePersistence	DG identity/disposition/notes preserved; 428 KEEP,37 MERGE,35 DOWNGRADE; no destructive migration.
Source_Migration_500	136	"[""DG-135"",""W2"",""Photo & Pet Blankets"",""Grandma"",""PHOTO_COLLAGE"",""KEEP"",""Retain as an active v2 listing concept."",""DG2-128"",""No"",null,null,null,null,null,null,null,null,null,null,null,null,null,null,null,null,null]"	SOURCE_PRESERVED_LOCAL_VALIDATION	includes/POD/MasterCatalogV2MigrationContract.php:6	tests/wordpress/MasterCatalogMixedCandidateTest.php:21::testMixedCandidatePersistsAllDispositionsAndReplaysExactEvidence; tests/wordpress/MasterCatalogMixedCandidateTest.php:42::testForgedNormalizedEvidenceIsRejectedBeforePersistence	DG identity/disposition/notes preserved; 428 KEEP,37 MERGE,35 DOWNGRADE; no destructive migration.
Source_Migration_500	137	"[""DG-136"",""W2"",""Photo & Pet Blankets"",""Grandpa"",""PHOTO_COLLAGE"",""KEEP"",""Retain as an active v2 listing concept."",""DG2-129"",""No"",null,null,null,null,null,null,null,null,null,null,null,null,null,null,null,null,null]"	SOURCE_PRESERVED_LOCAL_VALIDATION	includes/POD/MasterCatalogV2MigrationContract.php:6	tests/wordpress/MasterCatalogMixedCandidateTest.php:21::testMixedCandidatePersistsAllDispositionsAndReplaysExactEvidence; tests/wordpress/MasterCatalogMixedCandidateTest.php:42::testForgedNormalizedEvidenceIsRejectedBeforePersistence	DG identity/disposition/notes preserved; 428 KEEP,37 MERGE,35 DOWNGRADE; no destructive migration.
Source_Migration_500	138	"[""DG-137"",""W2"",""Photo & Pet Blankets"",""Baby"",""PHOTO_COLLAGE"",""KEEP"",""Retain as an active v2 listing concept."",""DG2-130"",""No"",null,null,null,null,null,null,null,null,null,null,null,null,null,null,null,null,null]"	SOURCE_PRESERVED_LOCAL_VALIDATION	includes/POD/MasterCatalogV2MigrationContract.php:6	tests/wordpress/MasterCatalogMixedCandidateTest.php:21::testMixedCandidatePersistsAllDispositionsAndReplaysExactEvidence; tests/wordpress/MasterCatalogMixedCandidateTest.php:42::testForgedNormalizedEvidenceIsRejectedBeforePersistence	DG identity/disposition/notes preserved; 428 KEEP,37 MERGE,35 DOWNGRADE; no destructive migration.
Source_Migration_500	139	"[""DG-138"",""W2"",""Photo & Pet Blankets"",""Kids"",""PHOTO_COLLAGE"",""KEEP"",""Retain as an active v2 listing concept."",""DG2-131"",""No"",null,null,null,null,null,null,null,null,null,null,null,null,null,null,null,null,null]"	SOURCE_PRESERVED_LOCAL_VALIDATION	includes/POD/MasterCatalogV2MigrationContract.php:6	tests/wordpress/MasterCatalogMixedCandidateTest.php:21::testMixedCandidatePersistsAllDispositionsAndReplaysExactEvidence; tests/wordpress/MasterCatalogMixedCandidateTest.php:42::testForgedNormalizedEvidenceIsRejectedBeforePersistence	DG identity/disposition/notes preserved; 428 KEEP,37 MERGE,35 DOWNGRADE; no destructive migration.
Source_Migration_500	140	"[""DG-139"",""W2"",""Photo & Pet Blankets"",""Graduation"",""PHOTO_COLLAGE"",""KEEP"",""Retain as an active v2 listing concept."",""DG2-132"",""No"",null,null,null,null,null,null,null,null,null,null,null,null,null,null,null,null,null]"	SOURCE_PRESERVED_LOCAL_VALIDATION	includes/POD/MasterCatalogV2MigrationContract.php:6	tests/wordpress/MasterCatalogMixedCandidateTest.php:21::testMixedCandidatePersistsAllDispositionsAndReplaysExactEvidence; tests/wordpress/MasterCatalogMixedCandidateTest.php:42::testForgedNormalizedEvidenceIsRejectedBeforePersistence	DG identity/disposition/notes preserved; 428 KEEP,37 MERGE,35 DOWNGRADE; no destructive migration.
Source_Migration_500	141	"[""DG-140"",""W2"",""Photo & Pet Blankets"",""Birthday"",""PHOTO_COLLAGE"",""KEEP"",""Retain as an active v2 listing concept."",""DG2-133"",""No"",null,null,null,null,null,null,null,null,null,null,null,null,null,null,null,null,null]"	SOURCE_PRESERVED_LOCAL_VALIDATION	includes/POD/MasterCatalogV2MigrationContract.php:6	tests/wordpress/MasterCatalogMixedCandidateTest.php:21::testMixedCandidatePersistsAllDispositionsAndReplaysExactEvidence; tests/wordpress/MasterCatalogMixedCandidateTest.php:42::testForgedNormalizedEvidenceIsRejectedBeforePersistence	DG identity/disposition/notes preserved; 428 KEEP,37 MERGE,35 DOWNGRADE; no destructive migration.
Source_Migration_500	142	"[""DG-141"",""W2"",""Photo & Pet Blankets"",""Best friend"",""PHOTO_COLLAGE"",""KEEP"",""Retain as an active v2 listing concept."",""DG2-134"",""No"",null,null,null,null,null,null,null,null,null,null,null,null,null,null,null,null,null]"	SOURCE_PRESERVED_LOCAL_VALIDATION	includes/POD/MasterCatalogV2MigrationContract.php:6	tests/wordpress/MasterCatalogMixedCandidateTest.php:21::testMixedCandidatePersistsAllDispositionsAndReplaysExactEvidence; tests/wordpress/MasterCatalogMixedCandidateTest.php:42::testForgedNormalizedEvidenceIsRejectedBeforePersistence	DG identity/disposition/notes preserved; 428 KEEP,37 MERGE,35 DOWNGRADE; no destructive migration.
Source_Migration_500	143	"[""DG-142"",""W2"",""Photo & Pet Blankets"",""Dog"",""PHOTO_COLLAGE"",""KEEP"",""Retain as an active v2 listing concept."",""DG2-135"",""No"",null,null,null,null,null,null,null,null,null,null,null,null,null,null,null,null,null]"	SOURCE_PRESERVED_LOCAL_VALIDATION	includes/POD/MasterCatalogV2MigrationContract.php:6	tests/wordpress/MasterCatalogMixedCandidateTest.php:21::testMixedCandidatePersistsAllDispositionsAndReplaysExactEvidence; tests/wordpress/MasterCatalogMixedCandidateTest.php:42::testForgedNormalizedEvidenceIsRejectedBeforePersistence	DG identity/disposition/notes preserved; 428 KEEP,37 MERGE,35 DOWNGRADE; no destructive migration.
Source_Migration_500	144	"[""DG-143"",""W2"",""Photo & Pet Blankets"",""Cat"",""PHOTO_COLLAGE"",""KEEP"",""Retain as an active v2 listing concept."",""DG2-136"",""No"",null,null,null,null,null,null,null,null,null,null,null,null,null,null,null,null,null]"	SOURCE_PRESERVED_LOCAL_VALIDATION	includes/POD/MasterCatalogV2MigrationContract.php:6	tests/wordpress/MasterCatalogMixedCandidateTest.php:21::testMixedCandidatePersistsAllDispositionsAndReplaysExactEvidence; tests/wordpress/MasterCatalogMixedCandidateTest.php:42::testForgedNormalizedEvidenceIsRejectedBeforePersistence	DG identity/disposition/notes preserved; 428 KEEP,37 MERGE,35 DOWNGRADE; no destructive migration.
Source_Migration_500	145	"[""DG-144"",""W2"",""Photo & Pet Blankets"",""Multi-pet"",""PHOTO_COLLAGE"",""KEEP"",""Retain as an active v2 listing concept."",""DG2-137"",""No"",null,null,null,null,null,null,null,null,null,null,null,null,null,null,null,null,null]"	SOURCE_PRESERVED_LOCAL_VALIDATION	includes/POD/MasterCatalogV2MigrationContract.php:6	tests/wordpress/MasterCatalogMixedCandidateTest.php:21::testMixedCandidatePersistsAllDispositionsAndReplaysExactEvidence; tests/wordpress/MasterCatalogMixedCandidateTest.php:42::testForgedNormalizedEvidenceIsRejectedBeforePersistence	DG identity/disposition/notes preserved; 428 KEEP,37 MERGE,35 DOWNGRADE; no destructive migration.
Source_Migration_500	146	"[""DG-145"",""W2"",""Photo & Pet Blankets"",""Pet memorial"",""MEMORIAL"",""KEEP"",""Retain as an active v2 listing concept."",""DG2-138"",""No"",null,null,null,null,null,null,null,null,null,null,null,null,null,null,null,null,null]"	SOURCE_PRESERVED_LOCAL_VALIDATION	includes/POD/MasterCatalogV2MigrationContract.php:6	tests/wordpress/MasterCatalogMixedCandidateTest.php:21::testMixedCandidatePersistsAllDispositionsAndReplaysExactEvidence; tests/wordpress/MasterCatalogMixedCandidateTest.php:42::testForgedNormalizedEvidenceIsRejectedBeforePersistence	DG identity/disposition/notes preserved; 428 KEEP,37 MERGE,35 DOWNGRADE; no destructive migration.
Source_Migration_500	147	"[""DG-146"",""W2"",""Photo & Pet Blankets"",""Human memorial"",""MEMORIAL"",""KEEP"",""Retain as an active v2 listing concept."",""DG2-139"",""No"",null,null,null,null,null,null,null,null,null,null,null,null,null,null,null,null,null]"	SOURCE_PRESERVED_LOCAL_VALIDATION	includes/POD/MasterCatalogV2MigrationContract.php:6	tests/wordpress/MasterCatalogMixedCandidateTest.php:21::testMixedCandidatePersistsAllDispositionsAndReplaysExactEvidence; tests/wordpress/MasterCatalogMixedCandidateTest.php:42::testForgedNormalizedEvidenceIsRejectedBeforePersistence	DG identity/disposition/notes preserved; 428 KEEP,37 MERGE,35 DOWNGRADE; no destructive migration.
Source_Migration_500	148	"[""DG-147"",""W2"",""Photo & Pet Blankets"",""Travel"",""PHOTO_COLLAGE"",""KEEP"",""Retain as an active v2 listing concept."",""DG2-140"",""No"",null,null,null,null,null,null,null,null,null,null,null,null,null,null,null,null,null]"	SOURCE_PRESERVED_LOCAL_VALIDATION	includes/POD/MasterCatalogV2MigrationContract.php:6	tests/wordpress/MasterCatalogMixedCandidateTest.php:21::testMixedCandidatePersistsAllDispositionsAndReplaysExactEvidence; tests/wordpress/MasterCatalogMixedCandidateTest.php:42::testForgedNormalizedEvidenceIsRejectedBeforePersistence	DG identity/disposition/notes preserved; 428 KEEP,37 MERGE,35 DOWNGRADE; no destructive migration.
Source_Migration_500	149	"[""DG-148"",""W2"",""Photo & Pet Blankets"",""Family-tree style"",""PHOTO_COLLAGE"",""KEEP"",""Retain as an active v2 listing concept."",""DG2-141"",""No"",null,null,null,null,null,null,null,null,null,null,null,null,null,null,null,null,null]"	SOURCE_PRESERVED_LOCAL_VALIDATION	includes/POD/MasterCatalogV2MigrationContract.php:6	tests/wordpress/MasterCatalogMixedCandidateTest.php:21::testMixedCandidatePersistsAllDispositionsAndReplaysExactEvidence; tests/wordpress/MasterCatalogMixedCandidateTest.php:42::testForgedNormalizedEvidenceIsRejectedBeforePersistence	DG identity/disposition/notes preserved; 428 KEEP,37 MERGE,35 DOWNGRADE; no destructive migration.
Source_Migration_500	150	"[""DG-149"",""W2"",""Photo & Pet Blankets"",""Photo + quote"",""PHOTO_COLLAGE"",""KEEP"",""Retain as an active v2 listing concept."",""DG2-142"",""No"",null,null,null,null,null,null,null,null,null,null,null,null,null,null,null,null,null]"	SOURCE_PRESERVED_LOCAL_VALIDATION	includes/POD/MasterCatalogV2MigrationContract.php:6	tests/wordpress/MasterCatalogMixedCandidateTest.php:21::testMixedCandidatePersistsAllDispositionsAndReplaysExactEvidence; tests/wordpress/MasterCatalogMixedCandidateTest.php:42::testForgedNormalizedEvidenceIsRejectedBeforePersistence	DG identity/disposition/notes preserved; 428 KEEP,37 MERGE,35 DOWNGRADE; no destructive migration.
Source_Migration_500	151	"[""DG-150"",""W2"",""Photo & Pet Blankets"",""Handwriting + photo"",""HANDWRITING"",""KEEP"",""Retain as an active v2 listing concept."",""DG2-143"",""No"",null,null,null,null,null,null,null,null,null,null,null,null,null,null,null,null,null]"	SOURCE_PRESERVED_LOCAL_VALIDATION	includes/POD/MasterCatalogV2MigrationContract.php:6	tests/wordpress/MasterCatalogMixedCandidateTest.php:21::testMixedCandidatePersistsAllDispositionsAndReplaysExactEvidence; tests/wordpress/MasterCatalogMixedCandidateTest.php:42::testForgedNormalizedEvidenceIsRejectedBeforePersistence	DG identity/disposition/notes preserved; 428 KEEP,37 MERGE,35 DOWNGRADE; no destructive migration.
Source_Migration_500	152	"[""DG-151"",""W2"",""Personalized Pillows"",""Dog"",""SINGLE_PHOTO"",""KEEP"",""Retain as an active v2 listing concept."",""DG2-144"",""No"",null,null,null,null,null,null,null,null,null,null,null,null,null,null,null,null,null]"	SOURCE_PRESERVED_LOCAL_VALIDATION	includes/POD/MasterCatalogV2MigrationContract.php:6	tests/wordpress/MasterCatalogMixedCandidateTest.php:21::testMixedCandidatePersistsAllDispositionsAndReplaysExactEvidence; tests/wordpress/MasterCatalogMixedCandidateTest.php:42::testForgedNormalizedEvidenceIsRejectedBeforePersistence	DG identity/disposition/notes preserved; 428 KEEP,37 MERGE,35 DOWNGRADE; no destructive migration.
Source_Migration_500	153	"[""DG-152"",""W2"",""Personalized Pillows"",""Cat"",""SINGLE_PHOTO"",""KEEP"",""Retain as an active v2 listing concept."",""DG2-145"",""No"",null,null,null,null,null,null,null,null,null,null,null,null,null,null,null,null,null]"	SOURCE_PRESERVED_LOCAL_VALIDATION	includes/POD/MasterCatalogV2MigrationContract.php:6	tests/wordpress/MasterCatalogMixedCandidateTest.php:21::testMixedCandidatePersistsAllDispositionsAndReplaysExactEvidence; tests/wordpress/MasterCatalogMixedCandidateTest.php:42::testForgedNormalizedEvidenceIsRejectedBeforePersistence	DG identity/disposition/notes preserved; 428 KEEP,37 MERGE,35 DOWNGRADE; no destructive migration.
Source_Migration_500	154	"[""DG-153"",""W2"",""Personalized Pillows"",""Pet memorial"",""MEMORIAL"",""KEEP"",""Retain as an active v2 listing concept."",""DG2-146"",""No"",null,null,null,null,null,null,null,null,null,null,null,null,null,null,null,null,null]"	SOURCE_PRESERVED_LOCAL_VALIDATION	includes/POD/MasterCatalogV2MigrationContract.php:6	tests/wordpress/MasterCatalogMixedCandidateTest.php:21::testMixedCandidatePersistsAllDispositionsAndReplaysExactEvidence; tests/wordpress/MasterCatalogMixedCandidateTest.php:42::testForgedNormalizedEvidenceIsRejectedBeforePersistence	DG identity/disposition/notes preserved; 428 KEEP,37 MERGE,35 DOWNGRADE; no destructive migration.
Source_Migration_500	155	"[""DG-154"",""W2"",""Personalized Pillows"",""Human face"",""SINGLE_PHOTO"",""DOWNGRADE"",""Preserve as an occasion/recipient overlay or test candidate; remove from the initial dedicated-listing allocation."",null,""Yes"",null,null,null,null,null,null,null,null,null,null,null,null,null,null,null,null,null]"	SOURCE_PRESERVED_LOCAL_VALIDATION	includes/POD/MasterCatalogV2MigrationContract.php:6	tests/wordpress/MasterCatalogMixedCandidateTest.php:21::testMixedCandidatePersistsAllDispositionsAndReplaysExactEvidence; tests/wordpress/MasterCatalogMixedCandidateTest.php:42::testForgedNormalizedEvidenceIsRejectedBeforePersistence	DG identity/disposition/notes preserved; 428 KEEP,37 MERGE,35 DOWNGRADE; no destructive migration.
Source_Migration_500	156	"[""DG-155"",""W2"",""Personalized Pillows"",""Couple"",""SINGLE_PHOTO"",""KEEP"",""Retain as an active v2 listing concept."",""DG2-147"",""No"",null,null,null,null,null,null,null,null,null,null,null,null,null,null,null,null,null]"	SOURCE_PRESERVED_LOCAL_VALIDATION	includes/POD/MasterCatalogV2MigrationContract.php:6	tests/wordpress/MasterCatalogMixedCandidateTest.php:21::testMixedCandidatePersistsAllDispositionsAndReplaysExactEvidence; tests/wordpress/MasterCatalogMixedCandidateTest.php:42::testForgedNormalizedEvidenceIsRejectedBeforePersistence	DG identity/disposition/notes preserved; 428 KEEP,37 MERGE,35 DOWNGRADE; no destructive migration.
Source_Migration_500	157	"[""DG-156"",""W2"",""Personalized Pillows"",""Boyfriend/girlfriend"",""SINGLE_PHOTO"",""DOWNGRADE"",""Preserve as an occasion/recipient overlay or test candidate; remove from the initial dedicated-listing allocation."",null,""Yes"",null,null,null,null,null,null,null,null,null,null,null,null,null,null,null,null,null]"	SOURCE_PRESERVED_LOCAL_VALIDATION	includes/POD/MasterCatalogV2MigrationContract.php:6	tests/wordpress/MasterCatalogMixedCandidateTest.php:21::testMixedCandidatePersistsAllDispositionsAndReplaysExactEvidence; tests/wordpress/MasterCatalogMixedCandidateTest.php:42::testForgedNormalizedEvidenceIsRejectedBeforePersistence	DG identity/disposition/notes preserved; 428 KEEP,37 MERGE,35 DOWNGRADE; no destructive migration.
Source_Migration_500	158	"[""DG-157"",""W2"",""Personalized Pillows"",""Wedding"",""SINGLE_PHOTO"",""KEEP"",""Retain as an active v2 listing concept."",""DG2-148"",""No"",null,null,null,null,null,null,null,null,null,null,null,null,null,null,null,null,null]"	SOURCE_PRESERVED_LOCAL_VALIDATION	includes/POD/MasterCatalogV2MigrationContract.php:6	tests/wordpress/MasterCatalogMixedCandidateTest.php:21::testMixedCandidatePersistsAllDispositionsAndReplaysExactEvidence; tests/wordpress/MasterCatalogMixedCandidateTest.php:42::testForgedNormalizedEvidenceIsRejectedBeforePersistence	DG identity/disposition/notes preserved; 428 KEEP,37 MERGE,35 DOWNGRADE; no destructive migration.
Source_Migration_500	159	"[""DG-158"",""W2"",""Personalized Pillows"",""Anniversary"",""SINGLE_PHOTO"",""KEEP"",""Retain as an active v2 listing concept."",""DG2-149"",""No"",null,null,null,null,null,null,null,null,null,null,null,null,null,null,null,null,null]"	SOURCE_PRESERVED_LOCAL_VALIDATION	includes/POD/MasterCatalogV2MigrationContract.php:6	tests/wordpress/MasterCatalogMixedCandidateTest.php:21::testMixedCandidatePersistsAllDispositionsAndReplaysExactEvidence; tests/wordpress/MasterCatalogMixedCandidateTest.php:42::testForgedNormalizedEvidenceIsRejectedBeforePersistence	DG identity/disposition/notes preserved; 428 KEEP,37 MERGE,35 DOWNGRADE; no destructive migration.
Source_Migration_500	160	"[""DG-159"",""W2"",""Personalized Pillows"",""Mom"",""SINGLE_PHOTO"",""DOWNGRADE"",""Preserve as an occasion/recipient overlay or test candidate; remove from the initial dedicated-listing allocation."",null,""Yes"",null,null,null,null,null,null,null,null,null,null,null,null,null,null,null,null,null]"	SOURCE_PRESERVED_LOCAL_VALIDATION	includes/POD/MasterCatalogV2MigrationContract.php:6	tests/wordpress/MasterCatalogMixedCandidateTest.php:21::testMixedCandidatePersistsAllDispositionsAndReplaysExactEvidence; tests/wordpress/MasterCatalogMixedCandidateTest.php:42::testForgedNormalizedEvidenceIsRejectedBeforePersistence	DG identity/disposition/notes preserved; 428 KEEP,37 MERGE,35 DOWNGRADE; no destructive migration.
Source_Migration_500	161	"[""DG-160"",""W2"",""Personalized Pillows"",""Dad"",""SINGLE_PHOTO"",""DOWNGRADE"",""Preserve as an occasion/recipient overlay or test candidate; remove from the initial dedicated-listing allocation."",null,""Yes"",null,null,null,null,null,null,null,null,null,null,null,null,null,null,null,null,null]"	SOURCE_PRESERVED_LOCAL_VALIDATION	includes/POD/MasterCatalogV2MigrationContract.php:6	tests/wordpress/MasterCatalogMixedCandidateTest.php:21::testMixedCandidatePersistsAllDispositionsAndReplaysExactEvidence; tests/wordpress/MasterCatalogMixedCandidateTest.php:42::testForgedNormalizedEvidenceIsRejectedBeforePersistence	DG identity/disposition/notes preserved; 428 KEEP,37 MERGE,35 DOWNGRADE; no destructive migration.
Source_Migration_500	162	"[""DG-161"",""W2"",""Personalized Pillows"",""Grandparents"",""SINGLE_PHOTO"",""KEEP"",""Retain as an active v2 listing concept."",""DG2-150"",""No"",null,null,null,null,null,null,null,null,null,null,null,null,null,null,null,null,null]"	SOURCE_PRESERVED_LOCAL_VALIDATION	includes/POD/MasterCatalogV2MigrationContract.php:6	tests/wordpress/MasterCatalogMixedCandidateTest.php:21::testMixedCandidatePersistsAllDispositionsAndReplaysExactEvidence; tests/wordpress/MasterCatalogMixedCandidateTest.php:42::testForgedNormalizedEvidenceIsRejectedBeforePersistence	DG identity/disposition/notes preserved; 428 KEEP,37 MERGE,35 DOWNGRADE; no destructive migration.
Source_Migration_500	163	"[""DG-162"",""W2"",""Personalized Pillows"",""Child"",""SINGLE_PHOTO"",""KEEP"",""Retain as an active v2 listing concept."",""DG2-151"",""No"",null,null,null,null,null,null,null,null,null,null,null,null,null,null,null,null,null]"	SOURCE_PRESERVED_LOCAL_VALIDATION	includes/POD/MasterCatalogV2MigrationContract.php:6	tests/wordpress/MasterCatalogMixedCandidateTest.php:21::testMixedCandidatePersistsAllDispositionsAndReplaysExactEvidence; tests/wordpress/MasterCatalogMixedCandidateTest.php:42::testForgedNormalizedEvidenceIsRejectedBeforePersistence	DG identity/disposition/notes preserved; 428 KEEP,37 MERGE,35 DOWNGRADE; no destructive migration.
Source_Migration_500	164	"[""DG-163"",""W2"",""Personalized Pillows"",""Baby"",""SINGLE_PHOTO"",""KEEP"",""Retain as an active v2 listing concept."",""DG2-152"",""No"",null,null,null,null,null,null,null,null,null,null,null,null,null,null,null,null,null]"	SOURCE_PRESERVED_LOCAL_VALIDATION	includes/POD/MasterCatalogV2MigrationContract.php:6	tests/wordpress/MasterCatalogMixedCandidateTest.php:21::testMixedCandidatePersistsAllDispositionsAndReplaysExactEvidence; tests/wordpress/MasterCatalogMixedCandidateTest.php:42::testForgedNormalizedEvidenceIsRejectedBeforePersistence	DG identity/disposition/notes preserved; 428 KEEP,37 MERGE,35 DOWNGRADE; no destructive migration.
Source_Migration_500	165	"[""DG-164"",""W2"",""Personalized Pillows"",""Family"",""SINGLE_PHOTO"",""KEEP"",""Retain as an active v2 listing concept."",""DG2-153"",""No"",null,null,null,null,null,null,null,null,null,null,null,null,null,null,null,null,null]"	SOURCE_PRESERVED_LOCAL_VALIDATION	includes/POD/MasterCatalogV2MigrationContract.php:6	tests/wordpress/MasterCatalogMixedCandidateTest.php:21::testMixedCandidatePersistsAllDispositionsAndReplaysExactEvidence; tests/wordpress/MasterCatalogMixedCandidateTest.php:42::testForgedNormalizedEvidenceIsRejectedBeforePersistence	DG identity/disposition/notes preserved; 428 KEEP,37 MERGE,35 DOWNGRADE; no destructive migration.
Source_Migration_500	166	"[""DG-165"",""W2"",""Personalized Pillows"",""Best friend"",""SINGLE_PHOTO"",""KEEP"",""Retain as an active v2 listing concept."",""DG2-154"",""No"",null,null,null,null,null,null,null,null,null,null,null,null,null,null,null,null,null]"	SOURCE_PRESERVED_LOCAL_VALIDATION	includes/POD/MasterCatalogV2MigrationContract.php:6	tests/wordpress/MasterCatalogMixedCandidateTest.php:21::testMixedCandidatePersistsAllDispositionsAndReplaysExactEvidence; tests/wordpress/MasterCatalogMixedCandidateTest.php:42::testForgedNormalizedEvidenceIsRejectedBeforePersistence	DG identity/disposition/notes preserved; 428 KEEP,37 MERGE,35 DOWNGRADE; no destructive migration.
Source_Migration_500	167	"[""DG-166"",""W2"",""Personalized Pillows"",""Memorial"",""MEMORIAL"",""KEEP"",""Retain as an active v2 listing concept."",""DG2-155"",""No"",null,null,null,null,null,null,null,null,null,null,null,null,null,null,null,null,null]"	SOURCE_PRESERVED_LOCAL_VALIDATION	includes/POD/MasterCatalogV2MigrationContract.php:6	tests/wordpress/MasterCatalogMixedCandidateTest.php:21::testMixedCandidatePersistsAllDispositionsAndReplaysExactEvidence; tests/wordpress/MasterCatalogMixedCandidateTest.php:42::testForgedNormalizedEvidenceIsRejectedBeforePersistence	DG identity/disposition/notes preserved; 428 KEEP,37 MERGE,35 DOWNGRADE; no destructive migration.
Source_Migration_500	168	"[""DG-167"",""W2"",""Personalized Pillows"",""Birthday"",""SINGLE_PHOTO"",""DOWNGRADE"",""Preserve as an occasion/recipient overlay or test candidate; remove from the initial dedicated-listing allocation."",null,""Yes"",null,null,null,null,null,null,null,null,null,null,null,null,null,null,null,null,null]"	SOURCE_PRESERVED_LOCAL_VALIDATION	includes/POD/MasterCatalogV2MigrationContract.php:6	tests/wordpress/MasterCatalogMixedCandidateTest.php:21::testMixedCandidatePersistsAllDispositionsAndReplaysExactEvidence; tests/wordpress/MasterCatalogMixedCandidateTest.php:42::testForgedNormalizedEvidenceIsRejectedBeforePersistence	DG identity/disposition/notes preserved; 428 KEEP,37 MERGE,35 DOWNGRADE; no destructive migration.
Source_Migration_500	169	"[""DG-168"",""W2"",""Personalized Pillows"",""Graduation"",""SINGLE_PHOTO"",""DOWNGRADE"",""Preserve as an occasion/recipient overlay or test candidate; remove from the initial dedicated-listing allocation."",null,""Yes"",null,null,null,null,null,null,null,null,null,null,null,null,null,null,null,null,null]"	SOURCE_PRESERVED_LOCAL_VALIDATION	includes/POD/MasterCatalogV2MigrationContract.php:6	tests/wordpress/MasterCatalogMixedCandidateTest.php:21::testMixedCandidatePersistsAllDispositionsAndReplaysExactEvidence; tests/wordpress/MasterCatalogMixedCandidateTest.php:42::testForgedNormalizedEvidenceIsRejectedBeforePersistence	DG identity/disposition/notes preserved; 428 KEEP,37 MERGE,35 DOWNGRADE; no destructive migration.
Source_Migration_500	170	"[""DG-169"",""W2"",""Personalized Pillows"",""Travel"",""SINGLE_PHOTO"",""DOWNGRADE"",""Preserve as an occasion/recipient overlay or test candidate; remove from the initial dedicated-listing allocation."",null,""Yes"",null,null,null,null,null,null,null,null,null,null,null,null,null,null,null,null,null]"	SOURCE_PRESERVED_LOCAL_VALIDATION	includes/POD/MasterCatalogV2MigrationContract.php:6	tests/wordpress/MasterCatalogMixedCandidateTest.php:21::testMixedCandidatePersistsAllDispositionsAndReplaysExactEvidence; tests/wordpress/MasterCatalogMixedCandidateTest.php:42::testForgedNormalizedEvidenceIsRejectedBeforePersistence	DG identity/disposition/notes preserved; 428 KEEP,37 MERGE,35 DOWNGRADE; no destructive migration.
Source_Migration_500	171	"[""DG-170"",""W2"",""Personalized Pillows"",""Multi-photo"",""PHOTO_COLLAGE"",""KEEP"",""Retain as an active v2 listing concept."",""DG2-156"",""No"",null,null,null,null,null,null,null,null,null,null,null,null,null,null,null,null,null]"	SOURCE_PRESERVED_LOCAL_VALIDATION	includes/POD/MasterCatalogV2MigrationContract.php:6	tests/wordpress/MasterCatalogMixedCandidateTest.php:21::testMixedCandidatePersistsAllDispositionsAndReplaysExactEvidence; tests/wordpress/MasterCatalogMixedCandidateTest.php:42::testForgedNormalizedEvidenceIsRejectedBeforePersistence	DG identity/disposition/notes preserved; 428 KEEP,37 MERGE,35 DOWNGRADE; no destructive migration.
Source_Migration_500	172	"[""DG-171"",""W2"",""Personalized Pillows"",""Handwriting"",""HANDWRITING"",""KEEP"",""Retain as an active v2 listing concept."",""DG2-157"",""No"",null,null,null,null,null,null,null,null,null,null,null,null,null,null,null,null,null]"	SOURCE_PRESERVED_LOCAL_VALIDATION	includes/POD/MasterCatalogV2MigrationContract.php:6	tests/wordpress/MasterCatalogMixedCandidateTest.php:21::testMixedCandidatePersistsAllDispositionsAndReplaysExactEvidence; tests/wordpress/MasterCatalogMixedCandidateTest.php:42::testForgedNormalizedEvidenceIsRejectedBeforePersistence	DG identity/disposition/notes preserved; 428 KEEP,37 MERGE,35 DOWNGRADE; no destructive migration.
Source_Migration_500	173	"[""DG-172"",""W2"",""Personalized Pillows"",""Child drawing"",""CHILD_ART"",""KEEP"",""Retain as an active v2 listing concept."",""DG2-158"",""No"",null,null,null,null,null,null,null,null,null,null,null,null,null,null,null,null,null]"	SOURCE_PRESERVED_LOCAL_VALIDATION	includes/POD/MasterCatalogV2MigrationContract.php:6	tests/wordpress/MasterCatalogMixedCandidateTest.php:21::testMixedCandidatePersistsAllDispositionsAndReplaysExactEvidence; tests/wordpress/MasterCatalogMixedCandidateTest.php:42::testForgedNormalizedEvidenceIsRejectedBeforePersistence	DG identity/disposition/notes preserved; 428 KEEP,37 MERGE,35 DOWNGRADE; no destructive migration.
Source_Migration_500	174	"[""DG-173"",""W2"",""Personalized Pillows"",""Line-art pet"",""LINE_ART"",""KEEP"",""Retain as an active v2 listing concept."",""DG2-159"",""No"",null,null,null,null,null,null,null,null,null,null,null,null,null,null,null,null,null]"	SOURCE_PRESERVED_LOCAL_VALIDATION	includes/POD/MasterCatalogV2MigrationContract.php:6	tests/wordpress/MasterCatalogMixedCandidateTest.php:21::testMixedCandidatePersistsAllDispositionsAndReplaysExactEvidence; tests/wordpress/MasterCatalogMixedCandidateTest.php:42::testForgedNormalizedEvidenceIsRejectedBeforePersistence	DG identity/disposition/notes preserved; 428 KEEP,37 MERGE,35 DOWNGRADE; no destructive migration.
Source_Migration_500	175	"[""DG-174"",""W2"",""Personalized Pillows"",""Watercolor pet"",""WATERCOLOR"",""KEEP"",""Retain as an active v2 listing concept."",""DG2-160"",""No"",null,null,null,null,null,null,null,null,null,null,null,null,null,null,null,null,null]"	SOURCE_PRESERVED_LOCAL_VALIDATION	includes/POD/MasterCatalogV2MigrationContract.php:6	tests/wordpress/MasterCatalogMixedCandidateTest.php:21::testMixedCandidatePersistsAllDispositionsAndReplaysExactEvidence; tests/wordpress/MasterCatalogMixedCandidateTest.php:42::testForgedNormalizedEvidenceIsRejectedBeforePersistence	DG identity/disposition/notes preserved; 428 KEEP,37 MERGE,35 DOWNGRADE; no destructive migration.
Source_Migration_500	176	"[""DG-175"",""W2"",""Personalized Pillows"",""Photo + name"",""SINGLE_PHOTO"",""KEEP"",""Retain as an active v2 listing concept."",""DG2-161"",""No"",null,null,null,null,null,null,null,null,null,null,null,null,null,null,null,null,null]"	SOURCE_PRESERVED_LOCAL_VALIDATION	includes/POD/MasterCatalogV2MigrationContract.php:6	tests/wordpress/MasterCatalogMixedCandidateTest.php:21::testMixedCandidatePersistsAllDispositionsAndReplaysExactEvidence; tests/wordpress/MasterCatalogMixedCandidateTest.php:42::testForgedNormalizedEvidenceIsRejectedBeforePersistence	DG identity/disposition/notes preserved; 428 KEEP,37 MERGE,35 DOWNGRADE; no destructive migration.
Source_Migration_500	177	"[""DG-176"",""W2"",""Personalized Phone Cases"",""Pet"",""PHOTO_COLLAGE"",""KEEP"",""Retain as an active v2 listing concept."",""DG2-162"",""No"",null,null,null,null,null,null,null,null,null,null,null,null,null,null,null,null,null]"	SOURCE_PRESERVED_LOCAL_VALIDATION	includes/POD/MasterCatalogV2MigrationContract.php:6	tests/wordpress/MasterCatalogMixedCandidateTest.php:21::testMixedCandidatePersistsAllDispositionsAndReplaysExactEvidence; tests/wordpress/MasterCatalogMixedCandidateTest.php:42::testForgedNormalizedEvidenceIsRejectedBeforePersistence	DG identity/disposition/notes preserved; 428 KEEP,37 MERGE,35 DOWNGRADE; no destructive migration.
Source_Migration_500	178	"[""DG-177"",""W2"",""Personalized Phone Cases"",""Pet + name"",""PHOTO_COLLAGE"",""KEEP"",""Retain as an active v2 listing concept."",""DG2-163"",""No"",null,null,null,null,null,null,null,null,null,null,null,null,null,null,null,null,null]"	SOURCE_PRESERVED_LOCAL_VALIDATION	includes/POD/MasterCatalogV2MigrationContract.php:6	tests/wordpress/MasterCatalogMixedCandidateTest.php:21::testMixedCandidatePersistsAllDispositionsAndReplaysExactEvidence; tests/wordpress/MasterCatalogMixedCandidateTest.php:42::testForgedNormalizedEvidenceIsRejectedBeforePersistence	DG identity/disposition/notes preserved; 428 KEEP,37 MERGE,35 DOWNGRADE; no destructive migration.
Source_Migration_500	179	"[""DG-178"",""W2"",""Personalized Phone Cases"",""Couple"",""PHOTO_COLLAGE"",""KEEP"",""Retain as an active v2 listing concept."",""DG2-164"",""No"",null,null,null,null,null,null,null,null,null,null,null,null,null,null,null,null,null]"	SOURCE_PRESERVED_LOCAL_VALIDATION	includes/POD/MasterCatalogV2MigrationContract.php:6	tests/wordpress/MasterCatalogMixedCandidateTest.php:21::testMixedCandidatePersistsAllDispositionsAndReplaysExactEvidence; tests/wordpress/MasterCatalogMixedCandidateTest.php:42::testForgedNormalizedEvidenceIsRejectedBeforePersistence	DG identity/disposition/notes preserved; 428 KEEP,37 MERGE,35 DOWNGRADE; no destructive migration.
Source_Migration_500	180	"[""DG-179"",""W2"",""Personalized Phone Cases"",""Wedding"",""PHOTO_COLLAGE"",""KEEP"",""Retain as an active v2 listing concept."",""DG2-165"",""No"",null,null,null,null,null,null,null,null,null,null,null,null,null,null,null,null,null]"	SOURCE_PRESERVED_LOCAL_VALIDATION	includes/POD/MasterCatalogV2MigrationContract.php:6	tests/wordpress/MasterCatalogMixedCandidateTest.php:21::testMixedCandidatePersistsAllDispositionsAndReplaysExactEvidence; tests/wordpress/MasterCatalogMixedCandidateTest.php:42::testForgedNormalizedEvidenceIsRejectedBeforePersistence	DG identity/disposition/notes preserved; 428 KEEP,37 MERGE,35 DOWNGRADE; no destructive migration.
Source_Migration_500	181	"[""DG-180"",""W2"",""Personalized Phone Cases"",""Family"",""PHOTO_COLLAGE"",""KEEP"",""Retain as an active v2 listing concept."",""DG2-166"",""No"",null,null,null,null,null,null,null,null,null,null,null,null,null,null,null,null,null]"	SOURCE_PRESERVED_LOCAL_VALIDATION	includes/POD/MasterCatalogV2MigrationContract.php:6	tests/wordpress/MasterCatalogMixedCandidateTest.php:21::testMixedCandidatePersistsAllDispositionsAndReplaysExactEvidence; tests/wordpress/MasterCatalogMixedCandidateTest.php:42::testForgedNormalizedEvidenceIsRejectedBeforePersistence	DG identity/disposition/notes preserved; 428 KEEP,37 MERGE,35 DOWNGRADE; no destructive migration.
Source_Migration_500	182	"[""DG-181"",""W2"",""Personalized Phone Cases"",""Baby"",""PHOTO_COLLAGE"",""KEEP"",""Retain as an active v2 listing concept."",""DG2-167"",""No"",null,null,null,null,null,null,null,null,null,null,null,null,null,null,null,null,null]"	SOURCE_PRESERVED_LOCAL_VALIDATION	includes/POD/MasterCatalogV2MigrationContract.php:6	tests/wordpress/MasterCatalogMixedCandidateTest.php:21::testMixedCandidatePersistsAllDispositionsAndReplaysExactEvidence; tests/wordpress/MasterCatalogMixedCandidateTest.php:42::testForgedNormalizedEvidenceIsRejectedBeforePersistence	DG identity/disposition/notes preserved; 428 KEEP,37 MERGE,35 DOWNGRADE; no destructive migration.
Source_Migration_500	183	"[""DG-182"",""W2"",""Personalized Phone Cases"",""Child"",""PHOTO_COLLAGE"",""KEEP"",""Retain as an active v2 listing concept."",""DG2-168"",""No"",null,null,null,null,null,null,null,null,null,null,null,null,null,null,null,null,null]"	SOURCE_PRESERVED_LOCAL_VALIDATION	includes/POD/MasterCatalogV2MigrationContract.php:6	tests/wordpress/MasterCatalogMixedCandidateTest.php:21::testMixedCandidatePersistsAllDispositionsAndReplaysExactEvidence; tests/wordpress/MasterCatalogMixedCandidateTest.php:42::testForgedNormalizedEvidenceIsRejectedBeforePersistence	DG identity/disposition/notes preserved; 428 KEEP,37 MERGE,35 DOWNGRADE; no destructive migration.
Source_Migration_500	184	"[""DG-183"",""W2"",""Personalized Phone Cases"",""Mom"",""PHOTO_COLLAGE"",""KEEP"",""Retain as an active v2 listing concept."",""DG2-169"",""No"",null,null,null,null,null,null,null,null,null,null,null,null,null,null,null,null,null]"	SOURCE_PRESERVED_LOCAL_VALIDATION	includes/POD/MasterCatalogV2MigrationContract.php:6	tests/wordpress/MasterCatalogMixedCandidateTest.php:21::testMixedCandidatePersistsAllDispositionsAndReplaysExactEvidence; tests/wordpress/MasterCatalogMixedCandidateTest.php:42::testForgedNormalizedEvidenceIsRejectedBeforePersistence	DG identity/disposition/notes preserved; 428 KEEP,37 MERGE,35 DOWNGRADE; no destructive migration.
Source_Migration_500	185	"[""DG-184"",""W2"",""Personalized Phone Cases"",""Dad"",""PHOTO_COLLAGE"",""KEEP"",""Retain as an active v2 listing concept."",""DG2-170"",""No"",null,null,null,null,null,null,null,null,null,null,null,null,null,null,null,null,null]"	SOURCE_PRESERVED_LOCAL_VALIDATION	includes/POD/MasterCatalogV2MigrationContract.php:6	tests/wordpress/MasterCatalogMixedCandidateTest.php:21::testMixedCandidatePersistsAllDispositionsAndReplaysExactEvidence; tests/wordpress/MasterCatalogMixedCandidateTest.php:42::testForgedNormalizedEvidenceIsRejectedBeforePersistence	DG identity/disposition/notes preserved; 428 KEEP,37 MERGE,35 DOWNGRADE; no destructive migration.
Source_Migration_500	186	"[""DG-185"",""W2"",""Personalized Phone Cases"",""Grandparents"",""PHOTO_COLLAGE"",""KEEP"",""Retain as an active v2 listing concept."",""DG2-171"",""No"",null,null,null,null,null,null,null,null,null,null,null,null,null,null,null,null,null]"	SOURCE_PRESERVED_LOCAL_VALIDATION	includes/POD/MasterCatalogV2MigrationContract.php:6	tests/wordpress/MasterCatalogMixedCandidateTest.php:21::testMixedCandidatePersistsAllDispositionsAndReplaysExactEvidence; tests/wordpress/MasterCatalogMixedCandidateTest.php:42::testForgedNormalizedEvidenceIsRejectedBeforePersistence	DG identity/disposition/notes preserved; 428 KEEP,37 MERGE,35 DOWNGRADE; no destructive migration.
Source_Migration_500	187	"[""DG-186"",""W2"",""Personalized Phone Cases"",""Best friend"",""PHOTO_COLLAGE"",""KEEP"",""Retain as an active v2 listing concept."",""DG2-172"",""No"",null,null,null,null,null,null,null,null,null,null,null,null,null,null,null,null,null]"	SOURCE_PRESERVED_LOCAL_VALIDATION	includes/POD/MasterCatalogV2MigrationContract.php:6	tests/wordpress/MasterCatalogMixedCandidateTest.php:21::testMixedCandidatePersistsAllDispositionsAndReplaysExactEvidence; tests/wordpress/MasterCatalogMixedCandidateTest.php:42::testForgedNormalizedEvidenceIsRejectedBeforePersistence	DG identity/disposition/notes preserved; 428 KEEP,37 MERGE,35 DOWNGRADE; no destructive migration.
Source_Migration_500	188	"[""DG-187"",""W2"",""Personalized Phone Cases"",""Memorial"",""MEMORIAL"",""KEEP"",""Retain as an active v2 listing concept."",""DG2-173"",""No"",null,null,null,null,null,null,null,null,null,null,null,null,null,null,null,null,null]"	SOURCE_PRESERVED_LOCAL_VALIDATION	includes/POD/MasterCatalogV2MigrationContract.php:6	tests/wordpress/MasterCatalogMixedCandidateTest.php:21::testMixedCandidatePersistsAllDispositionsAndReplaysExactEvidence; tests/wordpress/MasterCatalogMixedCandidateTest.php:42::testForgedNormalizedEvidenceIsRejectedBeforePersistence	DG identity/disposition/notes preserved; 428 KEEP,37 MERGE,35 DOWNGRADE; no destructive migration.
Source_Migration_500	189	"[""DG-188"",""W2"",""Personalized Phone Cases"",""Travel"",""PHOTO_COLLAGE"",""KEEP"",""Retain as an active v2 listing concept."",""DG2-174"",""No"",null,null,null,null,null,null,null,null,null,null,null,null,null,null,null,null,null]"	SOURCE_PRESERVED_LOCAL_VALIDATION	includes/POD/MasterCatalogV2MigrationContract.php:6	tests/wordpress/MasterCatalogMixedCandidateTest.php:21::testMixedCandidatePersistsAllDispositionsAndReplaysExactEvidence; tests/wordpress/MasterCatalogMixedCandidateTest.php:42::testForgedNormalizedEvidenceIsRejectedBeforePersistence	DG identity/disposition/notes preserved; 428 KEEP,37 MERGE,35 DOWNGRADE; no destructive migration.
Source_Migration_500	190	"[""DG-189"",""W2"",""Personalized Phone Cases"",""Collage"",""PHOTO_COLLAGE"",""KEEP"",""Retain as an active v2 listing concept."",""DG2-175"",""No"",null,null,null,null,null,null,null,null,null,null,null,null,null,null,null,null,null]"	SOURCE_PRESERVED_LOCAL_VALIDATION	includes/POD/MasterCatalogV2MigrationContract.php:6	tests/wordpress/MasterCatalogMixedCandidateTest.php:21::testMixedCandidatePersistsAllDispositionsAndReplaysExactEvidence; tests/wordpress/MasterCatalogMixedCandidateTest.php:42::testForgedNormalizedEvidenceIsRejectedBeforePersistence	DG identity/disposition/notes preserved; 428 KEEP,37 MERGE,35 DOWNGRADE; no destructive migration.
Source_Migration_500	191	"[""DG-190"",""W2"",""Personalized Phone Cases"",""Initials"",""NAME_MONOGRAM"",""KEEP"",""Retain as an active v2 listing concept."",""DG2-176"",""No"",null,null,null,null,null,null,null,null,null,null,null,null,null,null,null,null,null]"	SOURCE_PRESERVED_LOCAL_VALIDATION	includes/POD/MasterCatalogV2MigrationContract.php:6	tests/wordpress/MasterCatalogMixedCandidateTest.php:21::testMixedCandidatePersistsAllDispositionsAndReplaysExactEvidence; tests/wordpress/MasterCatalogMixedCandidateTest.php:42::testForgedNormalizedEvidenceIsRejectedBeforePersistence	DG identity/disposition/notes preserved; 428 KEEP,37 MERGE,35 DOWNGRADE; no destructive migration.
Source_Migration_500	192	"[""DG-191"",""W2"",""Personalized Phone Cases"",""Monogram"",""NAME_MONOGRAM"",""KEEP"",""Retain as an active v2 listing concept."",""DG2-177"",""No"",null,null,null,null,null,null,null,null,null,null,null,null,null,null,null,null,null]"	SOURCE_PRESERVED_LOCAL_VALIDATION	includes/POD/MasterCatalogV2MigrationContract.php:6	tests/wordpress/MasterCatalogMixedCandidateTest.php:21::testMixedCandidatePersistsAllDispositionsAndReplaysExactEvidence; tests/wordpress/MasterCatalogMixedCandidateTest.php:42::testForgedNormalizedEvidenceIsRejectedBeforePersistence	DG identity/disposition/notes preserved; 428 KEEP,37 MERGE,35 DOWNGRADE; no destructive migration.
Source_Migration_500	193	"[""DG-192"",""W2"",""Personalized Phone Cases"",""Name pattern"",""NAME_MONOGRAM"",""KEEP"",""Retain as an active v2 listing concept."",""DG2-178"",""No"",null,null,null,null,null,null,null,null,null,null,null,null,null,null,null,null,null]"	SOURCE_PRESERVED_LOCAL_VALIDATION	includes/POD/MasterCatalogV2MigrationContract.php:6	tests/wordpress/MasterCatalogMixedCandidateTest.php:21::testMixedCandidatePersistsAllDispositionsAndReplaysExactEvidence; tests/wordpress/MasterCatalogMixedCandidateTest.php:42::testForgedNormalizedEvidenceIsRejectedBeforePersistence	DG identity/disposition/notes preserved; 428 KEEP,37 MERGE,35 DOWNGRADE; no destructive migration.
Source_Migration_500	194	"[""DG-193"",""W2"",""Personalized Phone Cases"",""Handwriting"",""HANDWRITING"",""KEEP"",""Retain as an active v2 listing concept."",""DG2-179"",""No"",null,null,null,null,null,null,null,null,null,null,null,null,null,null,null,null,null]"	SOURCE_PRESERVED_LOCAL_VALIDATION	includes/POD/MasterCatalogV2MigrationContract.php:6	tests/wordpress/MasterCatalogMixedCandidateTest.php:21::testMixedCandidatePersistsAllDispositionsAndReplaysExactEvidence; tests/wordpress/MasterCatalogMixedCandidateTest.php:42::testForgedNormalizedEvidenceIsRejectedBeforePersistence	DG identity/disposition/notes preserved; 428 KEEP,37 MERGE,35 DOWNGRADE; no destructive migration.
Source_Migration_500	195	"[""DG-194"",""W2"",""Personalized Phone Cases"",""Child drawing"",""CHILD_ART"",""KEEP"",""Retain as an active v2 listing concept."",""DG2-180"",""No"",null,null,null,null,null,null,null,null,null,null,null,null,null,null,null,null,null]"	SOURCE_PRESERVED_LOCAL_VALIDATION	includes/POD/MasterCatalogV2MigrationContract.php:6	tests/wordpress/MasterCatalogMixedCandidateTest.php:21::testMixedCandidatePersistsAllDispositionsAndReplaysExactEvidence; tests/wordpress/MasterCatalogMixedCandidateTest.php:42::testForgedNormalizedEvidenceIsRejectedBeforePersistence	DG identity/disposition/notes preserved; 428 KEEP,37 MERGE,35 DOWNGRADE; no destructive migration.
Source_Migration_500	196	"[""DG-195"",""W2"",""Personalized Phone Cases"",""Birth flower + name"",""PHOTO_COLLAGE"",""KEEP"",""Retain as an active v2 listing concept."",""DG2-181"",""No"",null,null,null,null,null,null,null,null,null,null,null,null,null,null,null,null,null]"	SOURCE_PRESERVED_LOCAL_VALIDATION	includes/POD/MasterCatalogV2MigrationContract.php:6	tests/wordpress/MasterCatalogMixedCandidateTest.php:21::testMixedCandidatePersistsAllDispositionsAndReplaysExactEvidence; tests/wordpress/MasterCatalogMixedCandidateTest.php:42::testForgedNormalizedEvidenceIsRejectedBeforePersistence	DG identity/disposition/notes preserved; 428 KEEP,37 MERGE,35 DOWNGRADE; no destructive migration.
Source_Migration_500	197	"[""DG-196"",""W2"",""Personalized Phone Cases"",""Photo strip"",""PHOTO_COLLAGE"",""KEEP"",""Retain as an active v2 listing concept."",""DG2-182"",""No"",null,null,null,null,null,null,null,null,null,null,null,null,null,null,null,null,null]"	SOURCE_PRESERVED_LOCAL_VALIDATION	includes/POD/MasterCatalogV2MigrationContract.php:6	tests/wordpress/MasterCatalogMixedCandidateTest.php:21::testMixedCandidatePersistsAllDispositionsAndReplaysExactEvidence; tests/wordpress/MasterCatalogMixedCandidateTest.php:42::testForgedNormalizedEvidenceIsRejectedBeforePersistence	DG identity/disposition/notes preserved; 428 KEEP,37 MERGE,35 DOWNGRADE; no destructive migration.
Source_Migration_500	198	"[""DG-197"",""W2"",""Personalized Phone Cases"",""Retro collage"",""PHOTO_COLLAGE"",""KEEP"",""Retain as an active v2 listing concept."",""DG2-183"",""No"",null,null,null,null,null,null,null,null,null,null,null,null,null,null,null,null,null]"	SOURCE_PRESERVED_LOCAL_VALIDATION	includes/POD/MasterCatalogV2MigrationContract.php:6	tests/wordpress/MasterCatalogMixedCandidateTest.php:21::testMixedCandidatePersistsAllDispositionsAndReplaysExactEvidence; tests/wordpress/MasterCatalogMixedCandidateTest.php:42::testForgedNormalizedEvidenceIsRejectedBeforePersistence	DG identity/disposition/notes preserved; 428 KEEP,37 MERGE,35 DOWNGRADE; no destructive migration.
Source_Migration_500	199	"[""DG-198"",""W2"",""Personalized Phone Cases"",""Watercolor pet"",""WATERCOLOR"",""KEEP"",""Retain as an active v2 listing concept."",""DG2-184"",""No"",null,null,null,null,null,null,null,null,null,null,null,null,null,null,null,null,null]"	SOURCE_PRESERVED_LOCAL_VALIDATION	includes/POD/MasterCatalogV2MigrationContract.php:6	tests/wordpress/MasterCatalogMixedCandidateTest.php:21::testMixedCandidatePersistsAllDispositionsAndReplaysExactEvidence; tests/wordpress/MasterCatalogMixedCandidateTest.php:42::testForgedNormalizedEvidenceIsRejectedBeforePersistence	DG identity/disposition/notes preserved; 428 KEEP,37 MERGE,35 DOWNGRADE; no destructive migration.
Source_Migration_500	200	"[""DG-199"",""W2"",""Personalized Phone Cases"",""Line-art portrait"",""LINE_ART"",""KEEP"",""Retain as an active v2 listing concept."",""DG2-185"",""No"",null,null,null,null,null,null,null,null,null,null,null,null,null,null,null,null,null]"	SOURCE_PRESERVED_LOCAL_VALIDATION	includes/POD/MasterCatalogV2MigrationContract.php:6	tests/wordpress/MasterCatalogMixedCandidateTest.php:21::testMixedCandidatePersistsAllDispositionsAndReplaysExactEvidence; tests/wordpress/MasterCatalogMixedCandidateTest.php:42::testForgedNormalizedEvidenceIsRejectedBeforePersistence	DG identity/disposition/notes preserved; 428 KEEP,37 MERGE,35 DOWNGRADE; no destructive migration.
Source_Migration_500	201	"[""DG-200"",""W2"",""Personalized Phone Cases"",""Custom photo"",""PHOTO_COLLAGE"",""KEEP"",""Retain as an active v2 listing concept."",""DG2-186"",""No"",null,null,null,null,null,null,null,null,null,null,null,null,null,null,null,null,null]"	SOURCE_PRESERVED_LOCAL_VALIDATION	includes/POD/MasterCatalogV2MigrationContract.php:6	tests/wordpress/MasterCatalogMixedCandidateTest.php:21::testMixedCandidatePersistsAllDispositionsAndReplaysExactEvidence; tests/wordpress/MasterCatalogMixedCandidateTest.php:42::testForgedNormalizedEvidenceIsRejectedBeforePersistence	DG identity/disposition/notes preserved; 428 KEEP,37 MERGE,35 DOWNGRADE; no destructive migration.
Source_Migration_500	202	"[""DG-201"",""W2"",""Personalized Tote Bags"",""Pet portrait"",""PET_PORTRAIT"",""KEEP"",""Retain as an active v2 listing concept."",""DG2-187"",""No"",null,null,null,null,null,null,null,null,null,null,null,null,null,null,null,null,null]"	SOURCE_PRESERVED_LOCAL_VALIDATION	includes/POD/MasterCatalogV2MigrationContract.php:6	tests/wordpress/MasterCatalogMixedCandidateTest.php:21::testMixedCandidatePersistsAllDispositionsAndReplaysExactEvidence; tests/wordpress/MasterCatalogMixedCandidateTest.php:42::testForgedNormalizedEvidenceIsRejectedBeforePersistence	DG identity/disposition/notes preserved; 428 KEEP,37 MERGE,35 DOWNGRADE; no destructive migration.
Source_Migration_500	203	"[""DG-202"",""W2"",""Personalized Tote Bags"",""Dog mom"",""PET_PORTRAIT"",""DOWNGRADE"",""Preserve as an occasion/recipient overlay or test candidate; remove from the initial dedicated-listing allocation."",null,""Yes"",null,null,null,null,null,null,null,null,null,null,null,null,null,null,null,null,null]"	SOURCE_PRESERVED_LOCAL_VALIDATION	includes/POD/MasterCatalogV2MigrationContract.php:6	tests/wordpress/MasterCatalogMixedCandidateTest.php:21::testMixedCandidatePersistsAllDispositionsAndReplaysExactEvidence; tests/wordpress/MasterCatalogMixedCandidateTest.php:42::testForgedNormalizedEvidenceIsRejectedBeforePersistence	DG identity/disposition/notes preserved; 428 KEEP,37 MERGE,35 DOWNGRADE; no destructive migration.
Source_Migration_500	204	"[""DG-203"",""W2"",""Personalized Tote Bags"",""Cat mom"",""PET_PORTRAIT"",""DOWNGRADE"",""Preserve as an occasion/recipient overlay or test candidate; remove from the initial dedicated-listing allocation."",null,""Yes"",null,null,null,null,null,null,null,null,null,null,null,null,null,null,null,null,null]"	SOURCE_PRESERVED_LOCAL_VALIDATION	includes/POD/MasterCatalogV2MigrationContract.php:6	tests/wordpress/MasterCatalogMixedCandidateTest.php:21::testMixedCandidatePersistsAllDispositionsAndReplaysExactEvidence; tests/wordpress/MasterCatalogMixedCandidateTest.php:42::testForgedNormalizedEvidenceIsRejectedBeforePersistence	DG identity/disposition/notes preserved; 428 KEEP,37 MERGE,35 DOWNGRADE; no destructive migration.
Source_Migration_500	205	"[""DG-204"",""W2"",""Personalized Tote Bags"",""Dog dad"",""PET_PORTRAIT"",""DOWNGRADE"",""Preserve as an occasion/recipient overlay or test candidate; remove from the initial dedicated-listing allocation."",null,""Yes"",null,null,null,null,null,null,null,null,null,null,null,null,null,null,null,null,null]"	SOURCE_PRESERVED_LOCAL_VALIDATION	includes/POD/MasterCatalogV2MigrationContract.php:6	tests/wordpress/MasterCatalogMixedCandidateTest.php:21::testMixedCandidatePersistsAllDispositionsAndReplaysExactEvidence; tests/wordpress/MasterCatalogMixedCandidateTest.php:42::testForgedNormalizedEvidenceIsRejectedBeforePersistence	DG identity/disposition/notes preserved; 428 KEEP,37 MERGE,35 DOWNGRADE; no destructive migration.
Source_Migration_500	206	"[""DG-205"",""W2"",""Personalized Tote Bags"",""Pet name"",""PET_PORTRAIT"",""KEEP"",""Retain as an active v2 listing concept."",""DG2-188"",""No"",null,null,null,null,null,null,null,null,null,null,null,null,null,null,null,null,null]"	SOURCE_PRESERVED_LOCAL_VALIDATION	includes/POD/MasterCatalogV2MigrationContract.php:6	tests/wordpress/MasterCatalogMixedCandidateTest.php:21::testMixedCandidatePersistsAllDispositionsAndReplaysExactEvidence; tests/wordpress/MasterCatalogMixedCandidateTest.php:42::testForgedNormalizedEvidenceIsRejectedBeforePersistence	DG identity/disposition/notes preserved; 428 KEEP,37 MERGE,35 DOWNGRADE; no destructive migration.
Source_Migration_500	207	"[""DG-206"",""W2"",""Personalized Tote Bags"",""Multi-pet"",""PET_PORTRAIT"",""KEEP"",""Retain as an active v2 listing concept."",""DG2-189"",""No"",null,null,null,null,null,null,null,null,null,null,null,null,null,null,null,null,null]"	SOURCE_PRESERVED_LOCAL_VALIDATION	includes/POD/MasterCatalogV2MigrationContract.php:6	tests/wordpress/MasterCatalogMixedCandidateTest.php:21::testMixedCandidatePersistsAllDispositionsAndReplaysExactEvidence; tests/wordpress/MasterCatalogMixedCandidateTest.php:42::testForgedNormalizedEvidenceIsRejectedBeforePersistence	DG identity/disposition/notes preserved; 428 KEEP,37 MERGE,35 DOWNGRADE; no destructive migration.
Source_Migration_500	208	"[""DG-207"",""W2"",""Personalized Tote Bags"",""Pet memorial"",""MEMORIAL"",""KEEP"",""Retain as an active v2 listing concept."",""DG2-190"",""No"",null,null,null,null,null,null,null,null,null,null,null,null,null,null,null,null,null]"	SOURCE_PRESERVED_LOCAL_VALIDATION	includes/POD/MasterCatalogV2MigrationContract.php:6	tests/wordpress/MasterCatalogMixedCandidateTest.php:21::testMixedCandidatePersistsAllDispositionsAndReplaysExactEvidence; tests/wordpress/MasterCatalogMixedCandidateTest.php:42::testForgedNormalizedEvidenceIsRejectedBeforePersistence	DG identity/disposition/notes preserved; 428 KEEP,37 MERGE,35 DOWNGRADE; no destructive migration.
Source_Migration_500	209	"[""DG-208"",""W2"",""Personalized Tote Bags"",""Human photo"",""PET_PORTRAIT"",""KEEP"",""Retain as an active v2 listing concept."",""DG2-191"",""No"",null,null,null,null,null,null,null,null,null,null,null,null,null,null,null,null,null]"	SOURCE_PRESERVED_LOCAL_VALIDATION	includes/POD/MasterCatalogV2MigrationContract.php:6	tests/wordpress/MasterCatalogMixedCandidateTest.php:21::testMixedCandidatePersistsAllDispositionsAndReplaysExactEvidence; tests/wordpress/MasterCatalogMixedCandidateTest.php:42::testForgedNormalizedEvidenceIsRejectedBeforePersistence	DG identity/disposition/notes preserved; 428 KEEP,37 MERGE,35 DOWNGRADE; no destructive migration.
Source_Migration_500	210	"[""DG-209"",""W2"",""Personalized Tote Bags"",""Family"",""PET_PORTRAIT"",""KEEP"",""Retain as an active v2 listing concept."",""DG2-192"",""No"",null,null,null,null,null,null,null,null,null,null,null,null,null,null,null,null,null]"	SOURCE_PRESERVED_LOCAL_VALIDATION	includes/POD/MasterCatalogV2MigrationContract.php:6	tests/wordpress/MasterCatalogMixedCandidateTest.php:21::testMixedCandidatePersistsAllDispositionsAndReplaysExactEvidence; tests/wordpress/MasterCatalogMixedCandidateTest.php:42::testForgedNormalizedEvidenceIsRejectedBeforePersistence	DG identity/disposition/notes preserved; 428 KEEP,37 MERGE,35 DOWNGRADE; no destructive migration.
Source_Migration_500	211	"[""DG-210"",""W2"",""Personalized Tote Bags"",""Mom"",""PET_PORTRAIT"",""DOWNGRADE"",""Preserve as an occasion/recipient overlay or test candidate; remove from the initial dedicated-listing allocation."",null,""Yes"",null,null,null,null,null,null,null,null,null,null,null,null,null,null,null,null,null]"	SOURCE_PRESERVED_LOCAL_VALIDATION	includes/POD/MasterCatalogV2MigrationContract.php:6	tests/wordpress/MasterCatalogMixedCandidateTest.php:21::testMixedCandidatePersistsAllDispositionsAndReplaysExactEvidence; tests/wordpress/MasterCatalogMixedCandidateTest.php:42::testForgedNormalizedEvidenceIsRejectedBeforePersistence	DG identity/disposition/notes preserved; 428 KEEP,37 MERGE,35 DOWNGRADE; no destructive migration.
Source_Migration_500	212	"[""DG-211"",""W2"",""Personalized Tote Bags"",""Grandma"",""PET_PORTRAIT"",""DOWNGRADE"",""Preserve as an occasion/recipient overlay or test candidate; remove from the initial dedicated-listing allocation."",null,""Yes"",null,null,null,null,null,null,null,null,null,null,null,null,null,null,null,null,null]"	SOURCE_PRESERVED_LOCAL_VALIDATION	includes/POD/MasterCatalogV2MigrationContract.php:6	tests/wordpress/MasterCatalogMixedCandidateTest.php:21::testMixedCandidatePersistsAllDispositionsAndReplaysExactEvidence; tests/wordpress/MasterCatalogMixedCandidateTest.php:42::testForgedNormalizedEvidenceIsRejectedBeforePersistence	DG identity/disposition/notes preserved; 428 KEEP,37 MERGE,35 DOWNGRADE; no destructive migration.
Source_Migration_500	213	"[""DG-212"",""W2"",""Personalized Tote Bags"",""Teacher"",""PET_PORTRAIT"",""KEEP"",""Retain as an active v2 listing concept."",""DG2-193"",""No"",null,null,null,null,null,null,null,null,null,null,null,null,null,null,null,null,null]"	SOURCE_PRESERVED_LOCAL_VALIDATION	includes/POD/MasterCatalogV2MigrationContract.php:6	tests/wordpress/MasterCatalogMixedCandidateTest.php:21::testMixedCandidatePersistsAllDispositionsAndReplaysExactEvidence; tests/wordpress/MasterCatalogMixedCandidateTest.php:42::testForgedNormalizedEvidenceIsRejectedBeforePersistence	DG identity/disposition/notes preserved; 428 KEEP,37 MERGE,35 DOWNGRADE; no destructive migration.
Source_Migration_500	214	"[""DG-213"",""W2"",""Personalized Tote Bags"",""Bridesmaid"",""PET_PORTRAIT"",""KEEP"",""Retain as an active v2 listing concept."",""DG2-194"",""No"",null,null,null,null,null,null,null,null,null,null,null,null,null,null,null,null,null]"	SOURCE_PRESERVED_LOCAL_VALIDATION	includes/POD/MasterCatalogV2MigrationContract.php:6	tests/wordpress/MasterCatalogMixedCandidateTest.php:21::testMixedCandidatePersistsAllDispositionsAndReplaysExactEvidence; tests/wordpress/MasterCatalogMixedCandidateTest.php:42::testForgedNormalizedEvidenceIsRejectedBeforePersistence	DG identity/disposition/notes preserved; 428 KEEP,37 MERGE,35 DOWNGRADE; no destructive migration.
Source_Migration_500	215	"[""DG-214"",""W2"",""Personalized Tote Bags"",""Bride"",""PET_PORTRAIT"",""KEEP"",""Retain as an active v2 listing concept."",""DG2-195"",""No"",null,null,null,null,null,null,null,null,null,null,null,null,null,null,null,null,null]"	SOURCE_PRESERVED_LOCAL_VALIDATION	includes/POD/MasterCatalogV2MigrationContract.php:6	tests/wordpress/MasterCatalogMixedCandidateTest.php:21::testMixedCandidatePersistsAllDispositionsAndReplaysExactEvidence; tests/wordpress/MasterCatalogMixedCandidateTest.php:42::testForgedNormalizedEvidenceIsRejectedBeforePersistence	DG identity/disposition/notes preserved; 428 KEEP,37 MERGE,35 DOWNGRADE; no destructive migration.
Source_Migration_500	216	"[""DG-215"",""W2"",""Personalized Tote Bags"",""Wedding"",""PET_PORTRAIT"",""KEEP"",""Retain as an active v2 listing concept."",""DG2-196"",""No"",null,null,null,null,null,null,null,null,null,null,null,null,null,null,null,null,null]"	SOURCE_PRESERVED_LOCAL_VALIDATION	includes/POD/MasterCatalogV2MigrationContract.php:6	tests/wordpress/MasterCatalogMixedCandidateTest.php:21::testMixedCandidatePersistsAllDispositionsAndReplaysExactEvidence; tests/wordpress/MasterCatalogMixedCandidateTest.php:42::testForgedNormalizedEvidenceIsRejectedBeforePersistence	DG identity/disposition/notes preserved; 428 KEEP,37 MERGE,35 DOWNGRADE; no destructive migration.
Source_Migration_500	217	"[""DG-216"",""W2"",""Personalized Tote Bags"",""Best friend"",""PET_PORTRAIT"",""KEEP"",""Retain as an active v2 listing concept."",""DG2-197"",""No"",null,null,null,null,null,null,null,null,null,null,null,null,null,null,null,null,null]"	SOURCE_PRESERVED_LOCAL_VALIDATION	includes/POD/MasterCatalogV2MigrationContract.php:6	tests/wordpress/MasterCatalogMixedCandidateTest.php:21::testMixedCandidatePersistsAllDispositionsAndReplaysExactEvidence; tests/wordpress/MasterCatalogMixedCandidateTest.php:42::testForgedNormalizedEvidenceIsRejectedBeforePersistence	DG identity/disposition/notes preserved; 428 KEEP,37 MERGE,35 DOWNGRADE; no destructive migration.
Source_Migration_500	218	"[""DG-217"",""W2"",""Personalized Tote Bags"",""Baby"",""PET_PORTRAIT"",""DOWNGRADE"",""Preserve as an occasion/recipient overlay or test candidate; remove from the initial dedicated-listing allocation."",null,""Yes"",null,null,null,null,null,null,null,null,null,null,null,null,null,null,null,null,null]"	SOURCE_PRESERVED_LOCAL_VALIDATION	includes/POD/MasterCatalogV2MigrationContract.php:6	tests/wordpress/MasterCatalogMixedCandidateTest.php:21::testMixedCandidatePersistsAllDispositionsAndReplaysExactEvidence; tests/wordpress/MasterCatalogMixedCandidateTest.php:42::testForgedNormalizedEvidenceIsRejectedBeforePersistence	DG identity/disposition/notes preserved; 428 KEEP,37 MERGE,35 DOWNGRADE; no destructive migration.
Source_Migration_500	219	"[""DG-218"",""W2"",""Personalized Tote Bags"",""Child artwork"",""CHILD_ART"",""KEEP"",""Retain as an active v2 listing concept."",""DG2-198"",""No"",null,null,null,null,null,null,null,null,null,null,null,null,null,null,null,null,null]"	SOURCE_PRESERVED_LOCAL_VALIDATION	includes/POD/MasterCatalogV2MigrationContract.php:6	tests/wordpress/MasterCatalogMixedCandidateTest.php:21::testMixedCandidatePersistsAllDispositionsAndReplaysExactEvidence; tests/wordpress/MasterCatalogMixedCandidateTest.php:42::testForgedNormalizedEvidenceIsRejectedBeforePersistence	DG identity/disposition/notes preserved; 428 KEEP,37 MERGE,35 DOWNGRADE; no destructive migration.
Source_Migration_500	220	"[""DG-219"",""W2"",""Personalized Tote Bags"",""Handwriting"",""HANDWRITING"",""KEEP"",""Retain as an active v2 listing concept."",""DG2-199"",""No"",null,null,null,null,null,null,null,null,null,null,null,null,null,null,null,null,null]"	SOURCE_PRESERVED_LOCAL_VALIDATION	includes/POD/MasterCatalogV2MigrationContract.php:6	tests/wordpress/MasterCatalogMixedCandidateTest.php:21::testMixedCandidatePersistsAllDispositionsAndReplaysExactEvidence; tests/wordpress/MasterCatalogMixedCandidateTest.php:42::testForgedNormalizedEvidenceIsRejectedBeforePersistence	DG identity/disposition/notes preserved; 428 KEEP,37 MERGE,35 DOWNGRADE; no destructive migration.
Source_Migration_500	221	"[""DG-220"",""W2"",""Personalized Tote Bags"",""Book-lover name"",""PET_PORTRAIT"",""KEEP"",""Retain as an active v2 listing concept."",""DG2-200"",""No"",null,null,null,null,null,null,null,null,null,null,null,null,null,null,null,null,null]"	SOURCE_PRESERVED_LOCAL_VALIDATION	includes/POD/MasterCatalogV2MigrationContract.php:6	tests/wordpress/MasterCatalogMixedCandidateTest.php:21::testMixedCandidatePersistsAllDispositionsAndReplaysExactEvidence; tests/wordpress/MasterCatalogMixedCandidateTest.php:42::testForgedNormalizedEvidenceIsRejectedBeforePersistence	DG identity/disposition/notes preserved; 428 KEEP,37 MERGE,35 DOWNGRADE; no destructive migration.
Source_Migration_500	222	"[""DG-221"",""W2"",""Personalized Tote Bags"",""Travel"",""PET_PORTRAIT"",""KEEP"",""Retain as an active v2 listing concept."",""DG2-201"",""No"",null,null,null,null,null,null,null,null,null,null,null,null,null,null,null,null,null]"	SOURCE_PRESERVED_LOCAL_VALIDATION	includes/POD/MasterCatalogV2MigrationContract.php:6	tests/wordpress/MasterCatalogMixedCandidateTest.php:21::testMixedCandidatePersistsAllDispositionsAndReplaysExactEvidence; tests/wordpress/MasterCatalogMixedCandidateTest.php:42::testForgedNormalizedEvidenceIsRejectedBeforePersistence	DG identity/disposition/notes preserved; 428 KEEP,37 MERGE,35 DOWNGRADE; no destructive migration.
Source_Migration_500	223	"[""DG-222"",""W2"",""Personalized Tote Bags"",""Graduation"",""PET_PORTRAIT"",""DOWNGRADE"",""Preserve as an occasion/recipient overlay or test candidate; remove from the initial dedicated-listing allocation."",null,""Yes"",null,null,null,null,null,null,null,null,null,null,null,null,null,null,null,null,null]"	SOURCE_PRESERVED_LOCAL_VALIDATION	includes/POD/MasterCatalogV2MigrationContract.php:6	tests/wordpress/MasterCatalogMixedCandidateTest.php:21::testMixedCandidatePersistsAllDispositionsAndReplaysExactEvidence; tests/wordpress/MasterCatalogMixedCandidateTest.php:42::testForgedNormalizedEvidenceIsRejectedBeforePersistence	DG identity/disposition/notes preserved; 428 KEEP,37 MERGE,35 DOWNGRADE; no destructive migration.
Source_Migration_500	224	"[""DG-223"",""W2"",""Personalized Tote Bags"",""Photo collage"",""PHOTO_COLLAGE"",""KEEP"",""Retain as an active v2 listing concept."",""DG2-202"",""No"",null,null,null,null,null,null,null,null,null,null,null,null,null,null,null,null,null]"	SOURCE_PRESERVED_LOCAL_VALIDATION	includes/POD/MasterCatalogV2MigrationContract.php:6	tests/wordpress/MasterCatalogMixedCandidateTest.php:21::testMixedCandidatePersistsAllDispositionsAndReplaysExactEvidence; tests/wordpress/MasterCatalogMixedCandidateTest.php:42::testForgedNormalizedEvidenceIsRejectedBeforePersistence	DG identity/disposition/notes preserved; 428 KEEP,37 MERGE,35 DOWNGRADE; no destructive migration.
Source_Migration_500	225	"[""DG-224"",""W2"",""Personalized Tote Bags"",""Line-art pet"",""LINE_ART"",""KEEP"",""Retain as an active v2 listing concept."",""DG2-203"",""No"",null,null,null,null,null,null,null,null,null,null,null,null,null,null,null,null,null]"	SOURCE_PRESERVED_LOCAL_VALIDATION	includes/POD/MasterCatalogV2MigrationContract.php:6	tests/wordpress/MasterCatalogMixedCandidateTest.php:21::testMixedCandidatePersistsAllDispositionsAndReplaysExactEvidence; tests/wordpress/MasterCatalogMixedCandidateTest.php:42::testForgedNormalizedEvidenceIsRejectedBeforePersistence	DG identity/disposition/notes preserved; 428 KEEP,37 MERGE,35 DOWNGRADE; no destructive migration.
Source_Migration_500	226	"[""DG-225"",""W2"",""Personalized Tote Bags"",""Photo + text"",""PET_PORTRAIT"",""KEEP"",""Retain as an active v2 listing concept."",""DG2-204"",""No"",null,null,null,null,null,null,null,null,null,null,null,null,null,null,null,null,null]"	SOURCE_PRESERVED_LOCAL_VALIDATION	includes/POD/MasterCatalogV2MigrationContract.php:6	tests/wordpress/MasterCatalogMixedCandidateTest.php:21::testMixedCandidatePersistsAllDispositionsAndReplaysExactEvidence; tests/wordpress/MasterCatalogMixedCandidateTest.php:42::testForgedNormalizedEvidenceIsRejectedBeforePersistence	DG identity/disposition/notes preserved; 428 KEEP,37 MERGE,35 DOWNGRADE; no destructive migration.
Source_Migration_500	227	"[""DG-226"",""W3"",""Personalized Ornaments"",""Pet"",""PHOTO_TEXT"",""KEEP"",""Retain as an active v2 listing concept."",""DG2-205"",""No"",null,null,null,null,null,null,null,null,null,null,null,null,null,null,null,null,null]"	SOURCE_PRESERVED_LOCAL_VALIDATION	includes/POD/MasterCatalogV2MigrationContract.php:6	tests/wordpress/MasterCatalogMixedCandidateTest.php:21::testMixedCandidatePersistsAllDispositionsAndReplaysExactEvidence; tests/wordpress/MasterCatalogMixedCandidateTest.php:42::testForgedNormalizedEvidenceIsRejectedBeforePersistence	DG identity/disposition/notes preserved; 428 KEEP,37 MERGE,35 DOWNGRADE; no destructive migration.
Source_Migration_500	228	"[""DG-227"",""W3"",""Personalized Ornaments"",""Pet memorial"",""MEMORIAL"",""KEEP"",""Retain as an active v2 listing concept."",""DG2-206"",""No"",null,null,null,null,null,null,null,null,null,null,null,null,null,null,null,null,null]"	SOURCE_PRESERVED_LOCAL_VALIDATION	includes/POD/MasterCatalogV2MigrationContract.php:6	tests/wordpress/MasterCatalogMixedCandidateTest.php:21::testMixedCandidatePersistsAllDispositionsAndReplaysExactEvidence; tests/wordpress/MasterCatalogMixedCandidateTest.php:42::testForgedNormalizedEvidenceIsRejectedBeforePersistence	DG identity/disposition/notes preserved; 428 KEEP,37 MERGE,35 DOWNGRADE; no destructive migration.
Source_Migration_500	229	"[""DG-228"",""W3"",""Personalized Ornaments"",""Family"",""PHOTO_TEXT"",""KEEP"",""Retain as an active v2 listing concept."",""DG2-207"",""No"",null,null,null,null,null,null,null,null,null,null,null,null,null,null,null,null,null]"	SOURCE_PRESERVED_LOCAL_VALIDATION	includes/POD/MasterCatalogV2MigrationContract.php:6	tests/wordpress/MasterCatalogMixedCandidateTest.php:21::testMixedCandidatePersistsAllDispositionsAndReplaysExactEvidence; tests/wordpress/MasterCatalogMixedCandidateTest.php:42::testForgedNormalizedEvidenceIsRejectedBeforePersistence	DG identity/disposition/notes preserved; 428 KEEP,37 MERGE,35 DOWNGRADE; no destructive migration.
Source_Migration_500	230	"[""DG-229"",""W3"",""Personalized Ornaments"",""Couple"",""PHOTO_TEXT"",""KEEP"",""Retain as an active v2 listing concept."",""DG2-208"",""No"",null,null,null,null,null,null,null,null,null,null,null,null,null,null,null,null,null]"	SOURCE_PRESERVED_LOCAL_VALIDATION	includes/POD/MasterCatalogV2MigrationContract.php:6	tests/wordpress/MasterCatalogMixedCandidateTest.php:21::testMixedCandidatePersistsAllDispositionsAndReplaysExactEvidence; tests/wordpress/MasterCatalogMixedCandidateTest.php:42::testForgedNormalizedEvidenceIsRejectedBeforePersistence	DG identity/disposition/notes preserved; 428 KEEP,37 MERGE,35 DOWNGRADE; no destructive migration.
Source_Migration_500	231	"[""DG-230"",""W3"",""Personalized Ornaments"",""First Christmas married"",""PHOTO_TEXT"",""KEEP"",""Retain as an active v2 listing concept."",""DG2-209"",""No"",null,null,null,null,null,null,null,null,null,null,null,null,null,null,null,null,null]"	SOURCE_PRESERVED_LOCAL_VALIDATION	includes/POD/MasterCatalogV2MigrationContract.php:6	tests/wordpress/MasterCatalogMixedCandidateTest.php:21::testMixedCandidatePersistsAllDispositionsAndReplaysExactEvidence; tests/wordpress/MasterCatalogMixedCandidateTest.php:42::testForgedNormalizedEvidenceIsRejectedBeforePersistence	DG identity/disposition/notes preserved; 428 KEEP,37 MERGE,35 DOWNGRADE; no destructive migration.
Source_Migration_500	232	"[""DG-231"",""W3"",""Personalized Ornaments"",""Engagement"",""PHOTO_TEXT"",""KEEP"",""Retain as an active v2 listing concept."",""DG2-210"",""No"",null,null,null,null,null,null,null,null,null,null,null,null,null,null,null,null,null]"	SOURCE_PRESERVED_LOCAL_VALIDATION	includes/POD/MasterCatalogV2MigrationContract.php:6	tests/wordpress/MasterCatalogMixedCandidateTest.php:21::testMixedCandidatePersistsAllDispositionsAndReplaysExactEvidence; tests/wordpress/MasterCatalogMixedCandidateTest.php:42::testForgedNormalizedEvidenceIsRejectedBeforePersistence	DG identity/disposition/notes preserved; 428 KEEP,37 MERGE,35 DOWNGRADE; no destructive migration.
Source_Migration_500	233	"[""DG-232"",""W3"",""Personalized Ornaments"",""Wedding"",""PHOTO_TEXT"",""KEEP"",""Retain as an active v2 listing concept."",""DG2-211"",""No"",null,null,null,null,null,null,null,null,null,null,null,null,null,null,null,null,null]"	SOURCE_PRESERVED_LOCAL_VALIDATION	includes/POD/MasterCatalogV2MigrationContract.php:6	tests/wordpress/MasterCatalogMixedCandidateTest.php:21::testMixedCandidatePersistsAllDispositionsAndReplaysExactEvidence; tests/wordpress/MasterCatalogMixedCandidateTest.php:42::testForgedNormalizedEvidenceIsRejectedBeforePersistence	DG identity/disposition/notes preserved; 428 KEEP,37 MERGE,35 DOWNGRADE; no destructive migration.
Source_Migration_500	234	"[""DG-233"",""W3"",""Personalized Ornaments"",""New home"",""PHOTO_TEXT"",""KEEP"",""Retain as an active v2 listing concept."",""DG2-212"",""No"",null,null,null,null,null,null,null,null,null,null,null,null,null,null,null,null,null]"	SOURCE_PRESERVED_LOCAL_VALIDATION	includes/POD/MasterCatalogV2MigrationContract.php:6	tests/wordpress/MasterCatalogMixedCandidateTest.php:21::testMixedCandidatePersistsAllDispositionsAndReplaysExactEvidence; tests/wordpress/MasterCatalogMixedCandidateTest.php:42::testForgedNormalizedEvidenceIsRejectedBeforePersistence	DG identity/disposition/notes preserved; 428 KEEP,37 MERGE,35 DOWNGRADE; no destructive migration.
Source_Migration_500	235	"[""DG-234"",""W3"",""Personalized Ornaments"",""New baby"",""PHOTO_TEXT"",""KEEP"",""Retain as an active v2 listing concept."",""DG2-213"",""No"",null,null,null,null,null,null,null,null,null,null,null,null,null,null,null,null,null]"	SOURCE_PRESERVED_LOCAL_VALIDATION	includes/POD/MasterCatalogV2MigrationContract.php:6	tests/wordpress/MasterCatalogMixedCandidateTest.php:21::testMixedCandidatePersistsAllDispositionsAndReplaysExactEvidence; tests/wordpress/MasterCatalogMixedCandidateTest.php:42::testForgedNormalizedEvidenceIsRejectedBeforePersistence	DG identity/disposition/notes preserved; 428 KEEP,37 MERGE,35 DOWNGRADE; no destructive migration.
Source_Migration_500	236	"[""DG-235"",""W3"",""Personalized Ornaments"",""Baby first Christmas"",""PHOTO_TEXT"",""KEEP"",""Retain as an active v2 listing concept."",""DG2-214"",""No"",null,null,null,null,null,null,null,null,null,null,null,null,null,null,null,null,null]"	SOURCE_PRESERVED_LOCAL_VALIDATION	includes/POD/MasterCatalogV2MigrationContract.php:6	tests/wordpress/MasterCatalogMixedCandidateTest.php:21::testMixedCandidatePersistsAllDispositionsAndReplaysExactEvidence; tests/wordpress/MasterCatalogMixedCandidateTest.php:42::testForgedNormalizedEvidenceIsRejectedBeforePersistence	DG identity/disposition/notes preserved; 428 KEEP,37 MERGE,35 DOWNGRADE; no destructive migration.
Source_Migration_500	237	"[""DG-236"",""W3"",""Personalized Ornaments"",""Pregnancy announcement"",""PHOTO_TEXT"",""KEEP"",""Retain as an active v2 listing concept."",""DG2-215"",""No"",null,null,null,null,null,null,null,null,null,null,null,null,null,null,null,null,null]"	SOURCE_PRESERVED_LOCAL_VALIDATION	includes/POD/MasterCatalogV2MigrationContract.php:6	tests/wordpress/MasterCatalogMixedCandidateTest.php:21::testMixedCandidatePersistsAllDispositionsAndReplaysExactEvidence; tests/wordpress/MasterCatalogMixedCandidateTest.php:42::testForgedNormalizedEvidenceIsRejectedBeforePersistence	DG identity/disposition/notes preserved; 428 KEEP,37 MERGE,35 DOWNGRADE; no destructive migration.
Source_Migration_500	238	"[""DG-237"",""W3"",""Personalized Ornaments"",""Mom"",""PHOTO_TEXT"",""KEEP"",""Retain as an active v2 listing concept."",""DG2-216"",""No"",null,null,null,null,null,null,null,null,null,null,null,null,null,null,null,null,null]"	SOURCE_PRESERVED_LOCAL_VALIDATION	includes/POD/MasterCatalogV2MigrationContract.php:6	tests/wordpress/MasterCatalogMixedCandidateTest.php:21::testMixedCandidatePersistsAllDispositionsAndReplaysExactEvidence; tests/wordpress/MasterCatalogMixedCandidateTest.php:42::testForgedNormalizedEvidenceIsRejectedBeforePersistence	DG identity/disposition/notes preserved; 428 KEEP,37 MERGE,35 DOWNGRADE; no destructive migration.
Source_Migration_500	239	"[""DG-238"",""W3"",""Personalized Ornaments"",""Dad"",""PHOTO_TEXT"",""KEEP"",""Retain as an active v2 listing concept."",""DG2-217"",""No"",null,null,null,null,null,null,null,null,null,null,null,null,null,null,null,null,null]"	SOURCE_PRESERVED_LOCAL_VALIDATION	includes/POD/MasterCatalogV2MigrationContract.php:6	tests/wordpress/MasterCatalogMixedCandidateTest.php:21::testMixedCandidatePersistsAllDispositionsAndReplaysExactEvidence; tests/wordpress/MasterCatalogMixedCandidateTest.php:42::testForgedNormalizedEvidenceIsRejectedBeforePersistence	DG identity/disposition/notes preserved; 428 KEEP,37 MERGE,35 DOWNGRADE; no destructive migration.
Source_Migration_500	240	"[""DG-239"",""W3"",""Personalized Ornaments"",""Grandparents"",""PHOTO_TEXT"",""KEEP"",""Retain as an active v2 listing concept."",""DG2-218"",""No"",null,null,null,null,null,null,null,null,null,null,null,null,null,null,null,null,null]"	SOURCE_PRESERVED_LOCAL_VALIDATION	includes/POD/MasterCatalogV2MigrationContract.php:6	tests/wordpress/MasterCatalogMixedCandidateTest.php:21::testMixedCandidatePersistsAllDispositionsAndReplaysExactEvidence; tests/wordpress/MasterCatalogMixedCandidateTest.php:42::testForgedNormalizedEvidenceIsRejectedBeforePersistence	DG identity/disposition/notes preserved; 428 KEEP,37 MERGE,35 DOWNGRADE; no destructive migration.
Source_Migration_500	241	"[""DG-240"",""W3"",""Personalized Ornaments"",""Memorial"",""MEMORIAL"",""KEEP"",""Retain as an active v2 listing concept."",""DG2-219"",""No"",null,null,null,null,null,null,null,null,null,null,null,null,null,null,null,null,null]"	SOURCE_PRESERVED_LOCAL_VALIDATION	includes/POD/MasterCatalogV2MigrationContract.php:6	tests/wordpress/MasterCatalogMixedCandidateTest.php:21::testMixedCandidatePersistsAllDispositionsAndReplaysExactEvidence; tests/wordpress/MasterCatalogMixedCandidateTest.php:42::testForgedNormalizedEvidenceIsRejectedBeforePersistence	DG identity/disposition/notes preserved; 428 KEEP,37 MERGE,35 DOWNGRADE; no destructive migration.
Source_Migration_500	242	"[""DG-241"",""W3"",""Personalized Ornaments"",""Graduation"",""PHOTO_TEXT"",""KEEP"",""Retain as an active v2 listing concept."",""DG2-220"",""No"",null,null,null,null,null,null,null,null,null,null,null,null,null,null,null,null,null]"	SOURCE_PRESERVED_LOCAL_VALIDATION	includes/POD/MasterCatalogV2MigrationContract.php:6	tests/wordpress/MasterCatalogMixedCandidateTest.php:21::testMixedCandidatePersistsAllDispositionsAndReplaysExactEvidence; tests/wordpress/MasterCatalogMixedCandidateTest.php:42::testForgedNormalizedEvidenceIsRejectedBeforePersistence	DG identity/disposition/notes preserved; 428 KEEP,37 MERGE,35 DOWNGRADE; no destructive migration.
Source_Migration_500	243	"[""DG-242"",""W3"",""Personalized Ornaments"",""Travel"",""PHOTO_TEXT"",""KEEP"",""Retain as an active v2 listing concept."",""DG2-221"",""No"",null,null,null,null,null,null,null,null,null,null,null,null,null,null,null,null,null]"	SOURCE_PRESERVED_LOCAL_VALIDATION	includes/POD/MasterCatalogV2MigrationContract.php:6	tests/wordpress/MasterCatalogMixedCandidateTest.php:21::testMixedCandidatePersistsAllDispositionsAndReplaysExactEvidence; tests/wordpress/MasterCatalogMixedCandidateTest.php:42::testForgedNormalizedEvidenceIsRejectedBeforePersistence	DG identity/disposition/notes preserved; 428 KEEP,37 MERGE,35 DOWNGRADE; no destructive migration.
Source_Migration_500	244	"[""DG-243"",""W3"",""Personalized Ornaments"",""First home"",""PHOTO_TEXT"",""KEEP"",""Retain as an active v2 listing concept."",""DG2-222"",""No"",null,null,null,null,null,null,null,null,null,null,null,null,null,null,null,null,null]"	SOURCE_PRESERVED_LOCAL_VALIDATION	includes/POD/MasterCatalogV2MigrationContract.php:6	tests/wordpress/MasterCatalogMixedCandidateTest.php:21::testMixedCandidatePersistsAllDispositionsAndReplaysExactEvidence; tests/wordpress/MasterCatalogMixedCandidateTest.php:42::testForgedNormalizedEvidenceIsRejectedBeforePersistence	DG identity/disposition/notes preserved; 428 KEEP,37 MERGE,35 DOWNGRADE; no destructive migration.
Source_Migration_500	245	"[""DG-244"",""W3"",""Personalized Ornaments"",""Family reunion"",""PHOTO_TEXT"",""KEEP"",""Retain as an active v2 listing concept."",""DG2-223"",""No"",null,null,null,null,null,null,null,null,null,null,null,null,null,null,null,null,null]"	SOURCE_PRESERVED_LOCAL_VALIDATION	includes/POD/MasterCatalogV2MigrationContract.php:6	tests/wordpress/MasterCatalogMixedCandidateTest.php:21::testMixedCandidatePersistsAllDispositionsAndReplaysExactEvidence; tests/wordpress/MasterCatalogMixedCandidateTest.php:42::testForgedNormalizedEvidenceIsRejectedBeforePersistence	DG identity/disposition/notes preserved; 428 KEEP,37 MERGE,35 DOWNGRADE; no destructive migration.
Source_Migration_500	246	"[""DG-245"",""W3"",""Personalized Ornaments"",""Friendship"",""PHOTO_TEXT"",""KEEP"",""Retain as an active v2 listing concept."",""DG2-224"",""No"",null,null,null,null,null,null,null,null,null,null,null,null,null,null,null,null,null]"	SOURCE_PRESERVED_LOCAL_VALIDATION	includes/POD/MasterCatalogV2MigrationContract.php:6	tests/wordpress/MasterCatalogMixedCandidateTest.php:21::testMixedCandidatePersistsAllDispositionsAndReplaysExactEvidence; tests/wordpress/MasterCatalogMixedCandidateTest.php:42::testForgedNormalizedEvidenceIsRejectedBeforePersistence	DG identity/disposition/notes preserved; 428 KEEP,37 MERGE,35 DOWNGRADE; no destructive migration.
Source_Migration_500	247	"[""DG-246"",""W3"",""Personalized Ornaments"",""Child artwork"",""CHILD_ART"",""KEEP"",""Retain as an active v2 listing concept."",""DG2-225"",""No"",null,null,null,null,null,null,null,null,null,null,null,null,null,null,null,null,null]"	SOURCE_PRESERVED_LOCAL_VALIDATION	includes/POD/MasterCatalogV2MigrationContract.php:6	tests/wordpress/MasterCatalogMixedCandidateTest.php:21::testMixedCandidatePersistsAllDispositionsAndReplaysExactEvidence; tests/wordpress/MasterCatalogMixedCandidateTest.php:42::testForgedNormalizedEvidenceIsRejectedBeforePersistence	DG identity/disposition/notes preserved; 428 KEEP,37 MERGE,35 DOWNGRADE; no destructive migration.
Source_Migration_500	248	"[""DG-247"",""W3"",""Personalized Ornaments"",""Handwriting"",""HANDWRITING"",""KEEP"",""Retain as an active v2 listing concept."",""DG2-226"",""No"",null,null,null,null,null,null,null,null,null,null,null,null,null,null,null,null,null]"	SOURCE_PRESERVED_LOCAL_VALIDATION	includes/POD/MasterCatalogV2MigrationContract.php:6	tests/wordpress/MasterCatalogMixedCandidateTest.php:21::testMixedCandidatePersistsAllDispositionsAndReplaysExactEvidence; tests/wordpress/MasterCatalogMixedCandidateTest.php:42::testForgedNormalizedEvidenceIsRejectedBeforePersistence	DG identity/disposition/notes preserved; 428 KEEP,37 MERGE,35 DOWNGRADE; no destructive migration.
Source_Migration_500	249	"[""DG-248"",""W3"",""Personalized Ornaments"",""Annual family photo"",""PHOTO_TEXT"",""KEEP"",""Retain as an active v2 listing concept."",""DG2-227"",""No"",null,null,null,null,null,null,null,null,null,null,null,null,null,null,null,null,null]"	SOURCE_PRESERVED_LOCAL_VALIDATION	includes/POD/MasterCatalogV2MigrationContract.php:6	tests/wordpress/MasterCatalogMixedCandidateTest.php:21::testMixedCandidatePersistsAllDispositionsAndReplaysExactEvidence; tests/wordpress/MasterCatalogMixedCandidateTest.php:42::testForgedNormalizedEvidenceIsRejectedBeforePersistence	DG identity/disposition/notes preserved; 428 KEEP,37 MERGE,35 DOWNGRADE; no destructive migration.
Source_Migration_500	250	"[""DG-249"",""W3"",""Personalized Ornaments"",""Anniversary"",""PHOTO_TEXT"",""KEEP"",""Retain as an active v2 listing concept."",""DG2-228"",""No"",null,null,null,null,null,null,null,null,null,null,null,null,null,null,null,null,null]"	SOURCE_PRESERVED_LOCAL_VALIDATION	includes/POD/MasterCatalogV2MigrationContract.php:6	tests/wordpress/MasterCatalogMixedCandidateTest.php:21::testMixedCandidatePersistsAllDispositionsAndReplaysExactEvidence; tests/wordpress/MasterCatalogMixedCandidateTest.php:42::testForgedNormalizedEvidenceIsRejectedBeforePersistence	DG identity/disposition/notes preserved; 428 KEEP,37 MERGE,35 DOWNGRADE; no destructive migration.
Source_Migration_500	251	"[""DG-250"",""W3"",""Personalized Ornaments"",""Photo/date"",""PHOTO_TEXT"",""KEEP"",""Retain as an active v2 listing concept."",""DG2-229"",""No"",null,null,null,null,null,null,null,null,null,null,null,null,null,null,null,null,null]"	SOURCE_PRESERVED_LOCAL_VALIDATION	includes/POD/MasterCatalogV2MigrationContract.php:6	tests/wordpress/MasterCatalogMixedCandidateTest.php:21::testMixedCandidatePersistsAllDispositionsAndReplaysExactEvidence; tests/wordpress/MasterCatalogMixedCandidateTest.php:42::testForgedNormalizedEvidenceIsRejectedBeforePersistence	DG identity/disposition/notes preserved; 428 KEEP,37 MERGE,35 DOWNGRADE; no destructive migration.
Source_Migration_500	252	"[""DG-251"",""W3"",""Personalized Posters"",""Pet portrait"",""WATERCOLOR"",""KEEP"",""Retain as an active v2 listing concept."",""DG2-230"",""No"",null,null,null,null,null,null,null,null,null,null,null,null,null,null,null,null,null]"	SOURCE_PRESERVED_LOCAL_VALIDATION	includes/POD/MasterCatalogV2MigrationContract.php:6	tests/wordpress/MasterCatalogMixedCandidateTest.php:21::testMixedCandidatePersistsAllDispositionsAndReplaysExactEvidence; tests/wordpress/MasterCatalogMixedCandidateTest.php:42::testForgedNormalizedEvidenceIsRejectedBeforePersistence	DG identity/disposition/notes preserved; 428 KEEP,37 MERGE,35 DOWNGRADE; no destructive migration.
Source_Migration_500	253	"[""DG-252"",""W3"",""Personalized Posters"",""Watercolor pet"",""WATERCOLOR"",""KEEP"",""Retain as an active v2 listing concept."",""DG2-231"",""No"",null,null,null,null,null,null,null,null,null,null,null,null,null,null,null,null,null]"	SOURCE_PRESERVED_LOCAL_VALIDATION	includes/POD/MasterCatalogV2MigrationContract.php:6	tests/wordpress/MasterCatalogMixedCandidateTest.php:21::testMixedCandidatePersistsAllDispositionsAndReplaysExactEvidence; tests/wordpress/MasterCatalogMixedCandidateTest.php:42::testForgedNormalizedEvidenceIsRejectedBeforePersistence	DG identity/disposition/notes preserved; 428 KEEP,37 MERGE,35 DOWNGRADE; no destructive migration.
Source_Migration_500	254	"[""DG-253"",""W3"",""Personalized Posters"",""Line-art pet"",""LINE_ART"",""KEEP"",""Retain as an active v2 listing concept."",""DG2-232"",""No"",null,null,null,null,null,null,null,null,null,null,null,null,null,null,null,null,null]"	SOURCE_PRESERVED_LOCAL_VALIDATION	includes/POD/MasterCatalogV2MigrationContract.php:6	tests/wordpress/MasterCatalogMixedCandidateTest.php:21::testMixedCandidatePersistsAllDispositionsAndReplaysExactEvidence; tests/wordpress/MasterCatalogMixedCandidateTest.php:42::testForgedNormalizedEvidenceIsRejectedBeforePersistence	DG identity/disposition/notes preserved; 428 KEEP,37 MERGE,35 DOWNGRADE; no destructive migration.
Source_Migration_500	255	"[""DG-254"",""W3"",""Personalized Posters"",""Family portrait"",""WATERCOLOR"",""KEEP"",""Retain as an active v2 listing concept."",""DG2-233"",""No"",null,null,null,null,null,null,null,null,null,null,null,null,null,null,null,null,null]"	SOURCE_PRESERVED_LOCAL_VALIDATION	includes/POD/MasterCatalogV2MigrationContract.php:6	tests/wordpress/MasterCatalogMixedCandidateTest.php:21::testMixedCandidatePersistsAllDispositionsAndReplaysExactEvidence; tests/wordpress/MasterCatalogMixedCandidateTest.php:42::testForgedNormalizedEvidenceIsRejectedBeforePersistence	DG identity/disposition/notes preserved; 428 KEEP,37 MERGE,35 DOWNGRADE; no destructive migration.
Source_Migration_500	256	"[""DG-255"",""W3"",""Personalized Posters"",""Couple"",""WATERCOLOR"",""KEEP"",""Retain as an active v2 listing concept."",""DG2-234"",""No"",null,null,null,null,null,null,null,null,null,null,null,null,null,null,null,null,null]"	SOURCE_PRESERVED_LOCAL_VALIDATION	includes/POD/MasterCatalogV2MigrationContract.php:6	tests/wordpress/MasterCatalogMixedCandidateTest.php:21::testMixedCandidatePersistsAllDispositionsAndReplaysExactEvidence; tests/wordpress/MasterCatalogMixedCandidateTest.php:42::testForgedNormalizedEvidenceIsRejectedBeforePersistence	DG identity/disposition/notes preserved; 428 KEEP,37 MERGE,35 DOWNGRADE; no destructive migration.
Source_Migration_500	257	"[""DG-256"",""W3"",""Personalized Posters"",""Wedding"",""WATERCOLOR"",""KEEP"",""Retain as an active v2 listing concept."",""DG2-235"",""No"",null,null,null,null,null,null,null,null,null,null,null,null,null,null,null,null,null]"	SOURCE_PRESERVED_LOCAL_VALIDATION	includes/POD/MasterCatalogV2MigrationContract.php:6	tests/wordpress/MasterCatalogMixedCandidateTest.php:21::testMixedCandidatePersistsAllDispositionsAndReplaysExactEvidence; tests/wordpress/MasterCatalogMixedCandidateTest.php:42::testForgedNormalizedEvidenceIsRejectedBeforePersistence	DG identity/disposition/notes preserved; 428 KEEP,37 MERGE,35 DOWNGRADE; no destructive migration.
Source_Migration_500	258	"[""DG-257"",""W3"",""Personalized Posters"",""Anniversary"",""WATERCOLOR"",""KEEP"",""Retain as an active v2 listing concept."",""DG2-236"",""No"",null,null,null,null,null,null,null,null,null,null,null,null,null,null,null,null,null]"	SOURCE_PRESERVED_LOCAL_VALIDATION	includes/POD/MasterCatalogV2MigrationContract.php:6	tests/wordpress/MasterCatalogMixedCandidateTest.php:21::testMixedCandidatePersistsAllDispositionsAndReplaysExactEvidence; tests/wordpress/MasterCatalogMixedCandidateTest.php:42::testForgedNormalizedEvidenceIsRejectedBeforePersistence	DG identity/disposition/notes preserved; 428 KEEP,37 MERGE,35 DOWNGRADE; no destructive migration.
Source_Migration_500	259	"[""DG-258"",""W3"",""Personalized Posters"",""Memorial"",""MEMORIAL"",""KEEP"",""Retain as an active v2 listing concept."",""DG2-237"",""No"",null,null,null,null,null,null,null,null,null,null,null,null,null,null,null,null,null]"	SOURCE_PRESERVED_LOCAL_VALIDATION	includes/POD/MasterCatalogV2MigrationContract.php:6	tests/wordpress/MasterCatalogMixedCandidateTest.php:21::testMixedCandidatePersistsAllDispositionsAndReplaysExactEvidence; tests/wordpress/MasterCatalogMixedCandidateTest.php:42::testForgedNormalizedEvidenceIsRejectedBeforePersistence	DG identity/disposition/notes preserved; 428 KEEP,37 MERGE,35 DOWNGRADE; no destructive migration.
Source_Migration_500	260	"[""DG-259"",""W3"",""Personalized Posters"",""Baby birth stats"",""WATERCOLOR"",""KEEP"",""Retain as an active v2 listing concept."",""DG2-238"",""No"",null,null,null,null,null,null,null,null,null,null,null,null,null,null,null,null,null]"	SOURCE_PRESERVED_LOCAL_VALIDATION	includes/POD/MasterCatalogV2MigrationContract.php:6	tests/wordpress/MasterCatalogMixedCandidateTest.php:21::testMixedCandidatePersistsAllDispositionsAndReplaysExactEvidence; tests/wordpress/MasterCatalogMixedCandidateTest.php:42::testForgedNormalizedEvidenceIsRejectedBeforePersistence	DG identity/disposition/notes preserved; 428 KEEP,37 MERGE,35 DOWNGRADE; no destructive migration.
Source_Migration_500	261	"[""DG-260"",""W3"",""Personalized Posters"",""Family tree"",""WATERCOLOR"",""KEEP"",""Retain as an active v2 listing concept."",""DG2-239"",""No"",null,null,null,null,null,null,null,null,null,null,null,null,null,null,null,null,null]"	SOURCE_PRESERVED_LOCAL_VALIDATION	includes/POD/MasterCatalogV2MigrationContract.php:6	tests/wordpress/MasterCatalogMixedCandidateTest.php:21::testMixedCandidatePersistsAllDispositionsAndReplaysExactEvidence; tests/wordpress/MasterCatalogMixedCandidateTest.php:42::testForgedNormalizedEvidenceIsRejectedBeforePersistence	DG identity/disposition/notes preserved; 428 KEEP,37 MERGE,35 DOWNGRADE; no destructive migration.
Source_Migration_500	262	"[""DG-261"",""W3"",""Personalized Posters"",""Grandparents"",""WATERCOLOR"",""KEEP"",""Retain as an active v2 listing concept."",""DG2-240"",""No"",null,null,null,null,null,null,null,null,null,null,null,null,null,null,null,null,null]"	SOURCE_PRESERVED_LOCAL_VALIDATION	includes/POD/MasterCatalogV2MigrationContract.php:6	tests/wordpress/MasterCatalogMixedCandidateTest.php:21::testMixedCandidatePersistsAllDispositionsAndReplaysExactEvidence; tests/wordpress/MasterCatalogMixedCandidateTest.php:42::testForgedNormalizedEvidenceIsRejectedBeforePersistence	DG identity/disposition/notes preserved; 428 KEEP,37 MERGE,35 DOWNGRADE; no destructive migration.
Source_Migration_500	263	"[""DG-262"",""W3"",""Personalized Posters"",""Mom"",""WATERCOLOR"",""KEEP"",""Retain as an active v2 listing concept."",""DG2-241"",""No"",null,null,null,null,null,null,null,null,null,null,null,null,null,null,null,null,null]"	SOURCE_PRESERVED_LOCAL_VALIDATION	includes/POD/MasterCatalogV2MigrationContract.php:6	tests/wordpress/MasterCatalogMixedCandidateTest.php:21::testMixedCandidatePersistsAllDispositionsAndReplaysExactEvidence; tests/wordpress/MasterCatalogMixedCandidateTest.php:42::testForgedNormalizedEvidenceIsRejectedBeforePersistence	DG identity/disposition/notes preserved; 428 KEEP,37 MERGE,35 DOWNGRADE; no destructive migration.
Source_Migration_500	264	"[""DG-263"",""W3"",""Personalized Posters"",""Dad"",""WATERCOLOR"",""KEEP"",""Retain as an active v2 listing concept."",""DG2-242"",""No"",null,null,null,null,null,null,null,null,null,null,null,null,null,null,null,null,null]"	SOURCE_PRESERVED_LOCAL_VALIDATION	includes/POD/MasterCatalogV2MigrationContract.php:6	tests/wordpress/MasterCatalogMixedCandidateTest.php:21::testMixedCandidatePersistsAllDispositionsAndReplaysExactEvidence; tests/wordpress/MasterCatalogMixedCandidateTest.php:42::testForgedNormalizedEvidenceIsRejectedBeforePersistence	DG identity/disposition/notes preserved; 428 KEEP,37 MERGE,35 DOWNGRADE; no destructive migration.
Source_Migration_500	265	"[""DG-264"",""W3"",""Personalized Posters"",""House portrait"",""WATERCOLOR"",""KEEP"",""Retain as an active v2 listing concept."",""DG2-243"",""No"",null,null,null,null,null,null,null,null,null,null,null,null,null,null,null,null,null]"	SOURCE_PRESERVED_LOCAL_VALIDATION	includes/POD/MasterCatalogV2MigrationContract.php:6	tests/wordpress/MasterCatalogMixedCandidateTest.php:21::testMixedCandidatePersistsAllDispositionsAndReplaysExactEvidence; tests/wordpress/MasterCatalogMixedCandidateTest.php:42::testForgedNormalizedEvidenceIsRejectedBeforePersistence	DG identity/disposition/notes preserved; 428 KEEP,37 MERGE,35 DOWNGRADE; no destructive migration.
Source_Migration_500	266	"[""DG-265"",""W3"",""Personalized Posters"",""Travel photo"",""WATERCOLOR"",""KEEP"",""Retain as an active v2 listing concept."",""DG2-244"",""No"",null,null,null,null,null,null,null,null,null,null,null,null,null,null,null,null,null]"	SOURCE_PRESERVED_LOCAL_VALIDATION	includes/POD/MasterCatalogV2MigrationContract.php:6	tests/wordpress/MasterCatalogMixedCandidateTest.php:21::testMixedCandidatePersistsAllDispositionsAndReplaysExactEvidence; tests/wordpress/MasterCatalogMixedCandidateTest.php:42::testForgedNormalizedEvidenceIsRejectedBeforePersistence	DG identity/disposition/notes preserved; 428 KEEP,37 MERGE,35 DOWNGRADE; no destructive migration.
Source_Migration_500	267	"[""DG-266"",""W3"",""Personalized Posters"",""Graduation"",""WATERCOLOR"",""KEEP"",""Retain as an active v2 listing concept."",""DG2-245"",""No"",null,null,null,null,null,null,null,null,null,null,null,null,null,null,null,null,null]"	SOURCE_PRESERVED_LOCAL_VALIDATION	includes/POD/MasterCatalogV2MigrationContract.php:6	tests/wordpress/MasterCatalogMixedCandidateTest.php:21::testMixedCandidatePersistsAllDispositionsAndReplaysExactEvidence; tests/wordpress/MasterCatalogMixedCandidateTest.php:42::testForgedNormalizedEvidenceIsRejectedBeforePersistence	DG identity/disposition/notes preserved; 428 KEEP,37 MERGE,35 DOWNGRADE; no destructive migration.
Source_Migration_500	268	"[""DG-267"",""W3"",""Personalized Posters"",""Birthday"",""WATERCOLOR"",""DOWNGRADE"",""Preserve as an occasion/recipient overlay or test candidate; remove from the initial dedicated-listing allocation."",null,""Yes"",null,null,null,null,null,null,null,null,null,null,null,null,null,null,null,null,null]"	SOURCE_PRESERVED_LOCAL_VALIDATION	includes/POD/MasterCatalogV2MigrationContract.php:6	tests/wordpress/MasterCatalogMixedCandidateTest.php:21::testMixedCandidatePersistsAllDispositionsAndReplaysExactEvidence; tests/wordpress/MasterCatalogMixedCandidateTest.php:42::testForgedNormalizedEvidenceIsRejectedBeforePersistence	DG identity/disposition/notes preserved; 428 KEEP,37 MERGE,35 DOWNGRADE; no destructive migration.
Source_Migration_500	269	"[""DG-268"",""W3"",""Personalized Posters"",""Friendship"",""WATERCOLOR"",""DOWNGRADE"",""Preserve as an occasion/recipient overlay or test candidate; remove from the initial dedicated-listing allocation."",null,""Yes"",null,null,null,null,null,null,null,null,null,null,null,null,null,null,null,null,null]"	SOURCE_PRESERVED_LOCAL_VALIDATION	includes/POD/MasterCatalogV2MigrationContract.php:6	tests/wordpress/MasterCatalogMixedCandidateTest.php:21::testMixedCandidatePersistsAllDispositionsAndReplaysExactEvidence; tests/wordpress/MasterCatalogMixedCandidateTest.php:42::testForgedNormalizedEvidenceIsRejectedBeforePersistence	DG identity/disposition/notes preserved; 428 KEEP,37 MERGE,35 DOWNGRADE; no destructive migration.
Source_Migration_500	270	"[""DG-269"",""W3"",""Personalized Posters"",""Quote + photo"",""WATERCOLOR"",""KEEP"",""Retain as an active v2 listing concept."",""DG2-246"",""No"",null,null,null,null,null,null,null,null,null,null,null,null,null,null,null,null,null]"	SOURCE_PRESERVED_LOCAL_VALIDATION	includes/POD/MasterCatalogV2MigrationContract.php:6	tests/wordpress/MasterCatalogMixedCandidateTest.php:21::testMixedCandidatePersistsAllDispositionsAndReplaysExactEvidence; tests/wordpress/MasterCatalogMixedCandidateTest.php:42::testForgedNormalizedEvidenceIsRejectedBeforePersistence	DG identity/disposition/notes preserved; 428 KEEP,37 MERGE,35 DOWNGRADE; no destructive migration.
Source_Migration_500	271	"[""DG-270"",""W3"",""Personalized Posters"",""Handwriting"",""HANDWRITING"",""KEEP"",""Retain as an active v2 listing concept."",""DG2-247"",""No"",null,null,null,null,null,null,null,null,null,null,null,null,null,null,null,null,null]"	SOURCE_PRESERVED_LOCAL_VALIDATION	includes/POD/MasterCatalogV2MigrationContract.php:6	tests/wordpress/MasterCatalogMixedCandidateTest.php:21::testMixedCandidatePersistsAllDispositionsAndReplaysExactEvidence; tests/wordpress/MasterCatalogMixedCandidateTest.php:42::testForgedNormalizedEvidenceIsRejectedBeforePersistence	DG identity/disposition/notes preserved; 428 KEEP,37 MERGE,35 DOWNGRADE; no destructive migration.
Source_Migration_500	272	"[""DG-271"",""W3"",""Personalized Posters"",""Child artwork"",""CHILD_ART"",""KEEP"",""Retain as an active v2 listing concept."",""DG2-248"",""No"",null,null,null,null,null,null,null,null,null,null,null,null,null,null,null,null,null]"	SOURCE_PRESERVED_LOCAL_VALIDATION	includes/POD/MasterCatalogV2MigrationContract.php:6	tests/wordpress/MasterCatalogMixedCandidateTest.php:21::testMixedCandidatePersistsAllDispositionsAndReplaysExactEvidence; tests/wordpress/MasterCatalogMixedCandidateTest.php:42::testForgedNormalizedEvidenceIsRejectedBeforePersistence	DG identity/disposition/notes preserved; 428 KEEP,37 MERGE,35 DOWNGRADE; no destructive migration.
Source_Migration_500	273	"[""DG-272"",""W3"",""Personalized Posters"",""Photo collage"",""PHOTO_COLLAGE"",""KEEP"",""Retain as an active v2 listing concept."",""DG2-249"",""No"",null,null,null,null,null,null,null,null,null,null,null,null,null,null,null,null,null]"	SOURCE_PRESERVED_LOCAL_VALIDATION	includes/POD/MasterCatalogV2MigrationContract.php:6	tests/wordpress/MasterCatalogMixedCandidateTest.php:21::testMixedCandidatePersistsAllDispositionsAndReplaysExactEvidence; tests/wordpress/MasterCatalogMixedCandidateTest.php:42::testForgedNormalizedEvidenceIsRejectedBeforePersistence	DG identity/disposition/notes preserved; 428 KEEP,37 MERGE,35 DOWNGRADE; no destructive migration.
Source_Migration_500	274	"[""DG-273"",""W3"",""Personalized Posters"",""Anniversary story"",""WATERCOLOR"",""KEEP"",""Retain as an active v2 listing concept."",""DG2-250"",""No"",null,null,null,null,null,null,null,null,null,null,null,null,null,null,null,null,null]"	SOURCE_PRESERVED_LOCAL_VALIDATION	includes/POD/MasterCatalogV2MigrationContract.php:6	tests/wordpress/MasterCatalogMixedCandidateTest.php:21::testMixedCandidatePersistsAllDispositionsAndReplaysExactEvidence; tests/wordpress/MasterCatalogMixedCandidateTest.php:42::testForgedNormalizedEvidenceIsRejectedBeforePersistence	DG identity/disposition/notes preserved; 428 KEEP,37 MERGE,35 DOWNGRADE; no destructive migration.
Source_Migration_500	275	"[""DG-274"",""W3"",""Personalized Posters"",""Minimalist portrait"",""WATERCOLOR"",""KEEP"",""Retain as an active v2 listing concept."",""DG2-251"",""No"",null,null,null,null,null,null,null,null,null,null,null,null,null,null,null,null,null]"	SOURCE_PRESERVED_LOCAL_VALIDATION	includes/POD/MasterCatalogV2MigrationContract.php:6	tests/wordpress/MasterCatalogMixedCandidateTest.php:21::testMixedCandidatePersistsAllDispositionsAndReplaysExactEvidence; tests/wordpress/MasterCatalogMixedCandidateTest.php:42::testForgedNormalizedEvidenceIsRejectedBeforePersistence	DG identity/disposition/notes preserved; 428 KEEP,37 MERGE,35 DOWNGRADE; no destructive migration.
Source_Migration_500	276	"[""DG-275"",""W3"",""Personalized Posters"",""Multi-generation"",""WATERCOLOR"",""KEEP"",""Retain as an active v2 listing concept."",""DG2-252"",""No"",null,null,null,null,null,null,null,null,null,null,null,null,null,null,null,null,null]"	SOURCE_PRESERVED_LOCAL_VALIDATION	includes/POD/MasterCatalogV2MigrationContract.php:6	tests/wordpress/MasterCatalogMixedCandidateTest.php:21::testMixedCandidatePersistsAllDispositionsAndReplaysExactEvidence; tests/wordpress/MasterCatalogMixedCandidateTest.php:42::testForgedNormalizedEvidenceIsRejectedBeforePersistence	DG identity/disposition/notes preserved; 428 KEEP,37 MERGE,35 DOWNGRADE; no destructive migration.
Source_Migration_500	277	"[""DG-276"",""W3"",""Personalized Canvas"",""Wedding"",""WATERCOLOR"",""KEEP"",""Retain as an active v2 listing concept."",""DG2-253"",""No"",null,null,null,null,null,null,null,null,null,null,null,null,null,null,null,null,null]"	SOURCE_PRESERVED_LOCAL_VALIDATION	includes/POD/MasterCatalogV2MigrationContract.php:6	tests/wordpress/MasterCatalogMixedCandidateTest.php:21::testMixedCandidatePersistsAllDispositionsAndReplaysExactEvidence; tests/wordpress/MasterCatalogMixedCandidateTest.php:42::testForgedNormalizedEvidenceIsRejectedBeforePersistence	DG identity/disposition/notes preserved; 428 KEEP,37 MERGE,35 DOWNGRADE; no destructive migration.
Source_Migration_500	278	"[""DG-277"",""W3"",""Personalized Canvas"",""Anniversary"",""WATERCOLOR"",""KEEP"",""Retain as an active v2 listing concept."",""DG2-254"",""No"",null,null,null,null,null,null,null,null,null,null,null,null,null,null,null,null,null]"	SOURCE_PRESERVED_LOCAL_VALIDATION	includes/POD/MasterCatalogV2MigrationContract.php:6	tests/wordpress/MasterCatalogMixedCandidateTest.php:21::testMixedCandidatePersistsAllDispositionsAndReplaysExactEvidence; tests/wordpress/MasterCatalogMixedCandidateTest.php:42::testForgedNormalizedEvidenceIsRejectedBeforePersistence	DG identity/disposition/notes preserved; 428 KEEP,37 MERGE,35 DOWNGRADE; no destructive migration.
Source_Migration_500	279	"[""DG-278"",""W3"",""Personalized Canvas"",""Family"",""WATERCOLOR"",""KEEP"",""Retain as an active v2 listing concept."",""DG2-255"",""No"",null,null,null,null,null,null,null,null,null,null,null,null,null,null,null,null,null]"	SOURCE_PRESERVED_LOCAL_VALIDATION	includes/POD/MasterCatalogV2MigrationContract.php:6	tests/wordpress/MasterCatalogMixedCandidateTest.php:21::testMixedCandidatePersistsAllDispositionsAndReplaysExactEvidence; tests/wordpress/MasterCatalogMixedCandidateTest.php:42::testForgedNormalizedEvidenceIsRejectedBeforePersistence	DG identity/disposition/notes preserved; 428 KEEP,37 MERGE,35 DOWNGRADE; no destructive migration.
Source_Migration_500	280	"[""DG-279"",""W3"",""Personalized Canvas"",""Grandparents"",""WATERCOLOR"",""KEEP"",""Retain as an active v2 listing concept."",""DG2-256"",""No"",null,null,null,null,null,null,null,null,null,null,null,null,null,null,null,null,null]"	SOURCE_PRESERVED_LOCAL_VALIDATION	includes/POD/MasterCatalogV2MigrationContract.php:6	tests/wordpress/MasterCatalogMixedCandidateTest.php:21::testMixedCandidatePersistsAllDispositionsAndReplaysExactEvidence; tests/wordpress/MasterCatalogMixedCandidateTest.php:42::testForgedNormalizedEvidenceIsRejectedBeforePersistence	DG identity/disposition/notes preserved; 428 KEEP,37 MERGE,35 DOWNGRADE; no destructive migration.
Source_Migration_500	281	"[""DG-280"",""W3"",""Personalized Canvas"",""Baby"",""WATERCOLOR"",""KEEP"",""Retain as an active v2 listing concept."",""DG2-257"",""No"",null,null,null,null,null,null,null,null,null,null,null,null,null,null,null,null,null]"	SOURCE_PRESERVED_LOCAL_VALIDATION	includes/POD/MasterCatalogV2MigrationContract.php:6	tests/wordpress/MasterCatalogMixedCandidateTest.php:21::testMixedCandidatePersistsAllDispositionsAndReplaysExactEvidence; tests/wordpress/MasterCatalogMixedCandidateTest.php:42::testForgedNormalizedEvidenceIsRejectedBeforePersistence	DG identity/disposition/notes preserved; 428 KEEP,37 MERGE,35 DOWNGRADE; no destructive migration.
Source_Migration_500	282	"[""DG-281"",""W3"",""Personalized Canvas"",""Pet"",""WATERCOLOR"",""KEEP"",""Retain as an active v2 listing concept."",""DG2-258"",""No"",null,null,null,null,null,null,null,null,null,null,null,null,null,null,null,null,null]"	SOURCE_PRESERVED_LOCAL_VALIDATION	includes/POD/MasterCatalogV2MigrationContract.php:6	tests/wordpress/MasterCatalogMixedCandidateTest.php:21::testMixedCandidatePersistsAllDispositionsAndReplaysExactEvidence; tests/wordpress/MasterCatalogMixedCandidateTest.php:42::testForgedNormalizedEvidenceIsRejectedBeforePersistence	DG identity/disposition/notes preserved; 428 KEEP,37 MERGE,35 DOWNGRADE; no destructive migration.
Source_Migration_500	283	"[""DG-282"",""W3"",""Personalized Canvas"",""Pet memorial"",""MEMORIAL"",""KEEP"",""Retain as an active v2 listing concept."",""DG2-259"",""No"",null,null,null,null,null,null,null,null,null,null,null,null,null,null,null,null,null]"	SOURCE_PRESERVED_LOCAL_VALIDATION	includes/POD/MasterCatalogV2MigrationContract.php:6	tests/wordpress/MasterCatalogMixedCandidateTest.php:21::testMixedCandidatePersistsAllDispositionsAndReplaysExactEvidence; tests/wordpress/MasterCatalogMixedCandidateTest.php:42::testForgedNormalizedEvidenceIsRejectedBeforePersistence	DG identity/disposition/notes preserved; 428 KEEP,37 MERGE,35 DOWNGRADE; no destructive migration.
Source_Migration_500	284	"[""DG-283"",""W3"",""Personalized Canvas"",""Human memorial"",""MEMORIAL"",""KEEP"",""Retain as an active v2 listing concept."",""DG2-260"",""No"",null,null,null,null,null,null,null,null,null,null,null,null,null,null,null,null,null]"	SOURCE_PRESERVED_LOCAL_VALIDATION	includes/POD/MasterCatalogV2MigrationContract.php:6	tests/wordpress/MasterCatalogMixedCandidateTest.php:21::testMixedCandidatePersistsAllDispositionsAndReplaysExactEvidence; tests/wordpress/MasterCatalogMixedCandidateTest.php:42::testForgedNormalizedEvidenceIsRejectedBeforePersistence	DG identity/disposition/notes preserved; 428 KEEP,37 MERGE,35 DOWNGRADE; no destructive migration.
Source_Migration_500	285	"[""DG-284"",""W3"",""Personalized Canvas"",""Home portrait"",""WATERCOLOR"",""KEEP"",""Retain as an active v2 listing concept."",""DG2-261"",""No"",null,null,null,null,null,null,null,null,null,null,null,null,null,null,null,null,null]"	SOURCE_PRESERVED_LOCAL_VALIDATION	includes/POD/MasterCatalogV2MigrationContract.php:6	tests/wordpress/MasterCatalogMixedCandidateTest.php:21::testMixedCandidatePersistsAllDispositionsAndReplaysExactEvidence; tests/wordpress/MasterCatalogMixedCandidateTest.php:42::testForgedNormalizedEvidenceIsRejectedBeforePersistence	DG identity/disposition/notes preserved; 428 KEEP,37 MERGE,35 DOWNGRADE; no destructive migration.
Source_Migration_500	286	"[""DG-285"",""W3"",""Personalized Canvas"",""Couple"",""WATERCOLOR"",""KEEP"",""Retain as an active v2 listing concept."",""DG2-262"",""No"",null,null,null,null,null,null,null,null,null,null,null,null,null,null,null,null,null]"	SOURCE_PRESERVED_LOCAL_VALIDATION	includes/POD/MasterCatalogV2MigrationContract.php:6	tests/wordpress/MasterCatalogMixedCandidateTest.php:21::testMixedCandidatePersistsAllDispositionsAndReplaysExactEvidence; tests/wordpress/MasterCatalogMixedCandidateTest.php:42::testForgedNormalizedEvidenceIsRejectedBeforePersistence	DG identity/disposition/notes preserved; 428 KEEP,37 MERGE,35 DOWNGRADE; no destructive migration.
Source_Migration_500	287	"[""DG-286"",""W3"",""Personalized Canvas"",""Travel"",""WATERCOLOR"",""KEEP"",""Retain as an active v2 listing concept."",""DG2-263"",""No"",null,null,null,null,null,null,null,null,null,null,null,null,null,null,null,null,null]"	SOURCE_PRESERVED_LOCAL_VALIDATION	includes/POD/MasterCatalogV2MigrationContract.php:6	tests/wordpress/MasterCatalogMixedCandidateTest.php:21::testMixedCandidatePersistsAllDispositionsAndReplaysExactEvidence; tests/wordpress/MasterCatalogMixedCandidateTest.php:42::testForgedNormalizedEvidenceIsRejectedBeforePersistence	DG identity/disposition/notes preserved; 428 KEEP,37 MERGE,35 DOWNGRADE; no destructive migration.
Source_Migration_500	288	"[""DG-287"",""W3"",""Personalized Canvas"",""Graduation"",""WATERCOLOR"",""DOWNGRADE"",""Preserve as an occasion/recipient overlay or test candidate; remove from the initial dedicated-listing allocation."",null,""Yes"",null,null,null,null,null,null,null,null,null,null,null,null,null,null,null,null,null]"	SOURCE_PRESERVED_LOCAL_VALIDATION	includes/POD/MasterCatalogV2MigrationContract.php:6	tests/wordpress/MasterCatalogMixedCandidateTest.php:21::testMixedCandidatePersistsAllDispositionsAndReplaysExactEvidence; tests/wordpress/MasterCatalogMixedCandidateTest.php:42::testForgedNormalizedEvidenceIsRejectedBeforePersistence	DG identity/disposition/notes preserved; 428 KEEP,37 MERGE,35 DOWNGRADE; no destructive migration.
Source_Migration_500	289	"[""DG-288"",""W3"",""Personalized Canvas"",""Retirement"",""WATERCOLOR"",""KEEP"",""Retain as an active v2 listing concept."",""DG2-264"",""No"",null,null,null,null,null,null,null,null,null,null,null,null,null,null,null,null,null]"	SOURCE_PRESERVED_LOCAL_VALIDATION	includes/POD/MasterCatalogV2MigrationContract.php:6	tests/wordpress/MasterCatalogMixedCandidateTest.php:21::testMixedCandidatePersistsAllDispositionsAndReplaysExactEvidence; tests/wordpress/MasterCatalogMixedCandidateTest.php:42::testForgedNormalizedEvidenceIsRejectedBeforePersistence	DG identity/disposition/notes preserved; 428 KEEP,37 MERGE,35 DOWNGRADE; no destructive migration.
Source_Migration_500	290	"[""DG-289"",""W3"",""Personalized Canvas"",""Parents"",""WATERCOLOR"",""KEEP"",""Retain as an active v2 listing concept."",""DG2-265"",""No"",null,null,null,null,null,null,null,null,null,null,null,null,null,null,null,null,null]"	SOURCE_PRESERVED_LOCAL_VALIDATION	includes/POD/MasterCatalogV2MigrationContract.php:6	tests/wordpress/MasterCatalogMixedCandidateTest.php:21::testMixedCandidatePersistsAllDispositionsAndReplaysExactEvidence; tests/wordpress/MasterCatalogMixedCandidateTest.php:42::testForgedNormalizedEvidenceIsRejectedBeforePersistence	DG identity/disposition/notes preserved; 428 KEEP,37 MERGE,35 DOWNGRADE; no destructive migration.
Source_Migration_500	291	"[""DG-290"",""W3"",""Personalized Canvas"",""Mom"",""WATERCOLOR"",""KEEP"",""Retain as an active v2 listing concept."",""DG2-266"",""No"",null,null,null,null,null,null,null,null,null,null,null,null,null,null,null,null,null]"	SOURCE_PRESERVED_LOCAL_VALIDATION	includes/POD/MasterCatalogV2MigrationContract.php:6	tests/wordpress/MasterCatalogMixedCandidateTest.php:21::testMixedCandidatePersistsAllDispositionsAndReplaysExactEvidence; tests/wordpress/MasterCatalogMixedCandidateTest.php:42::testForgedNormalizedEvidenceIsRejectedBeforePersistence	DG identity/disposition/notes preserved; 428 KEEP,37 MERGE,35 DOWNGRADE; no destructive migration.
Source_Migration_500	292	"[""DG-291"",""W3"",""Personalized Canvas"",""Dad"",""WATERCOLOR"",""KEEP"",""Retain as an active v2 listing concept."",""DG2-267"",""No"",null,null,null,null,null,null,null,null,null,null,null,null,null,null,null,null,null]"	SOURCE_PRESERVED_LOCAL_VALIDATION	includes/POD/MasterCatalogV2MigrationContract.php:6	tests/wordpress/MasterCatalogMixedCandidateTest.php:21::testMixedCandidatePersistsAllDispositionsAndReplaysExactEvidence; tests/wordpress/MasterCatalogMixedCandidateTest.php:42::testForgedNormalizedEvidenceIsRejectedBeforePersistence	DG identity/disposition/notes preserved; 428 KEEP,37 MERGE,35 DOWNGRADE; no destructive migration.
Source_Migration_500	293	"[""DG-292"",""W3"",""Personalized Canvas"",""Best friend"",""WATERCOLOR"",""DOWNGRADE"",""Preserve as an occasion/recipient overlay or test candidate; remove from the initial dedicated-listing allocation."",null,""Yes"",null,null,null,null,null,null,null,null,null,null,null,null,null,null,null,null,null]"	SOURCE_PRESERVED_LOCAL_VALIDATION	includes/POD/MasterCatalogV2MigrationContract.php:6	tests/wordpress/MasterCatalogMixedCandidateTest.php:21::testMixedCandidatePersistsAllDispositionsAndReplaysExactEvidence; tests/wordpress/MasterCatalogMixedCandidateTest.php:42::testForgedNormalizedEvidenceIsRejectedBeforePersistence	DG identity/disposition/notes preserved; 428 KEEP,37 MERGE,35 DOWNGRADE; no destructive migration.
Source_Migration_500	294	"[""DG-293"",""W3"",""Personalized Canvas"",""Multi-generation"",""WATERCOLOR"",""KEEP"",""Retain as an active v2 listing concept."",""DG2-268"",""No"",null,null,null,null,null,null,null,null,null,null,null,null,null,null,null,null,null]"	SOURCE_PRESERVED_LOCAL_VALIDATION	includes/POD/MasterCatalogV2MigrationContract.php:6	tests/wordpress/MasterCatalogMixedCandidateTest.php:21::testMixedCandidatePersistsAllDispositionsAndReplaysExactEvidence; tests/wordpress/MasterCatalogMixedCandidateTest.php:42::testForgedNormalizedEvidenceIsRejectedBeforePersistence	DG identity/disposition/notes preserved; 428 KEEP,37 MERGE,35 DOWNGRADE; no destructive migration.
Source_Migration_500	295	"[""DG-294"",""W3"",""Personalized Canvas"",""Collage"",""PHOTO_COLLAGE"",""KEEP"",""Retain as an active v2 listing concept."",""DG2-269"",""No"",null,null,null,null,null,null,null,null,null,null,null,null,null,null,null,null,null]"	SOURCE_PRESERVED_LOCAL_VALIDATION	includes/POD/MasterCatalogV2MigrationContract.php:6	tests/wordpress/MasterCatalogMixedCandidateTest.php:21::testMixedCandidatePersistsAllDispositionsAndReplaysExactEvidence; tests/wordpress/MasterCatalogMixedCandidateTest.php:42::testForgedNormalizedEvidenceIsRejectedBeforePersistence	DG identity/disposition/notes preserved; 428 KEEP,37 MERGE,35 DOWNGRADE; no destructive migration.
Source_Migration_500	296	"[""DG-295"",""W3"",""Personalized Canvas"",""Watercolor portrait"",""WATERCOLOR"",""KEEP"",""Retain as an active v2 listing concept."",""DG2-270"",""No"",null,null,null,null,null,null,null,null,null,null,null,null,null,null,null,null,null]"	SOURCE_PRESERVED_LOCAL_VALIDATION	includes/POD/MasterCatalogV2MigrationContract.php:6	tests/wordpress/MasterCatalogMixedCandidateTest.php:21::testMixedCandidatePersistsAllDispositionsAndReplaysExactEvidence; tests/wordpress/MasterCatalogMixedCandidateTest.php:42::testForgedNormalizedEvidenceIsRejectedBeforePersistence	DG identity/disposition/notes preserved; 428 KEEP,37 MERGE,35 DOWNGRADE; no destructive migration.
Source_Migration_500	297	"[""DG-296"",""W3"",""Personalized Canvas"",""Line art"",""LINE_ART"",""KEEP"",""Retain as an active v2 listing concept."",""DG2-271"",""No"",null,null,null,null,null,null,null,null,null,null,null,null,null,null,null,null,null]"	SOURCE_PRESERVED_LOCAL_VALIDATION	includes/POD/MasterCatalogV2MigrationContract.php:6	tests/wordpress/MasterCatalogMixedCandidateTest.php:21::testMixedCandidatePersistsAllDispositionsAndReplaysExactEvidence; tests/wordpress/MasterCatalogMixedCandidateTest.php:42::testForgedNormalizedEvidenceIsRejectedBeforePersistence	DG identity/disposition/notes preserved; 428 KEEP,37 MERGE,35 DOWNGRADE; no destructive migration.
Source_Migration_500	298	"[""DG-297"",""W3"",""Personalized Canvas"",""Vintage portrait"",""WATERCOLOR"",""KEEP"",""Retain as an active v2 listing concept."",""DG2-272"",""No"",null,null,null,null,null,null,null,null,null,null,null,null,null,null,null,null,null]"	SOURCE_PRESERVED_LOCAL_VALIDATION	includes/POD/MasterCatalogV2MigrationContract.php:6	tests/wordpress/MasterCatalogMixedCandidateTest.php:21::testMixedCandidatePersistsAllDispositionsAndReplaysExactEvidence; tests/wordpress/MasterCatalogMixedCandidateTest.php:42::testForgedNormalizedEvidenceIsRejectedBeforePersistence	DG identity/disposition/notes preserved; 428 KEEP,37 MERGE,35 DOWNGRADE; no destructive migration.
Source_Migration_500	299	"[""DG-298"",""W3"",""Personalized Canvas"",""Handwriting"",""HANDWRITING"",""KEEP"",""Retain as an active v2 listing concept."",""DG2-273"",""No"",null,null,null,null,null,null,null,null,null,null,null,null,null,null,null,null,null]"	SOURCE_PRESERVED_LOCAL_VALIDATION	includes/POD/MasterCatalogV2MigrationContract.php:6	tests/wordpress/MasterCatalogMixedCandidateTest.php:21::testMixedCandidatePersistsAllDispositionsAndReplaysExactEvidence; tests/wordpress/MasterCatalogMixedCandidateTest.php:42::testForgedNormalizedEvidenceIsRejectedBeforePersistence	DG identity/disposition/notes preserved; 428 KEEP,37 MERGE,35 DOWNGRADE; no destructive migration.
Source_Migration_500	300	"[""DG-299"",""W3"",""Personalized Canvas"",""Child drawing"",""CHILD_ART"",""KEEP"",""Retain as an active v2 listing concept."",""DG2-274"",""No"",null,null,null,null,null,null,null,null,null,null,null,null,null,null,null,null,null]"	SOURCE_PRESERVED_LOCAL_VALIDATION	includes/POD/MasterCatalogV2MigrationContract.php:6	tests/wordpress/MasterCatalogMixedCandidateTest.php:21::testMixedCandidatePersistsAllDispositionsAndReplaysExactEvidence; tests/wordpress/MasterCatalogMixedCandidateTest.php:42::testForgedNormalizedEvidenceIsRejectedBeforePersistence	DG identity/disposition/notes preserved; 428 KEEP,37 MERGE,35 DOWNGRADE; no destructive migration.
Source_Migration_500	301	"[""DG-300"",""W3"",""Personalized Canvas"",""Family-name/photo"",""WATERCOLOR"",""KEEP"",""Retain as an active v2 listing concept."",""DG2-275"",""No"",null,null,null,null,null,null,null,null,null,null,null,null,null,null,null,null,null]"	SOURCE_PRESERVED_LOCAL_VALIDATION	includes/POD/MasterCatalogV2MigrationContract.php:6	tests/wordpress/MasterCatalogMixedCandidateTest.php:21::testMixedCandidatePersistsAllDispositionsAndReplaysExactEvidence; tests/wordpress/MasterCatalogMixedCandidateTest.php:42::testForgedNormalizedEvidenceIsRejectedBeforePersistence	DG identity/disposition/notes preserved; 428 KEEP,37 MERGE,35 DOWNGRADE; no destructive migration.
Source_Migration_500	302	"[""DG-301"",""W3"",""Personalized Journals"",""Name"",""NAME_MONOGRAM"",""KEEP"",""Retain as an active v2 listing concept."",""DG2-276"",""No"",null,null,null,null,null,null,null,null,null,null,null,null,null,null,null,null,null]"	SOURCE_PRESERVED_LOCAL_VALIDATION	includes/POD/MasterCatalogV2MigrationContract.php:6	tests/wordpress/MasterCatalogMixedCandidateTest.php:21::testMixedCandidatePersistsAllDispositionsAndReplaysExactEvidence; tests/wordpress/MasterCatalogMixedCandidateTest.php:42::testForgedNormalizedEvidenceIsRejectedBeforePersistence	DG identity/disposition/notes preserved; 428 KEEP,37 MERGE,35 DOWNGRADE; no destructive migration.
Source_Migration_500	303	"[""DG-302"",""W3"",""Personalized Journals"",""Initials"",""NAME_MONOGRAM"",""KEEP"",""Retain as an active v2 listing concept."",""DG2-277"",""No"",null,null,null,null,null,null,null,null,null,null,null,null,null,null,null,null,null]"	SOURCE_PRESERVED_LOCAL_VALIDATION	includes/POD/MasterCatalogV2MigrationContract.php:6	tests/wordpress/MasterCatalogMixedCandidateTest.php:21::testMixedCandidatePersistsAllDispositionsAndReplaysExactEvidence; tests/wordpress/MasterCatalogMixedCandidateTest.php:42::testForgedNormalizedEvidenceIsRejectedBeforePersistence	DG identity/disposition/notes preserved; 428 KEEP,37 MERGE,35 DOWNGRADE; no destructive migration.
Source_Migration_500	304	"[""DG-303"",""W3"",""Personalized Journals"",""Monogram"",""NAME_MONOGRAM"",""KEEP"",""Retain as an active v2 listing concept."",""DG2-278"",""No"",null,null,null,null,null,null,null,null,null,null,null,null,null,null,null,null,null]"	SOURCE_PRESERVED_LOCAL_VALIDATION	includes/POD/MasterCatalogV2MigrationContract.php:6	tests/wordpress/MasterCatalogMixedCandidateTest.php:21::testMixedCandidatePersistsAllDispositionsAndReplaysExactEvidence; tests/wordpress/MasterCatalogMixedCandidateTest.php:42::testForgedNormalizedEvidenceIsRejectedBeforePersistence	DG identity/disposition/notes preserved; 428 KEEP,37 MERGE,35 DOWNGRADE; no destructive migration.
Source_Migration_500	305	"[""DG-304"",""W3"",""Personalized Journals"",""Pet"",""NAME_MONOGRAM"",""KEEP"",""Retain as an active v2 listing concept."",""DG2-279"",""No"",null,null,null,null,null,null,null,null,null,null,null,null,null,null,null,null,null]"	SOURCE_PRESERVED_LOCAL_VALIDATION	includes/POD/MasterCatalogV2MigrationContract.php:6	tests/wordpress/MasterCatalogMixedCandidateTest.php:21::testMixedCandidatePersistsAllDispositionsAndReplaysExactEvidence; tests/wordpress/MasterCatalogMixedCandidateTest.php:42::testForgedNormalizedEvidenceIsRejectedBeforePersistence	DG identity/disposition/notes preserved; 428 KEEP,37 MERGE,35 DOWNGRADE; no destructive migration.
Source_Migration_500	306	"[""DG-305"",""W3"",""Personalized Journals"",""Pet + name"",""NAME_MONOGRAM"",""KEEP"",""Retain as an active v2 listing concept."",""DG2-280"",""No"",null,null,null,null,null,null,null,null,null,null,null,null,null,null,null,null,null]"	SOURCE_PRESERVED_LOCAL_VALIDATION	includes/POD/MasterCatalogV2MigrationContract.php:6	tests/wordpress/MasterCatalogMixedCandidateTest.php:21::testMixedCandidatePersistsAllDispositionsAndReplaysExactEvidence; tests/wordpress/MasterCatalogMixedCandidateTest.php:42::testForgedNormalizedEvidenceIsRejectedBeforePersistence	DG identity/disposition/notes preserved; 428 KEEP,37 MERGE,35 DOWNGRADE; no destructive migration.
Source_Migration_500	307	"[""DG-306"",""W3"",""Personalized Journals"",""Family photo"",""NAME_MONOGRAM"",""KEEP"",""Retain as an active v2 listing concept."",""DG2-281"",""No"",null,null,null,null,null,null,null,null,null,null,null,null,null,null,null,null,null]"	SOURCE_PRESERVED_LOCAL_VALIDATION	includes/POD/MasterCatalogV2MigrationContract.php:6	tests/wordpress/MasterCatalogMixedCandidateTest.php:21::testMixedCandidatePersistsAllDispositionsAndReplaysExactEvidence; tests/wordpress/MasterCatalogMixedCandidateTest.php:42::testForgedNormalizedEvidenceIsRejectedBeforePersistence	DG identity/disposition/notes preserved; 428 KEEP,37 MERGE,35 DOWNGRADE; no destructive migration.
Source_Migration_500	308	"[""DG-307"",""W3"",""Personalized Journals"",""Couple"",""NAME_MONOGRAM"",""KEEP"",""Retain as an active v2 listing concept."",""DG2-282"",""No"",null,null,null,null,null,null,null,null,null,null,null,null,null,null,null,null,null]"	SOURCE_PRESERVED_LOCAL_VALIDATION	includes/POD/MasterCatalogV2MigrationContract.php:6	tests/wordpress/MasterCatalogMixedCandidateTest.php:21::testMixedCandidatePersistsAllDispositionsAndReplaysExactEvidence; tests/wordpress/MasterCatalogMixedCandidateTest.php:42::testForgedNormalizedEvidenceIsRejectedBeforePersistence	DG identity/disposition/notes preserved; 428 KEEP,37 MERGE,35 DOWNGRADE; no destructive migration.
Source_Migration_500	309	"[""DG-308"",""W3"",""Personalized Journals"",""Wedding keepsake"",""NAME_MONOGRAM"",""KEEP"",""Retain as an active v2 listing concept."",""DG2-283"",""No"",null,null,null,null,null,null,null,null,null,null,null,null,null,null,null,null,null]"	SOURCE_PRESERVED_LOCAL_VALIDATION	includes/POD/MasterCatalogV2MigrationContract.php:6	tests/wordpress/MasterCatalogMixedCandidateTest.php:21::testMixedCandidatePersistsAllDispositionsAndReplaysExactEvidence; tests/wordpress/MasterCatalogMixedCandidateTest.php:42::testForgedNormalizedEvidenceIsRejectedBeforePersistence	DG identity/disposition/notes preserved; 428 KEEP,37 MERGE,35 DOWNGRADE; no destructive migration.
Source_Migration_500	310	"[""DG-309"",""W3"",""Personalized Journals"",""Bride"",""NAME_MONOGRAM"",""KEEP"",""Retain as an active v2 listing concept."",""DG2-284"",""No"",null,null,null,null,null,null,null,null,null,null,null,null,null,null,null,null,null]"	SOURCE_PRESERVED_LOCAL_VALIDATION	includes/POD/MasterCatalogV2MigrationContract.php:6	tests/wordpress/MasterCatalogMixedCandidateTest.php:21::testMixedCandidatePersistsAllDispositionsAndReplaysExactEvidence; tests/wordpress/MasterCatalogMixedCandidateTest.php:42::testForgedNormalizedEvidenceIsRejectedBeforePersistence	DG identity/disposition/notes preserved; 428 KEEP,37 MERGE,35 DOWNGRADE; no destructive migration.
Source_Migration_500	311	"[""DG-310"",""W3"",""Personalized Journals"",""Bridesmaid"",""NAME_MONOGRAM"",""KEEP"",""Retain as an active v2 listing concept."",""DG2-285"",""No"",null,null,null,null,null,null,null,null,null,null,null,null,null,null,null,null,null]"	SOURCE_PRESERVED_LOCAL_VALIDATION	includes/POD/MasterCatalogV2MigrationContract.php:6	tests/wordpress/MasterCatalogMixedCandidateTest.php:21::testMixedCandidatePersistsAllDispositionsAndReplaysExactEvidence; tests/wordpress/MasterCatalogMixedCandidateTest.php:42::testForgedNormalizedEvidenceIsRejectedBeforePersistence	DG identity/disposition/notes preserved; 428 KEEP,37 MERGE,35 DOWNGRADE; no destructive migration.
Source_Migration_500	312	"[""DG-311"",""W3"",""Personalized Journals"",""Mom"",""NAME_MONOGRAM"",""KEEP"",""Retain as an active v2 listing concept."",""DG2-286"",""No"",null,null,null,null,null,null,null,null,null,null,null,null,null,null,null,null,null]"	SOURCE_PRESERVED_LOCAL_VALIDATION	includes/POD/MasterCatalogV2MigrationContract.php:6	tests/wordpress/MasterCatalogMixedCandidateTest.php:21::testMixedCandidatePersistsAllDispositionsAndReplaysExactEvidence; tests/wordpress/MasterCatalogMixedCandidateTest.php:42::testForgedNormalizedEvidenceIsRejectedBeforePersistence	DG identity/disposition/notes preserved; 428 KEEP,37 MERGE,35 DOWNGRADE; no destructive migration.
Source_Migration_500	313	"[""DG-312"",""W3"",""Personalized Journals"",""Grandma"",""NAME_MONOGRAM"",""KEEP"",""Retain as an active v2 listing concept."",""DG2-287"",""No"",null,null,null,null,null,null,null,null,null,null,null,null,null,null,null,null,null]"	SOURCE_PRESERVED_LOCAL_VALIDATION	includes/POD/MasterCatalogV2MigrationContract.php:6	tests/wordpress/MasterCatalogMixedCandidateTest.php:21::testMixedCandidatePersistsAllDispositionsAndReplaysExactEvidence; tests/wordpress/MasterCatalogMixedCandidateTest.php:42::testForgedNormalizedEvidenceIsRejectedBeforePersistence	DG identity/disposition/notes preserved; 428 KEEP,37 MERGE,35 DOWNGRADE; no destructive migration.
Source_Migration_500	314	"[""DG-313"",""W3"",""Personalized Journals"",""Dad"",""NAME_MONOGRAM"",""KEEP"",""Retain as an active v2 listing concept."",""DG2-288"",""No"",null,null,null,null,null,null,null,null,null,null,null,null,null,null,null,null,null]"	SOURCE_PRESERVED_LOCAL_VALIDATION	includes/POD/MasterCatalogV2MigrationContract.php:6	tests/wordpress/MasterCatalogMixedCandidateTest.php:21::testMixedCandidatePersistsAllDispositionsAndReplaysExactEvidence; tests/wordpress/MasterCatalogMixedCandidateTest.php:42::testForgedNormalizedEvidenceIsRejectedBeforePersistence	DG identity/disposition/notes preserved; 428 KEEP,37 MERGE,35 DOWNGRADE; no destructive migration.
Source_Migration_500	315	"[""DG-314"",""W3"",""Personalized Journals"",""Teacher"",""NAME_MONOGRAM"",""KEEP"",""Retain as an active v2 listing concept."",""DG2-289"",""No"",null,null,null,null,null,null,null,null,null,null,null,null,null,null,null,null,null]"	SOURCE_PRESERVED_LOCAL_VALIDATION	includes/POD/MasterCatalogV2MigrationContract.php:6	tests/wordpress/MasterCatalogMixedCandidateTest.php:21::testMixedCandidatePersistsAllDispositionsAndReplaysExactEvidence; tests/wordpress/MasterCatalogMixedCandidateTest.php:42::testForgedNormalizedEvidenceIsRejectedBeforePersistence	DG identity/disposition/notes preserved; 428 KEEP,37 MERGE,35 DOWNGRADE; no destructive migration.
Source_Migration_500	316	"[""DG-315"",""W3"",""Personalized Journals"",""Student"",""NAME_MONOGRAM"",""KEEP"",""Retain as an active v2 listing concept."",""DG2-290"",""No"",null,null,null,null,null,null,null,null,null,null,null,null,null,null,null,null,null]"	SOURCE_PRESERVED_LOCAL_VALIDATION	includes/POD/MasterCatalogV2MigrationContract.php:6	tests/wordpress/MasterCatalogMixedCandidateTest.php:21::testMixedCandidatePersistsAllDispositionsAndReplaysExactEvidence; tests/wordpress/MasterCatalogMixedCandidateTest.php:42::testForgedNormalizedEvidenceIsRejectedBeforePersistence	DG identity/disposition/notes preserved; 428 KEEP,37 MERGE,35 DOWNGRADE; no destructive migration.
Source_Migration_500	317	"[""DG-316"",""W3"",""Personalized Journals"",""Graduation"",""NAME_MONOGRAM"",""KEEP"",""Retain as an active v2 listing concept."",""DG2-291"",""No"",null,null,null,null,null,null,null,null,null,null,null,null,null,null,null,null,null]"	SOURCE_PRESERVED_LOCAL_VALIDATION	includes/POD/MasterCatalogV2MigrationContract.php:6	tests/wordpress/MasterCatalogMixedCandidateTest.php:21::testMixedCandidatePersistsAllDispositionsAndReplaysExactEvidence; tests/wordpress/MasterCatalogMixedCandidateTest.php:42::testForgedNormalizedEvidenceIsRejectedBeforePersistence	DG identity/disposition/notes preserved; 428 KEEP,37 MERGE,35 DOWNGRADE; no destructive migration.
Source_Migration_500	318	"[""DG-317"",""W3"",""Personalized Journals"",""Baby journal"",""NAME_MONOGRAM"",""KEEP"",""Retain as an active v2 listing concept."",""DG2-292"",""No"",null,null,null,null,null,null,null,null,null,null,null,null,null,null,null,null,null]"	SOURCE_PRESERVED_LOCAL_VALIDATION	includes/POD/MasterCatalogV2MigrationContract.php:6	tests/wordpress/MasterCatalogMixedCandidateTest.php:21::testMixedCandidatePersistsAllDispositionsAndReplaysExactEvidence; tests/wordpress/MasterCatalogMixedCandidateTest.php:42::testForgedNormalizedEvidenceIsRejectedBeforePersistence	DG identity/disposition/notes preserved; 428 KEEP,37 MERGE,35 DOWNGRADE; no destructive migration.
Source_Migration_500	319	"[""DG-318"",""W3"",""Personalized Journals"",""Travel"",""NAME_MONOGRAM"",""KEEP"",""Retain as an active v2 listing concept."",""DG2-293"",""No"",null,null,null,null,null,null,null,null,null,null,null,null,null,null,null,null,null]"	SOURCE_PRESERVED_LOCAL_VALIDATION	includes/POD/MasterCatalogV2MigrationContract.php:6	tests/wordpress/MasterCatalogMixedCandidateTest.php:21::testMixedCandidatePersistsAllDispositionsAndReplaysExactEvidence; tests/wordpress/MasterCatalogMixedCandidateTest.php:42::testForgedNormalizedEvidenceIsRejectedBeforePersistence	DG identity/disposition/notes preserved; 428 KEEP,37 MERGE,35 DOWNGRADE; no destructive migration.
Source_Migration_500	320	"[""DG-319"",""W3"",""Personalized Journals"",""Memorial"",""MEMORIAL"",""KEEP"",""Retain as an active v2 listing concept."",""DG2-294"",""No"",null,null,null,null,null,null,null,null,null,null,null,null,null,null,null,null,null]"	SOURCE_PRESERVED_LOCAL_VALIDATION	includes/POD/MasterCatalogV2MigrationContract.php:6	tests/wordpress/MasterCatalogMixedCandidateTest.php:21::testMixedCandidatePersistsAllDispositionsAndReplaysExactEvidence; tests/wordpress/MasterCatalogMixedCandidateTest.php:42::testForgedNormalizedEvidenceIsRejectedBeforePersistence	DG identity/disposition/notes preserved; 428 KEEP,37 MERGE,35 DOWNGRADE; no destructive migration.
Source_Migration_500	321	"[""DG-320"",""W3"",""Personalized Journals"",""Recipe memories"",""HANDWRITING"",""KEEP"",""Retain as an active v2 listing concept."",""DG2-295"",""No"",null,null,null,null,null,null,null,null,null,null,null,null,null,null,null,null,null]"	SOURCE_PRESERVED_LOCAL_VALIDATION	includes/POD/MasterCatalogV2MigrationContract.php:6	tests/wordpress/MasterCatalogMixedCandidateTest.php:21::testMixedCandidatePersistsAllDispositionsAndReplaysExactEvidence; tests/wordpress/MasterCatalogMixedCandidateTest.php:42::testForgedNormalizedEvidenceIsRejectedBeforePersistence	DG identity/disposition/notes preserved; 428 KEEP,37 MERGE,35 DOWNGRADE; no destructive migration.
Source_Migration_500	322	"[""DG-321"",""W3"",""Personalized Journals"",""Handwriting"",""HANDWRITING"",""KEEP"",""Retain as an active v2 listing concept."",""DG2-296"",""No"",null,null,null,null,null,null,null,null,null,null,null,null,null,null,null,null,null]"	SOURCE_PRESERVED_LOCAL_VALIDATION	includes/POD/MasterCatalogV2MigrationContract.php:6	tests/wordpress/MasterCatalogMixedCandidateTest.php:21::testMixedCandidatePersistsAllDispositionsAndReplaysExactEvidence; tests/wordpress/MasterCatalogMixedCandidateTest.php:42::testForgedNormalizedEvidenceIsRejectedBeforePersistence	DG identity/disposition/notes preserved; 428 KEEP,37 MERGE,35 DOWNGRADE; no destructive migration.
Source_Migration_500	323	"[""DG-322"",""W3"",""Personalized Journals"",""Child art"",""CHILD_ART"",""KEEP"",""Retain as an active v2 listing concept."",""DG2-297"",""No"",null,null,null,null,null,null,null,null,null,null,null,null,null,null,null,null,null]"	SOURCE_PRESERVED_LOCAL_VALIDATION	includes/POD/MasterCatalogV2MigrationContract.php:6	tests/wordpress/MasterCatalogMixedCandidateTest.php:21::testMixedCandidatePersistsAllDispositionsAndReplaysExactEvidence; tests/wordpress/MasterCatalogMixedCandidateTest.php:42::testForgedNormalizedEvidenceIsRejectedBeforePersistence	DG identity/disposition/notes preserved; 428 KEEP,37 MERGE,35 DOWNGRADE; no destructive migration.
Source_Migration_500	324	"[""DG-323"",""W3"",""Personalized Journals"",""Birth flower/name"",""NAME_MONOGRAM"",""KEEP"",""Retain as an active v2 listing concept."",""DG2-298"",""No"",null,null,null,null,null,null,null,null,null,null,null,null,null,null,null,null,null]"	SOURCE_PRESERVED_LOCAL_VALIDATION	includes/POD/MasterCatalogV2MigrationContract.php:6	tests/wordpress/MasterCatalogMixedCandidateTest.php:21::testMixedCandidatePersistsAllDispositionsAndReplaysExactEvidence; tests/wordpress/MasterCatalogMixedCandidateTest.php:42::testForgedNormalizedEvidenceIsRejectedBeforePersistence	DG identity/disposition/notes preserved; 428 KEEP,37 MERGE,35 DOWNGRADE; no destructive migration.
Source_Migration_500	325	"[""DG-324"",""W3"",""Personalized Journals"",""Photo collage"",""PHOTO_COLLAGE"",""KEEP"",""Retain as an active v2 listing concept."",""DG2-299"",""No"",null,null,null,null,null,null,null,null,null,null,null,null,null,null,null,null,null]"	SOURCE_PRESERVED_LOCAL_VALIDATION	includes/POD/MasterCatalogV2MigrationContract.php:6	tests/wordpress/MasterCatalogMixedCandidateTest.php:21::testMixedCandidatePersistsAllDispositionsAndReplaysExactEvidence; tests/wordpress/MasterCatalogMixedCandidateTest.php:42::testForgedNormalizedEvidenceIsRejectedBeforePersistence	DG identity/disposition/notes preserved; 428 KEEP,37 MERGE,35 DOWNGRADE; no destructive migration.
Source_Migration_500	326	"[""DG-325"",""W3"",""Personalized Journals"",""Affirmation journal"",""NAME_MONOGRAM"",""KEEP"",""Retain as an active v2 listing concept."",""DG2-300"",""No"",null,null,null,null,null,null,null,null,null,null,null,null,null,null,null,null,null]"	SOURCE_PRESERVED_LOCAL_VALIDATION	includes/POD/MasterCatalogV2MigrationContract.php:6	tests/wordpress/MasterCatalogMixedCandidateTest.php:21::testMixedCandidatePersistsAllDispositionsAndReplaysExactEvidence; tests/wordpress/MasterCatalogMixedCandidateTest.php:42::testForgedNormalizedEvidenceIsRejectedBeforePersistence	DG identity/disposition/notes preserved; 428 KEEP,37 MERGE,35 DOWNGRADE; no destructive migration.
Source_Migration_500	327	"[""DG-326"",""W3"",""Personalized Candles"",""Couple"",""PHOTO_TEXT"",""KEEP"",""Retain as an active v2 listing concept."",""DG2-301"",""No"",null,null,null,null,null,null,null,null,null,null,null,null,null,null,null,null,null]"	SOURCE_PRESERVED_LOCAL_VALIDATION	includes/POD/MasterCatalogV2MigrationContract.php:6	tests/wordpress/MasterCatalogMixedCandidateTest.php:21::testMixedCandidatePersistsAllDispositionsAndReplaysExactEvidence; tests/wordpress/MasterCatalogMixedCandidateTest.php:42::testForgedNormalizedEvidenceIsRejectedBeforePersistence	DG identity/disposition/notes preserved; 428 KEEP,37 MERGE,35 DOWNGRADE; no destructive migration.
Source_Migration_500	328	"[""DG-327"",""W3"",""Personalized Candles"",""Anniversary"",""PHOTO_TEXT"",""KEEP"",""Retain as an active v2 listing concept."",""DG2-302"",""No"",null,null,null,null,null,null,null,null,null,null,null,null,null,null,null,null,null]"	SOURCE_PRESERVED_LOCAL_VALIDATION	includes/POD/MasterCatalogV2MigrationContract.php:6	tests/wordpress/MasterCatalogMixedCandidateTest.php:21::testMixedCandidatePersistsAllDispositionsAndReplaysExactEvidence; tests/wordpress/MasterCatalogMixedCandidateTest.php:42::testForgedNormalizedEvidenceIsRejectedBeforePersistence	DG identity/disposition/notes preserved; 428 KEEP,37 MERGE,35 DOWNGRADE; no destructive migration.
Source_Migration_500	329	"[""DG-328"",""W3"",""Personalized Candles"",""Engagement"",""PHOTO_TEXT"",""KEEP"",""Retain as an active v2 listing concept."",""DG2-303"",""No"",null,null,null,null,null,null,null,null,null,null,null,null,null,null,null,null,null]"	SOURCE_PRESERVED_LOCAL_VALIDATION	includes/POD/MasterCatalogV2MigrationContract.php:6	tests/wordpress/MasterCatalogMixedCandidateTest.php:21::testMixedCandidatePersistsAllDispositionsAndReplaysExactEvidence; tests/wordpress/MasterCatalogMixedCandidateTest.php:42::testForgedNormalizedEvidenceIsRejectedBeforePersistence	DG identity/disposition/notes preserved; 428 KEEP,37 MERGE,35 DOWNGRADE; no destructive migration.
Source_Migration_500	330	"[""DG-329"",""W3"",""Personalized Candles"",""Wedding"",""PHOTO_TEXT"",""KEEP"",""Retain as an active v2 listing concept."",""DG2-304"",""No"",null,null,null,null,null,null,null,null,null,null,null,null,null,null,null,null,null]"	SOURCE_PRESERVED_LOCAL_VALIDATION	includes/POD/MasterCatalogV2MigrationContract.php:6	tests/wordpress/MasterCatalogMixedCandidateTest.php:21::testMixedCandidatePersistsAllDispositionsAndReplaysExactEvidence; tests/wordpress/MasterCatalogMixedCandidateTest.php:42::testForgedNormalizedEvidenceIsRejectedBeforePersistence	DG identity/disposition/notes preserved; 428 KEEP,37 MERGE,35 DOWNGRADE; no destructive migration.
Source_Migration_500	331	"[""DG-330"",""W3"",""Personalized Candles"",""Bridesmaid"",""PHOTO_TEXT"",""KEEP"",""Retain as an active v2 listing concept."",""DG2-305"",""No"",null,null,null,null,null,null,null,null,null,null,null,null,null,null,null,null,null]"	SOURCE_PRESERVED_LOCAL_VALIDATION	includes/POD/MasterCatalogV2MigrationContract.php:6	tests/wordpress/MasterCatalogMixedCandidateTest.php:21::testMixedCandidatePersistsAllDispositionsAndReplaysExactEvidence; tests/wordpress/MasterCatalogMixedCandidateTest.php:42::testForgedNormalizedEvidenceIsRejectedBeforePersistence	DG identity/disposition/notes preserved; 428 KEEP,37 MERGE,35 DOWNGRADE; no destructive migration.
Source_Migration_500	332	"[""DG-331"",""W3"",""Personalized Candles"",""Maid of honor"",""PHOTO_TEXT"",""DOWNGRADE"",""Preserve as an occasion/recipient overlay or test candidate; remove from the initial dedicated-listing allocation."",null,""Yes"",null,null,null,null,null,null,null,null,null,null,null,null,null,null,null,null,null]"	SOURCE_PRESERVED_LOCAL_VALIDATION	includes/POD/MasterCatalogV2MigrationContract.php:6	tests/wordpress/MasterCatalogMixedCandidateTest.php:21::testMixedCandidatePersistsAllDispositionsAndReplaysExactEvidence; tests/wordpress/MasterCatalogMixedCandidateTest.php:42::testForgedNormalizedEvidenceIsRejectedBeforePersistence	DG identity/disposition/notes preserved; 428 KEEP,37 MERGE,35 DOWNGRADE; no destructive migration.
Source_Migration_500	333	"[""DG-332"",""W3"",""Personalized Candles"",""Best friend"",""PHOTO_TEXT"",""KEEP"",""Retain as an active v2 listing concept."",""DG2-306"",""No"",null,null,null,null,null,null,null,null,null,null,null,null,null,null,null,null,null]"	SOURCE_PRESERVED_LOCAL_VALIDATION	includes/POD/MasterCatalogV2MigrationContract.php:6	tests/wordpress/MasterCatalogMixedCandidateTest.php:21::testMixedCandidatePersistsAllDispositionsAndReplaysExactEvidence; tests/wordpress/MasterCatalogMixedCandidateTest.php:42::testForgedNormalizedEvidenceIsRejectedBeforePersistence	DG identity/disposition/notes preserved; 428 KEEP,37 MERGE,35 DOWNGRADE; no destructive migration.
Source_Migration_500	334	"[""DG-333"",""W3"",""Personalized Candles"",""Mom"",""PHOTO_TEXT"",""KEEP"",""Retain as an active v2 listing concept."",""DG2-307"",""No"",null,null,null,null,null,null,null,null,null,null,null,null,null,null,null,null,null]"	SOURCE_PRESERVED_LOCAL_VALIDATION	includes/POD/MasterCatalogV2MigrationContract.php:6	tests/wordpress/MasterCatalogMixedCandidateTest.php:21::testMixedCandidatePersistsAllDispositionsAndReplaysExactEvidence; tests/wordpress/MasterCatalogMixedCandidateTest.php:42::testForgedNormalizedEvidenceIsRejectedBeforePersistence	DG identity/disposition/notes preserved; 428 KEEP,37 MERGE,35 DOWNGRADE; no destructive migration.
Source_Migration_500	335	"[""DG-334"",""W3"",""Personalized Candles"",""Dad"",""PHOTO_TEXT"",""DOWNGRADE"",""Preserve as an occasion/recipient overlay or test candidate; remove from the initial dedicated-listing allocation."",null,""Yes"",null,null,null,null,null,null,null,null,null,null,null,null,null,null,null,null,null]"	SOURCE_PRESERVED_LOCAL_VALIDATION	includes/POD/MasterCatalogV2MigrationContract.php:6	tests/wordpress/MasterCatalogMixedCandidateTest.php:21::testMixedCandidatePersistsAllDispositionsAndReplaysExactEvidence; tests/wordpress/MasterCatalogMixedCandidateTest.php:42::testForgedNormalizedEvidenceIsRejectedBeforePersistence	DG identity/disposition/notes preserved; 428 KEEP,37 MERGE,35 DOWNGRADE; no destructive migration.
Source_Migration_500	336	"[""DG-335"",""W3"",""Personalized Candles"",""Grandma"",""PHOTO_TEXT"",""DOWNGRADE"",""Preserve as an occasion/recipient overlay or test candidate; remove from the initial dedicated-listing allocation."",null,""Yes"",null,null,null,null,null,null,null,null,null,null,null,null,null,null,null,null,null]"	SOURCE_PRESERVED_LOCAL_VALIDATION	includes/POD/MasterCatalogV2MigrationContract.php:6	tests/wordpress/MasterCatalogMixedCandidateTest.php:21::testMixedCandidatePersistsAllDispositionsAndReplaysExactEvidence; tests/wordpress/MasterCatalogMixedCandidateTest.php:42::testForgedNormalizedEvidenceIsRejectedBeforePersistence	DG identity/disposition/notes preserved; 428 KEEP,37 MERGE,35 DOWNGRADE; no destructive migration.
Source_Migration_500	337	"[""DG-336"",""W3"",""Personalized Candles"",""Daughter"",""PHOTO_TEXT"",""DOWNGRADE"",""Preserve as an occasion/recipient overlay or test candidate; remove from the initial dedicated-listing allocation."",null,""Yes"",null,null,null,null,null,null,null,null,null,null,null,null,null,null,null,null,null]"	SOURCE_PRESERVED_LOCAL_VALIDATION	includes/POD/MasterCatalogV2MigrationContract.php:6	tests/wordpress/MasterCatalogMixedCandidateTest.php:21::testMixedCandidatePersistsAllDispositionsAndReplaysExactEvidence; tests/wordpress/MasterCatalogMixedCandidateTest.php:42::testForgedNormalizedEvidenceIsRejectedBeforePersistence	DG identity/disposition/notes preserved; 428 KEEP,37 MERGE,35 DOWNGRADE; no destructive migration.
Source_Migration_500	338	"[""DG-337"",""W3"",""Personalized Candles"",""Coworker"",""PHOTO_TEXT"",""DOWNGRADE"",""Preserve as an occasion/recipient overlay or test candidate; remove from the initial dedicated-listing allocation."",null,""Yes"",null,null,null,null,null,null,null,null,null,null,null,null,null,null,null,null,null]"	SOURCE_PRESERVED_LOCAL_VALIDATION	includes/POD/MasterCatalogV2MigrationContract.php:6	tests/wordpress/MasterCatalogMixedCandidateTest.php:21::testMixedCandidatePersistsAllDispositionsAndReplaysExactEvidence; tests/wordpress/MasterCatalogMixedCandidateTest.php:42::testForgedNormalizedEvidenceIsRejectedBeforePersistence	DG identity/disposition/notes preserved; 428 KEEP,37 MERGE,35 DOWNGRADE; no destructive migration.
Source_Migration_500	339	"[""DG-338"",""W3"",""Personalized Candles"",""Teacher"",""PHOTO_TEXT"",""DOWNGRADE"",""Preserve as an occasion/recipient overlay or test candidate; remove from the initial dedicated-listing allocation."",null,""Yes"",null,null,null,null,null,null,null,null,null,null,null,null,null,null,null,null,null]"	SOURCE_PRESERVED_LOCAL_VALIDATION	includes/POD/MasterCatalogV2MigrationContract.php:6	tests/wordpress/MasterCatalogMixedCandidateTest.php:21::testMixedCandidatePersistsAllDispositionsAndReplaysExactEvidence; tests/wordpress/MasterCatalogMixedCandidateTest.php:42::testForgedNormalizedEvidenceIsRejectedBeforePersistence	DG identity/disposition/notes preserved; 428 KEEP,37 MERGE,35 DOWNGRADE; no destructive migration.
Source_Migration_500	340	"[""DG-339"",""W3"",""Personalized Candles"",""Graduation"",""PHOTO_TEXT"",""DOWNGRADE"",""Preserve as an occasion/recipient overlay or test candidate; remove from the initial dedicated-listing allocation."",null,""Yes"",null,null,null,null,null,null,null,null,null,null,null,null,null,null,null,null,null]"	SOURCE_PRESERVED_LOCAL_VALIDATION	includes/POD/MasterCatalogV2MigrationContract.php:6	tests/wordpress/MasterCatalogMixedCandidateTest.php:21::testMixedCandidatePersistsAllDispositionsAndReplaysExactEvidence; tests/wordpress/MasterCatalogMixedCandidateTest.php:42::testForgedNormalizedEvidenceIsRejectedBeforePersistence	DG identity/disposition/notes preserved; 428 KEEP,37 MERGE,35 DOWNGRADE; no destructive migration.
Source_Migration_500	341	"[""DG-340"",""W3"",""Personalized Candles"",""Birthday"",""PHOTO_TEXT"",""DOWNGRADE"",""Preserve as an occasion/recipient overlay or test candidate; remove from the initial dedicated-listing allocation."",null,""Yes"",null,null,null,null,null,null,null,null,null,null,null,null,null,null,null,null,null]"	SOURCE_PRESERVED_LOCAL_VALIDATION	includes/POD/MasterCatalogV2MigrationContract.php:6	tests/wordpress/MasterCatalogMixedCandidateTest.php:21::testMixedCandidatePersistsAllDispositionsAndReplaysExactEvidence; tests/wordpress/MasterCatalogMixedCandidateTest.php:42::testForgedNormalizedEvidenceIsRejectedBeforePersistence	DG identity/disposition/notes preserved; 428 KEEP,37 MERGE,35 DOWNGRADE; no destructive migration.
Source_Migration_500	342	"[""DG-341"",""W3"",""Personalized Candles"",""Pet"",""PHOTO_TEXT"",""DOWNGRADE"",""Preserve as an occasion/recipient overlay or test candidate; remove from the initial dedicated-listing allocation."",null,""Yes"",null,null,null,null,null,null,null,null,null,null,null,null,null,null,null,null,null]"	SOURCE_PRESERVED_LOCAL_VALIDATION	includes/POD/MasterCatalogV2MigrationContract.php:6	tests/wordpress/MasterCatalogMixedCandidateTest.php:21::testMixedCandidatePersistsAllDispositionsAndReplaysExactEvidence; tests/wordpress/MasterCatalogMixedCandidateTest.php:42::testForgedNormalizedEvidenceIsRejectedBeforePersistence	DG identity/disposition/notes preserved; 428 KEEP,37 MERGE,35 DOWNGRADE; no destructive migration.
Source_Migration_500	343	"[""DG-342"",""W3"",""Personalized Candles"",""Pet memorial"",""MEMORIAL"",""KEEP"",""Retain as an active v2 listing concept."",""DG2-308"",""No"",null,null,null,null,null,null,null,null,null,null,null,null,null,null,null,null,null]"	SOURCE_PRESERVED_LOCAL_VALIDATION	includes/POD/MasterCatalogV2MigrationContract.php:6	tests/wordpress/MasterCatalogMixedCandidateTest.php:21::testMixedCandidatePersistsAllDispositionsAndReplaysExactEvidence; tests/wordpress/MasterCatalogMixedCandidateTest.php:42::testForgedNormalizedEvidenceIsRejectedBeforePersistence	DG identity/disposition/notes preserved; 428 KEEP,37 MERGE,35 DOWNGRADE; no destructive migration.
Source_Migration_500	344	"[""DG-343"",""W3"",""Personalized Candles"",""Human memorial"",""MEMORIAL"",""KEEP"",""Retain as an active v2 listing concept."",""DG2-309"",""No"",null,null,null,null,null,null,null,null,null,null,null,null,null,null,null,null,null]"	SOURCE_PRESERVED_LOCAL_VALIDATION	includes/POD/MasterCatalogV2MigrationContract.php:6	tests/wordpress/MasterCatalogMixedCandidateTest.php:21::testMixedCandidatePersistsAllDispositionsAndReplaysExactEvidence; tests/wordpress/MasterCatalogMixedCandidateTest.php:42::testForgedNormalizedEvidenceIsRejectedBeforePersistence	DG identity/disposition/notes preserved; 428 KEEP,37 MERGE,35 DOWNGRADE; no destructive migration.
Source_Migration_500	345	"[""DG-344"",""W3"",""Personalized Candles"",""Family"",""PHOTO_TEXT"",""DOWNGRADE"",""Preserve as an occasion/recipient overlay or test candidate; remove from the initial dedicated-listing allocation."",null,""Yes"",null,null,null,null,null,null,null,null,null,null,null,null,null,null,null,null,null]"	SOURCE_PRESERVED_LOCAL_VALIDATION	includes/POD/MasterCatalogV2MigrationContract.php:6	tests/wordpress/MasterCatalogMixedCandidateTest.php:21::testMixedCandidatePersistsAllDispositionsAndReplaysExactEvidence; tests/wordpress/MasterCatalogMixedCandidateTest.php:42::testForgedNormalizedEvidenceIsRejectedBeforePersistence	DG identity/disposition/notes preserved; 428 KEEP,37 MERGE,35 DOWNGRADE; no destructive migration.
Source_Migration_500	346	"[""DG-345"",""W3"",""Personalized Candles"",""Funny face"",""PHOTO_TEXT"",""DOWNGRADE"",""Preserve as an occasion/recipient overlay or test candidate; remove from the initial dedicated-listing allocation."",null,""Yes"",null,null,null,null,null,null,null,null,null,null,null,null,null,null,null,null,null]"	SOURCE_PRESERVED_LOCAL_VALIDATION	includes/POD/MasterCatalogV2MigrationContract.php:6	tests/wordpress/MasterCatalogMixedCandidateTest.php:21::testMixedCandidatePersistsAllDispositionsAndReplaysExactEvidence; tests/wordpress/MasterCatalogMixedCandidateTest.php:42::testForgedNormalizedEvidenceIsRejectedBeforePersistence	DG identity/disposition/notes preserved; 428 KEEP,37 MERGE,35 DOWNGRADE; no destructive migration.
Source_Migration_500	347	"[""DG-346"",""W3"",""Personalized Candles"",""Photo + message"",""PHOTO_TEXT"",""DOWNGRADE"",""Preserve as an occasion/recipient overlay or test candidate; remove from the initial dedicated-listing allocation."",null,""Yes"",null,null,null,null,null,null,null,null,null,null,null,null,null,null,null,null,null]"	SOURCE_PRESERVED_LOCAL_VALIDATION	includes/POD/MasterCatalogV2MigrationContract.php:6	tests/wordpress/MasterCatalogMixedCandidateTest.php:21::testMixedCandidatePersistsAllDispositionsAndReplaysExactEvidence; tests/wordpress/MasterCatalogMixedCandidateTest.php:42::testForgedNormalizedEvidenceIsRejectedBeforePersistence	DG identity/disposition/notes preserved; 428 KEEP,37 MERGE,35 DOWNGRADE; no destructive migration.
Source_Migration_500	348	"[""DG-347"",""W3"",""Personalized Candles"",""New home"",""PHOTO_TEXT"",""KEEP"",""Retain as an active v2 listing concept."",""DG2-310"",""No"",null,null,null,null,null,null,null,null,null,null,null,null,null,null,null,null,null]"	SOURCE_PRESERVED_LOCAL_VALIDATION	includes/POD/MasterCatalogV2MigrationContract.php:6	tests/wordpress/MasterCatalogMixedCandidateTest.php:21::testMixedCandidatePersistsAllDispositionsAndReplaysExactEvidence; tests/wordpress/MasterCatalogMixedCandidateTest.php:42::testForgedNormalizedEvidenceIsRejectedBeforePersistence	DG identity/disposition/notes preserved; 428 KEEP,37 MERGE,35 DOWNGRADE; no destructive migration.
Source_Migration_500	349	"[""DG-348"",""W3"",""Personalized Candles"",""Thank-you"",""PHOTO_TEXT"",""DOWNGRADE"",""Preserve as an occasion/recipient overlay or test candidate; remove from the initial dedicated-listing allocation."",null,""Yes"",null,null,null,null,null,null,null,null,null,null,null,null,null,null,null,null,null]"	SOURCE_PRESERVED_LOCAL_VALIDATION	includes/POD/MasterCatalogV2MigrationContract.php:6	tests/wordpress/MasterCatalogMixedCandidateTest.php:21::testMixedCandidatePersistsAllDispositionsAndReplaysExactEvidence; tests/wordpress/MasterCatalogMixedCandidateTest.php:42::testForgedNormalizedEvidenceIsRejectedBeforePersistence	DG identity/disposition/notes preserved; 428 KEEP,37 MERGE,35 DOWNGRADE; no destructive migration.
Source_Migration_500	350	"[""DG-349"",""W3"",""Personalized Candles"",""Retirement"",""PHOTO_TEXT"",""DOWNGRADE"",""Preserve as an occasion/recipient overlay or test candidate; remove from the initial dedicated-listing allocation."",null,""Yes"",null,null,null,null,null,null,null,null,null,null,null,null,null,null,null,null,null]"	SOURCE_PRESERVED_LOCAL_VALIDATION	includes/POD/MasterCatalogV2MigrationContract.php:6	tests/wordpress/MasterCatalogMixedCandidateTest.php:21::testMixedCandidatePersistsAllDispositionsAndReplaysExactEvidence; tests/wordpress/MasterCatalogMixedCandidateTest.php:42::testForgedNormalizedEvidenceIsRejectedBeforePersistence	DG identity/disposition/notes preserved; 428 KEEP,37 MERGE,35 DOWNGRADE; no destructive migration.
Source_Migration_500	351	"[""DG-350"",""W3"",""Personalized Candles"",""Christmas photo"",""PHOTO_TEXT"",""DOWNGRADE"",""Preserve as an occasion/recipient overlay or test candidate; remove from the initial dedicated-listing allocation."",null,""Yes"",null,null,null,null,null,null,null,null,null,null,null,null,null,null,null,null,null]"	SOURCE_PRESERVED_LOCAL_VALIDATION	includes/POD/MasterCatalogV2MigrationContract.php:6	tests/wordpress/MasterCatalogMixedCandidateTest.php:21::testMixedCandidatePersistsAllDispositionsAndReplaysExactEvidence; tests/wordpress/MasterCatalogMixedCandidateTest.php:42::testForgedNormalizedEvidenceIsRejectedBeforePersistence	DG identity/disposition/notes preserved; 428 KEEP,37 MERGE,35 DOWNGRADE; no destructive migration.
Source_Migration_500	352	"[""DG-351"",""W3"",""Personalized Drinkware"",""Pet photo tumbler"",""PHOTO_TEXT"",""KEEP"",""Retain as an active v2 listing concept."",""DG2-311"",""No"",null,null,null,null,null,null,null,null,null,null,null,null,null,null,null,null,null]"	SOURCE_PRESERVED_LOCAL_VALIDATION	includes/POD/MasterCatalogV2MigrationContract.php:6	tests/wordpress/MasterCatalogMixedCandidateTest.php:21::testMixedCandidatePersistsAllDispositionsAndReplaysExactEvidence; tests/wordpress/MasterCatalogMixedCandidateTest.php:42::testForgedNormalizedEvidenceIsRejectedBeforePersistence	DG identity/disposition/notes preserved; 428 KEEP,37 MERGE,35 DOWNGRADE; no destructive migration.
Source_Migration_500	353	"[""DG-352"",""W3"",""Personalized Drinkware"",""Pet + name"",""PHOTO_TEXT"",""KEEP"",""Retain as an active v2 listing concept."",""DG2-312"",""No"",null,null,null,null,null,null,null,null,null,null,null,null,null,null,null,null,null]"	SOURCE_PRESERVED_LOCAL_VALIDATION	includes/POD/MasterCatalogV2MigrationContract.php:6	tests/wordpress/MasterCatalogMixedCandidateTest.php:21::testMixedCandidatePersistsAllDispositionsAndReplaysExactEvidence; tests/wordpress/MasterCatalogMixedCandidateTest.php:42::testForgedNormalizedEvidenceIsRejectedBeforePersistence	DG identity/disposition/notes preserved; 428 KEEP,37 MERGE,35 DOWNGRADE; no destructive migration.
Source_Migration_500	354	"[""DG-353"",""W3"",""Personalized Drinkware"",""Dog mom"",""PHOTO_TEXT"",""KEEP"",""Retain as an active v2 listing concept."",""DG2-313"",""No"",null,null,null,null,null,null,null,null,null,null,null,null,null,null,null,null,null]"	SOURCE_PRESERVED_LOCAL_VALIDATION	includes/POD/MasterCatalogV2MigrationContract.php:6	tests/wordpress/MasterCatalogMixedCandidateTest.php:21::testMixedCandidatePersistsAllDispositionsAndReplaysExactEvidence; tests/wordpress/MasterCatalogMixedCandidateTest.php:42::testForgedNormalizedEvidenceIsRejectedBeforePersistence	DG identity/disposition/notes preserved; 428 KEEP,37 MERGE,35 DOWNGRADE; no destructive migration.
Source_Migration_500	355	"[""DG-354"",""W3"",""Personalized Drinkware"",""Dog dad"",""PHOTO_TEXT"",""KEEP"",""Retain as an active v2 listing concept."",""DG2-314"",""No"",null,null,null,null,null,null,null,null,null,null,null,null,null,null,null,null,null]"	SOURCE_PRESERVED_LOCAL_VALIDATION	includes/POD/MasterCatalogV2MigrationContract.php:6	tests/wordpress/MasterCatalogMixedCandidateTest.php:21::testMixedCandidatePersistsAllDispositionsAndReplaysExactEvidence; tests/wordpress/MasterCatalogMixedCandidateTest.php:42::testForgedNormalizedEvidenceIsRejectedBeforePersistence	DG identity/disposition/notes preserved; 428 KEEP,37 MERGE,35 DOWNGRADE; no destructive migration.
Source_Migration_500	356	"[""DG-355"",""W3"",""Personalized Drinkware"",""Cat mom"",""PHOTO_TEXT"",""KEEP"",""Retain as an active v2 listing concept."",""DG2-315"",""No"",null,null,null,null,null,null,null,null,null,null,null,null,null,null,null,null,null]"	SOURCE_PRESERVED_LOCAL_VALIDATION	includes/POD/MasterCatalogV2MigrationContract.php:6	tests/wordpress/MasterCatalogMixedCandidateTest.php:21::testMixedCandidatePersistsAllDispositionsAndReplaysExactEvidence; tests/wordpress/MasterCatalogMixedCandidateTest.php:42::testForgedNormalizedEvidenceIsRejectedBeforePersistence	DG identity/disposition/notes preserved; 428 KEEP,37 MERGE,35 DOWNGRADE; no destructive migration.
Source_Migration_500	357	"[""DG-356"",""W3"",""Personalized Drinkware"",""Cat dad"",""PHOTO_TEXT"",""KEEP"",""Retain as an active v2 listing concept."",""DG2-316"",""No"",null,null,null,null,null,null,null,null,null,null,null,null,null,null,null,null,null]"	SOURCE_PRESERVED_LOCAL_VALIDATION	includes/POD/MasterCatalogV2MigrationContract.php:6	tests/wordpress/MasterCatalogMixedCandidateTest.php:21::testMixedCandidatePersistsAllDispositionsAndReplaysExactEvidence; tests/wordpress/MasterCatalogMixedCandidateTest.php:42::testForgedNormalizedEvidenceIsRejectedBeforePersistence	DG identity/disposition/notes preserved; 428 KEEP,37 MERGE,35 DOWNGRADE; no destructive migration.
Source_Migration_500	358	"[""DG-357"",""W3"",""Personalized Drinkware"",""Couple"",""PHOTO_TEXT"",""KEEP"",""Retain as an active v2 listing concept."",""DG2-317"",""No"",null,null,null,null,null,null,null,null,null,null,null,null,null,null,null,null,null]"	SOURCE_PRESERVED_LOCAL_VALIDATION	includes/POD/MasterCatalogV2MigrationContract.php:6	tests/wordpress/MasterCatalogMixedCandidateTest.php:21::testMixedCandidatePersistsAllDispositionsAndReplaysExactEvidence; tests/wordpress/MasterCatalogMixedCandidateTest.php:42::testForgedNormalizedEvidenceIsRejectedBeforePersistence	DG identity/disposition/notes preserved; 428 KEEP,37 MERGE,35 DOWNGRADE; no destructive migration.
Source_Migration_500	359	"[""DG-358"",""W3"",""Personalized Drinkware"",""Bride"",""PHOTO_TEXT"",""KEEP"",""Retain as an active v2 listing concept."",""DG2-318"",""No"",null,null,null,null,null,null,null,null,null,null,null,null,null,null,null,null,null]"	SOURCE_PRESERVED_LOCAL_VALIDATION	includes/POD/MasterCatalogV2MigrationContract.php:6	tests/wordpress/MasterCatalogMixedCandidateTest.php:21::testMixedCandidatePersistsAllDispositionsAndReplaysExactEvidence; tests/wordpress/MasterCatalogMixedCandidateTest.php:42::testForgedNormalizedEvidenceIsRejectedBeforePersistence	DG identity/disposition/notes preserved; 428 KEEP,37 MERGE,35 DOWNGRADE; no destructive migration.
Source_Migration_500	360	"[""DG-359"",""W3"",""Personalized Drinkware"",""Bridesmaid"",""PHOTO_TEXT"",""KEEP"",""Retain as an active v2 listing concept."",""DG2-319"",""No"",null,null,null,null,null,null,null,null,null,null,null,null,null,null,null,null,null]"	SOURCE_PRESERVED_LOCAL_VALIDATION	includes/POD/MasterCatalogV2MigrationContract.php:6	tests/wordpress/MasterCatalogMixedCandidateTest.php:21::testMixedCandidatePersistsAllDispositionsAndReplaysExactEvidence; tests/wordpress/MasterCatalogMixedCandidateTest.php:42::testForgedNormalizedEvidenceIsRejectedBeforePersistence	DG identity/disposition/notes preserved; 428 KEEP,37 MERGE,35 DOWNGRADE; no destructive migration.
Source_Migration_500	361	"[""DG-360"",""W3"",""Personalized Drinkware"",""Mom"",""PHOTO_TEXT"",""KEEP"",""Retain as an active v2 listing concept."",""DG2-320"",""No"",null,null,null,null,null,null,null,null,null,null,null,null,null,null,null,null,null]"	SOURCE_PRESERVED_LOCAL_VALIDATION	includes/POD/MasterCatalogV2MigrationContract.php:6	tests/wordpress/MasterCatalogMixedCandidateTest.php:21::testMixedCandidatePersistsAllDispositionsAndReplaysExactEvidence; tests/wordpress/MasterCatalogMixedCandidateTest.php:42::testForgedNormalizedEvidenceIsRejectedBeforePersistence	DG identity/disposition/notes preserved; 428 KEEP,37 MERGE,35 DOWNGRADE; no destructive migration.
Source_Migration_500	362	"[""DG-361"",""W3"",""Personalized Drinkware"",""Dad"",""PHOTO_TEXT"",""KEEP"",""Retain as an active v2 listing concept."",""DG2-321"",""No"",null,null,null,null,null,null,null,null,null,null,null,null,null,null,null,null,null]"	SOURCE_PRESERVED_LOCAL_VALIDATION	includes/POD/MasterCatalogV2MigrationContract.php:6	tests/wordpress/MasterCatalogMixedCandidateTest.php:21::testMixedCandidatePersistsAllDispositionsAndReplaysExactEvidence; tests/wordpress/MasterCatalogMixedCandidateTest.php:42::testForgedNormalizedEvidenceIsRejectedBeforePersistence	DG identity/disposition/notes preserved; 428 KEEP,37 MERGE,35 DOWNGRADE; no destructive migration.
Source_Migration_500	363	"[""DG-362"",""W3"",""Personalized Drinkware"",""Grandma"",""PHOTO_TEXT"",""KEEP"",""Retain as an active v2 listing concept."",""DG2-322"",""No"",null,null,null,null,null,null,null,null,null,null,null,null,null,null,null,null,null]"	SOURCE_PRESERVED_LOCAL_VALIDATION	includes/POD/MasterCatalogV2MigrationContract.php:6	tests/wordpress/MasterCatalogMixedCandidateTest.php:21::testMixedCandidatePersistsAllDispositionsAndReplaysExactEvidence; tests/wordpress/MasterCatalogMixedCandidateTest.php:42::testForgedNormalizedEvidenceIsRejectedBeforePersistence	DG identity/disposition/notes preserved; 428 KEEP,37 MERGE,35 DOWNGRADE; no destructive migration.
Source_Migration_500	364	"[""DG-363"",""W3"",""Personalized Drinkware"",""Grandpa"",""PHOTO_TEXT"",""KEEP"",""Retain as an active v2 listing concept."",""DG2-323"",""No"",null,null,null,null,null,null,null,null,null,null,null,null,null,null,null,null,null]"	SOURCE_PRESERVED_LOCAL_VALIDATION	includes/POD/MasterCatalogV2MigrationContract.php:6	tests/wordpress/MasterCatalogMixedCandidateTest.php:21::testMixedCandidatePersistsAllDispositionsAndReplaysExactEvidence; tests/wordpress/MasterCatalogMixedCandidateTest.php:42::testForgedNormalizedEvidenceIsRejectedBeforePersistence	DG identity/disposition/notes preserved; 428 KEEP,37 MERGE,35 DOWNGRADE; no destructive migration.
Source_Migration_500	365	"[""DG-364"",""W3"",""Personalized Drinkware"",""Teacher"",""PHOTO_TEXT"",""KEEP"",""Retain as an active v2 listing concept."",""DG2-324"",""No"",null,null,null,null,null,null,null,null,null,null,null,null,null,null,null,null,null]"	SOURCE_PRESERVED_LOCAL_VALIDATION	includes/POD/MasterCatalogV2MigrationContract.php:6	tests/wordpress/MasterCatalogMixedCandidateTest.php:21::testMixedCandidatePersistsAllDispositionsAndReplaysExactEvidence; tests/wordpress/MasterCatalogMixedCandidateTest.php:42::testForgedNormalizedEvidenceIsRejectedBeforePersistence	DG identity/disposition/notes preserved; 428 KEEP,37 MERGE,35 DOWNGRADE; no destructive migration.
Source_Migration_500	366	"[""DG-365"",""W3"",""Personalized Drinkware"",""Nurse"",""PHOTO_TEXT"",""KEEP"",""Retain as an active v2 listing concept."",""DG2-325"",""No"",null,null,null,null,null,null,null,null,null,null,null,null,null,null,null,null,null]"	SOURCE_PRESERVED_LOCAL_VALIDATION	includes/POD/MasterCatalogV2MigrationContract.php:6	tests/wordpress/MasterCatalogMixedCandidateTest.php:21::testMixedCandidatePersistsAllDispositionsAndReplaysExactEvidence; tests/wordpress/MasterCatalogMixedCandidateTest.php:42::testForgedNormalizedEvidenceIsRejectedBeforePersistence	DG identity/disposition/notes preserved; 428 KEEP,37 MERGE,35 DOWNGRADE; no destructive migration.
Source_Migration_500	367	"[""DG-366"",""W3"",""Personalized Drinkware"",""Coworker"",""PHOTO_TEXT"",""KEEP"",""Retain as an active v2 listing concept."",""DG2-326"",""No"",null,null,null,null,null,null,null,null,null,null,null,null,null,null,null,null,null]"	SOURCE_PRESERVED_LOCAL_VALIDATION	includes/POD/MasterCatalogV2MigrationContract.php:6	tests/wordpress/MasterCatalogMixedCandidateTest.php:21::testMixedCandidatePersistsAllDispositionsAndReplaysExactEvidence; tests/wordpress/MasterCatalogMixedCandidateTest.php:42::testForgedNormalizedEvidenceIsRejectedBeforePersistence	DG identity/disposition/notes preserved; 428 KEEP,37 MERGE,35 DOWNGRADE; no destructive migration.
Source_Migration_500	368	"[""DG-367"",""W3"",""Personalized Drinkware"",""Graduation"",""PHOTO_TEXT"",""KEEP"",""Retain as an active v2 listing concept."",""DG2-327"",""No"",null,null,null,null,null,null,null,null,null,null,null,null,null,null,null,null,null]"	SOURCE_PRESERVED_LOCAL_VALIDATION	includes/POD/MasterCatalogV2MigrationContract.php:6	tests/wordpress/MasterCatalogMixedCandidateTest.php:21::testMixedCandidatePersistsAllDispositionsAndReplaysExactEvidence; tests/wordpress/MasterCatalogMixedCandidateTest.php:42::testForgedNormalizedEvidenceIsRejectedBeforePersistence	DG identity/disposition/notes preserved; 428 KEEP,37 MERGE,35 DOWNGRADE; no destructive migration.
Source_Migration_500	369	"[""DG-368"",""W3"",""Personalized Drinkware"",""Sports-photo keepsake"",""PHOTO_TEXT"",""KEEP"",""Retain as an active v2 listing concept."",""DG2-328"",""No"",null,null,null,null,null,null,null,null,null,null,null,null,null,null,null,null,null]"	SOURCE_PRESERVED_LOCAL_VALIDATION	includes/POD/MasterCatalogV2MigrationContract.php:6	tests/wordpress/MasterCatalogMixedCandidateTest.php:21::testMixedCandidatePersistsAllDispositionsAndReplaysExactEvidence; tests/wordpress/MasterCatalogMixedCandidateTest.php:42::testForgedNormalizedEvidenceIsRejectedBeforePersistence	DG identity/disposition/notes preserved; 428 KEEP,37 MERGE,35 DOWNGRADE; no destructive migration.
Source_Migration_500	370	"[""DG-369"",""W3"",""Personalized Drinkware"",""Travel"",""PHOTO_TEXT"",""KEEP"",""Retain as an active v2 listing concept."",""DG2-329"",""No"",null,null,null,null,null,null,null,null,null,null,null,null,null,null,null,null,null]"	SOURCE_PRESERVED_LOCAL_VALIDATION	includes/POD/MasterCatalogV2MigrationContract.php:6	tests/wordpress/MasterCatalogMixedCandidateTest.php:21::testMixedCandidatePersistsAllDispositionsAndReplaysExactEvidence; tests/wordpress/MasterCatalogMixedCandidateTest.php:42::testForgedNormalizedEvidenceIsRejectedBeforePersistence	DG identity/disposition/notes preserved; 428 KEEP,37 MERGE,35 DOWNGRADE; no destructive migration.
Source_Migration_500	371	"[""DG-370"",""W3"",""Personalized Drinkware"",""Family collage"",""PHOTO_COLLAGE"",""KEEP"",""Retain as an active v2 listing concept."",""DG2-330"",""No"",null,null,null,null,null,null,null,null,null,null,null,null,null,null,null,null,null]"	SOURCE_PRESERVED_LOCAL_VALIDATION	includes/POD/MasterCatalogV2MigrationContract.php:6	tests/wordpress/MasterCatalogMixedCandidateTest.php:21::testMixedCandidatePersistsAllDispositionsAndReplaysExactEvidence; tests/wordpress/MasterCatalogMixedCandidateTest.php:42::testForgedNormalizedEvidenceIsRejectedBeforePersistence	DG identity/disposition/notes preserved; 428 KEEP,37 MERGE,35 DOWNGRADE; no destructive migration.
Source_Migration_500	372	"[""DG-371"",""W3"",""Personalized Drinkware"",""Handwriting"",""HANDWRITING"",""KEEP"",""Retain as an active v2 listing concept."",""DG2-331"",""No"",null,null,null,null,null,null,null,null,null,null,null,null,null,null,null,null,null]"	SOURCE_PRESERVED_LOCAL_VALIDATION	includes/POD/MasterCatalogV2MigrationContract.php:6	tests/wordpress/MasterCatalogMixedCandidateTest.php:21::testMixedCandidatePersistsAllDispositionsAndReplaysExactEvidence; tests/wordpress/MasterCatalogMixedCandidateTest.php:42::testForgedNormalizedEvidenceIsRejectedBeforePersistence	DG identity/disposition/notes preserved; 428 KEEP,37 MERGE,35 DOWNGRADE; no destructive migration.
Source_Migration_500	373	"[""DG-372"",""W3"",""Personalized Drinkware"",""Child artwork"",""CHILD_ART"",""KEEP"",""Retain as an active v2 listing concept."",""DG2-332"",""No"",null,null,null,null,null,null,null,null,null,null,null,null,null,null,null,null,null]"	SOURCE_PRESERVED_LOCAL_VALIDATION	includes/POD/MasterCatalogV2MigrationContract.php:6	tests/wordpress/MasterCatalogMixedCandidateTest.php:21::testMixedCandidatePersistsAllDispositionsAndReplaysExactEvidence; tests/wordpress/MasterCatalogMixedCandidateTest.php:42::testForgedNormalizedEvidenceIsRejectedBeforePersistence	DG identity/disposition/notes preserved; 428 KEEP,37 MERGE,35 DOWNGRADE; no destructive migration.
Source_Migration_500	374	"[""DG-373"",""W3"",""Personalized Drinkware"",""Monogram"",""NAME_MONOGRAM"",""KEEP"",""Retain as an active v2 listing concept."",""DG2-333"",""No"",null,null,null,null,null,null,null,null,null,null,null,null,null,null,null,null,null]"	SOURCE_PRESERVED_LOCAL_VALIDATION	includes/POD/MasterCatalogV2MigrationContract.php:6	tests/wordpress/MasterCatalogMixedCandidateTest.php:21::testMixedCandidatePersistsAllDispositionsAndReplaysExactEvidence; tests/wordpress/MasterCatalogMixedCandidateTest.php:42::testForgedNormalizedEvidenceIsRejectedBeforePersistence	DG identity/disposition/notes preserved; 428 KEEP,37 MERGE,35 DOWNGRADE; no destructive migration.
Source_Migration_500	375	"[""DG-374"",""W3"",""Personalized Drinkware"",""Name pattern"",""NAME_MONOGRAM"",""KEEP"",""Retain as an active v2 listing concept."",""DG2-334"",""No"",null,null,null,null,null,null,null,null,null,null,null,null,null,null,null,null,null]"	SOURCE_PRESERVED_LOCAL_VALIDATION	includes/POD/MasterCatalogV2MigrationContract.php:6	tests/wordpress/MasterCatalogMixedCandidateTest.php:21::testMixedCandidatePersistsAllDispositionsAndReplaysExactEvidence; tests/wordpress/MasterCatalogMixedCandidateTest.php:42::testForgedNormalizedEvidenceIsRejectedBeforePersistence	DG identity/disposition/notes preserved; 428 KEEP,37 MERGE,35 DOWNGRADE; no destructive migration.
Source_Migration_500	376	"[""DG-375"",""W3"",""Personalized Drinkware"",""Memorial"",""MEMORIAL"",""KEEP"",""Retain as an active v2 listing concept."",""DG2-335"",""No"",null,null,null,null,null,null,null,null,null,null,null,null,null,null,null,null,null]"	SOURCE_PRESERVED_LOCAL_VALIDATION	includes/POD/MasterCatalogV2MigrationContract.php:6	tests/wordpress/MasterCatalogMixedCandidateTest.php:21::testMixedCandidatePersistsAllDispositionsAndReplaysExactEvidence; tests/wordpress/MasterCatalogMixedCandidateTest.php:42::testForgedNormalizedEvidenceIsRejectedBeforePersistence	DG identity/disposition/notes preserved; 428 KEEP,37 MERGE,35 DOWNGRADE; no destructive migration.
Source_Migration_500	377	"[""DG-376"",""W3"",""Baby & Kids"",""Name bodysuit"",""PHOTO_TEXT"",""KEEP"",""Retain as an active v2 listing concept."",""DG2-336"",""No"",null,null,null,null,null,null,null,null,null,null,null,null,null,null,null,null,null]"	SOURCE_PRESERVED_LOCAL_VALIDATION	includes/POD/MasterCatalogV2MigrationContract.php:6	tests/wordpress/MasterCatalogMixedCandidateTest.php:21::testMixedCandidatePersistsAllDispositionsAndReplaysExactEvidence; tests/wordpress/MasterCatalogMixedCandidateTest.php:42::testForgedNormalizedEvidenceIsRejectedBeforePersistence	DG identity/disposition/notes preserved; 428 KEEP,37 MERGE,35 DOWNGRADE; no destructive migration.
Source_Migration_500	378	"[""DG-377"",""W3"",""Baby & Kids"",""Birth stats"",""PHOTO_TEXT"",""KEEP"",""Retain as an active v2 listing concept."",""DG2-337"",""No"",null,null,null,null,null,null,null,null,null,null,null,null,null,null,null,null,null]"	SOURCE_PRESERVED_LOCAL_VALIDATION	includes/POD/MasterCatalogV2MigrationContract.php:6	tests/wordpress/MasterCatalogMixedCandidateTest.php:21::testMixedCandidatePersistsAllDispositionsAndReplaysExactEvidence; tests/wordpress/MasterCatalogMixedCandidateTest.php:42::testForgedNormalizedEvidenceIsRejectedBeforePersistence	DG identity/disposition/notes preserved; 428 KEEP,37 MERGE,35 DOWNGRADE; no destructive migration.
Source_Migration_500	379	"[""DG-378"",""W3"",""Baby & Kids"",""Baby photo"",""PHOTO_TEXT"",""KEEP"",""Retain as an active v2 listing concept."",""DG2-338"",""No"",null,null,null,null,null,null,null,null,null,null,null,null,null,null,null,null,null]"	SOURCE_PRESERVED_LOCAL_VALIDATION	includes/POD/MasterCatalogV2MigrationContract.php:6	tests/wordpress/MasterCatalogMixedCandidateTest.php:21::testMixedCandidatePersistsAllDispositionsAndReplaysExactEvidence; tests/wordpress/MasterCatalogMixedCandidateTest.php:42::testForgedNormalizedEvidenceIsRejectedBeforePersistence	DG identity/disposition/notes preserved; 428 KEEP,37 MERGE,35 DOWNGRADE; no destructive migration.
Source_Migration_500	380	"[""DG-379"",""W3"",""Baby & Kids"",""First birthday"",""PHOTO_TEXT"",""KEEP"",""Retain as an active v2 listing concept."",""DG2-339"",""No"",null,null,null,null,null,null,null,null,null,null,null,null,null,null,null,null,null]"	SOURCE_PRESERVED_LOCAL_VALIDATION	includes/POD/MasterCatalogV2MigrationContract.php:6	tests/wordpress/MasterCatalogMixedCandidateTest.php:21::testMixedCandidatePersistsAllDispositionsAndReplaysExactEvidence; tests/wordpress/MasterCatalogMixedCandidateTest.php:42::testForgedNormalizedEvidenceIsRejectedBeforePersistence	DG identity/disposition/notes preserved; 428 KEEP,37 MERGE,35 DOWNGRADE; no destructive migration.
Source_Migration_500	381	"[""DG-380"",""W3"",""Baby & Kids"",""First Christmas"",""PHOTO_TEXT"",""KEEP"",""Retain as an active v2 listing concept."",""DG2-340"",""No"",null,null,null,null,null,null,null,null,null,null,null,null,null,null,null,null,null]"	SOURCE_PRESERVED_LOCAL_VALIDATION	includes/POD/MasterCatalogV2MigrationContract.php:6	tests/wordpress/MasterCatalogMixedCandidateTest.php:21::testMixedCandidatePersistsAllDispositionsAndReplaysExactEvidence; tests/wordpress/MasterCatalogMixedCandidateTest.php:42::testForgedNormalizedEvidenceIsRejectedBeforePersistence	DG identity/disposition/notes preserved; 428 KEEP,37 MERGE,35 DOWNGRADE; no destructive migration.
Source_Migration_500	382	"[""DG-381"",""W3"",""Baby & Kids"",""First Mother Day"",""PHOTO_TEXT"",""KEEP"",""Retain as an active v2 listing concept."",""DG2-341"",""No"",null,null,null,null,null,null,null,null,null,null,null,null,null,null,null,null,null]"	SOURCE_PRESERVED_LOCAL_VALIDATION	includes/POD/MasterCatalogV2MigrationContract.php:6	tests/wordpress/MasterCatalogMixedCandidateTest.php:21::testMixedCandidatePersistsAllDispositionsAndReplaysExactEvidence; tests/wordpress/MasterCatalogMixedCandidateTest.php:42::testForgedNormalizedEvidenceIsRejectedBeforePersistence	DG identity/disposition/notes preserved; 428 KEEP,37 MERGE,35 DOWNGRADE; no destructive migration.
Source_Migration_500	383	"[""DG-382"",""W3"",""Baby & Kids"",""First Father Day"",""PHOTO_TEXT"",""KEEP"",""Retain as an active v2 listing concept."",""DG2-342"",""No"",null,null,null,null,null,null,null,null,null,null,null,null,null,null,null,null,null]"	SOURCE_PRESERVED_LOCAL_VALIDATION	includes/POD/MasterCatalogV2MigrationContract.php:6	tests/wordpress/MasterCatalogMixedCandidateTest.php:21::testMixedCandidatePersistsAllDispositionsAndReplaysExactEvidence; tests/wordpress/MasterCatalogMixedCandidateTest.php:42::testForgedNormalizedEvidenceIsRejectedBeforePersistence	DG identity/disposition/notes preserved; 428 KEEP,37 MERGE,35 DOWNGRADE; no destructive migration.
Source_Migration_500	384	"[""DG-383"",""W3"",""Baby & Kids"",""Grandparent announcement"",""PHOTO_TEXT"",""KEEP"",""Retain as an active v2 listing concept."",""DG2-343"",""No"",null,null,null,null,null,null,null,null,null,null,null,null,null,null,null,null,null]"	SOURCE_PRESERVED_LOCAL_VALIDATION	includes/POD/MasterCatalogV2MigrationContract.php:6	tests/wordpress/MasterCatalogMixedCandidateTest.php:21::testMixedCandidatePersistsAllDispositionsAndReplaysExactEvidence; tests/wordpress/MasterCatalogMixedCandidateTest.php:42::testForgedNormalizedEvidenceIsRejectedBeforePersistence	DG identity/disposition/notes preserved; 428 KEEP,37 MERGE,35 DOWNGRADE; no destructive migration.
Source_Migration_500	385	"[""DG-384"",""W3"",""Baby & Kids"",""Pregnancy announcement"",""PHOTO_TEXT"",""KEEP"",""Retain as an active v2 listing concept."",""DG2-344"",""No"",null,null,null,null,null,null,null,null,null,null,null,null,null,null,null,null,null]"	SOURCE_PRESERVED_LOCAL_VALIDATION	includes/POD/MasterCatalogV2MigrationContract.php:6	tests/wordpress/MasterCatalogMixedCandidateTest.php:21::testMixedCandidatePersistsAllDispositionsAndReplaysExactEvidence; tests/wordpress/MasterCatalogMixedCandidateTest.php:42::testForgedNormalizedEvidenceIsRejectedBeforePersistence	DG identity/disposition/notes preserved; 428 KEEP,37 MERGE,35 DOWNGRADE; no destructive migration.
Source_Migration_500	386	"[""DG-385"",""W3"",""Baby & Kids"",""Sibling announcement"",""PHOTO_TEXT"",""KEEP"",""Retain as an active v2 listing concept."",""DG2-345"",""No"",null,null,null,null,null,null,null,null,null,null,null,null,null,null,null,null,null]"	SOURCE_PRESERVED_LOCAL_VALIDATION	includes/POD/MasterCatalogV2MigrationContract.php:6	tests/wordpress/MasterCatalogMixedCandidateTest.php:21::testMixedCandidatePersistsAllDispositionsAndReplaysExactEvidence; tests/wordpress/MasterCatalogMixedCandidateTest.php:42::testForgedNormalizedEvidenceIsRejectedBeforePersistence	DG identity/disposition/notes preserved; 428 KEEP,37 MERGE,35 DOWNGRADE; no destructive migration.
Source_Migration_500	387	"[""DG-386"",""W3"",""Baby & Kids"",""Family photo"",""PHOTO_TEXT"",""KEEP"",""Retain as an active v2 listing concept."",""DG2-346"",""No"",null,null,null,null,null,null,null,null,null,null,null,null,null,null,null,null,null]"	SOURCE_PRESERVED_LOCAL_VALIDATION	includes/POD/MasterCatalogV2MigrationContract.php:6	tests/wordpress/MasterCatalogMixedCandidateTest.php:21::testMixedCandidatePersistsAllDispositionsAndReplaysExactEvidence; tests/wordpress/MasterCatalogMixedCandidateTest.php:42::testForgedNormalizedEvidenceIsRejectedBeforePersistence	DG identity/disposition/notes preserved; 428 KEEP,37 MERGE,35 DOWNGRADE; no destructive migration.
Source_Migration_500	388	"[""DG-387"",""W3"",""Baby & Kids"",""Child drawing"",""CHILD_ART"",""KEEP"",""Retain as an active v2 listing concept."",""DG2-347"",""No"",null,null,null,null,null,null,null,null,null,null,null,null,null,null,null,null,null]"	SOURCE_PRESERVED_LOCAL_VALIDATION	includes/POD/MasterCatalogV2MigrationContract.php:6	tests/wordpress/MasterCatalogMixedCandidateTest.php:21::testMixedCandidatePersistsAllDispositionsAndReplaysExactEvidence; tests/wordpress/MasterCatalogMixedCandidateTest.php:42::testForgedNormalizedEvidenceIsRejectedBeforePersistence	DG identity/disposition/notes preserved; 428 KEEP,37 MERGE,35 DOWNGRADE; no destructive migration.
Source_Migration_500	389	"[""DG-388"",""W3"",""Baby & Kids"",""Handwriting"",""HANDWRITING"",""KEEP"",""Retain as an active v2 listing concept."",""DG2-348"",""No"",null,null,null,null,null,null,null,null,null,null,null,null,null,null,null,null,null]"	SOURCE_PRESERVED_LOCAL_VALIDATION	includes/POD/MasterCatalogV2MigrationContract.php:6	tests/wordpress/MasterCatalogMixedCandidateTest.php:21::testMixedCandidatePersistsAllDispositionsAndReplaysExactEvidence; tests/wordpress/MasterCatalogMixedCandidateTest.php:42::testForgedNormalizedEvidenceIsRejectedBeforePersistence	DG identity/disposition/notes preserved; 428 KEEP,37 MERGE,35 DOWNGRADE; no destructive migration.
Source_Migration_500	390	"[""DG-389"",""W3"",""Baby & Kids"",""Toddler photo tee"",""PHOTO_TEXT"",""KEEP"",""Retain as an active v2 listing concept."",""DG2-349"",""No"",null,null,null,null,null,null,null,null,null,null,null,null,null,null,null,null,null]"	SOURCE_PRESERVED_LOCAL_VALIDATION	includes/POD/MasterCatalogV2MigrationContract.php:6	tests/wordpress/MasterCatalogMixedCandidateTest.php:21::testMixedCandidatePersistsAllDispositionsAndReplaysExactEvidence; tests/wordpress/MasterCatalogMixedCandidateTest.php:42::testForgedNormalizedEvidenceIsRejectedBeforePersistence	DG identity/disposition/notes preserved; 428 KEEP,37 MERGE,35 DOWNGRADE; no destructive migration.
Source_Migration_500	391	"[""DG-390"",""W3"",""Baby & Kids"",""Birthday kid"",""PHOTO_TEXT"",""KEEP"",""Retain as an active v2 listing concept."",""DG2-350"",""No"",null,null,null,null,null,null,null,null,null,null,null,null,null,null,null,null,null]"	SOURCE_PRESERVED_LOCAL_VALIDATION	includes/POD/MasterCatalogV2MigrationContract.php:6	tests/wordpress/MasterCatalogMixedCandidateTest.php:21::testMixedCandidatePersistsAllDispositionsAndReplaysExactEvidence; tests/wordpress/MasterCatalogMixedCandidateTest.php:42::testForgedNormalizedEvidenceIsRejectedBeforePersistence	DG identity/disposition/notes preserved; 428 KEEP,37 MERGE,35 DOWNGRADE; no destructive migration.
Source_Migration_500	392	"[""DG-391"",""W3"",""Baby & Kids"",""School photo"",""PHOTO_TEXT"",""KEEP"",""Retain as an active v2 listing concept."",""DG2-351"",""No"",null,null,null,null,null,null,null,null,null,null,null,null,null,null,null,null,null]"	SOURCE_PRESERVED_LOCAL_VALIDATION	includes/POD/MasterCatalogV2MigrationContract.php:6	tests/wordpress/MasterCatalogMixedCandidateTest.php:21::testMixedCandidatePersistsAllDispositionsAndReplaysExactEvidence; tests/wordpress/MasterCatalogMixedCandidateTest.php:42::testForgedNormalizedEvidenceIsRejectedBeforePersistence	DG identity/disposition/notes preserved; 428 KEEP,37 MERGE,35 DOWNGRADE; no destructive migration.
Source_Migration_500	393	"[""DG-392"",""W3"",""Baby & Kids"",""Graduation/year"",""PHOTO_TEXT"",""KEEP"",""Retain as an active v2 listing concept."",""DG2-352"",""No"",null,null,null,null,null,null,null,null,null,null,null,null,null,null,null,null,null]"	SOURCE_PRESERVED_LOCAL_VALIDATION	includes/POD/MasterCatalogV2MigrationContract.php:6	tests/wordpress/MasterCatalogMixedCandidateTest.php:21::testMixedCandidatePersistsAllDispositionsAndReplaysExactEvidence; tests/wordpress/MasterCatalogMixedCandidateTest.php:42::testForgedNormalizedEvidenceIsRejectedBeforePersistence	DG identity/disposition/notes preserved; 428 KEEP,37 MERGE,35 DOWNGRADE; no destructive migration.
Source_Migration_500	394	"[""DG-393"",""W3"",""Baby & Kids"",""Pet + child"",""PHOTO_TEXT"",""KEEP"",""Retain as an active v2 listing concept."",""DG2-353"",""No"",null,null,null,null,null,null,null,null,null,null,null,null,null,null,null,null,null]"	SOURCE_PRESERVED_LOCAL_VALIDATION	includes/POD/MasterCatalogV2MigrationContract.php:6	tests/wordpress/MasterCatalogMixedCandidateTest.php:21::testMixedCandidatePersistsAllDispositionsAndReplaysExactEvidence; tests/wordpress/MasterCatalogMixedCandidateTest.php:42::testForgedNormalizedEvidenceIsRejectedBeforePersistence	DG identity/disposition/notes preserved; 428 KEEP,37 MERGE,35 DOWNGRADE; no destructive migration.
Source_Migration_500	395	"[""DG-394"",""W3"",""Baby & Kids"",""Name pattern"",""NAME_MONOGRAM"",""KEEP"",""Retain as an active v2 listing concept."",""DG2-354"",""No"",null,null,null,null,null,null,null,null,null,null,null,null,null,null,null,null,null]"	SOURCE_PRESERVED_LOCAL_VALIDATION	includes/POD/MasterCatalogV2MigrationContract.php:6	tests/wordpress/MasterCatalogMixedCandidateTest.php:21::testMixedCandidatePersistsAllDispositionsAndReplaysExactEvidence; tests/wordpress/MasterCatalogMixedCandidateTest.php:42::testForgedNormalizedEvidenceIsRejectedBeforePersistence	DG identity/disposition/notes preserved; 428 KEEP,37 MERGE,35 DOWNGRADE; no destructive migration.
Source_Migration_500	396	"[""DG-395"",""W3"",""Baby & Kids"",""Initials"",""NAME_MONOGRAM"",""KEEP"",""Retain as an active v2 listing concept."",""DG2-355"",""No"",null,null,null,null,null,null,null,null,null,null,null,null,null,null,null,null,null]"	SOURCE_PRESERVED_LOCAL_VALIDATION	includes/POD/MasterCatalogV2MigrationContract.php:6	tests/wordpress/MasterCatalogMixedCandidateTest.php:21::testMixedCandidatePersistsAllDispositionsAndReplaysExactEvidence; tests/wordpress/MasterCatalogMixedCandidateTest.php:42::testForgedNormalizedEvidenceIsRejectedBeforePersistence	DG identity/disposition/notes preserved; 428 KEEP,37 MERGE,35 DOWNGRADE; no destructive migration.
Source_Migration_500	397	"[""DG-396"",""W3"",""Baby & Kids"",""Nursery keepsake"",""PHOTO_TEXT"",""KEEP"",""Retain as an active v2 listing concept."",""DG2-356"",""No"",null,null,null,null,null,null,null,null,null,null,null,null,null,null,null,null,null]"	SOURCE_PRESERVED_LOCAL_VALIDATION	includes/POD/MasterCatalogV2MigrationContract.php:6	tests/wordpress/MasterCatalogMixedCandidateTest.php:21::testMixedCandidatePersistsAllDispositionsAndReplaysExactEvidence; tests/wordpress/MasterCatalogMixedCandidateTest.php:42::testForgedNormalizedEvidenceIsRejectedBeforePersistence	DG identity/disposition/notes preserved; 428 KEEP,37 MERGE,35 DOWNGRADE; no destructive migration.
Source_Migration_500	398	"[""DG-397"",""W3"",""Baby & Kids"",""Baby blanket"",""PHOTO_TEXT"",""KEEP"",""Retain as an active v2 listing concept."",""DG2-357"",""No"",null,null,null,null,null,null,null,null,null,null,null,null,null,null,null,null,null]"	SOURCE_PRESERVED_LOCAL_VALIDATION	includes/POD/MasterCatalogV2MigrationContract.php:6	tests/wordpress/MasterCatalogMixedCandidateTest.php:21::testMixedCandidatePersistsAllDispositionsAndReplaysExactEvidence; tests/wordpress/MasterCatalogMixedCandidateTest.php:42::testForgedNormalizedEvidenceIsRejectedBeforePersistence	DG identity/disposition/notes preserved; 428 KEEP,37 MERGE,35 DOWNGRADE; no destructive migration.
Source_Migration_500	399	"[""DG-398"",""W3"",""Baby & Kids"",""Baby memorial"",""MEMORIAL"",""KEEP"",""Retain as an active v2 listing concept."",""DG2-358"",""No"",null,null,null,null,null,null,null,null,null,null,null,null,null,null,null,null,null]"	SOURCE_PRESERVED_LOCAL_VALIDATION	includes/POD/MasterCatalogV2MigrationContract.php:6	tests/wordpress/MasterCatalogMixedCandidateTest.php:21::testMixedCandidatePersistsAllDispositionsAndReplaysExactEvidence; tests/wordpress/MasterCatalogMixedCandidateTest.php:42::testForgedNormalizedEvidenceIsRejectedBeforePersistence	DG identity/disposition/notes preserved; 428 KEEP,37 MERGE,35 DOWNGRADE; no destructive migration.
Source_Migration_500	400	"[""DG-399"",""W3"",""Baby & Kids"",""Adoption day"",""PHOTO_TEXT"",""KEEP"",""Retain as an active v2 listing concept."",""DG2-359"",""No"",null,null,null,null,null,null,null,null,null,null,null,null,null,null,null,null,null]"	SOURCE_PRESERVED_LOCAL_VALIDATION	includes/POD/MasterCatalogV2MigrationContract.php:6	tests/wordpress/MasterCatalogMixedCandidateTest.php:21::testMixedCandidatePersistsAllDispositionsAndReplaysExactEvidence; tests/wordpress/MasterCatalogMixedCandidateTest.php:42::testForgedNormalizedEvidenceIsRejectedBeforePersistence	DG identity/disposition/notes preserved; 428 KEEP,37 MERGE,35 DOWNGRADE; no destructive migration.
Source_Migration_500	401	"[""DG-400"",""W3"",""Baby & Kids"",""Family illustration"",""PHOTO_TEXT"",""KEEP"",""Retain as an active v2 listing concept."",""DG2-360"",""No"",null,null,null,null,null,null,null,null,null,null,null,null,null,null,null,null,null]"	SOURCE_PRESERVED_LOCAL_VALIDATION	includes/POD/MasterCatalogV2MigrationContract.php:6	tests/wordpress/MasterCatalogMixedCandidateTest.php:21::testMixedCandidatePersistsAllDispositionsAndReplaysExactEvidence; tests/wordpress/MasterCatalogMixedCandidateTest.php:42::testForgedNormalizedEvidenceIsRejectedBeforePersistence	DG identity/disposition/notes preserved; 428 KEEP,37 MERGE,35 DOWNGRADE; no destructive migration.
Source_Migration_500	402	"[""DG-401"",""W4"",""AOP Leggings"",""Dog face repeat"",""FACE_REPEAT"",""KEEP"",""Retain as an active v2 listing concept."",""DG2-361"",""No"",null,null,null,null,null,null,null,null,null,null,null,null,null,null,null,null,null]"	SOURCE_PRESERVED_LOCAL_VALIDATION	includes/POD/MasterCatalogV2MigrationContract.php:6	tests/wordpress/MasterCatalogMixedCandidateTest.php:21::testMixedCandidatePersistsAllDispositionsAndReplaysExactEvidence; tests/wordpress/MasterCatalogMixedCandidateTest.php:42::testForgedNormalizedEvidenceIsRejectedBeforePersistence	DG identity/disposition/notes preserved; 428 KEEP,37 MERGE,35 DOWNGRADE; no destructive migration.
Source_Migration_500	403	"[""DG-402"",""W4"",""AOP Leggings"",""Cat face repeat"",""FACE_REPEAT"",""KEEP"",""Retain as an active v2 listing concept."",""DG2-362"",""No"",null,null,null,null,null,null,null,null,null,null,null,null,null,null,null,null,null]"	SOURCE_PRESERVED_LOCAL_VALIDATION	includes/POD/MasterCatalogV2MigrationContract.php:6	tests/wordpress/MasterCatalogMixedCandidateTest.php:21::testMixedCandidatePersistsAllDispositionsAndReplaysExactEvidence; tests/wordpress/MasterCatalogMixedCandidateTest.php:42::testForgedNormalizedEvidenceIsRejectedBeforePersistence	DG identity/disposition/notes preserved; 428 KEEP,37 MERGE,35 DOWNGRADE; no destructive migration.
Source_Migration_500	404	"[""DG-403"",""W4"",""AOP Leggings"",""Multiple pets"",""FACE_REPEAT"",""KEEP"",""Retain as an active v2 listing concept."",""DG2-363"",""No"",null,null,null,null,null,null,null,null,null,null,null,null,null,null,null,null,null]"	SOURCE_PRESERVED_LOCAL_VALIDATION	includes/POD/MasterCatalogV2MigrationContract.php:6	tests/wordpress/MasterCatalogMixedCandidateTest.php:21::testMixedCandidatePersistsAllDispositionsAndReplaysExactEvidence; tests/wordpress/MasterCatalogMixedCandidateTest.php:42::testForgedNormalizedEvidenceIsRejectedBeforePersistence	DG identity/disposition/notes preserved; 428 KEEP,37 MERGE,35 DOWNGRADE; no destructive migration.
Source_Migration_500	405	"[""DG-404"",""W4"",""AOP Leggings"",""Boyfriend"",""FACE_REPEAT"",""MERGE"",""Keep the buyer intent as a recipient/style/personalization option; do not spend a dedicated listing slot."",null,""Yes"",null,null,null,null,null,null,null,null,null,null,null,null,null,null,null,null,null]"	SOURCE_PRESERVED_LOCAL_VALIDATION	includes/POD/MasterCatalogV2MigrationContract.php:6	tests/wordpress/MasterCatalogMixedCandidateTest.php:21::testMixedCandidatePersistsAllDispositionsAndReplaysExactEvidence; tests/wordpress/MasterCatalogMixedCandidateTest.php:42::testForgedNormalizedEvidenceIsRejectedBeforePersistence	DG identity/disposition/notes preserved; 428 KEEP,37 MERGE,35 DOWNGRADE; no destructive migration.
Source_Migration_500	406	"[""DG-405"",""W4"",""AOP Leggings"",""Girlfriend"",""FACE_REPEAT"",""MERGE"",""Keep the buyer intent as a recipient/style/personalization option; do not spend a dedicated listing slot."",null,""Yes"",null,null,null,null,null,null,null,null,null,null,null,null,null,null,null,null,null]"	SOURCE_PRESERVED_LOCAL_VALIDATION	includes/POD/MasterCatalogV2MigrationContract.php:6	tests/wordpress/MasterCatalogMixedCandidateTest.php:21::testMixedCandidatePersistsAllDispositionsAndReplaysExactEvidence; tests/wordpress/MasterCatalogMixedCandidateTest.php:42::testForgedNormalizedEvidenceIsRejectedBeforePersistence	DG identity/disposition/notes preserved; 428 KEEP,37 MERGE,35 DOWNGRADE; no destructive migration.
Source_Migration_500	407	"[""DG-406"",""W4"",""AOP Leggings"",""Husband"",""FACE_REPEAT"",""MERGE"",""Keep the buyer intent as a recipient/style/personalization option; do not spend a dedicated listing slot."",null,""Yes"",null,null,null,null,null,null,null,null,null,null,null,null,null,null,null,null,null]"	SOURCE_PRESERVED_LOCAL_VALIDATION	includes/POD/MasterCatalogV2MigrationContract.php:6	tests/wordpress/MasterCatalogMixedCandidateTest.php:21::testMixedCandidatePersistsAllDispositionsAndReplaysExactEvidence; tests/wordpress/MasterCatalogMixedCandidateTest.php:42::testForgedNormalizedEvidenceIsRejectedBeforePersistence	DG identity/disposition/notes preserved; 428 KEEP,37 MERGE,35 DOWNGRADE; no destructive migration.
Source_Migration_500	408	"[""DG-407"",""W4"",""AOP Leggings"",""Wife"",""FACE_REPEAT"",""MERGE"",""Keep the buyer intent as a recipient/style/personalization option; do not spend a dedicated listing slot."",null,""Yes"",null,null,null,null,null,null,null,null,null,null,null,null,null,null,null,null,null]"	SOURCE_PRESERVED_LOCAL_VALIDATION	includes/POD/MasterCatalogV2MigrationContract.php:6	tests/wordpress/MasterCatalogMixedCandidateTest.php:21::testMixedCandidatePersistsAllDispositionsAndReplaysExactEvidence; tests/wordpress/MasterCatalogMixedCandidateTest.php:42::testForgedNormalizedEvidenceIsRejectedBeforePersistence	DG identity/disposition/notes preserved; 428 KEEP,37 MERGE,35 DOWNGRADE; no destructive migration.
Source_Migration_500	409	"[""DG-408"",""W4"",""AOP Leggings"",""Couple faces"",""FACE_REPEAT"",""KEEP"",""Retain as an active v2 listing concept."",""DG2-364"",""No"",null,null,null,null,null,null,null,null,null,null,null,null,null,null,null,null,null]"	SOURCE_PRESERVED_LOCAL_VALIDATION	includes/POD/MasterCatalogV2MigrationContract.php:6	tests/wordpress/MasterCatalogMixedCandidateTest.php:21::testMixedCandidatePersistsAllDispositionsAndReplaysExactEvidence; tests/wordpress/MasterCatalogMixedCandidateTest.php:42::testForgedNormalizedEvidenceIsRejectedBeforePersistence	DG identity/disposition/notes preserved; 428 KEEP,37 MERGE,35 DOWNGRADE; no destructive migration.
Source_Migration_500	410	"[""DG-409"",""W4"",""AOP Leggings"",""Baby face"",""FACE_REPEAT"",""MERGE"",""Keep the buyer intent as a recipient/style/personalization option; do not spend a dedicated listing slot."",null,""Yes"",null,null,null,null,null,null,null,null,null,null,null,null,null,null,null,null,null]"	SOURCE_PRESERVED_LOCAL_VALIDATION	includes/POD/MasterCatalogV2MigrationContract.php:6	tests/wordpress/MasterCatalogMixedCandidateTest.php:21::testMixedCandidatePersistsAllDispositionsAndReplaysExactEvidence; tests/wordpress/MasterCatalogMixedCandidateTest.php:42::testForgedNormalizedEvidenceIsRejectedBeforePersistence	DG identity/disposition/notes preserved; 428 KEEP,37 MERGE,35 DOWNGRADE; no destructive migration.
Source_Migration_500	411	"[""DG-410"",""W4"",""AOP Leggings"",""Child face"",""FACE_REPEAT"",""MERGE"",""Keep the buyer intent as a recipient/style/personalization option; do not spend a dedicated listing slot."",null,""Yes"",null,null,null,null,null,null,null,null,null,null,null,null,null,null,null,null,null]"	SOURCE_PRESERVED_LOCAL_VALIDATION	includes/POD/MasterCatalogV2MigrationContract.php:6	tests/wordpress/MasterCatalogMixedCandidateTest.php:21::testMixedCandidatePersistsAllDispositionsAndReplaysExactEvidence; tests/wordpress/MasterCatalogMixedCandidateTest.php:42::testForgedNormalizedEvidenceIsRejectedBeforePersistence	DG identity/disposition/notes preserved; 428 KEEP,37 MERGE,35 DOWNGRADE; no destructive migration.
Source_Migration_500	412	"[""DG-411"",""W4"",""AOP Leggings"",""Mom"",""FACE_REPEAT"",""MERGE"",""Keep the buyer intent as a recipient/style/personalization option; do not spend a dedicated listing slot."",null,""Yes"",null,null,null,null,null,null,null,null,null,null,null,null,null,null,null,null,null]"	SOURCE_PRESERVED_LOCAL_VALIDATION	includes/POD/MasterCatalogV2MigrationContract.php:6	tests/wordpress/MasterCatalogMixedCandidateTest.php:21::testMixedCandidatePersistsAllDispositionsAndReplaysExactEvidence; tests/wordpress/MasterCatalogMixedCandidateTest.php:42::testForgedNormalizedEvidenceIsRejectedBeforePersistence	DG identity/disposition/notes preserved; 428 KEEP,37 MERGE,35 DOWNGRADE; no destructive migration.
Source_Migration_500	413	"[""DG-412"",""W4"",""AOP Leggings"",""Dad"",""FACE_REPEAT"",""MERGE"",""Keep the buyer intent as a recipient/style/personalization option; do not spend a dedicated listing slot."",null,""Yes"",null,null,null,null,null,null,null,null,null,null,null,null,null,null,null,null,null]"	SOURCE_PRESERVED_LOCAL_VALIDATION	includes/POD/MasterCatalogV2MigrationContract.php:6	tests/wordpress/MasterCatalogMixedCandidateTest.php:21::testMixedCandidatePersistsAllDispositionsAndReplaysExactEvidence; tests/wordpress/MasterCatalogMixedCandidateTest.php:42::testForgedNormalizedEvidenceIsRejectedBeforePersistence	DG identity/disposition/notes preserved; 428 KEEP,37 MERGE,35 DOWNGRADE; no destructive migration.
Source_Migration_500	414	"[""DG-413"",""W4"",""AOP Leggings"",""Best friend"",""FACE_REPEAT"",""MERGE"",""Keep the buyer intent as a recipient/style/personalization option; do not spend a dedicated listing slot."",null,""Yes"",null,null,null,null,null,null,null,null,null,null,null,null,null,null,null,null,null]"	SOURCE_PRESERVED_LOCAL_VALIDATION	includes/POD/MasterCatalogV2MigrationContract.php:6	tests/wordpress/MasterCatalogMixedCandidateTest.php:21::testMixedCandidatePersistsAllDispositionsAndReplaysExactEvidence; tests/wordpress/MasterCatalogMixedCandidateTest.php:42::testForgedNormalizedEvidenceIsRejectedBeforePersistence	DG identity/disposition/notes preserved; 428 KEEP,37 MERGE,35 DOWNGRADE; no destructive migration.
Source_Migration_500	415	"[""DG-414"",""W4"",""AOP Leggings"",""Birthday"",""FACE_REPEAT"",""MERGE"",""Keep the buyer intent as a recipient/style/personalization option; do not spend a dedicated listing slot."",null,""Yes"",null,null,null,null,null,null,null,null,null,null,null,null,null,null,null,null,null]"	SOURCE_PRESERVED_LOCAL_VALIDATION	includes/POD/MasterCatalogV2MigrationContract.php:6	tests/wordpress/MasterCatalogMixedCandidateTest.php:21::testMixedCandidatePersistsAllDispositionsAndReplaysExactEvidence; tests/wordpress/MasterCatalogMixedCandidateTest.php:42::testForgedNormalizedEvidenceIsRejectedBeforePersistence	DG identity/disposition/notes preserved; 428 KEEP,37 MERGE,35 DOWNGRADE; no destructive migration.
Source_Migration_500	416	"[""DG-415"",""W4"",""AOP Leggings"",""Bride"",""FACE_REPEAT"",""MERGE"",""Keep the buyer intent as a recipient/style/personalization option; do not spend a dedicated listing slot."",null,""Yes"",null,null,null,null,null,null,null,null,null,null,null,null,null,null,null,null,null]"	SOURCE_PRESERVED_LOCAL_VALIDATION	includes/POD/MasterCatalogV2MigrationContract.php:6	tests/wordpress/MasterCatalogMixedCandidateTest.php:21::testMixedCandidatePersistsAllDispositionsAndReplaysExactEvidence; tests/wordpress/MasterCatalogMixedCandidateTest.php:42::testForgedNormalizedEvidenceIsRejectedBeforePersistence	DG identity/disposition/notes preserved; 428 KEEP,37 MERGE,35 DOWNGRADE; no destructive migration.
Source_Migration_500	417	"[""DG-416"",""W4"",""AOP Leggings"",""Bridesmaids"",""FACE_REPEAT"",""MERGE"",""Keep the buyer intent as a recipient/style/personalization option; do not spend a dedicated listing slot."",null,""Yes"",null,null,null,null,null,null,null,null,null,null,null,null,null,null,null,null,null]"	SOURCE_PRESERVED_LOCAL_VALIDATION	includes/POD/MasterCatalogV2MigrationContract.php:6	tests/wordpress/MasterCatalogMixedCandidateTest.php:21::testMixedCandidatePersistsAllDispositionsAndReplaysExactEvidence; tests/wordpress/MasterCatalogMixedCandidateTest.php:42::testForgedNormalizedEvidenceIsRejectedBeforePersistence	DG identity/disposition/notes preserved; 428 KEEP,37 MERGE,35 DOWNGRADE; no destructive migration.
Source_Migration_500	418	"[""DG-417"",""W4"",""AOP Leggings"",""Christmas"",""FACE_REPEAT"",""KEEP"",""Retain as an active v2 listing concept."",""DG2-365"",""No"",null,null,null,null,null,null,null,null,null,null,null,null,null,null,null,null,null]"	SOURCE_PRESERVED_LOCAL_VALIDATION	includes/POD/MasterCatalogV2MigrationContract.php:6	tests/wordpress/MasterCatalogMixedCandidateTest.php:21::testMixedCandidatePersistsAllDispositionsAndReplaysExactEvidence; tests/wordpress/MasterCatalogMixedCandidateTest.php:42::testForgedNormalizedEvidenceIsRejectedBeforePersistence	DG identity/disposition/notes preserved; 428 KEEP,37 MERGE,35 DOWNGRADE; no destructive migration.
Source_Migration_500	419	"[""DG-418"",""W4"",""AOP Leggings"",""Valentine"",""FACE_REPEAT"",""MERGE"",""Keep the buyer intent as a recipient/style/personalization option; do not spend a dedicated listing slot."",null,""Yes"",null,null,null,null,null,null,null,null,null,null,null,null,null,null,null,null,null]"	SOURCE_PRESERVED_LOCAL_VALIDATION	includes/POD/MasterCatalogV2MigrationContract.php:6	tests/wordpress/MasterCatalogMixedCandidateTest.php:21::testMixedCandidatePersistsAllDispositionsAndReplaysExactEvidence; tests/wordpress/MasterCatalogMixedCandidateTest.php:42::testForgedNormalizedEvidenceIsRejectedBeforePersistence	DG identity/disposition/notes preserved; 428 KEEP,37 MERGE,35 DOWNGRADE; no destructive migration.
Source_Migration_500	420	"[""DG-419"",""W4"",""AOP Leggings"",""Graduation"",""FACE_REPEAT"",""MERGE"",""Keep the buyer intent as a recipient/style/personalization option; do not spend a dedicated listing slot."",null,""Yes"",null,null,null,null,null,null,null,null,null,null,null,null,null,null,null,null,null]"	SOURCE_PRESERVED_LOCAL_VALIDATION	includes/POD/MasterCatalogV2MigrationContract.php:6	tests/wordpress/MasterCatalogMixedCandidateTest.php:21::testMixedCandidatePersistsAllDispositionsAndReplaysExactEvidence; tests/wordpress/MasterCatalogMixedCandidateTest.php:42::testForgedNormalizedEvidenceIsRejectedBeforePersistence	DG identity/disposition/notes preserved; 428 KEEP,37 MERGE,35 DOWNGRADE; no destructive migration.
Source_Migration_500	421	"[""DG-420"",""W4"",""AOP Leggings"",""Pet + name repeat"",""FACE_REPEAT"",""KEEP"",""Retain as an active v2 listing concept."",""DG2-366"",""No"",null,null,null,null,null,null,null,null,null,null,null,null,null,null,null,null,null]"	SOURCE_PRESERVED_LOCAL_VALIDATION	includes/POD/MasterCatalogV2MigrationContract.php:6	tests/wordpress/MasterCatalogMixedCandidateTest.php:21::testMixedCandidatePersistsAllDispositionsAndReplaysExactEvidence; tests/wordpress/MasterCatalogMixedCandidateTest.php:42::testForgedNormalizedEvidenceIsRejectedBeforePersistence	DG identity/disposition/notes preserved; 428 KEEP,37 MERGE,35 DOWNGRADE; no destructive migration.
Source_Migration_500	422	"[""DG-421"",""W4"",""AOP Leggings"",""Face + hearts"",""FACE_REPEAT"",""KEEP"",""Retain as an active v2 listing concept."",""DG2-367"",""No"",null,null,null,null,null,null,null,null,null,null,null,null,null,null,null,null,null]"	SOURCE_PRESERVED_LOCAL_VALIDATION	includes/POD/MasterCatalogV2MigrationContract.php:6	tests/wordpress/MasterCatalogMixedCandidateTest.php:21::testMixedCandidatePersistsAllDispositionsAndReplaysExactEvidence; tests/wordpress/MasterCatalogMixedCandidateTest.php:42::testForgedNormalizedEvidenceIsRejectedBeforePersistence	DG identity/disposition/notes preserved; 428 KEEP,37 MERGE,35 DOWNGRADE; no destructive migration.
Source_Migration_500	423	"[""DG-422"",""W4"",""AOP Leggings"",""Face + flowers"",""FACE_REPEAT"",""KEEP"",""Retain as an active v2 listing concept."",""DG2-368"",""No"",null,null,null,null,null,null,null,null,null,null,null,null,null,null,null,null,null]"	SOURCE_PRESERVED_LOCAL_VALIDATION	includes/POD/MasterCatalogV2MigrationContract.php:6	tests/wordpress/MasterCatalogMixedCandidateTest.php:21::testMixedCandidatePersistsAllDispositionsAndReplaysExactEvidence; tests/wordpress/MasterCatalogMixedCandidateTest.php:42::testForgedNormalizedEvidenceIsRejectedBeforePersistence	DG identity/disposition/notes preserved; 428 KEEP,37 MERGE,35 DOWNGRADE; no destructive migration.
Source_Migration_500	424	"[""DG-423"",""W4"",""AOP Leggings"",""Face + color"",""FACE_REPEAT"",""MERGE"",""Keep the buyer intent as a recipient/style/personalization option; do not spend a dedicated listing slot."",null,""Yes"",null,null,null,null,null,null,null,null,null,null,null,null,null,null,null,null,null]"	SOURCE_PRESERVED_LOCAL_VALIDATION	includes/POD/MasterCatalogV2MigrationContract.php:6	tests/wordpress/MasterCatalogMixedCandidateTest.php:21::testMixedCandidatePersistsAllDispositionsAndReplaysExactEvidence; tests/wordpress/MasterCatalogMixedCandidateTest.php:42::testForgedNormalizedEvidenceIsRejectedBeforePersistence	DG identity/disposition/notes preserved; 428 KEEP,37 MERGE,35 DOWNGRADE; no destructive migration.
Source_Migration_500	425	"[""DG-424"",""W4"",""AOP Leggings"",""Multi-face family"",""FACE_REPEAT"",""KEEP"",""Retain as an active v2 listing concept."",""DG2-369"",""No"",null,null,null,null,null,null,null,null,null,null,null,null,null,null,null,null,null]"	SOURCE_PRESERVED_LOCAL_VALIDATION	includes/POD/MasterCatalogV2MigrationContract.php:6	tests/wordpress/MasterCatalogMixedCandidateTest.php:21::testMixedCandidatePersistsAllDispositionsAndReplaysExactEvidence; tests/wordpress/MasterCatalogMixedCandidateTest.php:42::testForgedNormalizedEvidenceIsRejectedBeforePersistence	DG identity/disposition/notes preserved; 428 KEEP,37 MERGE,35 DOWNGRADE; no destructive migration.
Source_Migration_500	426	"[""DG-425"",""W4"",""AOP Leggings"",""Face + message"",""FACE_REPEAT"",""KEEP"",""Retain as an active v2 listing concept."",""DG2-370"",""No"",null,null,null,null,null,null,null,null,null,null,null,null,null,null,null,null,null]"	SOURCE_PRESERVED_LOCAL_VALIDATION	includes/POD/MasterCatalogV2MigrationContract.php:6	tests/wordpress/MasterCatalogMixedCandidateTest.php:21::testMixedCandidatePersistsAllDispositionsAndReplaysExactEvidence; tests/wordpress/MasterCatalogMixedCandidateTest.php:42::testForgedNormalizedEvidenceIsRejectedBeforePersistence	DG identity/disposition/notes preserved; 428 KEEP,37 MERGE,35 DOWNGRADE; no destructive migration.
Source_Migration_500	427	"[""DG-426"",""W4"",""Personalized Pajamas"",""Dog face repeat"",""FACE_REPEAT"",""KEEP"",""Retain as an active v2 listing concept."",""DG2-371"",""No"",null,null,null,null,null,null,null,null,null,null,null,null,null,null,null,null,null]"	SOURCE_PRESERVED_LOCAL_VALIDATION	includes/POD/MasterCatalogV2MigrationContract.php:6	tests/wordpress/MasterCatalogMixedCandidateTest.php:21::testMixedCandidatePersistsAllDispositionsAndReplaysExactEvidence; tests/wordpress/MasterCatalogMixedCandidateTest.php:42::testForgedNormalizedEvidenceIsRejectedBeforePersistence	DG identity/disposition/notes preserved; 428 KEEP,37 MERGE,35 DOWNGRADE; no destructive migration.
Source_Migration_500	428	"[""DG-427"",""W4"",""Personalized Pajamas"",""Cat face repeat"",""FACE_REPEAT"",""KEEP"",""Retain as an active v2 listing concept."",""DG2-372"",""No"",null,null,null,null,null,null,null,null,null,null,null,null,null,null,null,null,null]"	SOURCE_PRESERVED_LOCAL_VALIDATION	includes/POD/MasterCatalogV2MigrationContract.php:6	tests/wordpress/MasterCatalogMixedCandidateTest.php:21::testMixedCandidatePersistsAllDispositionsAndReplaysExactEvidence; tests/wordpress/MasterCatalogMixedCandidateTest.php:42::testForgedNormalizedEvidenceIsRejectedBeforePersistence	DG identity/disposition/notes preserved; 428 KEEP,37 MERGE,35 DOWNGRADE; no destructive migration.
Source_Migration_500	429	"[""DG-428"",""W4"",""Personalized Pajamas"",""Multi-pet repeat"",""FACE_REPEAT"",""KEEP"",""Retain as an active v2 listing concept."",""DG2-373"",""No"",null,null,null,null,null,null,null,null,null,null,null,null,null,null,null,null,null]"	SOURCE_PRESERVED_LOCAL_VALIDATION	includes/POD/MasterCatalogV2MigrationContract.php:6	tests/wordpress/MasterCatalogMixedCandidateTest.php:21::testMixedCandidatePersistsAllDispositionsAndReplaysExactEvidence; tests/wordpress/MasterCatalogMixedCandidateTest.php:42::testForgedNormalizedEvidenceIsRejectedBeforePersistence	DG identity/disposition/notes preserved; 428 KEEP,37 MERGE,35 DOWNGRADE; no destructive migration.
Source_Migration_500	430	"[""DG-429"",""W4"",""Personalized Pajamas"",""Pet + name"",""FACE_REPEAT"",""KEEP"",""Retain as an active v2 listing concept."",""DG2-374"",""No"",null,null,null,null,null,null,null,null,null,null,null,null,null,null,null,null,null]"	SOURCE_PRESERVED_LOCAL_VALIDATION	includes/POD/MasterCatalogV2MigrationContract.php:6	tests/wordpress/MasterCatalogMixedCandidateTest.php:21::testMixedCandidatePersistsAllDispositionsAndReplaysExactEvidence; tests/wordpress/MasterCatalogMixedCandidateTest.php:42::testForgedNormalizedEvidenceIsRejectedBeforePersistence	DG identity/disposition/notes preserved; 428 KEEP,37 MERGE,35 DOWNGRADE; no destructive migration.
Source_Migration_500	431	"[""DG-430"",""W4"",""Personalized Pajamas"",""Boyfriend face"",""FACE_REPEAT"",""MERGE"",""Keep the buyer intent as a recipient/style/personalization option; do not spend a dedicated listing slot."",null,""Yes"",null,null,null,null,null,null,null,null,null,null,null,null,null,null,null,null,null]"	SOURCE_PRESERVED_LOCAL_VALIDATION	includes/POD/MasterCatalogV2MigrationContract.php:6	tests/wordpress/MasterCatalogMixedCandidateTest.php:21::testMixedCandidatePersistsAllDispositionsAndReplaysExactEvidence; tests/wordpress/MasterCatalogMixedCandidateTest.php:42::testForgedNormalizedEvidenceIsRejectedBeforePersistence	DG identity/disposition/notes preserved; 428 KEEP,37 MERGE,35 DOWNGRADE; no destructive migration.
Source_Migration_500	432	"[""DG-431"",""W4"",""Personalized Pajamas"",""Girlfriend face"",""FACE_REPEAT"",""MERGE"",""Keep the buyer intent as a recipient/style/personalization option; do not spend a dedicated listing slot."",null,""Yes"",null,null,null,null,null,null,null,null,null,null,null,null,null,null,null,null,null]"	SOURCE_PRESERVED_LOCAL_VALIDATION	includes/POD/MasterCatalogV2MigrationContract.php:6	tests/wordpress/MasterCatalogMixedCandidateTest.php:21::testMixedCandidatePersistsAllDispositionsAndReplaysExactEvidence; tests/wordpress/MasterCatalogMixedCandidateTest.php:42::testForgedNormalizedEvidenceIsRejectedBeforePersistence	DG identity/disposition/notes preserved; 428 KEEP,37 MERGE,35 DOWNGRADE; no destructive migration.
Source_Migration_500	433	"[""DG-432"",""W4"",""Personalized Pajamas"",""Husband face"",""FACE_REPEAT"",""MERGE"",""Keep the buyer intent as a recipient/style/personalization option; do not spend a dedicated listing slot."",null,""Yes"",null,null,null,null,null,null,null,null,null,null,null,null,null,null,null,null,null]"	SOURCE_PRESERVED_LOCAL_VALIDATION	includes/POD/MasterCatalogV2MigrationContract.php:6	tests/wordpress/MasterCatalogMixedCandidateTest.php:21::testMixedCandidatePersistsAllDispositionsAndReplaysExactEvidence; tests/wordpress/MasterCatalogMixedCandidateTest.php:42::testForgedNormalizedEvidenceIsRejectedBeforePersistence	DG identity/disposition/notes preserved; 428 KEEP,37 MERGE,35 DOWNGRADE; no destructive migration.
Source_Migration_500	434	"[""DG-433"",""W4"",""Personalized Pajamas"",""Wife face"",""FACE_REPEAT"",""MERGE"",""Keep the buyer intent as a recipient/style/personalization option; do not spend a dedicated listing slot."",null,""Yes"",null,null,null,null,null,null,null,null,null,null,null,null,null,null,null,null,null]"	SOURCE_PRESERVED_LOCAL_VALIDATION	includes/POD/MasterCatalogV2MigrationContract.php:6	tests/wordpress/MasterCatalogMixedCandidateTest.php:21::testMixedCandidatePersistsAllDispositionsAndReplaysExactEvidence; tests/wordpress/MasterCatalogMixedCandidateTest.php:42::testForgedNormalizedEvidenceIsRejectedBeforePersistence	DG identity/disposition/notes preserved; 428 KEEP,37 MERGE,35 DOWNGRADE; no destructive migration.
Source_Migration_500	435	"[""DG-434"",""W4"",""Personalized Pajamas"",""Couple faces"",""FACE_REPEAT"",""KEEP"",""Retain as an active v2 listing concept."",""DG2-375"",""No"",null,null,null,null,null,null,null,null,null,null,null,null,null,null,null,null,null]"	SOURCE_PRESERVED_LOCAL_VALIDATION	includes/POD/MasterCatalogV2MigrationContract.php:6	tests/wordpress/MasterCatalogMixedCandidateTest.php:21::testMixedCandidatePersistsAllDispositionsAndReplaysExactEvidence; tests/wordpress/MasterCatalogMixedCandidateTest.php:42::testForgedNormalizedEvidenceIsRejectedBeforePersistence	DG identity/disposition/notes preserved; 428 KEEP,37 MERGE,35 DOWNGRADE; no destructive migration.
Source_Migration_500	436	"[""DG-435"",""W4"",""Personalized Pajamas"",""Child face"",""FACE_REPEAT"",""KEEP"",""Retain as an active v2 listing concept."",""DG2-376"",""No"",null,null,null,null,null,null,null,null,null,null,null,null,null,null,null,null,null]"	SOURCE_PRESERVED_LOCAL_VALIDATION	includes/POD/MasterCatalogV2MigrationContract.php:6	tests/wordpress/MasterCatalogMixedCandidateTest.php:21::testMixedCandidatePersistsAllDispositionsAndReplaysExactEvidence; tests/wordpress/MasterCatalogMixedCandidateTest.php:42::testForgedNormalizedEvidenceIsRejectedBeforePersistence	DG identity/disposition/notes preserved; 428 KEEP,37 MERGE,35 DOWNGRADE; no destructive migration.
Source_Migration_500	437	"[""DG-436"",""W4"",""Personalized Pajamas"",""Baby face"",""FACE_REPEAT"",""KEEP"",""Retain as an active v2 listing concept."",""DG2-377"",""No"",null,null,null,null,null,null,null,null,null,null,null,null,null,null,null,null,null]"	SOURCE_PRESERVED_LOCAL_VALIDATION	includes/POD/MasterCatalogV2MigrationContract.php:6	tests/wordpress/MasterCatalogMixedCandidateTest.php:21::testMixedCandidatePersistsAllDispositionsAndReplaysExactEvidence; tests/wordpress/MasterCatalogMixedCandidateTest.php:42::testForgedNormalizedEvidenceIsRejectedBeforePersistence	DG identity/disposition/notes preserved; 428 KEEP,37 MERGE,35 DOWNGRADE; no destructive migration.
Source_Migration_500	438	"[""DG-437"",""W4"",""Personalized Pajamas"",""Family faces"",""FACE_REPEAT"",""KEEP"",""Retain as an active v2 listing concept."",""DG2-378"",""No"",null,null,null,null,null,null,null,null,null,null,null,null,null,null,null,null,null]"	SOURCE_PRESERVED_LOCAL_VALIDATION	includes/POD/MasterCatalogV2MigrationContract.php:6	tests/wordpress/MasterCatalogMixedCandidateTest.php:21::testMixedCandidatePersistsAllDispositionsAndReplaysExactEvidence; tests/wordpress/MasterCatalogMixedCandidateTest.php:42::testForgedNormalizedEvidenceIsRejectedBeforePersistence	DG identity/disposition/notes preserved; 428 KEEP,37 MERGE,35 DOWNGRADE; no destructive migration.
Source_Migration_500	439	"[""DG-438"",""W4"",""Personalized Pajamas"",""Dad"",""FACE_REPEAT"",""MERGE"",""Keep the buyer intent as a recipient/style/personalization option; do not spend a dedicated listing slot."",null,""Yes"",null,null,null,null,null,null,null,null,null,null,null,null,null,null,null,null,null]"	SOURCE_PRESERVED_LOCAL_VALIDATION	includes/POD/MasterCatalogV2MigrationContract.php:6	tests/wordpress/MasterCatalogMixedCandidateTest.php:21::testMixedCandidatePersistsAllDispositionsAndReplaysExactEvidence; tests/wordpress/MasterCatalogMixedCandidateTest.php:42::testForgedNormalizedEvidenceIsRejectedBeforePersistence	DG identity/disposition/notes preserved; 428 KEEP,37 MERGE,35 DOWNGRADE; no destructive migration.
Source_Migration_500	440	"[""DG-439"",""W4"",""Personalized Pajamas"",""Mom"",""FACE_REPEAT"",""MERGE"",""Keep the buyer intent as a recipient/style/personalization option; do not spend a dedicated listing slot."",null,""Yes"",null,null,null,null,null,null,null,null,null,null,null,null,null,null,null,null,null]"	SOURCE_PRESERVED_LOCAL_VALIDATION	includes/POD/MasterCatalogV2MigrationContract.php:6	tests/wordpress/MasterCatalogMixedCandidateTest.php:21::testMixedCandidatePersistsAllDispositionsAndReplaysExactEvidence; tests/wordpress/MasterCatalogMixedCandidateTest.php:42::testForgedNormalizedEvidenceIsRejectedBeforePersistence	DG identity/disposition/notes preserved; 428 KEEP,37 MERGE,35 DOWNGRADE; no destructive migration.
Source_Migration_500	441	"[""DG-440"",""W4"",""Personalized Pajamas"",""Grandpa"",""FACE_REPEAT"",""MERGE"",""Keep the buyer intent as a recipient/style/personalization option; do not spend a dedicated listing slot."",null,""Yes"",null,null,null,null,null,null,null,null,null,null,null,null,null,null,null,null,null]"	SOURCE_PRESERVED_LOCAL_VALIDATION	includes/POD/MasterCatalogV2MigrationContract.php:6	tests/wordpress/MasterCatalogMixedCandidateTest.php:21::testMixedCandidatePersistsAllDispositionsAndReplaysExactEvidence; tests/wordpress/MasterCatalogMixedCandidateTest.php:42::testForgedNormalizedEvidenceIsRejectedBeforePersistence	DG identity/disposition/notes preserved; 428 KEEP,37 MERGE,35 DOWNGRADE; no destructive migration.
Source_Migration_500	442	"[""DG-441"",""W4"",""Personalized Pajamas"",""Grandma"",""FACE_REPEAT"",""MERGE"",""Keep the buyer intent as a recipient/style/personalization option; do not spend a dedicated listing slot."",null,""Yes"",null,null,null,null,null,null,null,null,null,null,null,null,null,null,null,null,null]"	SOURCE_PRESERVED_LOCAL_VALIDATION	includes/POD/MasterCatalogV2MigrationContract.php:6	tests/wordpress/MasterCatalogMixedCandidateTest.php:21::testMixedCandidatePersistsAllDispositionsAndReplaysExactEvidence; tests/wordpress/MasterCatalogMixedCandidateTest.php:42::testForgedNormalizedEvidenceIsRejectedBeforePersistence	DG identity/disposition/notes preserved; 428 KEEP,37 MERGE,35 DOWNGRADE; no destructive migration.
Source_Migration_500	443	"[""DG-442"",""W4"",""Personalized Pajamas"",""Best friend"",""FACE_REPEAT"",""MERGE"",""Keep the buyer intent as a recipient/style/personalization option; do not spend a dedicated listing slot."",null,""Yes"",null,null,null,null,null,null,null,null,null,null,null,null,null,null,null,null,null]"	SOURCE_PRESERVED_LOCAL_VALIDATION	includes/POD/MasterCatalogV2MigrationContract.php:6	tests/wordpress/MasterCatalogMixedCandidateTest.php:21::testMixedCandidatePersistsAllDispositionsAndReplaysExactEvidence; tests/wordpress/MasterCatalogMixedCandidateTest.php:42::testForgedNormalizedEvidenceIsRejectedBeforePersistence	DG identity/disposition/notes preserved; 428 KEEP,37 MERGE,35 DOWNGRADE; no destructive migration.
Source_Migration_500	444	"[""DG-443"",""W4"",""Personalized Pajamas"",""Birthday"",""FACE_REPEAT"",""MERGE"",""Keep the buyer intent as a recipient/style/personalization option; do not spend a dedicated listing slot."",null,""Yes"",null,null,null,null,null,null,null,null,null,null,null,null,null,null,null,null,null]"	SOURCE_PRESERVED_LOCAL_VALIDATION	includes/POD/MasterCatalogV2MigrationContract.php:6	tests/wordpress/MasterCatalogMixedCandidateTest.php:21::testMixedCandidatePersistsAllDispositionsAndReplaysExactEvidence; tests/wordpress/MasterCatalogMixedCandidateTest.php:42::testForgedNormalizedEvidenceIsRejectedBeforePersistence	DG identity/disposition/notes preserved; 428 KEEP,37 MERGE,35 DOWNGRADE; no destructive migration.
Source_Migration_500	445	"[""DG-444"",""W4"",""Personalized Pajamas"",""Bride"",""FACE_REPEAT"",""KEEP"",""Retain as an active v2 listing concept."",""DG2-379"",""No"",null,null,null,null,null,null,null,null,null,null,null,null,null,null,null,null,null]"	SOURCE_PRESERVED_LOCAL_VALIDATION	includes/POD/MasterCatalogV2MigrationContract.php:6	tests/wordpress/MasterCatalogMixedCandidateTest.php:21::testMixedCandidatePersistsAllDispositionsAndReplaysExactEvidence; tests/wordpress/MasterCatalogMixedCandidateTest.php:42::testForgedNormalizedEvidenceIsRejectedBeforePersistence	DG identity/disposition/notes preserved; 428 KEEP,37 MERGE,35 DOWNGRADE; no destructive migration.
Source_Migration_500	446	"[""DG-445"",""W4"",""Personalized Pajamas"",""Bridesmaids"",""FACE_REPEAT"",""KEEP"",""Retain as an active v2 listing concept."",""DG2-380"",""No"",null,null,null,null,null,null,null,null,null,null,null,null,null,null,null,null,null]"	SOURCE_PRESERVED_LOCAL_VALIDATION	includes/POD/MasterCatalogV2MigrationContract.php:6	tests/wordpress/MasterCatalogMixedCandidateTest.php:21::testMixedCandidatePersistsAllDispositionsAndReplaysExactEvidence; tests/wordpress/MasterCatalogMixedCandidateTest.php:42::testForgedNormalizedEvidenceIsRejectedBeforePersistence	DG identity/disposition/notes preserved; 428 KEEP,37 MERGE,35 DOWNGRADE; no destructive migration.
Source_Migration_500	447	"[""DG-446"",""W4"",""Personalized Pajamas"",""Christmas family"",""FACE_REPEAT"",""KEEP"",""Retain as an active v2 listing concept."",""DG2-381"",""No"",null,null,null,null,null,null,null,null,null,null,null,null,null,null,null,null,null]"	SOURCE_PRESERVED_LOCAL_VALIDATION	includes/POD/MasterCatalogV2MigrationContract.php:6	tests/wordpress/MasterCatalogMixedCandidateTest.php:21::testMixedCandidatePersistsAllDispositionsAndReplaysExactEvidence; tests/wordpress/MasterCatalogMixedCandidateTest.php:42::testForgedNormalizedEvidenceIsRejectedBeforePersistence	DG identity/disposition/notes preserved; 428 KEEP,37 MERGE,35 DOWNGRADE; no destructive migration.
Source_Migration_500	448	"[""DG-447"",""W4"",""Personalized Pajamas"",""Valentine couple"",""FACE_REPEAT"",""KEEP"",""Retain as an active v2 listing concept."",""DG2-382"",""No"",null,null,null,null,null,null,null,null,null,null,null,null,null,null,null,null,null]"	SOURCE_PRESERVED_LOCAL_VALIDATION	includes/POD/MasterCatalogV2MigrationContract.php:6	tests/wordpress/MasterCatalogMixedCandidateTest.php:21::testMixedCandidatePersistsAllDispositionsAndReplaysExactEvidence; tests/wordpress/MasterCatalogMixedCandidateTest.php:42::testForgedNormalizedEvidenceIsRejectedBeforePersistence	DG identity/disposition/notes preserved; 428 KEEP,37 MERGE,35 DOWNGRADE; no destructive migration.
Source_Migration_500	449	"[""DG-448"",""W4"",""Personalized Pajamas"",""Father Day"",""FACE_REPEAT"",""KEEP"",""Retain as an active v2 listing concept."",""DG2-383"",""No"",null,null,null,null,null,null,null,null,null,null,null,null,null,null,null,null,null]"	SOURCE_PRESERVED_LOCAL_VALIDATION	includes/POD/MasterCatalogV2MigrationContract.php:6	tests/wordpress/MasterCatalogMixedCandidateTest.php:21::testMixedCandidatePersistsAllDispositionsAndReplaysExactEvidence; tests/wordpress/MasterCatalogMixedCandidateTest.php:42::testForgedNormalizedEvidenceIsRejectedBeforePersistence	DG identity/disposition/notes preserved; 428 KEEP,37 MERGE,35 DOWNGRADE; no destructive migration.
Source_Migration_500	450	"[""DG-449"",""W4"",""Personalized Pajamas"",""Mother Day"",""FACE_REPEAT"",""KEEP"",""Retain as an active v2 listing concept."",""DG2-384"",""No"",null,null,null,null,null,null,null,null,null,null,null,null,null,null,null,null,null]"	SOURCE_PRESERVED_LOCAL_VALIDATION	includes/POD/MasterCatalogV2MigrationContract.php:6	tests/wordpress/MasterCatalogMixedCandidateTest.php:21::testMixedCandidatePersistsAllDispositionsAndReplaysExactEvidence; tests/wordpress/MasterCatalogMixedCandidateTest.php:42::testForgedNormalizedEvidenceIsRejectedBeforePersistence	DG identity/disposition/notes preserved; 428 KEEP,37 MERGE,35 DOWNGRADE; no destructive migration.
Source_Migration_500	451	"[""DG-450"",""W4"",""Personalized Pajamas"",""Pet memorial"",""MEMORIAL"",""KEEP"",""Retain as an active v2 listing concept."",""DG2-385"",""No"",null,null,null,null,null,null,null,null,null,null,null,null,null,null,null,null,null]"	SOURCE_PRESERVED_LOCAL_VALIDATION	includes/POD/MasterCatalogV2MigrationContract.php:6	tests/wordpress/MasterCatalogMixedCandidateTest.php:21::testMixedCandidatePersistsAllDispositionsAndReplaysExactEvidence; tests/wordpress/MasterCatalogMixedCandidateTest.php:42::testForgedNormalizedEvidenceIsRejectedBeforePersistence	DG identity/disposition/notes preserved; 428 KEEP,37 MERGE,35 DOWNGRADE; no destructive migration.
Source_Migration_500	452	"[""DG-451"",""W5"",""Family/Couple/Memorial Gifts"",""Wedding photo gift"",""MULTI_PHOTO"",""KEEP"",""Retain as an active v2 listing concept."",""DG2-386"",""No"",null,null,null,null,null,null,null,null,null,null,null,null,null,null,null,null,null]"	SOURCE_PRESERVED_LOCAL_VALIDATION	includes/POD/MasterCatalogV2MigrationContract.php:6	tests/wordpress/MasterCatalogMixedCandidateTest.php:21::testMixedCandidatePersistsAllDispositionsAndReplaysExactEvidence; tests/wordpress/MasterCatalogMixedCandidateTest.php:42::testForgedNormalizedEvidenceIsRejectedBeforePersistence	DG identity/disposition/notes preserved; 428 KEEP,37 MERGE,35 DOWNGRADE; no destructive migration.
Source_Migration_500	453	"[""DG-452"",""W5"",""Family/Couple/Memorial Gifts"",""First anniversary"",""MULTI_PHOTO"",""KEEP"",""Retain as an active v2 listing concept."",""DG2-387"",""No"",null,null,null,null,null,null,null,null,null,null,null,null,null,null,null,null,null]"	SOURCE_PRESERVED_LOCAL_VALIDATION	includes/POD/MasterCatalogV2MigrationContract.php:6	tests/wordpress/MasterCatalogMixedCandidateTest.php:21::testMixedCandidatePersistsAllDispositionsAndReplaysExactEvidence; tests/wordpress/MasterCatalogMixedCandidateTest.php:42::testForgedNormalizedEvidenceIsRejectedBeforePersistence	DG identity/disposition/notes preserved; 428 KEEP,37 MERGE,35 DOWNGRADE; no destructive migration.
Source_Migration_500	454	"[""DG-453"",""W5"",""Family/Couple/Memorial Gifts"",""10th anniversary"",""MULTI_PHOTO"",""KEEP"",""Retain as an active v2 listing concept."",""DG2-388"",""No"",null,null,null,null,null,null,null,null,null,null,null,null,null,null,null,null,null]"	SOURCE_PRESERVED_LOCAL_VALIDATION	includes/POD/MasterCatalogV2MigrationContract.php:6	tests/wordpress/MasterCatalogMixedCandidateTest.php:21::testMixedCandidatePersistsAllDispositionsAndReplaysExactEvidence; tests/wordpress/MasterCatalogMixedCandidateTest.php:42::testForgedNormalizedEvidenceIsRejectedBeforePersistence	DG identity/disposition/notes preserved; 428 KEEP,37 MERGE,35 DOWNGRADE; no destructive migration.
Source_Migration_500	455	"[""DG-454"",""W5"",""Family/Couple/Memorial Gifts"",""25th anniversary"",""MULTI_PHOTO"",""KEEP"",""Retain as an active v2 listing concept."",""DG2-389"",""No"",null,null,null,null,null,null,null,null,null,null,null,null,null,null,null,null,null]"	SOURCE_PRESERVED_LOCAL_VALIDATION	includes/POD/MasterCatalogV2MigrationContract.php:6	tests/wordpress/MasterCatalogMixedCandidateTest.php:21::testMixedCandidatePersistsAllDispositionsAndReplaysExactEvidence; tests/wordpress/MasterCatalogMixedCandidateTest.php:42::testForgedNormalizedEvidenceIsRejectedBeforePersistence	DG identity/disposition/notes preserved; 428 KEEP,37 MERGE,35 DOWNGRADE; no destructive migration.
Source_Migration_500	456	"[""DG-455"",""W5"",""Family/Couple/Memorial Gifts"",""50th anniversary"",""MULTI_PHOTO"",""KEEP"",""Retain as an active v2 listing concept."",""DG2-390"",""No"",null,null,null,null,null,null,null,null,null,null,null,null,null,null,null,null,null]"	SOURCE_PRESERVED_LOCAL_VALIDATION	includes/POD/MasterCatalogV2MigrationContract.php:6	tests/wordpress/MasterCatalogMixedCandidateTest.php:21::testMixedCandidatePersistsAllDispositionsAndReplaysExactEvidence; tests/wordpress/MasterCatalogMixedCandidateTest.php:42::testForgedNormalizedEvidenceIsRejectedBeforePersistence	DG identity/disposition/notes preserved; 428 KEEP,37 MERGE,35 DOWNGRADE; no destructive migration.
Source_Migration_500	457	"[""DG-456"",""W5"",""Family/Couple/Memorial Gifts"",""Newlywed"",""MULTI_PHOTO"",""KEEP"",""Retain as an active v2 listing concept."",""DG2-391"",""No"",null,null,null,null,null,null,null,null,null,null,null,null,null,null,null,null,null]"	SOURCE_PRESERVED_LOCAL_VALIDATION	includes/POD/MasterCatalogV2MigrationContract.php:6	tests/wordpress/MasterCatalogMixedCandidateTest.php:21::testMixedCandidatePersistsAllDispositionsAndReplaysExactEvidence; tests/wordpress/MasterCatalogMixedCandidateTest.php:42::testForgedNormalizedEvidenceIsRejectedBeforePersistence	DG identity/disposition/notes preserved; 428 KEEP,37 MERGE,35 DOWNGRADE; no destructive migration.
Source_Migration_500	458	"[""DG-457"",""W5"",""Family/Couple/Memorial Gifts"",""Engagement"",""MULTI_PHOTO"",""KEEP"",""Retain as an active v2 listing concept."",""DG2-392"",""No"",null,null,null,null,null,null,null,null,null,null,null,null,null,null,null,null,null]"	SOURCE_PRESERVED_LOCAL_VALIDATION	includes/POD/MasterCatalogV2MigrationContract.php:6	tests/wordpress/MasterCatalogMixedCandidateTest.php:21::testMixedCandidatePersistsAllDispositionsAndReplaysExactEvidence; tests/wordpress/MasterCatalogMixedCandidateTest.php:42::testForgedNormalizedEvidenceIsRejectedBeforePersistence	DG identity/disposition/notes preserved; 428 KEEP,37 MERGE,35 DOWNGRADE; no destructive migration.
Source_Migration_500	459	"[""DG-458"",""W5"",""Family/Couple/Memorial Gifts"",""Long-distance couple"",""MULTI_PHOTO"",""KEEP"",""Retain as an active v2 listing concept."",""DG2-393"",""No"",null,null,null,null,null,null,null,null,null,null,null,null,null,null,null,null,null]"	SOURCE_PRESERVED_LOCAL_VALIDATION	includes/POD/MasterCatalogV2MigrationContract.php:6	tests/wordpress/MasterCatalogMixedCandidateTest.php:21::testMixedCandidatePersistsAllDispositionsAndReplaysExactEvidence; tests/wordpress/MasterCatalogMixedCandidateTest.php:42::testForgedNormalizedEvidenceIsRejectedBeforePersistence	DG identity/disposition/notes preserved; 428 KEEP,37 MERGE,35 DOWNGRADE; no destructive migration.
Source_Migration_500	460	"[""DG-459"",""W5"",""Family/Couple/Memorial Gifts"",""New baby"",""MULTI_PHOTO"",""KEEP"",""Retain as an active v2 listing concept."",""DG2-394"",""No"",null,null,null,null,null,null,null,null,null,null,null,null,null,null,null,null,null]"	SOURCE_PRESERVED_LOCAL_VALIDATION	includes/POD/MasterCatalogV2MigrationContract.php:6	tests/wordpress/MasterCatalogMixedCandidateTest.php:21::testMixedCandidatePersistsAllDispositionsAndReplaysExactEvidence; tests/wordpress/MasterCatalogMixedCandidateTest.php:42::testForgedNormalizedEvidenceIsRejectedBeforePersistence	DG identity/disposition/notes preserved; 428 KEEP,37 MERGE,35 DOWNGRADE; no destructive migration.
Source_Migration_500	461	"[""DG-460"",""W5"",""Family/Couple/Memorial Gifts"",""Pregnancy announcement"",""MULTI_PHOTO"",""KEEP"",""Retain as an active v2 listing concept."",""DG2-395"",""No"",null,null,null,null,null,null,null,null,null,null,null,null,null,null,null,null,null]"	SOURCE_PRESERVED_LOCAL_VALIDATION	includes/POD/MasterCatalogV2MigrationContract.php:6	tests/wordpress/MasterCatalogMixedCandidateTest.php:21::testMixedCandidatePersistsAllDispositionsAndReplaysExactEvidence; tests/wordpress/MasterCatalogMixedCandidateTest.php:42::testForgedNormalizedEvidenceIsRejectedBeforePersistence	DG identity/disposition/notes preserved; 428 KEEP,37 MERGE,35 DOWNGRADE; no destructive migration.
Source_Migration_500	462	"[""DG-461"",""W5"",""Family/Couple/Memorial Gifts"",""Mother Day"",""MULTI_PHOTO"",""KEEP"",""Retain as an active v2 listing concept."",""DG2-396"",""No"",null,null,null,null,null,null,null,null,null,null,null,null,null,null,null,null,null]"	SOURCE_PRESERVED_LOCAL_VALIDATION	includes/POD/MasterCatalogV2MigrationContract.php:6	tests/wordpress/MasterCatalogMixedCandidateTest.php:21::testMixedCandidatePersistsAllDispositionsAndReplaysExactEvidence; tests/wordpress/MasterCatalogMixedCandidateTest.php:42::testForgedNormalizedEvidenceIsRejectedBeforePersistence	DG identity/disposition/notes preserved; 428 KEEP,37 MERGE,35 DOWNGRADE; no destructive migration.
Source_Migration_500	463	"[""DG-462"",""W5"",""Family/Couple/Memorial Gifts"",""Father Day"",""MULTI_PHOTO"",""KEEP"",""Retain as an active v2 listing concept."",""DG2-397"",""No"",null,null,null,null,null,null,null,null,null,null,null,null,null,null,null,null,null]"	SOURCE_PRESERVED_LOCAL_VALIDATION	includes/POD/MasterCatalogV2MigrationContract.php:6	tests/wordpress/MasterCatalogMixedCandidateTest.php:21::testMixedCandidatePersistsAllDispositionsAndReplaysExactEvidence; tests/wordpress/MasterCatalogMixedCandidateTest.php:42::testForgedNormalizedEvidenceIsRejectedBeforePersistence	DG identity/disposition/notes preserved; 428 KEEP,37 MERGE,35 DOWNGRADE; no destructive migration.
Source_Migration_500	464	"[""DG-463"",""W5"",""Family/Couple/Memorial Gifts"",""Grandma"",""MULTI_PHOTO"",""KEEP"",""Retain as an active v2 listing concept."",""DG2-398"",""No"",null,null,null,null,null,null,null,null,null,null,null,null,null,null,null,null,null]"	SOURCE_PRESERVED_LOCAL_VALIDATION	includes/POD/MasterCatalogV2MigrationContract.php:6	tests/wordpress/MasterCatalogMixedCandidateTest.php:21::testMixedCandidatePersistsAllDispositionsAndReplaysExactEvidence; tests/wordpress/MasterCatalogMixedCandidateTest.php:42::testForgedNormalizedEvidenceIsRejectedBeforePersistence	DG identity/disposition/notes preserved; 428 KEEP,37 MERGE,35 DOWNGRADE; no destructive migration.
Source_Migration_500	465	"[""DG-464"",""W5"",""Family/Couple/Memorial Gifts"",""Grandpa"",""MULTI_PHOTO"",""KEEP"",""Retain as an active v2 listing concept."",""DG2-399"",""No"",null,null,null,null,null,null,null,null,null,null,null,null,null,null,null,null,null]"	SOURCE_PRESERVED_LOCAL_VALIDATION	includes/POD/MasterCatalogV2MigrationContract.php:6	tests/wordpress/MasterCatalogMixedCandidateTest.php:21::testMixedCandidatePersistsAllDispositionsAndReplaysExactEvidence; tests/wordpress/MasterCatalogMixedCandidateTest.php:42::testForgedNormalizedEvidenceIsRejectedBeforePersistence	DG identity/disposition/notes preserved; 428 KEEP,37 MERGE,35 DOWNGRADE; no destructive migration.
Source_Migration_500	466	"[""DG-465"",""W5"",""Family/Couple/Memorial Gifts"",""Family reunion"",""MULTI_PHOTO"",""KEEP"",""Retain as an active v2 listing concept."",""DG2-400"",""No"",null,null,null,null,null,null,null,null,null,null,null,null,null,null,null,null,null]"	SOURCE_PRESERVED_LOCAL_VALIDATION	includes/POD/MasterCatalogV2MigrationContract.php:6	tests/wordpress/MasterCatalogMixedCandidateTest.php:21::testMixedCandidatePersistsAllDispositionsAndReplaysExactEvidence; tests/wordpress/MasterCatalogMixedCandidateTest.php:42::testForgedNormalizedEvidenceIsRejectedBeforePersistence	DG identity/disposition/notes preserved; 428 KEEP,37 MERGE,35 DOWNGRADE; no destructive migration.
Source_Migration_500	467	"[""DG-466"",""W5"",""Family/Couple/Memorial Gifts"",""Graduation"",""MULTI_PHOTO"",""KEEP"",""Retain as an active v2 listing concept."",""DG2-401"",""No"",null,null,null,null,null,null,null,null,null,null,null,null,null,null,null,null,null]"	SOURCE_PRESERVED_LOCAL_VALIDATION	includes/POD/MasterCatalogV2MigrationContract.php:6	tests/wordpress/MasterCatalogMixedCandidateTest.php:21::testMixedCandidatePersistsAllDispositionsAndReplaysExactEvidence; tests/wordpress/MasterCatalogMixedCandidateTest.php:42::testForgedNormalizedEvidenceIsRejectedBeforePersistence	DG identity/disposition/notes preserved; 428 KEEP,37 MERGE,35 DOWNGRADE; no destructive migration.
Source_Migration_500	468	"[""DG-467"",""W5"",""Family/Couple/Memorial Gifts"",""Retirement"",""MULTI_PHOTO"",""KEEP"",""Retain as an active v2 listing concept."",""DG2-402"",""No"",null,null,null,null,null,null,null,null,null,null,null,null,null,null,null,null,null]"	SOURCE_PRESERVED_LOCAL_VALIDATION	includes/POD/MasterCatalogV2MigrationContract.php:6	tests/wordpress/MasterCatalogMixedCandidateTest.php:21::testMixedCandidatePersistsAllDispositionsAndReplaysExactEvidence; tests/wordpress/MasterCatalogMixedCandidateTest.php:42::testForgedNormalizedEvidenceIsRejectedBeforePersistence	DG identity/disposition/notes preserved; 428 KEEP,37 MERGE,35 DOWNGRADE; no destructive migration.
Source_Migration_500	469	"[""DG-468"",""W5"",""Family/Couple/Memorial Gifts"",""New home"",""MULTI_PHOTO"",""KEEP"",""Retain as an active v2 listing concept."",""DG2-403"",""No"",null,null,null,null,null,null,null,null,null,null,null,null,null,null,null,null,null]"	SOURCE_PRESERVED_LOCAL_VALIDATION	includes/POD/MasterCatalogV2MigrationContract.php:6	tests/wordpress/MasterCatalogMixedCandidateTest.php:21::testMixedCandidatePersistsAllDispositionsAndReplaysExactEvidence; tests/wordpress/MasterCatalogMixedCandidateTest.php:42::testForgedNormalizedEvidenceIsRejectedBeforePersistence	DG identity/disposition/notes preserved; 428 KEEP,37 MERGE,35 DOWNGRADE; no destructive migration.
Source_Migration_500	470	"[""DG-469"",""W5"",""Family/Couple/Memorial Gifts"",""Pet memorial"",""MEMORIAL"",""KEEP"",""Retain as an active v2 listing concept."",""DG2-404"",""No"",null,null,null,null,null,null,null,null,null,null,null,null,null,null,null,null,null]"	SOURCE_PRESERVED_LOCAL_VALIDATION	includes/POD/MasterCatalogV2MigrationContract.php:6	tests/wordpress/MasterCatalogMixedCandidateTest.php:21::testMixedCandidatePersistsAllDispositionsAndReplaysExactEvidence; tests/wordpress/MasterCatalogMixedCandidateTest.php:42::testForgedNormalizedEvidenceIsRejectedBeforePersistence	DG identity/disposition/notes preserved; 428 KEEP,37 MERGE,35 DOWNGRADE; no destructive migration.
Source_Migration_500	471	"[""DG-470"",""W5"",""Family/Couple/Memorial Gifts"",""Human memorial"",""MEMORIAL"",""KEEP"",""Retain as an active v2 listing concept."",""DG2-405"",""No"",null,null,null,null,null,null,null,null,null,null,null,null,null,null,null,null,null]"	SOURCE_PRESERVED_LOCAL_VALIDATION	includes/POD/MasterCatalogV2MigrationContract.php:6	tests/wordpress/MasterCatalogMixedCandidateTest.php:21::testMixedCandidatePersistsAllDispositionsAndReplaysExactEvidence; tests/wordpress/MasterCatalogMixedCandidateTest.php:42::testForgedNormalizedEvidenceIsRejectedBeforePersistence	DG identity/disposition/notes preserved; 428 KEEP,37 MERGE,35 DOWNGRADE; no destructive migration.
Source_Migration_500	472	"[""DG-471"",""W5"",""Family/Couple/Memorial Gifts"",""Sympathy keepsake"",""MEMORIAL"",""KEEP"",""Retain as an active v2 listing concept."",""DG2-406"",""No"",null,null,null,null,null,null,null,null,null,null,null,null,null,null,null,null,null]"	SOURCE_PRESERVED_LOCAL_VALIDATION	includes/POD/MasterCatalogV2MigrationContract.php:6	tests/wordpress/MasterCatalogMixedCandidateTest.php:21::testMixedCandidatePersistsAllDispositionsAndReplaysExactEvidence; tests/wordpress/MasterCatalogMixedCandidateTest.php:42::testForgedNormalizedEvidenceIsRejectedBeforePersistence	DG identity/disposition/notes preserved; 428 KEEP,37 MERGE,35 DOWNGRADE; no destructive migration.
Source_Migration_500	473	"[""DG-472"",""W5"",""Family/Couple/Memorial Gifts"",""Best-friend milestone"",""MULTI_PHOTO"",""KEEP"",""Retain as an active v2 listing concept."",""DG2-407"",""No"",null,null,null,null,null,null,null,null,null,null,null,null,null,null,null,null,null]"	SOURCE_PRESERVED_LOCAL_VALIDATION	includes/POD/MasterCatalogV2MigrationContract.php:6	tests/wordpress/MasterCatalogMixedCandidateTest.php:21::testMixedCandidatePersistsAllDispositionsAndReplaysExactEvidence; tests/wordpress/MasterCatalogMixedCandidateTest.php:42::testForgedNormalizedEvidenceIsRejectedBeforePersistence	DG identity/disposition/notes preserved; 428 KEEP,37 MERGE,35 DOWNGRADE; no destructive migration.
Source_Migration_500	474	"[""DG-473"",""W5"",""Family/Couple/Memorial Gifts"",""Vacation memory"",""MULTI_PHOTO"",""KEEP"",""Retain as an active v2 listing concept."",""DG2-408"",""No"",null,null,null,null,null,null,null,null,null,null,null,null,null,null,null,null,null]"	SOURCE_PRESERVED_LOCAL_VALIDATION	includes/POD/MasterCatalogV2MigrationContract.php:6	tests/wordpress/MasterCatalogMixedCandidateTest.php:21::testMixedCandidatePersistsAllDispositionsAndReplaysExactEvidence; tests/wordpress/MasterCatalogMixedCandidateTest.php:42::testForgedNormalizedEvidenceIsRejectedBeforePersistence	DG identity/disposition/notes preserved; 428 KEEP,37 MERGE,35 DOWNGRADE; no destructive migration.
Source_Migration_500	475	"[""DG-474"",""W5"",""Family/Couple/Memorial Gifts"",""Adoption day"",""MULTI_PHOTO"",""KEEP"",""Retain as an active v2 listing concept."",""DG2-409"",""No"",null,null,null,null,null,null,null,null,null,null,null,null,null,null,null,null,null]"	SOURCE_PRESERVED_LOCAL_VALIDATION	includes/POD/MasterCatalogV2MigrationContract.php:6	tests/wordpress/MasterCatalogMixedCandidateTest.php:21::testMixedCandidatePersistsAllDispositionsAndReplaysExactEvidence; tests/wordpress/MasterCatalogMixedCandidateTest.php:42::testForgedNormalizedEvidenceIsRejectedBeforePersistence	DG identity/disposition/notes preserved; 428 KEEP,37 MERGE,35 DOWNGRADE; no destructive migration.
Source_Migration_500	476	"[""DG-475"",""W5"",""Family/Couple/Memorial Gifts"",""Multi-generation"",""MULTI_PHOTO"",""KEEP"",""Retain as an active v2 listing concept."",""DG2-410"",""No"",null,null,null,null,null,null,null,null,null,null,null,null,null,null,null,null,null]"	SOURCE_PRESERVED_LOCAL_VALIDATION	includes/POD/MasterCatalogV2MigrationContract.php:6	tests/wordpress/MasterCatalogMixedCandidateTest.php:21::testMixedCandidatePersistsAllDispositionsAndReplaysExactEvidence; tests/wordpress/MasterCatalogMixedCandidateTest.php:42::testForgedNormalizedEvidenceIsRejectedBeforePersistence	DG identity/disposition/notes preserved; 428 KEEP,37 MERGE,35 DOWNGRADE; no destructive migration.
Source_Migration_500	477	"[""DG-476"",""W5"",""Advanced Transformations"",""Watercolor pet"",""WATERCOLOR"",""KEEP"",""Retain as an active v2 listing concept."",""DG2-411"",""No"",null,null,null,null,null,null,null,null,null,null,null,null,null,null,null,null,null]"	SOURCE_PRESERVED_LOCAL_VALIDATION	includes/POD/MasterCatalogV2MigrationContract.php:6	tests/wordpress/MasterCatalogMixedCandidateTest.php:21::testMixedCandidatePersistsAllDispositionsAndReplaysExactEvidence; tests/wordpress/MasterCatalogMixedCandidateTest.php:42::testForgedNormalizedEvidenceIsRejectedBeforePersistence	DG identity/disposition/notes preserved; 428 KEEP,37 MERGE,35 DOWNGRADE; no destructive migration.
Source_Migration_500	478	"[""DG-477"",""W5"",""Advanced Transformations"",""Watercolor human"",""WATERCOLOR"",""MERGE"",""Keep the buyer intent as a recipient/style/personalization option; do not spend a dedicated listing slot."",null,""Yes"",null,null,null,null,null,null,null,null,null,null,null,null,null,null,null,null,null]"	SOURCE_PRESERVED_LOCAL_VALIDATION	includes/POD/MasterCatalogV2MigrationContract.php:6	tests/wordpress/MasterCatalogMixedCandidateTest.php:21::testMixedCandidatePersistsAllDispositionsAndReplaysExactEvidence; tests/wordpress/MasterCatalogMixedCandidateTest.php:42::testForgedNormalizedEvidenceIsRejectedBeforePersistence	DG identity/disposition/notes preserved; 428 KEEP,37 MERGE,35 DOWNGRADE; no destructive migration.
Source_Migration_500	479	"[""DG-478"",""W5"",""Advanced Transformations"",""Pet line art"",""LINE_ART"",""KEEP"",""Retain as an active v2 listing concept."",""DG2-412"",""No"",null,null,null,null,null,null,null,null,null,null,null,null,null,null,null,null,null]"	SOURCE_PRESERVED_LOCAL_VALIDATION	includes/POD/MasterCatalogV2MigrationContract.php:6	tests/wordpress/MasterCatalogMixedCandidateTest.php:21::testMixedCandidatePersistsAllDispositionsAndReplaysExactEvidence; tests/wordpress/MasterCatalogMixedCandidateTest.php:42::testForgedNormalizedEvidenceIsRejectedBeforePersistence	DG identity/disposition/notes preserved; 428 KEEP,37 MERGE,35 DOWNGRADE; no destructive migration.
Source_Migration_500	480	"[""DG-479"",""W5"",""Advanced Transformations"",""Couple line art"",""LINE_ART"",""KEEP"",""Retain as an active v2 listing concept."",""DG2-413"",""No"",null,null,null,null,null,null,null,null,null,null,null,null,null,null,null,null,null]"	SOURCE_PRESERVED_LOCAL_VALIDATION	includes/POD/MasterCatalogV2MigrationContract.php:6	tests/wordpress/MasterCatalogMixedCandidateTest.php:21::testMixedCandidatePersistsAllDispositionsAndReplaysExactEvidence; tests/wordpress/MasterCatalogMixedCandidateTest.php:42::testForgedNormalizedEvidenceIsRejectedBeforePersistence	DG identity/disposition/notes preserved; 428 KEEP,37 MERGE,35 DOWNGRADE; no destructive migration.
Source_Migration_500	481	"[""DG-480"",""W5"",""Advanced Transformations"",""Pencil portrait"",""AI_TRANSFORM"",""MERGE"",""Keep the buyer intent as a recipient/style/personalization option; do not spend a dedicated listing slot."",null,""Yes"",null,null,null,null,null,null,null,null,null,null,null,null,null,null,null,null,null]"	SOURCE_PRESERVED_LOCAL_VALIDATION	includes/POD/MasterCatalogV2MigrationContract.php:6	tests/wordpress/MasterCatalogMixedCandidateTest.php:21::testMixedCandidatePersistsAllDispositionsAndReplaysExactEvidence; tests/wordpress/MasterCatalogMixedCandidateTest.php:42::testForgedNormalizedEvidenceIsRejectedBeforePersistence	DG identity/disposition/notes preserved; 428 KEEP,37 MERGE,35 DOWNGRADE; no destructive migration.
Source_Migration_500	482	"[""DG-481"",""W5"",""Advanced Transformations"",""Vintage painted portrait"",""AI_TRANSFORM"",""KEEP"",""Retain as an active v2 listing concept."",""DG2-414"",""No"",null,null,null,null,null,null,null,null,null,null,null,null,null,null,null,null,null]"	SOURCE_PRESERVED_LOCAL_VALIDATION	includes/POD/MasterCatalogV2MigrationContract.php:6	tests/wordpress/MasterCatalogMixedCandidateTest.php:21::testMixedCandidatePersistsAllDispositionsAndReplaysExactEvidence; tests/wordpress/MasterCatalogMixedCandidateTest.php:42::testForgedNormalizedEvidenceIsRejectedBeforePersistence	DG identity/disposition/notes preserved; 428 KEEP,37 MERGE,35 DOWNGRADE; no destructive migration.
Source_Migration_500	483	"[""DG-482"",""W5"",""Advanced Transformations"",""Regal pet"",""AI_TRANSFORM"",""MERGE"",""Keep the buyer intent as a recipient/style/personalization option; do not spend a dedicated listing slot."",null,""Yes"",null,null,null,null,null,null,null,null,null,null,null,null,null,null,null,null,null]"	SOURCE_PRESERVED_LOCAL_VALIDATION	includes/POD/MasterCatalogV2MigrationContract.php:6	tests/wordpress/MasterCatalogMixedCandidateTest.php:21::testMixedCandidatePersistsAllDispositionsAndReplaysExactEvidence; tests/wordpress/MasterCatalogMixedCandidateTest.php:42::testForgedNormalizedEvidenceIsRejectedBeforePersistence	DG identity/disposition/notes preserved; 428 KEEP,37 MERGE,35 DOWNGRADE; no destructive migration.
Source_Migration_500	484	"[""DG-483"",""W5"",""Advanced Transformations"",""Floral pet"",""AI_TRANSFORM"",""KEEP"",""Retain as an active v2 listing concept."",""DG2-415"",""No"",null,null,null,null,null,null,null,null,null,null,null,null,null,null,null,null,null]"	SOURCE_PRESERVED_LOCAL_VALIDATION	includes/POD/MasterCatalogV2MigrationContract.php:6	tests/wordpress/MasterCatalogMixedCandidateTest.php:21::testMixedCandidatePersistsAllDispositionsAndReplaysExactEvidence; tests/wordpress/MasterCatalogMixedCandidateTest.php:42::testForgedNormalizedEvidenceIsRejectedBeforePersistence	DG identity/disposition/notes preserved; 428 KEEP,37 MERGE,35 DOWNGRADE; no destructive migration.
Source_Migration_500	485	"[""DG-484"",""W5"",""Advanced Transformations"",""Retro varsity pet"",""AI_TRANSFORM"",""MERGE"",""Keep the buyer intent as a recipient/style/personalization option; do not spend a dedicated listing slot."",null,""Yes"",null,null,null,null,null,null,null,null,null,null,null,null,null,null,null,null,null]"	SOURCE_PRESERVED_LOCAL_VALIDATION	includes/POD/MasterCatalogV2MigrationContract.php:6	tests/wordpress/MasterCatalogMixedCandidateTest.php:21::testMixedCandidatePersistsAllDispositionsAndReplaysExactEvidence; tests/wordpress/MasterCatalogMixedCandidateTest.php:42::testForgedNormalizedEvidenceIsRejectedBeforePersistence	DG identity/disposition/notes preserved; 428 KEEP,37 MERGE,35 DOWNGRADE; no destructive migration.
Source_Migration_500	486	"[""DG-485"",""W5"",""Advanced Transformations"",""Minimalist pet name"",""AI_TRANSFORM"",""KEEP"",""Retain as an active v2 listing concept."",""DG2-416"",""No"",null,null,null,null,null,null,null,null,null,null,null,null,null,null,null,null,null]"	SOURCE_PRESERVED_LOCAL_VALIDATION	includes/POD/MasterCatalogV2MigrationContract.php:6	tests/wordpress/MasterCatalogMixedCandidateTest.php:21::testMixedCandidatePersistsAllDispositionsAndReplaysExactEvidence; tests/wordpress/MasterCatalogMixedCandidateTest.php:42::testForgedNormalizedEvidenceIsRejectedBeforePersistence	DG identity/disposition/notes preserved; 428 KEEP,37 MERGE,35 DOWNGRADE; no destructive migration.
Source_Migration_500	487	"[""DG-486"",""W5"",""Advanced Transformations"",""Retro 90s collage"",""PHOTO_COLLAGE"",""MERGE"",""Keep the buyer intent as a recipient/style/personalization option; do not spend a dedicated listing slot."",null,""Yes"",null,null,null,null,null,null,null,null,null,null,null,null,null,null,null,null,null]"	SOURCE_PRESERVED_LOCAL_VALIDATION	includes/POD/MasterCatalogV2MigrationContract.php:6	tests/wordpress/MasterCatalogMixedCandidateTest.php:21::testMixedCandidatePersistsAllDispositionsAndReplaysExactEvidence; tests/wordpress/MasterCatalogMixedCandidateTest.php:42::testForgedNormalizedEvidenceIsRejectedBeforePersistence	DG identity/disposition/notes preserved; 428 KEEP,37 MERGE,35 DOWNGRADE; no destructive migration.
Source_Migration_500	488	"[""DG-487"",""W5"",""Advanced Transformations"",""Film-strip couple"",""AI_TRANSFORM"",""MERGE"",""Keep the buyer intent as a recipient/style/personalization option; do not spend a dedicated listing slot."",null,""Yes"",null,null,null,null,null,null,null,null,null,null,null,null,null,null,null,null,null]"	SOURCE_PRESERVED_LOCAL_VALIDATION	includes/POD/MasterCatalogV2MigrationContract.php:6	tests/wordpress/MasterCatalogMixedCandidateTest.php:21::testMixedCandidatePersistsAllDispositionsAndReplaysExactEvidence; tests/wordpress/MasterCatalogMixedCandidateTest.php:42::testForgedNormalizedEvidenceIsRejectedBeforePersistence	DG identity/disposition/notes preserved; 428 KEEP,37 MERGE,35 DOWNGRADE; no destructive migration.
Source_Migration_500	489	"[""DG-488"",""W5"",""Advanced Transformations"",""Family story layout"",""AI_TRANSFORM"",""KEEP"",""Retain as an active v2 listing concept."",""DG2-417"",""No"",null,null,null,null,null,null,null,null,null,null,null,null,null,null,null,null,null]"	SOURCE_PRESERVED_LOCAL_VALIDATION	includes/POD/MasterCatalogV2MigrationContract.php:6	tests/wordpress/MasterCatalogMixedCandidateTest.php:21::testMixedCandidatePersistsAllDispositionsAndReplaysExactEvidence; tests/wordpress/MasterCatalogMixedCandidateTest.php:42::testForgedNormalizedEvidenceIsRejectedBeforePersistence	DG identity/disposition/notes preserved; 428 KEEP,37 MERGE,35 DOWNGRADE; no destructive migration.
Source_Migration_500	490	"[""DG-489"",""W5"",""Advanced Transformations"",""Anniversary story"",""AI_TRANSFORM"",""KEEP"",""Retain as an active v2 listing concept."",""DG2-418"",""No"",null,null,null,null,null,null,null,null,null,null,null,null,null,null,null,null,null]"	SOURCE_PRESERVED_LOCAL_VALIDATION	includes/POD/MasterCatalogV2MigrationContract.php:6	tests/wordpress/MasterCatalogMixedCandidateTest.php:21::testMixedCandidatePersistsAllDispositionsAndReplaysExactEvidence; tests/wordpress/MasterCatalogMixedCandidateTest.php:42::testForgedNormalizedEvidenceIsRejectedBeforePersistence	DG identity/disposition/notes preserved; 428 KEEP,37 MERGE,35 DOWNGRADE; no destructive migration.
Source_Migration_500	491	"[""DG-490"",""W5"",""Advanced Transformations"",""Baby birth-stat illustration"",""AI_TRANSFORM"",""KEEP"",""Retain as an active v2 listing concept."",""DG2-419"",""No"",null,null,null,null,null,null,null,null,null,null,null,null,null,null,null,null,null]"	SOURCE_PRESERVED_LOCAL_VALIDATION	includes/POD/MasterCatalogV2MigrationContract.php:6	tests/wordpress/MasterCatalogMixedCandidateTest.php:21::testMixedCandidatePersistsAllDispositionsAndReplaysExactEvidence; tests/wordpress/MasterCatalogMixedCandidateTest.php:42::testForgedNormalizedEvidenceIsRejectedBeforePersistence	DG identity/disposition/notes preserved; 428 KEEP,37 MERGE,35 DOWNGRADE; no destructive migration.
Source_Migration_500	492	"[""DG-491"",""W5"",""Advanced Transformations"",""House illustration"",""AI_TRANSFORM"",""KEEP"",""Retain as an active v2 listing concept."",""DG2-420"",""No"",null,null,null,null,null,null,null,null,null,null,null,null,null,null,null,null,null]"	SOURCE_PRESERVED_LOCAL_VALIDATION	includes/POD/MasterCatalogV2MigrationContract.php:6	tests/wordpress/MasterCatalogMixedCandidateTest.php:21::testMixedCandidatePersistsAllDispositionsAndReplaysExactEvidence; tests/wordpress/MasterCatalogMixedCandidateTest.php:42::testForgedNormalizedEvidenceIsRejectedBeforePersistence	DG identity/disposition/notes preserved; 428 KEEP,37 MERGE,35 DOWNGRADE; no destructive migration.
Source_Migration_500	493	"[""DG-492"",""W5"",""Advanced Transformations"",""Clean child drawing"",""CHILD_ART"",""KEEP"",""Retain as an active v2 listing concept."",""DG2-421"",""No"",null,null,null,null,null,null,null,null,null,null,null,null,null,null,null,null,null]"	SOURCE_PRESERVED_LOCAL_VALIDATION	includes/POD/MasterCatalogV2MigrationContract.php:6	tests/wordpress/MasterCatalogMixedCandidateTest.php:21::testMixedCandidatePersistsAllDispositionsAndReplaysExactEvidence; tests/wordpress/MasterCatalogMixedCandidateTest.php:42::testForgedNormalizedEvidenceIsRejectedBeforePersistence	DG identity/disposition/notes preserved; 428 KEEP,37 MERGE,35 DOWNGRADE; no destructive migration.
Source_Migration_500	494	"[""DG-493"",""W5"",""Advanced Transformations"",""Handwriting keepsake"",""HANDWRITING"",""KEEP"",""Retain as an active v2 listing concept."",""DG2-422"",""No"",null,null,null,null,null,null,null,null,null,null,null,null,null,null,null,null,null]"	SOURCE_PRESERVED_LOCAL_VALIDATION	includes/POD/MasterCatalogV2MigrationContract.php:6	tests/wordpress/MasterCatalogMixedCandidateTest.php:21::testMixedCandidatePersistsAllDispositionsAndReplaysExactEvidence; tests/wordpress/MasterCatalogMixedCandidateTest.php:42::testForgedNormalizedEvidenceIsRejectedBeforePersistence	DG identity/disposition/notes preserved; 428 KEEP,37 MERGE,35 DOWNGRADE; no destructive migration.
Source_Migration_500	495	"[""DG-494"",""W5"",""Advanced Transformations"",""Recipe keepsake"",""HANDWRITING"",""KEEP"",""Retain as an active v2 listing concept."",""DG2-423"",""No"",null,null,null,null,null,null,null,null,null,null,null,null,null,null,null,null,null]"	SOURCE_PRESERVED_LOCAL_VALIDATION	includes/POD/MasterCatalogV2MigrationContract.php:6	tests/wordpress/MasterCatalogMixedCandidateTest.php:21::testMixedCandidatePersistsAllDispositionsAndReplaysExactEvidence; tests/wordpress/MasterCatalogMixedCandidateTest.php:42::testForgedNormalizedEvidenceIsRejectedBeforePersistence	DG identity/disposition/notes preserved; 428 KEEP,37 MERGE,35 DOWNGRADE; no destructive migration.
Source_Migration_500	496	"[""DG-495"",""W5"",""Advanced Transformations"",""Multi-pet family portrait"",""AI_TRANSFORM"",""KEEP"",""Retain as an active v2 listing concept."",""DG2-424"",""No"",null,null,null,null,null,null,null,null,null,null,null,null,null,null,null,null,null]"	SOURCE_PRESERVED_LOCAL_VALIDATION	includes/POD/MasterCatalogV2MigrationContract.php:6	tests/wordpress/MasterCatalogMixedCandidateTest.php:21::testMixedCandidatePersistsAllDispositionsAndReplaysExactEvidence; tests/wordpress/MasterCatalogMixedCandidateTest.php:42::testForgedNormalizedEvidenceIsRejectedBeforePersistence	DG identity/disposition/notes preserved; 428 KEEP,37 MERGE,35 DOWNGRADE; no destructive migration.
Source_Migration_500	497	"[""DG-496"",""W5"",""Advanced Transformations"",""Old photo restoration"",""AI_TRANSFORM"",""KEEP"",""Retain as an active v2 listing concept."",""DG2-425"",""No"",null,null,null,null,null,null,null,null,null,null,null,null,null,null,null,null,null]"	SOURCE_PRESERVED_LOCAL_VALIDATION	includes/POD/MasterCatalogV2MigrationContract.php:6	tests/wordpress/MasterCatalogMixedCandidateTest.php:21::testMixedCandidatePersistsAllDispositionsAndReplaysExactEvidence; tests/wordpress/MasterCatalogMixedCandidateTest.php:42::testForgedNormalizedEvidenceIsRejectedBeforePersistence	DG identity/disposition/notes preserved; 428 KEEP,37 MERGE,35 DOWNGRADE; no destructive migration.
Source_Migration_500	498	"[""DG-497"",""W5"",""Advanced Transformations"",""Memorial composition"",""MEMORIAL"",""KEEP"",""Retain as an active v2 listing concept."",""DG2-426"",""No"",null,null,null,null,null,null,null,null,null,null,null,null,null,null,null,null,null]"	SOURCE_PRESERVED_LOCAL_VALIDATION	includes/POD/MasterCatalogV2MigrationContract.php:6	tests/wordpress/MasterCatalogMixedCandidateTest.php:21::testMixedCandidatePersistsAllDispositionsAndReplaysExactEvidence; tests/wordpress/MasterCatalogMixedCandidateTest.php:42::testForgedNormalizedEvidenceIsRejectedBeforePersistence	DG identity/disposition/notes preserved; 428 KEEP,37 MERGE,35 DOWNGRADE; no destructive migration.
Source_Migration_500	499	"[""DG-498"",""W5"",""Advanced Transformations"",""Travel collage"",""PHOTO_COLLAGE"",""MERGE"",""Keep the buyer intent as a recipient/style/personalization option; do not spend a dedicated listing slot."",null,""Yes"",null,null,null,null,null,null,null,null,null,null,null,null,null,null,null,null,null]"	SOURCE_PRESERVED_LOCAL_VALIDATION	includes/POD/MasterCatalogV2MigrationContract.php:6	tests/wordpress/MasterCatalogMixedCandidateTest.php:21::testMixedCandidatePersistsAllDispositionsAndReplaysExactEvidence; tests/wordpress/MasterCatalogMixedCandidateTest.php:42::testForgedNormalizedEvidenceIsRejectedBeforePersistence	DG identity/disposition/notes preserved; 428 KEEP,37 MERGE,35 DOWNGRADE; no destructive migration.
Source_Migration_500	500	"[""DG-499"",""W5"",""Advanced Transformations"",""Family-history composition"",""AI_TRANSFORM"",""KEEP"",""Retain as an active v2 listing concept."",""DG2-427"",""No"",null,null,null,null,null,null,null,null,null,null,null,null,null,null,null,null,null]"	SOURCE_PRESERVED_LOCAL_VALIDATION	includes/POD/MasterCatalogV2MigrationContract.php:6	tests/wordpress/MasterCatalogMixedCandidateTest.php:21::testMixedCandidatePersistsAllDispositionsAndReplaysExactEvidence; tests/wordpress/MasterCatalogMixedCandidateTest.php:42::testForgedNormalizedEvidenceIsRejectedBeforePersistence	DG identity/disposition/notes preserved; 428 KEEP,37 MERGE,35 DOWNGRADE; no destructive migration.
Source_Migration_500	501	"[""DG-500"",""W5"",""Advanced Transformations"",""AI decorative scene"",""AI_TRANSFORM"",""KEEP"",""Retain as an active v2 listing concept."",""DG2-428"",""No"",null,null,null,null,null,null,null,null,null,null,null,null,null,null,null,null,null]"	SOURCE_PRESERVED_LOCAL_VALIDATION	includes/POD/MasterCatalogV2MigrationContract.php:6	tests/wordpress/MasterCatalogMixedCandidateTest.php:21::testMixedCandidatePersistsAllDispositionsAndReplaysExactEvidence; tests/wordpress/MasterCatalogMixedCandidateTest.php:42::testForgedNormalizedEvidenceIsRejectedBeforePersistence	DG identity/disposition/notes preserved; 428 KEEP,37 MERGE,35 DOWNGRADE; no destructive migration.
Master_500_v2	1	"[""V2 ID"",""Source DG ID"",""Family"",""Concept"",""Engine"",""Physical Product"",""Supplier Gate"",""Template State"",""Origin"",""Recommended Stage"",null,null,null,null,null,null,null,null,null,null,null,null,null,null,null,null]"	SOURCE_PRESERVED_LOCAL_VALIDATION	includes/POD/MasterCatalogV2MigrationContract.php:6	tests/wordpress/MasterCatalogMixedCandidateTest.php:21::testMixedCandidatePersistsAllDispositionsAndReplaysExactEvidence; tests/wordpress/MasterCatalogMixedCandidateTest.php:42::testForgedNormalizedEvidenceIsRejectedBeforePersistence	DG2 identity/classification/overlay/source mapping preserved; 428 retained+30 existing-family+42 new-family; no catalog promotion.
Master_500_v2	2	"[""DG2-001"",""DG-001"",""Face & Photo Socks"",""Dog face"",""FACE_REPEAT"",""PP-001"",""PRINTIFY_PRIMARY"",""TEMPLATE_RESEARCH"",""V1 retained"",""Re-score"",null,null,null,null,null,null,null,null,null,null,null,null,null,null,null,null]"	SOURCE_PRESERVED_LOCAL_VALIDATION	includes/POD/MasterCatalogV2MigrationContract.php:6	tests/wordpress/MasterCatalogMixedCandidateTest.php:21::testMixedCandidatePersistsAllDispositionsAndReplaysExactEvidence; tests/wordpress/MasterCatalogMixedCandidateTest.php:42::testForgedNormalizedEvidenceIsRejectedBeforePersistence	DG2 identity/classification/overlay/source mapping preserved; 428 retained+30 existing-family+42 new-family; no catalog promotion.
Master_500_v2	3	"[""DG2-002"",""DG-002"",""Face & Photo Socks"",""Cat face"",""FACE_REPEAT"",""PP-001"",""PRINTIFY_PRIMARY"",""TEMPLATE_RESEARCH"",""V1 retained"",""Re-score"",null,null,null,null,null,null,null,null,null,null,null,null,null,null,null,null]"	SOURCE_PRESERVED_LOCAL_VALIDATION	includes/POD/MasterCatalogV2MigrationContract.php:6	tests/wordpress/MasterCatalogMixedCandidateTest.php:21::testMixedCandidatePersistsAllDispositionsAndReplaysExactEvidence; tests/wordpress/MasterCatalogMixedCandidateTest.php:42::testForgedNormalizedEvidenceIsRejectedBeforePersistence	DG2 identity/classification/overlay/source mapping preserved; 428 retained+30 existing-family+42 new-family; no catalog promotion.
Master_500_v2	4	"[""DG2-003"",""DG-003"",""Face & Photo Socks"",""Any pet"",""FACE_REPEAT"",""PP-001"",""PRINTIFY_PRIMARY"",""TEMPLATE_RESEARCH"",""V1 retained"",""Re-score"",null,null,null,null,null,null,null,null,null,null,null,null,null,null,null,null]"	SOURCE_PRESERVED_LOCAL_VALIDATION	includes/POD/MasterCatalogV2MigrationContract.php:6	tests/wordpress/MasterCatalogMixedCandidateTest.php:21::testMixedCandidatePersistsAllDispositionsAndReplaysExactEvidence; tests/wordpress/MasterCatalogMixedCandidateTest.php:42::testForgedNormalizedEvidenceIsRejectedBeforePersistence	DG2 identity/classification/overlay/source mapping preserved; 428 retained+30 existing-family+42 new-family; no catalog promotion.
Master_500_v2	5	"[""DG2-004"",""DG-004"",""Face & Photo Socks"",""Boyfriend face"",""FACE_REPEAT"",""PP-001"",""PRINTIFY_PRIMARY"",""TEMPLATE_RESEARCH"",""V1 retained"",""Re-score"",null,null,null,null,null,null,null,null,null,null,null,null,null,null,null,null]"	SOURCE_PRESERVED_LOCAL_VALIDATION	includes/POD/MasterCatalogV2MigrationContract.php:6	tests/wordpress/MasterCatalogMixedCandidateTest.php:21::testMixedCandidatePersistsAllDispositionsAndReplaysExactEvidence; tests/wordpress/MasterCatalogMixedCandidateTest.php:42::testForgedNormalizedEvidenceIsRejectedBeforePersistence	DG2 identity/classification/overlay/source mapping preserved; 428 retained+30 existing-family+42 new-family; no catalog promotion.
Master_500_v2	6	"[""DG2-005"",""DG-005"",""Face & Photo Socks"",""Girlfriend face"",""FACE_REPEAT"",""PP-001"",""PRINTIFY_PRIMARY"",""TEMPLATE_RESEARCH"",""V1 retained"",""Re-score"",null,null,null,null,null,null,null,null,null,null,null,null,null,null,null,null]"	SOURCE_PRESERVED_LOCAL_VALIDATION	includes/POD/MasterCatalogV2MigrationContract.php:6	tests/wordpress/MasterCatalogMixedCandidateTest.php:21::testMixedCandidatePersistsAllDispositionsAndReplaysExactEvidence; tests/wordpress/MasterCatalogMixedCandidateTest.php:42::testForgedNormalizedEvidenceIsRejectedBeforePersistence	DG2 identity/classification/overlay/source mapping preserved; 428 retained+30 existing-family+42 new-family; no catalog promotion.
Master_500_v2	7	"[""DG2-006"",""DG-011"",""Face & Photo Socks"",""Grandma"",""FACE_REPEAT"",""PP-001"",""PRINTIFY_PRIMARY"",""TEMPLATE_RESEARCH"",""V1 retained"",""Re-score"",null,null,null,null,null,null,null,null,null,null,null,null,null,null,null,null]"	SOURCE_PRESERVED_LOCAL_VALIDATION	includes/POD/MasterCatalogV2MigrationContract.php:6	tests/wordpress/MasterCatalogMixedCandidateTest.php:21::testMixedCandidatePersistsAllDispositionsAndReplaysExactEvidence; tests/wordpress/MasterCatalogMixedCandidateTest.php:42::testForgedNormalizedEvidenceIsRejectedBeforePersistence	DG2 identity/classification/overlay/source mapping preserved; 428 retained+30 existing-family+42 new-family; no catalog promotion.
Master_500_v2	8	"[""DG2-007"",""DG-012"",""Face & Photo Socks"",""Child"",""FACE_REPEAT"",""PP-001"",""PRINTIFY_PRIMARY"",""TEMPLATE_RESEARCH"",""V1 retained"",""Re-score"",null,null,null,null,null,null,null,null,null,null,null,null,null,null,null,null]"	SOURCE_PRESERVED_LOCAL_VALIDATION	includes/POD/MasterCatalogV2MigrationContract.php:6	tests/wordpress/MasterCatalogMixedCandidateTest.php:21::testMixedCandidatePersistsAllDispositionsAndReplaysExactEvidence; tests/wordpress/MasterCatalogMixedCandidateTest.php:42::testForgedNormalizedEvidenceIsRejectedBeforePersistence	DG2 identity/classification/overlay/source mapping preserved; 428 retained+30 existing-family+42 new-family; no catalog promotion.
Master_500_v2	9	"[""DG2-008"",""DG-013"",""Face & Photo Socks"",""Baby"",""FACE_REPEAT"",""PP-001"",""PRINTIFY_PRIMARY"",""TEMPLATE_RESEARCH"",""V1 retained"",""Re-score"",null,null,null,null,null,null,null,null,null,null,null,null,null,null,null,null]"	SOURCE_PRESERVED_LOCAL_VALIDATION	includes/POD/MasterCatalogV2MigrationContract.php:6	tests/wordpress/MasterCatalogMixedCandidateTest.php:21::testMixedCandidatePersistsAllDispositionsAndReplaysExactEvidence; tests/wordpress/MasterCatalogMixedCandidateTest.php:42::testForgedNormalizedEvidenceIsRejectedBeforePersistence	DG2 identity/classification/overlay/source mapping preserved; 428 retained+30 existing-family+42 new-family; no catalog promotion.
Master_500_v2	10	"[""DG2-009"",""DG-014"",""Face & Photo Socks"",""Couple"",""FACE_REPEAT"",""PP-001"",""PRINTIFY_PRIMARY"",""TEMPLATE_RESEARCH"",""V1 retained"",""Re-score"",null,null,null,null,null,null,null,null,null,null,null,null,null,null,null,null]"	SOURCE_PRESERVED_LOCAL_VALIDATION	includes/POD/MasterCatalogV2MigrationContract.php:6	tests/wordpress/MasterCatalogMixedCandidateTest.php:21::testMixedCandidatePersistsAllDispositionsAndReplaysExactEvidence; tests/wordpress/MasterCatalogMixedCandidateTest.php:42::testForgedNormalizedEvidenceIsRejectedBeforePersistence	DG2 identity/classification/overlay/source mapping preserved; 428 retained+30 existing-family+42 new-family; no catalog promotion.
Master_500_v2	11	"[""DG2-010"",""DG-015"",""Face & Photo Socks"",""Best friend"",""FACE_REPEAT"",""PP-001"",""PRINTIFY_PRIMARY"",""TEMPLATE_RESEARCH"",""V1 retained"",""Re-score"",null,null,null,null,null,null,null,null,null,null,null,null,null,null,null,null]"	SOURCE_PRESERVED_LOCAL_VALIDATION	includes/POD/MasterCatalogV2MigrationContract.php:6	tests/wordpress/MasterCatalogMixedCandidateTest.php:21::testMixedCandidatePersistsAllDispositionsAndReplaysExactEvidence; tests/wordpress/MasterCatalogMixedCandidateTest.php:42::testForgedNormalizedEvidenceIsRejectedBeforePersistence	DG2 identity/classification/overlay/source mapping preserved; 428 retained+30 existing-family+42 new-family; no catalog promotion.
Master_500_v2	12	"[""DG2-011"",""DG-016"",""Face & Photo Socks"",""Bride"",""FACE_REPEAT"",""PP-001"",""PRINTIFY_PRIMARY"",""TEMPLATE_RESEARCH"",""V1 retained"",""Re-score"",null,null,null,null,null,null,null,null,null,null,null,null,null,null,null,null]"	SOURCE_PRESERVED_LOCAL_VALIDATION	includes/POD/MasterCatalogV2MigrationContract.php:6	tests/wordpress/MasterCatalogMixedCandidateTest.php:21::testMixedCandidatePersistsAllDispositionsAndReplaysExactEvidence; tests/wordpress/MasterCatalogMixedCandidateTest.php:42::testForgedNormalizedEvidenceIsRejectedBeforePersistence	DG2 identity/classification/overlay/source mapping preserved; 428 retained+30 existing-family+42 new-family; no catalog promotion.
Master_500_v2	13	"[""DG2-012"",""DG-017"",""Face & Photo Socks"",""Groom"",""FACE_REPEAT"",""PP-001"",""PRINTIFY_PRIMARY"",""TEMPLATE_RESEARCH"",""V1 retained"",""Re-score"",null,null,null,null,null,null,null,null,null,null,null,null,null,null,null,null]"	SOURCE_PRESERVED_LOCAL_VALIDATION	includes/POD/MasterCatalogV2MigrationContract.php:6	tests/wordpress/MasterCatalogMixedCandidateTest.php:21::testMixedCandidatePersistsAllDispositionsAndReplaysExactEvidence; tests/wordpress/MasterCatalogMixedCandidateTest.php:42::testForgedNormalizedEvidenceIsRejectedBeforePersistence	DG2 identity/classification/overlay/source mapping preserved; 428 retained+30 existing-family+42 new-family; no catalog promotion.
Master_500_v2	14	"[""DG2-013"",""DG-018"",""Face & Photo Socks"",""Bridesmaids"",""FACE_REPEAT"",""PP-001"",""PRINTIFY_PRIMARY"",""TEMPLATE_RESEARCH"",""V1 retained"",""Re-score"",null,null,null,null,null,null,null,null,null,null,null,null,null,null,null,null]"	SOURCE_PRESERVED_LOCAL_VALIDATION	includes/POD/MasterCatalogV2MigrationContract.php:6	tests/wordpress/MasterCatalogMixedCandidateTest.php:21::testMixedCandidatePersistsAllDispositionsAndReplaysExactEvidence; tests/wordpress/MasterCatalogMixedCandidateTest.php:42::testForgedNormalizedEvidenceIsRejectedBeforePersistence	DG2 identity/classification/overlay/source mapping preserved; 428 retained+30 existing-family+42 new-family; no catalog promotion.
Master_500_v2	15	"[""DG2-014"",""DG-019"",""Face & Photo Socks"",""Groomsmen"",""FACE_REPEAT"",""PP-001"",""PRINTIFY_PRIMARY"",""TEMPLATE_RESEARCH"",""V1 retained"",""Re-score"",null,null,null,null,null,null,null,null,null,null,null,null,null,null,null,null]"	SOURCE_PRESERVED_LOCAL_VALIDATION	includes/POD/MasterCatalogV2MigrationContract.php:6	tests/wordpress/MasterCatalogMixedCandidateTest.php:21::testMixedCandidatePersistsAllDispositionsAndReplaysExactEvidence; tests/wordpress/MasterCatalogMixedCandidateTest.php:42::testForgedNormalizedEvidenceIsRejectedBeforePersistence	DG2 identity/classification/overlay/source mapping preserved; 428 retained+30 existing-family+42 new-family; no catalog promotion.
Master_500_v2	16	"[""DG2-015"",""DG-020"",""Face & Photo Socks"",""Birthday face"",""FACE_REPEAT"",""PP-001"",""PRINTIFY_PRIMARY"",""TEMPLATE_RESEARCH"",""V1 retained"",""Re-score"",null,null,null,null,null,null,null,null,null,null,null,null,null,null,null,null]"	SOURCE_PRESERVED_LOCAL_VALIDATION	includes/POD/MasterCatalogV2MigrationContract.php:6	tests/wordpress/MasterCatalogMixedCandidateTest.php:21::testMixedCandidatePersistsAllDispositionsAndReplaysExactEvidence; tests/wordpress/MasterCatalogMixedCandidateTest.php:42::testForgedNormalizedEvidenceIsRejectedBeforePersistence	DG2 identity/classification/overlay/source mapping preserved; 428 retained+30 existing-family+42 new-family; no catalog promotion.
Master_500_v2	17	"[""DG2-016"",""DG-021"",""Face & Photo Socks"",""Graduation face"",""FACE_REPEAT"",""PP-001"",""PRINTIFY_PRIMARY"",""TEMPLATE_RESEARCH"",""V1 retained"",""Re-score"",null,null,null,null,null,null,null,null,null,null,null,null,null,null,null,null]"	SOURCE_PRESERVED_LOCAL_VALIDATION	includes/POD/MasterCatalogV2MigrationContract.php:6	tests/wordpress/MasterCatalogMixedCandidateTest.php:21::testMixedCandidatePersistsAllDispositionsAndReplaysExactEvidence; tests/wordpress/MasterCatalogMixedCandidateTest.php:42::testForgedNormalizedEvidenceIsRejectedBeforePersistence	DG2 identity/classification/overlay/source mapping preserved; 428 retained+30 existing-family+42 new-family; no catalog promotion.
Master_500_v2	18	"[""DG2-017"",""DG-022"",""Face & Photo Socks"",""Christmas face"",""FACE_REPEAT"",""PP-001"",""PRINTIFY_PRIMARY"",""TEMPLATE_RESEARCH"",""V1 retained"",""Re-score"",null,null,null,null,null,null,null,null,null,null,null,null,null,null,null,null]"	SOURCE_PRESERVED_LOCAL_VALIDATION	includes/POD/MasterCatalogV2MigrationContract.php:6	tests/wordpress/MasterCatalogMixedCandidateTest.php:21::testMixedCandidatePersistsAllDispositionsAndReplaysExactEvidence; tests/wordpress/MasterCatalogMixedCandidateTest.php:42::testForgedNormalizedEvidenceIsRejectedBeforePersistence	DG2 identity/classification/overlay/source mapping preserved; 428 retained+30 existing-family+42 new-family; no catalog promotion.
Master_500_v2	19	"[""DG2-018"",""DG-023"",""Face & Photo Socks"",""Valentine couple"",""FACE_REPEAT"",""PP-001"",""PRINTIFY_PRIMARY"",""TEMPLATE_RESEARCH"",""V1 retained"",""Re-score"",null,null,null,null,null,null,null,null,null,null,null,null,null,null,null,null]"	SOURCE_PRESERVED_LOCAL_VALIDATION	includes/POD/MasterCatalogV2MigrationContract.php:6	tests/wordpress/MasterCatalogMixedCandidateTest.php:21::testMixedCandidatePersistsAllDispositionsAndReplaysExactEvidence; tests/wordpress/MasterCatalogMixedCandidateTest.php:42::testForgedNormalizedEvidenceIsRejectedBeforePersistence	DG2 identity/classification/overlay/source mapping preserved; 428 retained+30 existing-family+42 new-family; no catalog promotion.
Master_500_v2	20	"[""DG2-019"",""DG-024"",""Face & Photo Socks"",""Multi-family face"",""FACE_REPEAT"",""PP-001"",""PRINTIFY_PRIMARY"",""TEMPLATE_RESEARCH"",""V1 retained"",""Re-score"",null,null,null,null,null,null,null,null,null,null,null,null,null,null,null,null]"	SOURCE_PRESERVED_LOCAL_VALIDATION	includes/POD/MasterCatalogV2MigrationContract.php:6	tests/wordpress/MasterCatalogMixedCandidateTest.php:21::testMixedCandidatePersistsAllDispositionsAndReplaysExactEvidence; tests/wordpress/MasterCatalogMixedCandidateTest.php:42::testForgedNormalizedEvidenceIsRejectedBeforePersistence	DG2 identity/classification/overlay/source mapping preserved; 428 retained+30 existing-family+42 new-family; no catalog promotion.
Master_500_v2	21	"[""DG2-020"",""DG-025"",""Face & Photo Socks"",""Face + custom text"",""FACE_REPEAT"",""PP-001"",""PRINTIFY_PRIMARY"",""TEMPLATE_RESEARCH"",""V1 retained"",""Re-score"",null,null,null,null,null,null,null,null,null,null,null,null,null,null,null,null]"	SOURCE_PRESERVED_LOCAL_VALIDATION	includes/POD/MasterCatalogV2MigrationContract.php:6	tests/wordpress/MasterCatalogMixedCandidateTest.php:21::testMixedCandidatePersistsAllDispositionsAndReplaysExactEvidence; tests/wordpress/MasterCatalogMixedCandidateTest.php:42::testForgedNormalizedEvidenceIsRejectedBeforePersistence	DG2 identity/classification/overlay/source mapping preserved; 428 retained+30 existing-family+42 new-family; no catalog promotion.
Master_500_v2	22	"[""DG2-021"",""DG-026"",""Personalized Mugs"",""Pet portrait"",""PHOTO_TEXT"",""PP-002"",""PRINTIFY_PRIMARY"",""TEMPLATE_RESEARCH"",""V1 retained"",""Re-score"",null,null,null,null,null,null,null,null,null,null,null,null,null,null,null,null]"	SOURCE_PRESERVED_LOCAL_VALIDATION	includes/POD/MasterCatalogV2MigrationContract.php:6	tests/wordpress/MasterCatalogMixedCandidateTest.php:21::testMixedCandidatePersistsAllDispositionsAndReplaysExactEvidence; tests/wordpress/MasterCatalogMixedCandidateTest.php:42::testForgedNormalizedEvidenceIsRejectedBeforePersistence	DG2 identity/classification/overlay/source mapping preserved; 428 retained+30 existing-family+42 new-family; no catalog promotion.
Master_500_v2	23	"[""DG2-022"",""DG-027"",""Personalized Mugs"",""Pet + name"",""PHOTO_TEXT"",""PP-002"",""PRINTIFY_PRIMARY"",""TEMPLATE_RESEARCH"",""V1 retained"",""Re-score"",null,null,null,null,null,null,null,null,null,null,null,null,null,null,null,null]"	SOURCE_PRESERVED_LOCAL_VALIDATION	includes/POD/MasterCatalogV2MigrationContract.php:6	tests/wordpress/MasterCatalogMixedCandidateTest.php:21::testMixedCandidatePersistsAllDispositionsAndReplaysExactEvidence; tests/wordpress/MasterCatalogMixedCandidateTest.php:42::testForgedNormalizedEvidenceIsRejectedBeforePersistence	DG2 identity/classification/overlay/source mapping preserved; 428 retained+30 existing-family+42 new-family; no catalog promotion.
Master_500_v2	24	"[""DG2-023"",""DG-028"",""Personalized Mugs"",""Dog mom"",""PHOTO_TEXT"",""PP-002"",""PRINTIFY_PRIMARY"",""TEMPLATE_RESEARCH"",""V1 retained"",""Re-score"",null,null,null,null,null,null,null,null,null,null,null,null,null,null,null,null]"	SOURCE_PRESERVED_LOCAL_VALIDATION	includes/POD/MasterCatalogV2MigrationContract.php:6	tests/wordpress/MasterCatalogMixedCandidateTest.php:21::testMixedCandidatePersistsAllDispositionsAndReplaysExactEvidence; tests/wordpress/MasterCatalogMixedCandidateTest.php:42::testForgedNormalizedEvidenceIsRejectedBeforePersistence	DG2 identity/classification/overlay/source mapping preserved; 428 retained+30 existing-family+42 new-family; no catalog promotion.
Master_500_v2	25	"[""DG2-024"",""DG-029"",""Personalized Mugs"",""Dog dad"",""PHOTO_TEXT"",""PP-002"",""PRINTIFY_PRIMARY"",""TEMPLATE_RESEARCH"",""V1 retained"",""Re-score"",null,null,null,null,null,null,null,null,null,null,null,null,null,null,null,null]"	SOURCE_PRESERVED_LOCAL_VALIDATION	includes/POD/MasterCatalogV2MigrationContract.php:6	tests/wordpress/MasterCatalogMixedCandidateTest.php:21::testMixedCandidatePersistsAllDispositionsAndReplaysExactEvidence; tests/wordpress/MasterCatalogMixedCandidateTest.php:42::testForgedNormalizedEvidenceIsRejectedBeforePersistence	DG2 identity/classification/overlay/source mapping preserved; 428 retained+30 existing-family+42 new-family; no catalog promotion.
Master_500_v2	26	"[""DG2-025"",""DG-030"",""Personalized Mugs"",""Cat mom"",""PHOTO_TEXT"",""PP-002"",""PRINTIFY_PRIMARY"",""TEMPLATE_RESEARCH"",""V1 retained"",""Re-score"",null,null,null,null,null,null,null,null,null,null,null,null,null,null,null,null]"	SOURCE_PRESERVED_LOCAL_VALIDATION	includes/POD/MasterCatalogV2MigrationContract.php:6	tests/wordpress/MasterCatalogMixedCandidateTest.php:21::testMixedCandidatePersistsAllDispositionsAndReplaysExactEvidence; tests/wordpress/MasterCatalogMixedCandidateTest.php:42::testForgedNormalizedEvidenceIsRejectedBeforePersistence	DG2 identity/classification/overlay/source mapping preserved; 428 retained+30 existing-family+42 new-family; no catalog promotion.
Master_500_v2	27	"[""DG2-026"",""DG-031"",""Personalized Mugs"",""Cat dad"",""PHOTO_TEXT"",""PP-002"",""PRINTIFY_PRIMARY"",""TEMPLATE_RESEARCH"",""V1 retained"",""Re-score"",null,null,null,null,null,null,null,null,null,null,null,null,null,null,null,null]"	SOURCE_PRESERVED_LOCAL_VALIDATION	includes/POD/MasterCatalogV2MigrationContract.php:6	tests/wordpress/MasterCatalogMixedCandidateTest.php:21::testMixedCandidatePersistsAllDispositionsAndReplaysExactEvidence; tests/wordpress/MasterCatalogMixedCandidateTest.php:42::testForgedNormalizedEvidenceIsRejectedBeforePersistence	DG2 identity/classification/overlay/source mapping preserved; 428 retained+30 existing-family+42 new-family; no catalog promotion.
Master_500_v2	28	"[""DG2-027"",""DG-032"",""Personalized Mugs"",""Couple photo"",""PHOTO_TEXT"",""PP-002"",""PRINTIFY_PRIMARY"",""TEMPLATE_RESEARCH"",""V1 retained"",""Re-score"",null,null,null,null,null,null,null,null,null,null,null,null,null,null,null,null]"	SOURCE_PRESERVED_LOCAL_VALIDATION	includes/POD/MasterCatalogV2MigrationContract.php:6	tests/wordpress/MasterCatalogMixedCandidateTest.php:21::testMixedCandidatePersistsAllDispositionsAndReplaysExactEvidence; tests/wordpress/MasterCatalogMixedCandidateTest.php:42::testForgedNormalizedEvidenceIsRejectedBeforePersistence	DG2 identity/classification/overlay/source mapping preserved; 428 retained+30 existing-family+42 new-family; no catalog promotion.
Master_500_v2	29	"[""DG2-028"",""DG-033"",""Personalized Mugs"",""Wedding photo"",""PHOTO_TEXT"",""PP-002"",""PRINTIFY_PRIMARY"",""TEMPLATE_RESEARCH"",""V1 retained"",""Re-score"",null,null,null,null,null,null,null,null,null,null,null,null,null,null,null,null]"	SOURCE_PRESERVED_LOCAL_VALIDATION	includes/POD/MasterCatalogV2MigrationContract.php:6	tests/wordpress/MasterCatalogMixedCandidateTest.php:21::testMixedCandidatePersistsAllDispositionsAndReplaysExactEvidence; tests/wordpress/MasterCatalogMixedCandidateTest.php:42::testForgedNormalizedEvidenceIsRejectedBeforePersistence	DG2 identity/classification/overlay/source mapping preserved; 428 retained+30 existing-family+42 new-family; no catalog promotion.
Master_500_v2	30	"[""DG2-029"",""DG-034"",""Personalized Mugs"",""Anniversary"",""PHOTO_TEXT"",""PP-002"",""PRINTIFY_PRIMARY"",""TEMPLATE_RESEARCH"",""V1 retained"",""Re-score"",null,null,null,null,null,null,null,null,null,null,null,null,null,null,null,null]"	SOURCE_PRESERVED_LOCAL_VALIDATION	includes/POD/MasterCatalogV2MigrationContract.php:6	tests/wordpress/MasterCatalogMixedCandidateTest.php:21::testMixedCandidatePersistsAllDispositionsAndReplaysExactEvidence; tests/wordpress/MasterCatalogMixedCandidateTest.php:42::testForgedNormalizedEvidenceIsRejectedBeforePersistence	DG2 identity/classification/overlay/source mapping preserved; 428 retained+30 existing-family+42 new-family; no catalog promotion.
Master_500_v2	31	"[""DG2-030"",""DG-035"",""Personalized Mugs"",""Mom"",""PHOTO_TEXT"",""PP-002"",""PRINTIFY_PRIMARY"",""TEMPLATE_RESEARCH"",""V1 retained"",""Re-score"",null,null,null,null,null,null,null,null,null,null,null,null,null,null,null,null]"	SOURCE_PRESERVED_LOCAL_VALIDATION	includes/POD/MasterCatalogV2MigrationContract.php:6	tests/wordpress/MasterCatalogMixedCandidateTest.php:21::testMixedCandidatePersistsAllDispositionsAndReplaysExactEvidence; tests/wordpress/MasterCatalogMixedCandidateTest.php:42::testForgedNormalizedEvidenceIsRejectedBeforePersistence	DG2 identity/classification/overlay/source mapping preserved; 428 retained+30 existing-family+42 new-family; no catalog promotion.
Master_500_v2	32	"[""DG2-031"",""DG-036"",""Personalized Mugs"",""Dad"",""PHOTO_TEXT"",""PP-002"",""PRINTIFY_PRIMARY"",""TEMPLATE_RESEARCH"",""V1 retained"",""Re-score"",null,null,null,null,null,null,null,null,null,null,null,null,null,null,null,null]"	SOURCE_PRESERVED_LOCAL_VALIDATION	includes/POD/MasterCatalogV2MigrationContract.php:6	tests/wordpress/MasterCatalogMixedCandidateTest.php:21::testMixedCandidatePersistsAllDispositionsAndReplaysExactEvidence; tests/wordpress/MasterCatalogMixedCandidateTest.php:42::testForgedNormalizedEvidenceIsRejectedBeforePersistence	DG2 identity/classification/overlay/source mapping preserved; 428 retained+30 existing-family+42 new-family; no catalog promotion.
Master_500_v2	33	"[""DG2-032"",""DG-037"",""Personalized Mugs"",""Grandma"",""PHOTO_TEXT"",""PP-002"",""PRINTIFY_PRIMARY"",""TEMPLATE_RESEARCH"",""V1 retained"",""Re-score"",null,null,null,null,null,null,null,null,null,null,null,null,null,null,null,null]"	SOURCE_PRESERVED_LOCAL_VALIDATION	includes/POD/MasterCatalogV2MigrationContract.php:6	tests/wordpress/MasterCatalogMixedCandidateTest.php:21::testMixedCandidatePersistsAllDispositionsAndReplaysExactEvidence; tests/wordpress/MasterCatalogMixedCandidateTest.php:42::testForgedNormalizedEvidenceIsRejectedBeforePersistence	DG2 identity/classification/overlay/source mapping preserved; 428 retained+30 existing-family+42 new-family; no catalog promotion.
Master_500_v2	34	"[""DG2-033"",""DG-038"",""Personalized Mugs"",""Grandpa"",""PHOTO_TEXT"",""PP-002"",""PRINTIFY_PRIMARY"",""TEMPLATE_RESEARCH"",""V1 retained"",""Re-score"",null,null,null,null,null,null,null,null,null,null,null,null,null,null,null,null]"	SOURCE_PRESERVED_LOCAL_VALIDATION	includes/POD/MasterCatalogV2MigrationContract.php:6	tests/wordpress/MasterCatalogMixedCandidateTest.php:21::testMixedCandidatePersistsAllDispositionsAndReplaysExactEvidence; tests/wordpress/MasterCatalogMixedCandidateTest.php:42::testForgedNormalizedEvidenceIsRejectedBeforePersistence	DG2 identity/classification/overlay/source mapping preserved; 428 retained+30 existing-family+42 new-family; no catalog promotion.
Master_500_v2	35	"[""DG2-034"",""DG-039"",""Personalized Mugs"",""Family collage"",""PHOTO_COLLAGE"",""PP-002"",""PRINTIFY_PRIMARY"",""TEMPLATE_RESEARCH"",""V1 retained"",""Re-score"",null,null,null,null,null,null,null,null,null,null,null,null,null,null,null,null]"	SOURCE_PRESERVED_LOCAL_VALIDATION	includes/POD/MasterCatalogV2MigrationContract.php:6	tests/wordpress/MasterCatalogMixedCandidateTest.php:21::testMixedCandidatePersistsAllDispositionsAndReplaysExactEvidence; tests/wordpress/MasterCatalogMixedCandidateTest.php:42::testForgedNormalizedEvidenceIsRejectedBeforePersistence	DG2 identity/classification/overlay/source mapping preserved; 428 retained+30 existing-family+42 new-family; no catalog promotion.
Master_500_v2	36	"[""DG2-035"",""DG-040"",""Personalized Mugs"",""Best friend"",""PHOTO_TEXT"",""PP-002"",""PRINTIFY_PRIMARY"",""TEMPLATE_RESEARCH"",""V1 retained"",""Re-score"",null,null,null,null,null,null,null,null,null,null,null,null,null,null,null,null]"	SOURCE_PRESERVED_LOCAL_VALIDATION	includes/POD/MasterCatalogV2MigrationContract.php:6	tests/wordpress/MasterCatalogMixedCandidateTest.php:21::testMixedCandidatePersistsAllDispositionsAndReplaysExactEvidence; tests/wordpress/MasterCatalogMixedCandidateTest.php:42::testForgedNormalizedEvidenceIsRejectedBeforePersistence	DG2 identity/classification/overlay/source mapping preserved; 428 retained+30 existing-family+42 new-family; no catalog promotion.
Master_500_v2	37	"[""DG2-036"",""DG-041"",""Personalized Mugs"",""Coworker"",""PHOTO_TEXT"",""PP-002"",""PRINTIFY_PRIMARY"",""TEMPLATE_RESEARCH"",""V1 retained"",""Re-score"",null,null,null,null,null,null,null,null,null,null,null,null,null,null,null,null]"	SOURCE_PRESERVED_LOCAL_VALIDATION	includes/POD/MasterCatalogV2MigrationContract.php:6	tests/wordpress/MasterCatalogMixedCandidateTest.php:21::testMixedCandidatePersistsAllDispositionsAndReplaysExactEvidence; tests/wordpress/MasterCatalogMixedCandidateTest.php:42::testForgedNormalizedEvidenceIsRejectedBeforePersistence	DG2 identity/classification/overlay/source mapping preserved; 428 retained+30 existing-family+42 new-family; no catalog promotion.
Master_500_v2	38	"[""DG2-037"",""DG-042"",""Personalized Mugs"",""Teacher"",""PHOTO_TEXT"",""PP-002"",""PRINTIFY_PRIMARY"",""TEMPLATE_RESEARCH"",""V1 retained"",""Re-score"",null,null,null,null,null,null,null,null,null,null,null,null,null,null,null,null]"	SOURCE_PRESERVED_LOCAL_VALIDATION	includes/POD/MasterCatalogV2MigrationContract.php:6	tests/wordpress/MasterCatalogMixedCandidateTest.php:21::testMixedCandidatePersistsAllDispositionsAndReplaysExactEvidence; tests/wordpress/MasterCatalogMixedCandidateTest.php:42::testForgedNormalizedEvidenceIsRejectedBeforePersistence	DG2 identity/classification/overlay/source mapping preserved; 428 retained+30 existing-family+42 new-family; no catalog promotion.
Master_500_v2	39	"[""DG2-038"",""DG-043"",""Personalized Mugs"",""Graduation"",""PHOTO_TEXT"",""PP-002"",""PRINTIFY_PRIMARY"",""TEMPLATE_RESEARCH"",""V1 retained"",""Re-score"",null,null,null,null,null,null,null,null,null,null,null,null,null,null,null,null]"	SOURCE_PRESERVED_LOCAL_VALIDATION	includes/POD/MasterCatalogV2MigrationContract.php:6	tests/wordpress/MasterCatalogMixedCandidateTest.php:21::testMixedCandidatePersistsAllDispositionsAndReplaysExactEvidence; tests/wordpress/MasterCatalogMixedCandidateTest.php:42::testForgedNormalizedEvidenceIsRejectedBeforePersistence	DG2 identity/classification/overlay/source mapping preserved; 428 retained+30 existing-family+42 new-family; no catalog promotion.
Master_500_v2	40	"[""DG2-039"",""DG-044"",""Personalized Mugs"",""New baby"",""PHOTO_TEXT"",""PP-002"",""PRINTIFY_PRIMARY"",""TEMPLATE_RESEARCH"",""V1 retained"",""Re-score"",null,null,null,null,null,null,null,null,null,null,null,null,null,null,null,null]"	SOURCE_PRESERVED_LOCAL_VALIDATION	includes/POD/MasterCatalogV2MigrationContract.php:6	tests/wordpress/MasterCatalogMixedCandidateTest.php:21::testMixedCandidatePersistsAllDispositionsAndReplaysExactEvidence; tests/wordpress/MasterCatalogMixedCandidateTest.php:42::testForgedNormalizedEvidenceIsRejectedBeforePersistence	DG2 identity/classification/overlay/source mapping preserved; 428 retained+30 existing-family+42 new-family; no catalog promotion.
Master_500_v2	41	"[""DG2-040"",""DG-045"",""Personalized Mugs"",""Memorial"",""MEMORIAL"",""PP-002"",""PRINTIFY_PRIMARY"",""TEMPLATE_RESEARCH"",""V1 retained"",""Re-score"",null,null,null,null,null,null,null,null,null,null,null,null,null,null,null,null]"	SOURCE_PRESERVED_LOCAL_VALIDATION	includes/POD/MasterCatalogV2MigrationContract.php:6	tests/wordpress/MasterCatalogMixedCandidateTest.php:21::testMixedCandidatePersistsAllDispositionsAndReplaysExactEvidence; tests/wordpress/MasterCatalogMixedCandidateTest.php:42::testForgedNormalizedEvidenceIsRejectedBeforePersistence	DG2 identity/classification/overlay/source mapping preserved; 428 retained+30 existing-family+42 new-family; no catalog promotion.
Master_500_v2	42	"[""DG2-041"",""DG-046"",""Personalized Mugs"",""Pet memorial"",""MEMORIAL"",""PP-002"",""PRINTIFY_PRIMARY"",""TEMPLATE_RESEARCH"",""V1 retained"",""Re-score"",null,null,null,null,null,null,null,null,null,null,null,null,null,null,null,null]"	SOURCE_PRESERVED_LOCAL_VALIDATION	includes/POD/MasterCatalogV2MigrationContract.php:6	tests/wordpress/MasterCatalogMixedCandidateTest.php:21::testMixedCandidatePersistsAllDispositionsAndReplaysExactEvidence; tests/wordpress/MasterCatalogMixedCandidateTest.php:42::testForgedNormalizedEvidenceIsRejectedBeforePersistence	DG2 identity/classification/overlay/source mapping preserved; 428 retained+30 existing-family+42 new-family; no catalog promotion.
Master_500_v2	43	"[""DG2-042"",""DG-047"",""Personalized Mugs"",""Birthday"",""PHOTO_TEXT"",""PP-002"",""PRINTIFY_PRIMARY"",""TEMPLATE_RESEARCH"",""V1 retained"",""Re-score"",null,null,null,null,null,null,null,null,null,null,null,null,null,null,null,null]"	SOURCE_PRESERVED_LOCAL_VALIDATION	includes/POD/MasterCatalogV2MigrationContract.php:6	tests/wordpress/MasterCatalogMixedCandidateTest.php:21::testMixedCandidatePersistsAllDispositionsAndReplaysExactEvidence; tests/wordpress/MasterCatalogMixedCandidateTest.php:42::testForgedNormalizedEvidenceIsRejectedBeforePersistence	DG2 identity/classification/overlay/source mapping preserved; 428 retained+30 existing-family+42 new-family; no catalog promotion.
Master_500_v2	44	"[""DG2-043"",""DG-048"",""Personalized Mugs"",""Travel memory"",""PHOTO_TEXT"",""PP-002"",""PRINTIFY_PRIMARY"",""TEMPLATE_RESEARCH"",""V1 retained"",""Re-score"",null,null,null,null,null,null,null,null,null,null,null,null,null,null,null,null]"	SOURCE_PRESERVED_LOCAL_VALIDATION	includes/POD/MasterCatalogV2MigrationContract.php:6	tests/wordpress/MasterCatalogMixedCandidateTest.php:21::testMixedCandidatePersistsAllDispositionsAndReplaysExactEvidence; tests/wordpress/MasterCatalogMixedCandidateTest.php:42::testForgedNormalizedEvidenceIsRejectedBeforePersistence	DG2 identity/classification/overlay/source mapping preserved; 428 retained+30 existing-family+42 new-family; no catalog promotion.
Master_500_v2	45	"[""DG2-044"",""DG-049"",""Personalized Mugs"",""Handwriting/message"",""HANDWRITING"",""PP-002"",""PRINTIFY_PRIMARY"",""TEMPLATE_RESEARCH"",""V1 retained"",""Re-score"",null,null,null,null,null,null,null,null,null,null,null,null,null,null,null,null]"	SOURCE_PRESERVED_LOCAL_VALIDATION	includes/POD/MasterCatalogV2MigrationContract.php:6	tests/wordpress/MasterCatalogMixedCandidateTest.php:21::testMixedCandidatePersistsAllDispositionsAndReplaysExactEvidence; tests/wordpress/MasterCatalogMixedCandidateTest.php:42::testForgedNormalizedEvidenceIsRejectedBeforePersistence	DG2 identity/classification/overlay/source mapping preserved; 428 retained+30 existing-family+42 new-family; no catalog promotion.
Master_500_v2	46	"[""DG2-045"",""DG-050"",""Personalized Mugs"",""Child drawing"",""CHILD_ART"",""PP-002"",""PRINTIFY_PRIMARY"",""TEMPLATE_RESEARCH"",""V1 retained"",""Re-score"",null,null,null,null,null,null,null,null,null,null,null,null,null,null,null,null]"	SOURCE_PRESERVED_LOCAL_VALIDATION	includes/POD/MasterCatalogV2MigrationContract.php:6	tests/wordpress/MasterCatalogMixedCandidateTest.php:21::testMixedCandidatePersistsAllDispositionsAndReplaysExactEvidence; tests/wordpress/MasterCatalogMixedCandidateTest.php:42::testForgedNormalizedEvidenceIsRejectedBeforePersistence	DG2 identity/classification/overlay/source mapping preserved; 428 retained+30 existing-family+42 new-family; no catalog promotion.
Master_500_v2	47	"[""DG2-046"",""DG-051"",""Personalized T-Shirts"",""Dog portrait"",""PET_PORTRAIT"",""PP-003"",""PRINTIFY_PRIMARY"",""TEMPLATE_RESEARCH"",""V1 retained"",""Re-score"",null,null,null,null,null,null,null,null,null,null,null,null,null,null,null,null]"	SOURCE_PRESERVED_LOCAL_VALIDATION	includes/POD/MasterCatalogV2MigrationContract.php:6	tests/wordpress/MasterCatalogMixedCandidateTest.php:21::testMixedCandidatePersistsAllDispositionsAndReplaysExactEvidence; tests/wordpress/MasterCatalogMixedCandidateTest.php:42::testForgedNormalizedEvidenceIsRejectedBeforePersistence	DG2 identity/classification/overlay/source mapping preserved; 428 retained+30 existing-family+42 new-family; no catalog promotion.
Master_500_v2	48	"[""DG2-047"",""DG-052"",""Personalized T-Shirts"",""Cat portrait"",""PET_PORTRAIT"",""PP-003"",""PRINTIFY_PRIMARY"",""TEMPLATE_RESEARCH"",""V1 retained"",""Re-score"",null,null,null,null,null,null,null,null,null,null,null,null,null,null,null,null]"	SOURCE_PRESERVED_LOCAL_VALIDATION	includes/POD/MasterCatalogV2MigrationContract.php:6	tests/wordpress/MasterCatalogMixedCandidateTest.php:21::testMixedCandidatePersistsAllDispositionsAndReplaysExactEvidence; tests/wordpress/MasterCatalogMixedCandidateTest.php:42::testForgedNormalizedEvidenceIsRejectedBeforePersistence	DG2 identity/classification/overlay/source mapping preserved; 428 retained+30 existing-family+42 new-family; no catalog promotion.
Master_500_v2	49	"[""DG2-048"",""DG-053"",""Personalized T-Shirts"",""Multi-pet"",""PET_PORTRAIT"",""PP-003"",""PRINTIFY_PRIMARY"",""TEMPLATE_RESEARCH"",""V1 retained"",""Re-score"",null,null,null,null,null,null,null,null,null,null,null,null,null,null,null,null]"	SOURCE_PRESERVED_LOCAL_VALIDATION	includes/POD/MasterCatalogV2MigrationContract.php:6	tests/wordpress/MasterCatalogMixedCandidateTest.php:21::testMixedCandidatePersistsAllDispositionsAndReplaysExactEvidence; tests/wordpress/MasterCatalogMixedCandidateTest.php:42::testForgedNormalizedEvidenceIsRejectedBeforePersistence	DG2 identity/classification/overlay/source mapping preserved; 428 retained+30 existing-family+42 new-family; no catalog promotion.
Master_500_v2	50	"[""DG2-049"",""DG-054"",""Personalized T-Shirts"",""Dog mom"",""PET_PORTRAIT"",""PP-003"",""PRINTIFY_PRIMARY"",""TEMPLATE_RESEARCH"",""V1 retained"",""Re-score"",null,null,null,null,null,null,null,null,null,null,null,null,null,null,null,null]"	SOURCE_PRESERVED_LOCAL_VALIDATION	includes/POD/MasterCatalogV2MigrationContract.php:6	tests/wordpress/MasterCatalogMixedCandidateTest.php:21::testMixedCandidatePersistsAllDispositionsAndReplaysExactEvidence; tests/wordpress/MasterCatalogMixedCandidateTest.php:42::testForgedNormalizedEvidenceIsRejectedBeforePersistence	DG2 identity/classification/overlay/source mapping preserved; 428 retained+30 existing-family+42 new-family; no catalog promotion.
Master_500_v2	51	"[""DG2-050"",""DG-055"",""Personalized T-Shirts"",""Dog dad"",""PET_PORTRAIT"",""PP-003"",""PRINTIFY_PRIMARY"",""TEMPLATE_RESEARCH"",""V1 retained"",""Re-score"",null,null,null,null,null,null,null,null,null,null,null,null,null,null,null,null]"	SOURCE_PRESERVED_LOCAL_VALIDATION	includes/POD/MasterCatalogV2MigrationContract.php:6	tests/wordpress/MasterCatalogMixedCandidateTest.php:21::testMixedCandidatePersistsAllDispositionsAndReplaysExactEvidence; tests/wordpress/MasterCatalogMixedCandidateTest.php:42::testForgedNormalizedEvidenceIsRejectedBeforePersistence	DG2 identity/classification/overlay/source mapping preserved; 428 retained+30 existing-family+42 new-family; no catalog promotion.
Master_500_v2	52	"[""DG2-051"",""DG-056"",""Personalized T-Shirts"",""Pet memorial"",""MEMORIAL"",""PP-003"",""PRINTIFY_PRIMARY"",""TEMPLATE_RESEARCH"",""V1 retained"",""Re-score"",null,null,null,null,null,null,null,null,null,null,null,null,null,null,null,null]"	SOURCE_PRESERVED_LOCAL_VALIDATION	includes/POD/MasterCatalogV2MigrationContract.php:6	tests/wordpress/MasterCatalogMixedCandidateTest.php:21::testMixedCandidatePersistsAllDispositionsAndReplaysExactEvidence; tests/wordpress/MasterCatalogMixedCandidateTest.php:42::testForgedNormalizedEvidenceIsRejectedBeforePersistence	DG2 identity/classification/overlay/source mapping preserved; 428 retained+30 existing-family+42 new-family; no catalog promotion.
Master_500_v2	53	"[""DG2-052"",""DG-057"",""Personalized T-Shirts"",""Human photo"",""PET_PORTRAIT"",""PP-003"",""PRINTIFY_PRIMARY"",""TEMPLATE_RESEARCH"",""V1 retained"",""Re-score"",null,null,null,null,null,null,null,null,null,null,null,null,null,null,null,null]"	SOURCE_PRESERVED_LOCAL_VALIDATION	includes/POD/MasterCatalogV2MigrationContract.php:6	tests/wordpress/MasterCatalogMixedCandidateTest.php:21::testMixedCandidatePersistsAllDispositionsAndReplaysExactEvidence; tests/wordpress/MasterCatalogMixedCandidateTest.php:42::testForgedNormalizedEvidenceIsRejectedBeforePersistence	DG2 identity/classification/overlay/source mapping preserved; 428 retained+30 existing-family+42 new-family; no catalog promotion.
Master_500_v2	54	"[""DG2-053"",""DG-058"",""Personalized T-Shirts"",""Couple"",""PET_PORTRAIT"",""PP-003"",""PRINTIFY_PRIMARY"",""TEMPLATE_RESEARCH"",""V1 retained"",""Re-score"",null,null,null,null,null,null,null,null,null,null,null,null,null,null,null,null]"	SOURCE_PRESERVED_LOCAL_VALIDATION	includes/POD/MasterCatalogV2MigrationContract.php:6	tests/wordpress/MasterCatalogMixedCandidateTest.php:21::testMixedCandidatePersistsAllDispositionsAndReplaysExactEvidence; tests/wordpress/MasterCatalogMixedCandidateTest.php:42::testForgedNormalizedEvidenceIsRejectedBeforePersistence	DG2 identity/classification/overlay/source mapping preserved; 428 retained+30 existing-family+42 new-family; no catalog promotion.
Master_500_v2	55	"[""DG2-054"",""DG-059"",""Personalized T-Shirts"",""Family"",""PET_PORTRAIT"",""PP-003"",""PRINTIFY_PRIMARY"",""TEMPLATE_RESEARCH"",""V1 retained"",""Re-score"",null,null,null,null,null,null,null,null,null,null,null,null,null,null,null,null]"	SOURCE_PRESERVED_LOCAL_VALIDATION	includes/POD/MasterCatalogV2MigrationContract.php:6	tests/wordpress/MasterCatalogMixedCandidateTest.php:21::testMixedCandidatePersistsAllDispositionsAndReplaysExactEvidence; tests/wordpress/MasterCatalogMixedCandidateTest.php:42::testForgedNormalizedEvidenceIsRejectedBeforePersistence	DG2 identity/classification/overlay/source mapping preserved; 428 retained+30 existing-family+42 new-family; no catalog promotion.
Master_500_v2	56	"[""DG2-055"",""DG-060"",""Personalized T-Shirts"",""Vintage collage"",""PHOTO_COLLAGE"",""PP-003"",""PRINTIFY_PRIMARY"",""TEMPLATE_RESEARCH"",""V1 retained"",""Re-score"",null,null,null,null,null,null,null,null,null,null,null,null,null,null,null,null]"	SOURCE_PRESERVED_LOCAL_VALIDATION	includes/POD/MasterCatalogV2MigrationContract.php:6	tests/wordpress/MasterCatalogMixedCandidateTest.php:21::testMixedCandidatePersistsAllDispositionsAndReplaysExactEvidence; tests/wordpress/MasterCatalogMixedCandidateTest.php:42::testForgedNormalizedEvidenceIsRejectedBeforePersistence	DG2 identity/classification/overlay/source mapping preserved; 428 retained+30 existing-family+42 new-family; no catalog promotion.
Master_500_v2	57	"[""DG2-056"",""DG-061"",""Personalized T-Shirts"",""Retro portrait"",""PET_PORTRAIT"",""PP-003"",""PRINTIFY_PRIMARY"",""TEMPLATE_RESEARCH"",""V1 retained"",""Re-score"",null,null,null,null,null,null,null,null,null,null,null,null,null,null,null,null]"	SOURCE_PRESERVED_LOCAL_VALIDATION	includes/POD/MasterCatalogV2MigrationContract.php:6	tests/wordpress/MasterCatalogMixedCandidateTest.php:21::testMixedCandidatePersistsAllDispositionsAndReplaysExactEvidence; tests/wordpress/MasterCatalogMixedCandidateTest.php:42::testForgedNormalizedEvidenceIsRejectedBeforePersistence	DG2 identity/classification/overlay/source mapping preserved; 428 retained+30 existing-family+42 new-family; no catalog promotion.
Master_500_v2	58	"[""DG2-057"",""DG-062"",""Personalized T-Shirts"",""Mom"",""PET_PORTRAIT"",""PP-003"",""PRINTIFY_PRIMARY"",""TEMPLATE_RESEARCH"",""V1 retained"",""Re-score"",null,null,null,null,null,null,null,null,null,null,null,null,null,null,null,null]"	SOURCE_PRESERVED_LOCAL_VALIDATION	includes/POD/MasterCatalogV2MigrationContract.php:6	tests/wordpress/MasterCatalogMixedCandidateTest.php:21::testMixedCandidatePersistsAllDispositionsAndReplaysExactEvidence; tests/wordpress/MasterCatalogMixedCandidateTest.php:42::testForgedNormalizedEvidenceIsRejectedBeforePersistence	DG2 identity/classification/overlay/source mapping preserved; 428 retained+30 existing-family+42 new-family; no catalog promotion.
Master_500_v2	59	"[""DG2-058"",""DG-063"",""Personalized T-Shirts"",""Dad"",""PET_PORTRAIT"",""PP-003"",""PRINTIFY_PRIMARY"",""TEMPLATE_RESEARCH"",""V1 retained"",""Re-score"",null,null,null,null,null,null,null,null,null,null,null,null,null,null,null,null]"	SOURCE_PRESERVED_LOCAL_VALIDATION	includes/POD/MasterCatalogV2MigrationContract.php:6	tests/wordpress/MasterCatalogMixedCandidateTest.php:21::testMixedCandidatePersistsAllDispositionsAndReplaysExactEvidence; tests/wordpress/MasterCatalogMixedCandidateTest.php:42::testForgedNormalizedEvidenceIsRejectedBeforePersistence	DG2 identity/classification/overlay/source mapping preserved; 428 retained+30 existing-family+42 new-family; no catalog promotion.
Master_500_v2	60	"[""DG2-059"",""DG-064"",""Personalized T-Shirts"",""Grandma"",""PET_PORTRAIT"",""PP-003"",""PRINTIFY_PRIMARY"",""TEMPLATE_RESEARCH"",""V1 retained"",""Re-score"",null,null,null,null,null,null,null,null,null,null,null,null,null,null,null,null]"	SOURCE_PRESERVED_LOCAL_VALIDATION	includes/POD/MasterCatalogV2MigrationContract.php:6	tests/wordpress/MasterCatalogMixedCandidateTest.php:21::testMixedCandidatePersistsAllDispositionsAndReplaysExactEvidence; tests/wordpress/MasterCatalogMixedCandidateTest.php:42::testForgedNormalizedEvidenceIsRejectedBeforePersistence	DG2 identity/classification/overlay/source mapping preserved; 428 retained+30 existing-family+42 new-family; no catalog promotion.
Master_500_v2	61	"[""DG2-060"",""DG-065"",""Personalized T-Shirts"",""Grandpa"",""PET_PORTRAIT"",""PP-003"",""PRINTIFY_PRIMARY"",""TEMPLATE_RESEARCH"",""V1 retained"",""Re-score"",null,null,null,null,null,null,null,null,null,null,null,null,null,null,null,null]"	SOURCE_PRESERVED_LOCAL_VALIDATION	includes/POD/MasterCatalogV2MigrationContract.php:6	tests/wordpress/MasterCatalogMixedCandidateTest.php:21::testMixedCandidatePersistsAllDispositionsAndReplaysExactEvidence; tests/wordpress/MasterCatalogMixedCandidateTest.php:42::testForgedNormalizedEvidenceIsRejectedBeforePersistence	DG2 identity/classification/overlay/source mapping preserved; 428 retained+30 existing-family+42 new-family; no catalog promotion.
Master_500_v2	62	"[""DG2-061"",""DG-066"",""Personalized T-Shirts"",""Birthday"",""PET_PORTRAIT"",""PP-003"",""PRINTIFY_PRIMARY"",""TEMPLATE_RESEARCH"",""V1 retained"",""Re-score"",null,null,null,null,null,null,null,null,null,null,null,null,null,null,null,null]"	SOURCE_PRESERVED_LOCAL_VALIDATION	includes/POD/MasterCatalogV2MigrationContract.php:6	tests/wordpress/MasterCatalogMixedCandidateTest.php:21::testMixedCandidatePersistsAllDispositionsAndReplaysExactEvidence; tests/wordpress/MasterCatalogMixedCandidateTest.php:42::testForgedNormalizedEvidenceIsRejectedBeforePersistence	DG2 identity/classification/overlay/source mapping preserved; 428 retained+30 existing-family+42 new-family; no catalog promotion.
Master_500_v2	63	"[""DG2-062"",""DG-067"",""Personalized T-Shirts"",""Graduation"",""PET_PORTRAIT"",""PP-003"",""PRINTIFY_PRIMARY"",""TEMPLATE_RESEARCH"",""V1 retained"",""Re-score"",null,null,null,null,null,null,null,null,null,null,null,null,null,null,null,null]"	SOURCE_PRESERVED_LOCAL_VALIDATION	includes/POD/MasterCatalogV2MigrationContract.php:6	tests/wordpress/MasterCatalogMixedCandidateTest.php:21::testMixedCandidatePersistsAllDispositionsAndReplaysExactEvidence; tests/wordpress/MasterCatalogMixedCandidateTest.php:42::testForgedNormalizedEvidenceIsRejectedBeforePersistence	DG2 identity/classification/overlay/source mapping preserved; 428 retained+30 existing-family+42 new-family; no catalog promotion.
Master_500_v2	64	"[""DG2-063"",""DG-068"",""Personalized T-Shirts"",""Bride"",""PET_PORTRAIT"",""PP-003"",""PRINTIFY_PRIMARY"",""TEMPLATE_RESEARCH"",""V1 retained"",""Re-score"",null,null,null,null,null,null,null,null,null,null,null,null,null,null,null,null]"	SOURCE_PRESERVED_LOCAL_VALIDATION	includes/POD/MasterCatalogV2MigrationContract.php:6	tests/wordpress/MasterCatalogMixedCandidateTest.php:21::testMixedCandidatePersistsAllDispositionsAndReplaysExactEvidence; tests/wordpress/MasterCatalogMixedCandidateTest.php:42::testForgedNormalizedEvidenceIsRejectedBeforePersistence	DG2 identity/classification/overlay/source mapping preserved; 428 retained+30 existing-family+42 new-family; no catalog promotion.
Master_500_v2	65	"[""DG2-064"",""DG-069"",""Personalized T-Shirts"",""Groom"",""PET_PORTRAIT"",""PP-003"",""PRINTIFY_PRIMARY"",""TEMPLATE_RESEARCH"",""V1 retained"",""Re-score"",null,null,null,null,null,null,null,null,null,null,null,null,null,null,null,null]"	SOURCE_PRESERVED_LOCAL_VALIDATION	includes/POD/MasterCatalogV2MigrationContract.php:6	tests/wordpress/MasterCatalogMixedCandidateTest.php:21::testMixedCandidatePersistsAllDispositionsAndReplaysExactEvidence; tests/wordpress/MasterCatalogMixedCandidateTest.php:42::testForgedNormalizedEvidenceIsRejectedBeforePersistence	DG2 identity/classification/overlay/source mapping preserved; 428 retained+30 existing-family+42 new-family; no catalog promotion.
Master_500_v2	66	"[""DG2-065"",""DG-070"",""Personalized T-Shirts"",""Bridal party"",""PET_PORTRAIT"",""PP-003"",""PRINTIFY_PRIMARY"",""TEMPLATE_RESEARCH"",""V1 retained"",""Re-score"",null,null,null,null,null,null,null,null,null,null,null,null,null,null,null,null]"	SOURCE_PRESERVED_LOCAL_VALIDATION	includes/POD/MasterCatalogV2MigrationContract.php:6	tests/wordpress/MasterCatalogMixedCandidateTest.php:21::testMixedCandidatePersistsAllDispositionsAndReplaysExactEvidence; tests/wordpress/MasterCatalogMixedCandidateTest.php:42::testForgedNormalizedEvidenceIsRejectedBeforePersistence	DG2 identity/classification/overlay/source mapping preserved; 428 retained+30 existing-family+42 new-family; no catalog promotion.
Master_500_v2	67	"[""DG2-066"",""DG-071"",""Personalized T-Shirts"",""Family reunion"",""PET_PORTRAIT"",""PP-003"",""PRINTIFY_PRIMARY"",""TEMPLATE_RESEARCH"",""V1 retained"",""Re-score"",null,null,null,null,null,null,null,null,null,null,null,null,null,null,null,null]"	SOURCE_PRESERVED_LOCAL_VALIDATION	includes/POD/MasterCatalogV2MigrationContract.php:6	tests/wordpress/MasterCatalogMixedCandidateTest.php:21::testMixedCandidatePersistsAllDispositionsAndReplaysExactEvidence; tests/wordpress/MasterCatalogMixedCandidateTest.php:42::testForgedNormalizedEvidenceIsRejectedBeforePersistence	DG2 identity/classification/overlay/source mapping preserved; 428 retained+30 existing-family+42 new-family; no catalog promotion.
Master_500_v2	68	"[""DG2-067"",""DG-072"",""Personalized T-Shirts"",""Vacation"",""PET_PORTRAIT"",""PP-003"",""PRINTIFY_PRIMARY"",""TEMPLATE_RESEARCH"",""V1 retained"",""Re-score"",null,null,null,null,null,null,null,null,null,null,null,null,null,null,null,null]"	SOURCE_PRESERVED_LOCAL_VALIDATION	includes/POD/MasterCatalogV2MigrationContract.php:6	tests/wordpress/MasterCatalogMixedCandidateTest.php:21::testMixedCandidatePersistsAllDispositionsAndReplaysExactEvidence; tests/wordpress/MasterCatalogMixedCandidateTest.php:42::testForgedNormalizedEvidenceIsRejectedBeforePersistence	DG2 identity/classification/overlay/source mapping preserved; 428 retained+30 existing-family+42 new-family; no catalog promotion.
Master_500_v2	69	"[""DG2-068"",""DG-073"",""Personalized T-Shirts"",""Child drawing"",""CHILD_ART"",""PP-003"",""PRINTIFY_PRIMARY"",""TEMPLATE_RESEARCH"",""V1 retained"",""Re-score"",null,null,null,null,null,null,null,null,null,null,null,null,null,null,null,null]"	SOURCE_PRESERVED_LOCAL_VALIDATION	includes/POD/MasterCatalogV2MigrationContract.php:6	tests/wordpress/MasterCatalogMixedCandidateTest.php:21::testMixedCandidatePersistsAllDispositionsAndReplaysExactEvidence; tests/wordpress/MasterCatalogMixedCandidateTest.php:42::testForgedNormalizedEvidenceIsRejectedBeforePersistence	DG2 identity/classification/overlay/source mapping preserved; 428 retained+30 existing-family+42 new-family; no catalog promotion.
Master_500_v2	70	"[""DG2-069"",""DG-074"",""Personalized T-Shirts"",""Handwriting"",""HANDWRITING"",""PP-003"",""PRINTIFY_PRIMARY"",""TEMPLATE_RESEARCH"",""V1 retained"",""Re-score"",null,null,null,null,null,null,null,null,null,null,null,null,null,null,null,null]"	SOURCE_PRESERVED_LOCAL_VALIDATION	includes/POD/MasterCatalogV2MigrationContract.php:6	tests/wordpress/MasterCatalogMixedCandidateTest.php:21::testMixedCandidatePersistsAllDispositionsAndReplaysExactEvidence; tests/wordpress/MasterCatalogMixedCandidateTest.php:42::testForgedNormalizedEvidenceIsRejectedBeforePersistence	DG2 identity/classification/overlay/source mapping preserved; 428 retained+30 existing-family+42 new-family; no catalog promotion.
Master_500_v2	71	"[""DG2-070"",""DG-075"",""Personalized T-Shirts"",""Photo + message"",""PET_PORTRAIT"",""PP-003"",""PRINTIFY_PRIMARY"",""TEMPLATE_RESEARCH"",""V1 retained"",""Re-score"",null,null,null,null,null,null,null,null,null,null,null,null,null,null,null,null]"	SOURCE_PRESERVED_LOCAL_VALIDATION	includes/POD/MasterCatalogV2MigrationContract.php:6	tests/wordpress/MasterCatalogMixedCandidateTest.php:21::testMixedCandidatePersistsAllDispositionsAndReplaysExactEvidence; tests/wordpress/MasterCatalogMixedCandidateTest.php:42::testForgedNormalizedEvidenceIsRejectedBeforePersistence	DG2 identity/classification/overlay/source mapping preserved; 428 retained+30 existing-family+42 new-family; no catalog promotion.
Master_500_v2	72	"[""DG2-071"",""DG-076"",""Personalized Sweatshirts"",""Dog portrait"",""PET_PORTRAIT"",""PP-004"",""PRINTIFY_PRIMARY"",""TEMPLATE_RESEARCH"",""V1 retained"",""Re-score"",null,null,null,null,null,null,null,null,null,null,null,null,null,null,null,null]"	SOURCE_PRESERVED_LOCAL_VALIDATION	includes/POD/MasterCatalogV2MigrationContract.php:6	tests/wordpress/MasterCatalogMixedCandidateTest.php:21::testMixedCandidatePersistsAllDispositionsAndReplaysExactEvidence; tests/wordpress/MasterCatalogMixedCandidateTest.php:42::testForgedNormalizedEvidenceIsRejectedBeforePersistence	DG2 identity/classification/overlay/source mapping preserved; 428 retained+30 existing-family+42 new-family; no catalog promotion.
Master_500_v2	73	"[""DG2-072"",""DG-077"",""Personalized Sweatshirts"",""Cat portrait"",""PET_PORTRAIT"",""PP-004"",""PRINTIFY_PRIMARY"",""TEMPLATE_RESEARCH"",""V1 retained"",""Re-score"",null,null,null,null,null,null,null,null,null,null,null,null,null,null,null,null]"	SOURCE_PRESERVED_LOCAL_VALIDATION	includes/POD/MasterCatalogV2MigrationContract.php:6	tests/wordpress/MasterCatalogMixedCandidateTest.php:21::testMixedCandidatePersistsAllDispositionsAndReplaysExactEvidence; tests/wordpress/MasterCatalogMixedCandidateTest.php:42::testForgedNormalizedEvidenceIsRejectedBeforePersistence	DG2 identity/classification/overlay/source mapping preserved; 428 retained+30 existing-family+42 new-family; no catalog promotion.
Master_500_v2	74	"[""DG2-073"",""DG-078"",""Personalized Sweatshirts"",""Multi-pet"",""PET_PORTRAIT"",""PP-004"",""PRINTIFY_PRIMARY"",""TEMPLATE_RESEARCH"",""V1 retained"",""Re-score"",null,null,null,null,null,null,null,null,null,null,null,null,null,null,null,null]"	SOURCE_PRESERVED_LOCAL_VALIDATION	includes/POD/MasterCatalogV2MigrationContract.php:6	tests/wordpress/MasterCatalogMixedCandidateTest.php:21::testMixedCandidatePersistsAllDispositionsAndReplaysExactEvidence; tests/wordpress/MasterCatalogMixedCandidateTest.php:42::testForgedNormalizedEvidenceIsRejectedBeforePersistence	DG2 identity/classification/overlay/source mapping preserved; 428 retained+30 existing-family+42 new-family; no catalog promotion.
Master_500_v2	75	"[""DG2-074"",""DG-079"",""Personalized Sweatshirts"",""Embroidered-look portrait"",""PET_PORTRAIT"",""PP-004"",""PRINTIFY_PRIMARY"",""TEMPLATE_RESEARCH"",""V1 retained"",""Re-score"",null,null,null,null,null,null,null,null,null,null,null,null,null,null,null,null]"	SOURCE_PRESERVED_LOCAL_VALIDATION	includes/POD/MasterCatalogV2MigrationContract.php:6	tests/wordpress/MasterCatalogMixedCandidateTest.php:21::testMixedCandidatePersistsAllDispositionsAndReplaysExactEvidence; tests/wordpress/MasterCatalogMixedCandidateTest.php:42::testForgedNormalizedEvidenceIsRejectedBeforePersistence	DG2 identity/classification/overlay/source mapping preserved; 428 retained+30 existing-family+42 new-family; no catalog promotion.
Master_500_v2	76	"[""DG2-075"",""DG-080"",""Personalized Sweatshirts"",""Line art"",""LINE_ART"",""PP-004"",""PRINTIFY_PRIMARY"",""TEMPLATE_RESEARCH"",""V1 retained"",""Re-score"",null,null,null,null,null,null,null,null,null,null,null,null,null,null,null,null]"	SOURCE_PRESERVED_LOCAL_VALIDATION	includes/POD/MasterCatalogV2MigrationContract.php:6	tests/wordpress/MasterCatalogMixedCandidateTest.php:21::testMixedCandidatePersistsAllDispositionsAndReplaysExactEvidence; tests/wordpress/MasterCatalogMixedCandidateTest.php:42::testForgedNormalizedEvidenceIsRejectedBeforePersistence	DG2 identity/classification/overlay/source mapping preserved; 428 retained+30 existing-family+42 new-family; no catalog promotion.
Master_500_v2	77	"[""DG2-076"",""DG-081"",""Personalized Sweatshirts"",""Minimalist pet"",""PET_PORTRAIT"",""PP-004"",""PRINTIFY_PRIMARY"",""TEMPLATE_RESEARCH"",""V1 retained"",""Re-score"",null,null,null,null,null,null,null,null,null,null,null,null,null,null,null,null]"	SOURCE_PRESERVED_LOCAL_VALIDATION	includes/POD/MasterCatalogV2MigrationContract.php:6	tests/wordpress/MasterCatalogMixedCandidateTest.php:21::testMixedCandidatePersistsAllDispositionsAndReplaysExactEvidence; tests/wordpress/MasterCatalogMixedCandidateTest.php:42::testForgedNormalizedEvidenceIsRejectedBeforePersistence	DG2 identity/classification/overlay/source mapping preserved; 428 retained+30 existing-family+42 new-family; no catalog promotion.
Master_500_v2	78	"[""DG2-077"",""DG-082"",""Personalized Sweatshirts"",""Varsity pet"",""PET_PORTRAIT"",""PP-004"",""PRINTIFY_PRIMARY"",""TEMPLATE_RESEARCH"",""V1 retained"",""Re-score"",null,null,null,null,null,null,null,null,null,null,null,null,null,null,null,null]"	SOURCE_PRESERVED_LOCAL_VALIDATION	includes/POD/MasterCatalogV2MigrationContract.php:6	tests/wordpress/MasterCatalogMixedCandidateTest.php:21::testMixedCandidatePersistsAllDispositionsAndReplaysExactEvidence; tests/wordpress/MasterCatalogMixedCandidateTest.php:42::testForgedNormalizedEvidenceIsRejectedBeforePersistence	DG2 identity/classification/overlay/source mapping preserved; 428 retained+30 existing-family+42 new-family; no catalog promotion.
Master_500_v2	79	"[""DG2-078"",""DG-083"",""Personalized Sweatshirts"",""Retro pet"",""PET_PORTRAIT"",""PP-004"",""PRINTIFY_PRIMARY"",""TEMPLATE_RESEARCH"",""V1 retained"",""Re-score"",null,null,null,null,null,null,null,null,null,null,null,null,null,null,null,null]"	SOURCE_PRESERVED_LOCAL_VALIDATION	includes/POD/MasterCatalogV2MigrationContract.php:6	tests/wordpress/MasterCatalogMixedCandidateTest.php:21::testMixedCandidatePersistsAllDispositionsAndReplaysExactEvidence; tests/wordpress/MasterCatalogMixedCandidateTest.php:42::testForgedNormalizedEvidenceIsRejectedBeforePersistence	DG2 identity/classification/overlay/source mapping preserved; 428 retained+30 existing-family+42 new-family; no catalog promotion.
Master_500_v2	80	"[""DG2-079"",""DG-084"",""Personalized Sweatshirts"",""Pet memorial"",""MEMORIAL"",""PP-004"",""PRINTIFY_PRIMARY"",""TEMPLATE_RESEARCH"",""V1 retained"",""Re-score"",null,null,null,null,null,null,null,null,null,null,null,null,null,null,null,null]"	SOURCE_PRESERVED_LOCAL_VALIDATION	includes/POD/MasterCatalogV2MigrationContract.php:6	tests/wordpress/MasterCatalogMixedCandidateTest.php:21::testMixedCandidatePersistsAllDispositionsAndReplaysExactEvidence; tests/wordpress/MasterCatalogMixedCandidateTest.php:42::testForgedNormalizedEvidenceIsRejectedBeforePersistence	DG2 identity/classification/overlay/source mapping preserved; 428 retained+30 existing-family+42 new-family; no catalog promotion.
Master_500_v2	81	"[""DG2-080"",""DG-085"",""Personalized Sweatshirts"",""Dog mom"",""PET_PORTRAIT"",""PP-004"",""PRINTIFY_PRIMARY"",""TEMPLATE_RESEARCH"",""V1 retained"",""Re-score"",null,null,null,null,null,null,null,null,null,null,null,null,null,null,null,null]"	SOURCE_PRESERVED_LOCAL_VALIDATION	includes/POD/MasterCatalogV2MigrationContract.php:6	tests/wordpress/MasterCatalogMixedCandidateTest.php:21::testMixedCandidatePersistsAllDispositionsAndReplaysExactEvidence; tests/wordpress/MasterCatalogMixedCandidateTest.php:42::testForgedNormalizedEvidenceIsRejectedBeforePersistence	DG2 identity/classification/overlay/source mapping preserved; 428 retained+30 existing-family+42 new-family; no catalog promotion.
Master_500_v2	82	"[""DG2-081"",""DG-086"",""Personalized Sweatshirts"",""Dog dad"",""PET_PORTRAIT"",""PP-004"",""PRINTIFY_PRIMARY"",""TEMPLATE_RESEARCH"",""V1 retained"",""Re-score"",null,null,null,null,null,null,null,null,null,null,null,null,null,null,null,null]"	SOURCE_PRESERVED_LOCAL_VALIDATION	includes/POD/MasterCatalogV2MigrationContract.php:6	tests/wordpress/MasterCatalogMixedCandidateTest.php:21::testMixedCandidatePersistsAllDispositionsAndReplaysExactEvidence; tests/wordpress/MasterCatalogMixedCandidateTest.php:42::testForgedNormalizedEvidenceIsRejectedBeforePersistence	DG2 identity/classification/overlay/source mapping preserved; 428 retained+30 existing-family+42 new-family; no catalog promotion.
Master_500_v2	83	"[""DG2-082"",""DG-087"",""Personalized Sweatshirts"",""Couple"",""PET_PORTRAIT"",""PP-004"",""PRINTIFY_PRIMARY"",""TEMPLATE_RESEARCH"",""V1 retained"",""Re-score"",null,null,null,null,null,null,null,null,null,null,null,null,null,null,null,null]"	SOURCE_PRESERVED_LOCAL_VALIDATION	includes/POD/MasterCatalogV2MigrationContract.php:6	tests/wordpress/MasterCatalogMixedCandidateTest.php:21::testMixedCandidatePersistsAllDispositionsAndReplaysExactEvidence; tests/wordpress/MasterCatalogMixedCandidateTest.php:42::testForgedNormalizedEvidenceIsRejectedBeforePersistence	DG2 identity/classification/overlay/source mapping preserved; 428 retained+30 existing-family+42 new-family; no catalog promotion.
Master_500_v2	84	"[""DG2-083"",""DG-088"",""Personalized Sweatshirts"",""Anniversary"",""PET_PORTRAIT"",""PP-004"",""PRINTIFY_PRIMARY"",""TEMPLATE_RESEARCH"",""V1 retained"",""Re-score"",null,null,null,null,null,null,null,null,null,null,null,null,null,null,null,null]"	SOURCE_PRESERVED_LOCAL_VALIDATION	includes/POD/MasterCatalogV2MigrationContract.php:6	tests/wordpress/MasterCatalogMixedCandidateTest.php:21::testMixedCandidatePersistsAllDispositionsAndReplaysExactEvidence; tests/wordpress/MasterCatalogMixedCandidateTest.php:42::testForgedNormalizedEvidenceIsRejectedBeforePersistence	DG2 identity/classification/overlay/source mapping preserved; 428 retained+30 existing-family+42 new-family; no catalog promotion.
Master_500_v2	85	"[""DG2-084"",""DG-089"",""Personalized Sweatshirts"",""Wedding"",""PET_PORTRAIT"",""PP-004"",""PRINTIFY_PRIMARY"",""TEMPLATE_RESEARCH"",""V1 retained"",""Re-score"",null,null,null,null,null,null,null,null,null,null,null,null,null,null,null,null]"	SOURCE_PRESERVED_LOCAL_VALIDATION	includes/POD/MasterCatalogV2MigrationContract.php:6	tests/wordpress/MasterCatalogMixedCandidateTest.php:21::testMixedCandidatePersistsAllDispositionsAndReplaysExactEvidence; tests/wordpress/MasterCatalogMixedCandidateTest.php:42::testForgedNormalizedEvidenceIsRejectedBeforePersistence	DG2 identity/classification/overlay/source mapping preserved; 428 retained+30 existing-family+42 new-family; no catalog promotion.
Master_500_v2	86	"[""DG2-085"",""DG-090"",""Personalized Sweatshirts"",""Family"",""PET_PORTRAIT"",""PP-004"",""PRINTIFY_PRIMARY"",""TEMPLATE_RESEARCH"",""V1 retained"",""Re-score"",null,null,null,null,null,null,null,null,null,null,null,null,null,null,null,null]"	SOURCE_PRESERVED_LOCAL_VALIDATION	includes/POD/MasterCatalogV2MigrationContract.php:6	tests/wordpress/MasterCatalogMixedCandidateTest.php:21::testMixedCandidatePersistsAllDispositionsAndReplaysExactEvidence; tests/wordpress/MasterCatalogMixedCandidateTest.php:42::testForgedNormalizedEvidenceIsRejectedBeforePersistence	DG2 identity/classification/overlay/source mapping preserved; 428 retained+30 existing-family+42 new-family; no catalog promotion.
Master_500_v2	87	"[""DG2-086"",""DG-091"",""Personalized Sweatshirts"",""Mom"",""PET_PORTRAIT"",""PP-004"",""PRINTIFY_PRIMARY"",""TEMPLATE_RESEARCH"",""V1 retained"",""Re-score"",null,null,null,null,null,null,null,null,null,null,null,null,null,null,null,null]"	SOURCE_PRESERVED_LOCAL_VALIDATION	includes/POD/MasterCatalogV2MigrationContract.php:6	tests/wordpress/MasterCatalogMixedCandidateTest.php:21::testMixedCandidatePersistsAllDispositionsAndReplaysExactEvidence; tests/wordpress/MasterCatalogMixedCandidateTest.php:42::testForgedNormalizedEvidenceIsRejectedBeforePersistence	DG2 identity/classification/overlay/source mapping preserved; 428 retained+30 existing-family+42 new-family; no catalog promotion.
Master_500_v2	88	"[""DG2-087"",""DG-092"",""Personalized Sweatshirts"",""Dad"",""PET_PORTRAIT"",""PP-004"",""PRINTIFY_PRIMARY"",""TEMPLATE_RESEARCH"",""V1 retained"",""Re-score"",null,null,null,null,null,null,null,null,null,null,null,null,null,null,null,null]"	SOURCE_PRESERVED_LOCAL_VALIDATION	includes/POD/MasterCatalogV2MigrationContract.php:6	tests/wordpress/MasterCatalogMixedCandidateTest.php:21::testMixedCandidatePersistsAllDispositionsAndReplaysExactEvidence; tests/wordpress/MasterCatalogMixedCandidateTest.php:42::testForgedNormalizedEvidenceIsRejectedBeforePersistence	DG2 identity/classification/overlay/source mapping preserved; 428 retained+30 existing-family+42 new-family; no catalog promotion.
Master_500_v2	89	"[""DG2-088"",""DG-093"",""Personalized Sweatshirts"",""Grandma"",""PET_PORTRAIT"",""PP-004"",""PRINTIFY_PRIMARY"",""TEMPLATE_RESEARCH"",""V1 retained"",""Re-score"",null,null,null,null,null,null,null,null,null,null,null,null,null,null,null,null]"	SOURCE_PRESERVED_LOCAL_VALIDATION	includes/POD/MasterCatalogV2MigrationContract.php:6	tests/wordpress/MasterCatalogMixedCandidateTest.php:21::testMixedCandidatePersistsAllDispositionsAndReplaysExactEvidence; tests/wordpress/MasterCatalogMixedCandidateTest.php:42::testForgedNormalizedEvidenceIsRejectedBeforePersistence	DG2 identity/classification/overlay/source mapping preserved; 428 retained+30 existing-family+42 new-family; no catalog promotion.
Master_500_v2	90	"[""DG2-089"",""DG-094"",""Personalized Sweatshirts"",""Grandpa"",""PET_PORTRAIT"",""PP-004"",""PRINTIFY_PRIMARY"",""TEMPLATE_RESEARCH"",""V1 retained"",""Re-score"",null,null,null,null,null,null,null,null,null,null,null,null,null,null,null,null]"	SOURCE_PRESERVED_LOCAL_VALIDATION	includes/POD/MasterCatalogV2MigrationContract.php:6	tests/wordpress/MasterCatalogMixedCandidateTest.php:21::testMixedCandidatePersistsAllDispositionsAndReplaysExactEvidence; tests/wordpress/MasterCatalogMixedCandidateTest.php:42::testForgedNormalizedEvidenceIsRejectedBeforePersistence	DG2 identity/classification/overlay/source mapping preserved; 428 retained+30 existing-family+42 new-family; no catalog promotion.
Master_500_v2	91	"[""DG2-090"",""DG-095"",""Personalized Sweatshirts"",""Child"",""PET_PORTRAIT"",""PP-004"",""PRINTIFY_PRIMARY"",""TEMPLATE_RESEARCH"",""V1 retained"",""Re-score"",null,null,null,null,null,null,null,null,null,null,null,null,null,null,null,null]"	SOURCE_PRESERVED_LOCAL_VALIDATION	includes/POD/MasterCatalogV2MigrationContract.php:6	tests/wordpress/MasterCatalogMixedCandidateTest.php:21::testMixedCandidatePersistsAllDispositionsAndReplaysExactEvidence; tests/wordpress/MasterCatalogMixedCandidateTest.php:42::testForgedNormalizedEvidenceIsRejectedBeforePersistence	DG2 identity/classification/overlay/source mapping preserved; 428 retained+30 existing-family+42 new-family; no catalog promotion.
Master_500_v2	92	"[""DG2-091"",""DG-096"",""Personalized Sweatshirts"",""Birthday"",""PET_PORTRAIT"",""PP-004"",""PRINTIFY_PRIMARY"",""TEMPLATE_RESEARCH"",""V1 retained"",""Re-score"",null,null,null,null,null,null,null,null,null,null,null,null,null,null,null,null]"	SOURCE_PRESERVED_LOCAL_VALIDATION	includes/POD/MasterCatalogV2MigrationContract.php:6	tests/wordpress/MasterCatalogMixedCandidateTest.php:21::testMixedCandidatePersistsAllDispositionsAndReplaysExactEvidence; tests/wordpress/MasterCatalogMixedCandidateTest.php:42::testForgedNormalizedEvidenceIsRejectedBeforePersistence	DG2 identity/classification/overlay/source mapping preserved; 428 retained+30 existing-family+42 new-family; no catalog promotion.
Master_500_v2	93	"[""DG2-092"",""DG-097"",""Personalized Sweatshirts"",""Graduation"",""PET_PORTRAIT"",""PP-004"",""PRINTIFY_PRIMARY"",""TEMPLATE_RESEARCH"",""V1 retained"",""Re-score"",null,null,null,null,null,null,null,null,null,null,null,null,null,null,null,null]"	SOURCE_PRESERVED_LOCAL_VALIDATION	includes/POD/MasterCatalogV2MigrationContract.php:6	tests/wordpress/MasterCatalogMixedCandidateTest.php:21::testMixedCandidatePersistsAllDispositionsAndReplaysExactEvidence; tests/wordpress/MasterCatalogMixedCandidateTest.php:42::testForgedNormalizedEvidenceIsRejectedBeforePersistence	DG2 identity/classification/overlay/source mapping preserved; 428 retained+30 existing-family+42 new-family; no catalog promotion.
Master_500_v2	94	"[""DG2-093"",""DG-098"",""Personalized Sweatshirts"",""Handwriting"",""HANDWRITING"",""PP-004"",""PRINTIFY_PRIMARY"",""TEMPLATE_RESEARCH"",""V1 retained"",""Re-score"",null,null,null,null,null,null,null,null,null,null,null,null,null,null,null,null]"	SOURCE_PRESERVED_LOCAL_VALIDATION	includes/POD/MasterCatalogV2MigrationContract.php:6	tests/wordpress/MasterCatalogMixedCandidateTest.php:21::testMixedCandidatePersistsAllDispositionsAndReplaysExactEvidence; tests/wordpress/MasterCatalogMixedCandidateTest.php:42::testForgedNormalizedEvidenceIsRejectedBeforePersistence	DG2 identity/classification/overlay/source mapping preserved; 428 retained+30 existing-family+42 new-family; no catalog promotion.
Master_500_v2	95	"[""DG2-094"",""DG-099"",""Personalized Sweatshirts"",""Photo collage"",""PHOTO_COLLAGE"",""PP-004"",""PRINTIFY_PRIMARY"",""TEMPLATE_RESEARCH"",""V1 retained"",""Re-score"",null,null,null,null,null,null,null,null,null,null,null,null,null,null,null,null]"	SOURCE_PRESERVED_LOCAL_VALIDATION	includes/POD/MasterCatalogV2MigrationContract.php:6	tests/wordpress/MasterCatalogMixedCandidateTest.php:21::testMixedCandidatePersistsAllDispositionsAndReplaysExactEvidence; tests/wordpress/MasterCatalogMixedCandidateTest.php:42::testForgedNormalizedEvidenceIsRejectedBeforePersistence	DG2 identity/classification/overlay/source mapping preserved; 428 retained+30 existing-family+42 new-family; no catalog promotion.
Master_500_v2	96	"[""DG2-095"",""DG-100"",""Personalized Sweatshirts"",""Photo + date"",""PET_PORTRAIT"",""PP-004"",""PRINTIFY_PRIMARY"",""TEMPLATE_RESEARCH"",""V1 retained"",""Re-score"",null,null,null,null,null,null,null,null,null,null,null,null,null,null,null,null]"	SOURCE_PRESERVED_LOCAL_VALIDATION	includes/POD/MasterCatalogV2MigrationContract.php:6	tests/wordpress/MasterCatalogMixedCandidateTest.php:21::testMixedCandidatePersistsAllDispositionsAndReplaysExactEvidence; tests/wordpress/MasterCatalogMixedCandidateTest.php:42::testForgedNormalizedEvidenceIsRejectedBeforePersistence	DG2 identity/classification/overlay/source mapping preserved; 428 retained+30 existing-family+42 new-family; no catalog promotion.
Master_500_v2	97	"[""DG2-096"",""DG-101"",""Personalized Hoodies"",""Dog portrait"",""PET_PORTRAIT"",""PP-005"",""PRINTIFY_PRIMARY"",""TEMPLATE_RESEARCH"",""V1 retained"",""Re-score"",null,null,null,null,null,null,null,null,null,null,null,null,null,null,null,null]"	SOURCE_PRESERVED_LOCAL_VALIDATION	includes/POD/MasterCatalogV2MigrationContract.php:6	tests/wordpress/MasterCatalogMixedCandidateTest.php:21::testMixedCandidatePersistsAllDispositionsAndReplaysExactEvidence; tests/wordpress/MasterCatalogMixedCandidateTest.php:42::testForgedNormalizedEvidenceIsRejectedBeforePersistence	DG2 identity/classification/overlay/source mapping preserved; 428 retained+30 existing-family+42 new-family; no catalog promotion.
Master_500_v2	98	"[""DG2-097"",""DG-102"",""Personalized Hoodies"",""Cat portrait"",""PET_PORTRAIT"",""PP-005"",""PRINTIFY_PRIMARY"",""TEMPLATE_RESEARCH"",""V1 retained"",""Re-score"",null,null,null,null,null,null,null,null,null,null,null,null,null,null,null,null]"	SOURCE_PRESERVED_LOCAL_VALIDATION	includes/POD/MasterCatalogV2MigrationContract.php:6	tests/wordpress/MasterCatalogMixedCandidateTest.php:21::testMixedCandidatePersistsAllDispositionsAndReplaysExactEvidence; tests/wordpress/MasterCatalogMixedCandidateTest.php:42::testForgedNormalizedEvidenceIsRejectedBeforePersistence	DG2 identity/classification/overlay/source mapping preserved; 428 retained+30 existing-family+42 new-family; no catalog promotion.
Master_500_v2	99	"[""DG2-098"",""DG-103"",""Personalized Hoodies"",""Multi-pet"",""PET_PORTRAIT"",""PP-005"",""PRINTIFY_PRIMARY"",""TEMPLATE_RESEARCH"",""V1 retained"",""Re-score"",null,null,null,null,null,null,null,null,null,null,null,null,null,null,null,null]"	SOURCE_PRESERVED_LOCAL_VALIDATION	includes/POD/MasterCatalogV2MigrationContract.php:6	tests/wordpress/MasterCatalogMixedCandidateTest.php:21::testMixedCandidatePersistsAllDispositionsAndReplaysExactEvidence; tests/wordpress/MasterCatalogMixedCandidateTest.php:42::testForgedNormalizedEvidenceIsRejectedBeforePersistence	DG2 identity/classification/overlay/source mapping preserved; 428 retained+30 existing-family+42 new-family; no catalog promotion.
Master_500_v2	100	"[""DG2-099"",""DG-104"",""Personalized Hoodies"",""Pet memorial"",""MEMORIAL"",""PP-005"",""PRINTIFY_PRIMARY"",""TEMPLATE_RESEARCH"",""V1 retained"",""Re-score"",null,null,null,null,null,null,null,null,null,null,null,null,null,null,null,null]"	SOURCE_PRESERVED_LOCAL_VALIDATION	includes/POD/MasterCatalogV2MigrationContract.php:6	tests/wordpress/MasterCatalogMixedCandidateTest.php:21::testMixedCandidatePersistsAllDispositionsAndReplaysExactEvidence; tests/wordpress/MasterCatalogMixedCandidateTest.php:42::testForgedNormalizedEvidenceIsRejectedBeforePersistence	DG2 identity/classification/overlay/source mapping preserved; 428 retained+30 existing-family+42 new-family; no catalog promotion.
Master_500_v2	101	"[""DG2-100"",""DG-105"",""Personalized Hoodies"",""Dog mom"",""PET_PORTRAIT"",""PP-005"",""PRINTIFY_PRIMARY"",""TEMPLATE_RESEARCH"",""V1 retained"",""Re-score"",null,null,null,null,null,null,null,null,null,null,null,null,null,null,null,null]"	SOURCE_PRESERVED_LOCAL_VALIDATION	includes/POD/MasterCatalogV2MigrationContract.php:6	tests/wordpress/MasterCatalogMixedCandidateTest.php:21::testMixedCandidatePersistsAllDispositionsAndReplaysExactEvidence; tests/wordpress/MasterCatalogMixedCandidateTest.php:42::testForgedNormalizedEvidenceIsRejectedBeforePersistence	DG2 identity/classification/overlay/source mapping preserved; 428 retained+30 existing-family+42 new-family; no catalog promotion.
Master_500_v2	102	"[""DG2-101"",""DG-106"",""Personalized Hoodies"",""Dog dad"",""PET_PORTRAIT"",""PP-005"",""PRINTIFY_PRIMARY"",""TEMPLATE_RESEARCH"",""V1 retained"",""Re-score"",null,null,null,null,null,null,null,null,null,null,null,null,null,null,null,null]"	SOURCE_PRESERVED_LOCAL_VALIDATION	includes/POD/MasterCatalogV2MigrationContract.php:6	tests/wordpress/MasterCatalogMixedCandidateTest.php:21::testMixedCandidatePersistsAllDispositionsAndReplaysExactEvidence; tests/wordpress/MasterCatalogMixedCandidateTest.php:42::testForgedNormalizedEvidenceIsRejectedBeforePersistence	DG2 identity/classification/overlay/source mapping preserved; 428 retained+30 existing-family+42 new-family; no catalog promotion.
Master_500_v2	103	"[""DG2-102"",""DG-107"",""Personalized Hoodies"",""Human portrait"",""PET_PORTRAIT"",""PP-005"",""PRINTIFY_PRIMARY"",""TEMPLATE_RESEARCH"",""V1 retained"",""Re-score"",null,null,null,null,null,null,null,null,null,null,null,null,null,null,null,null]"	SOURCE_PRESERVED_LOCAL_VALIDATION	includes/POD/MasterCatalogV2MigrationContract.php:6	tests/wordpress/MasterCatalogMixedCandidateTest.php:21::testMixedCandidatePersistsAllDispositionsAndReplaysExactEvidence; tests/wordpress/MasterCatalogMixedCandidateTest.php:42::testForgedNormalizedEvidenceIsRejectedBeforePersistence	DG2 identity/classification/overlay/source mapping preserved; 428 retained+30 existing-family+42 new-family; no catalog promotion.
Master_500_v2	104	"[""DG2-103"",""DG-108"",""Personalized Hoodies"",""Couple"",""PET_PORTRAIT"",""PP-005"",""PRINTIFY_PRIMARY"",""TEMPLATE_RESEARCH"",""V1 retained"",""Re-score"",null,null,null,null,null,null,null,null,null,null,null,null,null,null,null,null]"	SOURCE_PRESERVED_LOCAL_VALIDATION	includes/POD/MasterCatalogV2MigrationContract.php:6	tests/wordpress/MasterCatalogMixedCandidateTest.php:21::testMixedCandidatePersistsAllDispositionsAndReplaysExactEvidence; tests/wordpress/MasterCatalogMixedCandidateTest.php:42::testForgedNormalizedEvidenceIsRejectedBeforePersistence	DG2 identity/classification/overlay/source mapping preserved; 428 retained+30 existing-family+42 new-family; no catalog promotion.
Master_500_v2	105	"[""DG2-104"",""DG-111"",""Personalized Hoodies"",""Husband"",""PET_PORTRAIT"",""PP-005"",""PRINTIFY_PRIMARY"",""TEMPLATE_RESEARCH"",""V1 retained"",""Re-score"",null,null,null,null,null,null,null,null,null,null,null,null,null,null,null,null]"	SOURCE_PRESERVED_LOCAL_VALIDATION	includes/POD/MasterCatalogV2MigrationContract.php:6	tests/wordpress/MasterCatalogMixedCandidateTest.php:21::testMixedCandidatePersistsAllDispositionsAndReplaysExactEvidence; tests/wordpress/MasterCatalogMixedCandidateTest.php:42::testForgedNormalizedEvidenceIsRejectedBeforePersistence	DG2 identity/classification/overlay/source mapping preserved; 428 retained+30 existing-family+42 new-family; no catalog promotion.
Master_500_v2	106	"[""DG2-105"",""DG-112"",""Personalized Hoodies"",""Wife"",""PET_PORTRAIT"",""PP-005"",""PRINTIFY_PRIMARY"",""TEMPLATE_RESEARCH"",""V1 retained"",""Re-score"",null,null,null,null,null,null,null,null,null,null,null,null,null,null,null,null]"	SOURCE_PRESERVED_LOCAL_VALIDATION	includes/POD/MasterCatalogV2MigrationContract.php:6	tests/wordpress/MasterCatalogMixedCandidateTest.php:21::testMixedCandidatePersistsAllDispositionsAndReplaysExactEvidence; tests/wordpress/MasterCatalogMixedCandidateTest.php:42::testForgedNormalizedEvidenceIsRejectedBeforePersistence	DG2 identity/classification/overlay/source mapping preserved; 428 retained+30 existing-family+42 new-family; no catalog promotion.
Master_500_v2	107	"[""DG2-106"",""DG-113"",""Personalized Hoodies"",""Family"",""PET_PORTRAIT"",""PP-005"",""PRINTIFY_PRIMARY"",""TEMPLATE_RESEARCH"",""V1 retained"",""Re-score"",null,null,null,null,null,null,null,null,null,null,null,null,null,null,null,null]"	SOURCE_PRESERVED_LOCAL_VALIDATION	includes/POD/MasterCatalogV2MigrationContract.php:6	tests/wordpress/MasterCatalogMixedCandidateTest.php:21::testMixedCandidatePersistsAllDispositionsAndReplaysExactEvidence; tests/wordpress/MasterCatalogMixedCandidateTest.php:42::testForgedNormalizedEvidenceIsRejectedBeforePersistence	DG2 identity/classification/overlay/source mapping preserved; 428 retained+30 existing-family+42 new-family; no catalog promotion.
Master_500_v2	108	"[""DG2-107"",""DG-114"",""Personalized Hoodies"",""Dad"",""PET_PORTRAIT"",""PP-005"",""PRINTIFY_PRIMARY"",""TEMPLATE_RESEARCH"",""V1 retained"",""Re-score"",null,null,null,null,null,null,null,null,null,null,null,null,null,null,null,null]"	SOURCE_PRESERVED_LOCAL_VALIDATION	includes/POD/MasterCatalogV2MigrationContract.php:6	tests/wordpress/MasterCatalogMixedCandidateTest.php:21::testMixedCandidatePersistsAllDispositionsAndReplaysExactEvidence; tests/wordpress/MasterCatalogMixedCandidateTest.php:42::testForgedNormalizedEvidenceIsRejectedBeforePersistence	DG2 identity/classification/overlay/source mapping preserved; 428 retained+30 existing-family+42 new-family; no catalog promotion.
Master_500_v2	109	"[""DG2-108"",""DG-115"",""Personalized Hoodies"",""Mom"",""PET_PORTRAIT"",""PP-005"",""PRINTIFY_PRIMARY"",""TEMPLATE_RESEARCH"",""V1 retained"",""Re-score"",null,null,null,null,null,null,null,null,null,null,null,null,null,null,null,null]"	SOURCE_PRESERVED_LOCAL_VALIDATION	includes/POD/MasterCatalogV2MigrationContract.php:6	tests/wordpress/MasterCatalogMixedCandidateTest.php:21::testMixedCandidatePersistsAllDispositionsAndReplaysExactEvidence; tests/wordpress/MasterCatalogMixedCandidateTest.php:42::testForgedNormalizedEvidenceIsRejectedBeforePersistence	DG2 identity/classification/overlay/source mapping preserved; 428 retained+30 existing-family+42 new-family; no catalog promotion.
Master_500_v2	110	"[""DG2-109"",""DG-116"",""Personalized Hoodies"",""Grandparents"",""PET_PORTRAIT"",""PP-005"",""PRINTIFY_PRIMARY"",""TEMPLATE_RESEARCH"",""V1 retained"",""Re-score"",null,null,null,null,null,null,null,null,null,null,null,null,null,null,null,null]"	SOURCE_PRESERVED_LOCAL_VALIDATION	includes/POD/MasterCatalogV2MigrationContract.php:6	tests/wordpress/MasterCatalogMixedCandidateTest.php:21::testMixedCandidatePersistsAllDispositionsAndReplaysExactEvidence; tests/wordpress/MasterCatalogMixedCandidateTest.php:42::testForgedNormalizedEvidenceIsRejectedBeforePersistence	DG2 identity/classification/overlay/source mapping preserved; 428 retained+30 existing-family+42 new-family; no catalog promotion.
Master_500_v2	111	"[""DG2-110"",""DG-117"",""Personalized Hoodies"",""Wedding"",""PET_PORTRAIT"",""PP-005"",""PRINTIFY_PRIMARY"",""TEMPLATE_RESEARCH"",""V1 retained"",""Re-score"",null,null,null,null,null,null,null,null,null,null,null,null,null,null,null,null]"	SOURCE_PRESERVED_LOCAL_VALIDATION	includes/POD/MasterCatalogV2MigrationContract.php:6	tests/wordpress/MasterCatalogMixedCandidateTest.php:21::testMixedCandidatePersistsAllDispositionsAndReplaysExactEvidence; tests/wordpress/MasterCatalogMixedCandidateTest.php:42::testForgedNormalizedEvidenceIsRejectedBeforePersistence	DG2 identity/classification/overlay/source mapping preserved; 428 retained+30 existing-family+42 new-family; no catalog promotion.
Master_500_v2	112	"[""DG2-111"",""DG-118"",""Personalized Hoodies"",""Anniversary"",""PET_PORTRAIT"",""PP-005"",""PRINTIFY_PRIMARY"",""TEMPLATE_RESEARCH"",""V1 retained"",""Re-score"",null,null,null,null,null,null,null,null,null,null,null,null,null,null,null,null]"	SOURCE_PRESERVED_LOCAL_VALIDATION	includes/POD/MasterCatalogV2MigrationContract.php:6	tests/wordpress/MasterCatalogMixedCandidateTest.php:21::testMixedCandidatePersistsAllDispositionsAndReplaysExactEvidence; tests/wordpress/MasterCatalogMixedCandidateTest.php:42::testForgedNormalizedEvidenceIsRejectedBeforePersistence	DG2 identity/classification/overlay/source mapping preserved; 428 retained+30 existing-family+42 new-family; no catalog promotion.
Master_500_v2	113	"[""DG2-112"",""DG-119"",""Personalized Hoodies"",""Birthday"",""PET_PORTRAIT"",""PP-005"",""PRINTIFY_PRIMARY"",""TEMPLATE_RESEARCH"",""V1 retained"",""Re-score"",null,null,null,null,null,null,null,null,null,null,null,null,null,null,null,null]"	SOURCE_PRESERVED_LOCAL_VALIDATION	includes/POD/MasterCatalogV2MigrationContract.php:6	tests/wordpress/MasterCatalogMixedCandidateTest.php:21::testMixedCandidatePersistsAllDispositionsAndReplaysExactEvidence; tests/wordpress/MasterCatalogMixedCandidateTest.php:42::testForgedNormalizedEvidenceIsRejectedBeforePersistence	DG2 identity/classification/overlay/source mapping preserved; 428 retained+30 existing-family+42 new-family; no catalog promotion.
Master_500_v2	114	"[""DG2-113"",""DG-120"",""Personalized Hoodies"",""Graduation"",""PET_PORTRAIT"",""PP-005"",""PRINTIFY_PRIMARY"",""TEMPLATE_RESEARCH"",""V1 retained"",""Re-score"",null,null,null,null,null,null,null,null,null,null,null,null,null,null,null,null]"	SOURCE_PRESERVED_LOCAL_VALIDATION	includes/POD/MasterCatalogV2MigrationContract.php:6	tests/wordpress/MasterCatalogMixedCandidateTest.php:21::testMixedCandidatePersistsAllDispositionsAndReplaysExactEvidence; tests/wordpress/MasterCatalogMixedCandidateTest.php:42::testForgedNormalizedEvidenceIsRejectedBeforePersistence	DG2 identity/classification/overlay/source mapping preserved; 428 retained+30 existing-family+42 new-family; no catalog promotion.
Master_500_v2	115	"[""DG2-114"",""DG-121"",""Personalized Hoodies"",""Memorial"",""MEMORIAL"",""PP-005"",""PRINTIFY_PRIMARY"",""TEMPLATE_RESEARCH"",""V1 retained"",""Re-score"",null,null,null,null,null,null,null,null,null,null,null,null,null,null,null,null]"	SOURCE_PRESERVED_LOCAL_VALIDATION	includes/POD/MasterCatalogV2MigrationContract.php:6	tests/wordpress/MasterCatalogMixedCandidateTest.php:21::testMixedCandidatePersistsAllDispositionsAndReplaysExactEvidence; tests/wordpress/MasterCatalogMixedCandidateTest.php:42::testForgedNormalizedEvidenceIsRejectedBeforePersistence	DG2 identity/classification/overlay/source mapping preserved; 428 retained+30 existing-family+42 new-family; no catalog promotion.
Master_500_v2	116	"[""DG2-115"",""DG-122"",""Personalized Hoodies"",""Travel"",""PET_PORTRAIT"",""PP-005"",""PRINTIFY_PRIMARY"",""TEMPLATE_RESEARCH"",""V1 retained"",""Re-score"",null,null,null,null,null,null,null,null,null,null,null,null,null,null,null,null]"	SOURCE_PRESERVED_LOCAL_VALIDATION	includes/POD/MasterCatalogV2MigrationContract.php:6	tests/wordpress/MasterCatalogMixedCandidateTest.php:21::testMixedCandidatePersistsAllDispositionsAndReplaysExactEvidence; tests/wordpress/MasterCatalogMixedCandidateTest.php:42::testForgedNormalizedEvidenceIsRejectedBeforePersistence	DG2 identity/classification/overlay/source mapping preserved; 428 retained+30 existing-family+42 new-family; no catalog promotion.
Master_500_v2	117	"[""DG2-116"",""DG-123"",""Personalized Hoodies"",""Photo collage"",""PHOTO_COLLAGE"",""PP-005"",""PRINTIFY_PRIMARY"",""TEMPLATE_RESEARCH"",""V1 retained"",""Re-score"",null,null,null,null,null,null,null,null,null,null,null,null,null,null,null,null]"	SOURCE_PRESERVED_LOCAL_VALIDATION	includes/POD/MasterCatalogV2MigrationContract.php:6	tests/wordpress/MasterCatalogMixedCandidateTest.php:21::testMixedCandidatePersistsAllDispositionsAndReplaysExactEvidence; tests/wordpress/MasterCatalogMixedCandidateTest.php:42::testForgedNormalizedEvidenceIsRejectedBeforePersistence	DG2 identity/classification/overlay/source mapping preserved; 428 retained+30 existing-family+42 new-family; no catalog promotion.
Master_500_v2	118	"[""DG2-117"",""DG-124"",""Personalized Hoodies"",""Vintage portrait"",""PET_PORTRAIT"",""PP-005"",""PRINTIFY_PRIMARY"",""TEMPLATE_RESEARCH"",""V1 retained"",""Re-score"",null,null,null,null,null,null,null,null,null,null,null,null,null,null,null,null]"	SOURCE_PRESERVED_LOCAL_VALIDATION	includes/POD/MasterCatalogV2MigrationContract.php:6	tests/wordpress/MasterCatalogMixedCandidateTest.php:21::testMixedCandidatePersistsAllDispositionsAndReplaysExactEvidence; tests/wordpress/MasterCatalogMixedCandidateTest.php:42::testForgedNormalizedEvidenceIsRejectedBeforePersistence	DG2 identity/classification/overlay/source mapping preserved; 428 retained+30 existing-family+42 new-family; no catalog promotion.
Master_500_v2	119	"[""DG2-118"",""DG-125"",""Personalized Hoodies"",""Handwriting"",""HANDWRITING"",""PP-005"",""PRINTIFY_PRIMARY"",""TEMPLATE_RESEARCH"",""V1 retained"",""Re-score"",null,null,null,null,null,null,null,null,null,null,null,null,null,null,null,null]"	SOURCE_PRESERVED_LOCAL_VALIDATION	includes/POD/MasterCatalogV2MigrationContract.php:6	tests/wordpress/MasterCatalogMixedCandidateTest.php:21::testMixedCandidatePersistsAllDispositionsAndReplaysExactEvidence; tests/wordpress/MasterCatalogMixedCandidateTest.php:42::testForgedNormalizedEvidenceIsRejectedBeforePersistence	DG2 identity/classification/overlay/source mapping preserved; 428 retained+30 existing-family+42 new-family; no catalog promotion.
Master_500_v2	120	"[""DG2-119"",""DG-126"",""Photo & Pet Blankets"",""Single photo"",""PHOTO_COLLAGE"",""PP-006"",""PRINTIFY_PRIMARY"",""TEMPLATE_RESEARCH"",""V1 retained"",""Re-score"",null,null,null,null,null,null,null,null,null,null,null,null,null,null,null,null]"	SOURCE_PRESERVED_LOCAL_VALIDATION	includes/POD/MasterCatalogV2MigrationContract.php:6	tests/wordpress/MasterCatalogMixedCandidateTest.php:21::testMixedCandidatePersistsAllDispositionsAndReplaysExactEvidence; tests/wordpress/MasterCatalogMixedCandidateTest.php:42::testForgedNormalizedEvidenceIsRejectedBeforePersistence	DG2 identity/classification/overlay/source mapping preserved; 428 retained+30 existing-family+42 new-family; no catalog promotion.
Master_500_v2	121	"[""DG2-120"",""DG-127"",""Photo & Pet Blankets"",""4-photo collage"",""PHOTO_COLLAGE"",""PP-006"",""PRINTIFY_PRIMARY"",""TEMPLATE_RESEARCH"",""V1 retained"",""Re-score"",null,null,null,null,null,null,null,null,null,null,null,null,null,null,null,null]"	SOURCE_PRESERVED_LOCAL_VALIDATION	includes/POD/MasterCatalogV2MigrationContract.php:6	tests/wordpress/MasterCatalogMixedCandidateTest.php:21::testMixedCandidatePersistsAllDispositionsAndReplaysExactEvidence; tests/wordpress/MasterCatalogMixedCandidateTest.php:42::testForgedNormalizedEvidenceIsRejectedBeforePersistence	DG2 identity/classification/overlay/source mapping preserved; 428 retained+30 existing-family+42 new-family; no catalog promotion.
Master_500_v2	122	"[""DG2-121"",""DG-128"",""Photo & Pet Blankets"",""9-photo collage"",""PHOTO_COLLAGE"",""PP-006"",""PRINTIFY_PRIMARY"",""TEMPLATE_RESEARCH"",""V1 retained"",""Re-score"",null,null,null,null,null,null,null,null,null,null,null,null,null,null,null,null]"	SOURCE_PRESERVED_LOCAL_VALIDATION	includes/POD/MasterCatalogV2MigrationContract.php:6	tests/wordpress/MasterCatalogMixedCandidateTest.php:21::testMixedCandidatePersistsAllDispositionsAndReplaysExactEvidence; tests/wordpress/MasterCatalogMixedCandidateTest.php:42::testForgedNormalizedEvidenceIsRejectedBeforePersistence	DG2 identity/classification/overlay/source mapping preserved; 428 retained+30 existing-family+42 new-family; no catalog promotion.
Master_500_v2	123	"[""DG2-122"",""DG-129"",""Photo & Pet Blankets"",""Family"",""PHOTO_COLLAGE"",""PP-006"",""PRINTIFY_PRIMARY"",""TEMPLATE_RESEARCH"",""V1 retained"",""Re-score"",null,null,null,null,null,null,null,null,null,null,null,null,null,null,null,null]"	SOURCE_PRESERVED_LOCAL_VALIDATION	includes/POD/MasterCatalogV2MigrationContract.php:6	tests/wordpress/MasterCatalogMixedCandidateTest.php:21::testMixedCandidatePersistsAllDispositionsAndReplaysExactEvidence; tests/wordpress/MasterCatalogMixedCandidateTest.php:42::testForgedNormalizedEvidenceIsRejectedBeforePersistence	DG2 identity/classification/overlay/source mapping preserved; 428 retained+30 existing-family+42 new-family; no catalog promotion.
Master_500_v2	124	"[""DG2-123"",""DG-130"",""Photo & Pet Blankets"",""Couple"",""PHOTO_COLLAGE"",""PP-006"",""PRINTIFY_PRIMARY"",""TEMPLATE_RESEARCH"",""V1 retained"",""Re-score"",null,null,null,null,null,null,null,null,null,null,null,null,null,null,null,null]"	SOURCE_PRESERVED_LOCAL_VALIDATION	includes/POD/MasterCatalogV2MigrationContract.php:6	tests/wordpress/MasterCatalogMixedCandidateTest.php:21::testMixedCandidatePersistsAllDispositionsAndReplaysExactEvidence; tests/wordpress/MasterCatalogMixedCandidateTest.php:42::testForgedNormalizedEvidenceIsRejectedBeforePersistence	DG2 identity/classification/overlay/source mapping preserved; 428 retained+30 existing-family+42 new-family; no catalog promotion.
Master_500_v2	125	"[""DG2-124"",""DG-131"",""Photo & Pet Blankets"",""Wedding"",""PHOTO_COLLAGE"",""PP-006"",""PRINTIFY_PRIMARY"",""TEMPLATE_RESEARCH"",""V1 retained"",""Re-score"",null,null,null,null,null,null,null,null,null,null,null,null,null,null,null,null]"	SOURCE_PRESERVED_LOCAL_VALIDATION	includes/POD/MasterCatalogV2MigrationContract.php:6	tests/wordpress/MasterCatalogMixedCandidateTest.php:21::testMixedCandidatePersistsAllDispositionsAndReplaysExactEvidence; tests/wordpress/MasterCatalogMixedCandidateTest.php:42::testForgedNormalizedEvidenceIsRejectedBeforePersistence	DG2 identity/classification/overlay/source mapping preserved; 428 retained+30 existing-family+42 new-family; no catalog promotion.
Master_500_v2	126	"[""DG2-125"",""DG-132"",""Photo & Pet Blankets"",""Anniversary"",""PHOTO_COLLAGE"",""PP-006"",""PRINTIFY_PRIMARY"",""TEMPLATE_RESEARCH"",""V1 retained"",""Re-score"",null,null,null,null,null,null,null,null,null,null,null,null,null,null,null,null]"	SOURCE_PRESERVED_LOCAL_VALIDATION	includes/POD/MasterCatalogV2MigrationContract.php:6	tests/wordpress/MasterCatalogMixedCandidateTest.php:21::testMixedCandidatePersistsAllDispositionsAndReplaysExactEvidence; tests/wordpress/MasterCatalogMixedCandidateTest.php:42::testForgedNormalizedEvidenceIsRejectedBeforePersistence	DG2 identity/classification/overlay/source mapping preserved; 428 retained+30 existing-family+42 new-family; no catalog promotion.
Master_500_v2	127	"[""DG2-126"",""DG-133"",""Photo & Pet Blankets"",""Mom"",""PHOTO_COLLAGE"",""PP-006"",""PRINTIFY_PRIMARY"",""TEMPLATE_RESEARCH"",""V1 retained"",""Re-score"",null,null,null,null,null,null,null,null,null,null,null,null,null,null,null,null]"	SOURCE_PRESERVED_LOCAL_VALIDATION	includes/POD/MasterCatalogV2MigrationContract.php:6	tests/wordpress/MasterCatalogMixedCandidateTest.php:21::testMixedCandidatePersistsAllDispositionsAndReplaysExactEvidence; tests/wordpress/MasterCatalogMixedCandidateTest.php:42::testForgedNormalizedEvidenceIsRejectedBeforePersistence	DG2 identity/classification/overlay/source mapping preserved; 428 retained+30 existing-family+42 new-family; no catalog promotion.
Master_500_v2	128	"[""DG2-127"",""DG-134"",""Photo & Pet Blankets"",""Dad"",""PHOTO_COLLAGE"",""PP-006"",""PRINTIFY_PRIMARY"",""TEMPLATE_RESEARCH"",""V1 retained"",""Re-score"",null,null,null,null,null,null,null,null,null,null,null,null,null,null,null,null]"	SOURCE_PRESERVED_LOCAL_VALIDATION	includes/POD/MasterCatalogV2MigrationContract.php:6	tests/wordpress/MasterCatalogMixedCandidateTest.php:21::testMixedCandidatePersistsAllDispositionsAndReplaysExactEvidence; tests/wordpress/MasterCatalogMixedCandidateTest.php:42::testForgedNormalizedEvidenceIsRejectedBeforePersistence	DG2 identity/classification/overlay/source mapping preserved; 428 retained+30 existing-family+42 new-family; no catalog promotion.
Master_500_v2	129	"[""DG2-128"",""DG-135"",""Photo & Pet Blankets"",""Grandma"",""PHOTO_COLLAGE"",""PP-006"",""PRINTIFY_PRIMARY"",""TEMPLATE_RESEARCH"",""V1 retained"",""Re-score"",null,null,null,null,null,null,null,null,null,null,null,null,null,null,null,null]"	SOURCE_PRESERVED_LOCAL_VALIDATION	includes/POD/MasterCatalogV2MigrationContract.php:6	tests/wordpress/MasterCatalogMixedCandidateTest.php:21::testMixedCandidatePersistsAllDispositionsAndReplaysExactEvidence; tests/wordpress/MasterCatalogMixedCandidateTest.php:42::testForgedNormalizedEvidenceIsRejectedBeforePersistence	DG2 identity/classification/overlay/source mapping preserved; 428 retained+30 existing-family+42 new-family; no catalog promotion.
Master_500_v2	130	"[""DG2-129"",""DG-136"",""Photo & Pet Blankets"",""Grandpa"",""PHOTO_COLLAGE"",""PP-006"",""PRINTIFY_PRIMARY"",""TEMPLATE_RESEARCH"",""V1 retained"",""Re-score"",null,null,null,null,null,null,null,null,null,null,null,null,null,null,null,null]"	SOURCE_PRESERVED_LOCAL_VALIDATION	includes/POD/MasterCatalogV2MigrationContract.php:6	tests/wordpress/MasterCatalogMixedCandidateTest.php:21::testMixedCandidatePersistsAllDispositionsAndReplaysExactEvidence; tests/wordpress/MasterCatalogMixedCandidateTest.php:42::testForgedNormalizedEvidenceIsRejectedBeforePersistence	DG2 identity/classification/overlay/source mapping preserved; 428 retained+30 existing-family+42 new-family; no catalog promotion.
Master_500_v2	131	"[""DG2-130"",""DG-137"",""Photo & Pet Blankets"",""Baby"",""PHOTO_COLLAGE"",""PP-006"",""PRINTIFY_PRIMARY"",""TEMPLATE_RESEARCH"",""V1 retained"",""Re-score"",null,null,null,null,null,null,null,null,null,null,null,null,null,null,null,null]"	SOURCE_PRESERVED_LOCAL_VALIDATION	includes/POD/MasterCatalogV2MigrationContract.php:6	tests/wordpress/MasterCatalogMixedCandidateTest.php:21::testMixedCandidatePersistsAllDispositionsAndReplaysExactEvidence; tests/wordpress/MasterCatalogMixedCandidateTest.php:42::testForgedNormalizedEvidenceIsRejectedBeforePersistence	DG2 identity/classification/overlay/source mapping preserved; 428 retained+30 existing-family+42 new-family; no catalog promotion.
Master_500_v2	132	"[""DG2-131"",""DG-138"",""Photo & Pet Blankets"",""Kids"",""PHOTO_COLLAGE"",""PP-006"",""PRINTIFY_PRIMARY"",""TEMPLATE_RESEARCH"",""V1 retained"",""Re-score"",null,null,null,null,null,null,null,null,null,null,null,null,null,null,null,null]"	SOURCE_PRESERVED_LOCAL_VALIDATION	includes/POD/MasterCatalogV2MigrationContract.php:6	tests/wordpress/MasterCatalogMixedCandidateTest.php:21::testMixedCandidatePersistsAllDispositionsAndReplaysExactEvidence; tests/wordpress/MasterCatalogMixedCandidateTest.php:42::testForgedNormalizedEvidenceIsRejectedBeforePersistence	DG2 identity/classification/overlay/source mapping preserved; 428 retained+30 existing-family+42 new-family; no catalog promotion.
Master_500_v2	133	"[""DG2-132"",""DG-139"",""Photo & Pet Blankets"",""Graduation"",""PHOTO_COLLAGE"",""PP-006"",""PRINTIFY_PRIMARY"",""TEMPLATE_RESEARCH"",""V1 retained"",""Re-score"",null,null,null,null,null,null,null,null,null,null,null,null,null,null,null,null]"	SOURCE_PRESERVED_LOCAL_VALIDATION	includes/POD/MasterCatalogV2MigrationContract.php:6	tests/wordpress/MasterCatalogMixedCandidateTest.php:21::testMixedCandidatePersistsAllDispositionsAndReplaysExactEvidence; tests/wordpress/MasterCatalogMixedCandidateTest.php:42::testForgedNormalizedEvidenceIsRejectedBeforePersistence	DG2 identity/classification/overlay/source mapping preserved; 428 retained+30 existing-family+42 new-family; no catalog promotion.
Master_500_v2	134	"[""DG2-133"",""DG-140"",""Photo & Pet Blankets"",""Birthday"",""PHOTO_COLLAGE"",""PP-006"",""PRINTIFY_PRIMARY"",""TEMPLATE_RESEARCH"",""V1 retained"",""Re-score"",null,null,null,null,null,null,null,null,null,null,null,null,null,null,null,null]"	SOURCE_PRESERVED_LOCAL_VALIDATION	includes/POD/MasterCatalogV2MigrationContract.php:6	tests/wordpress/MasterCatalogMixedCandidateTest.php:21::testMixedCandidatePersistsAllDispositionsAndReplaysExactEvidence; tests/wordpress/MasterCatalogMixedCandidateTest.php:42::testForgedNormalizedEvidenceIsRejectedBeforePersistence	DG2 identity/classification/overlay/source mapping preserved; 428 retained+30 existing-family+42 new-family; no catalog promotion.
Master_500_v2	135	"[""DG2-134"",""DG-141"",""Photo & Pet Blankets"",""Best friend"",""PHOTO_COLLAGE"",""PP-006"",""PRINTIFY_PRIMARY"",""TEMPLATE_RESEARCH"",""V1 retained"",""Re-score"",null,null,null,null,null,null,null,null,null,null,null,null,null,null,null,null]"	SOURCE_PRESERVED_LOCAL_VALIDATION	includes/POD/MasterCatalogV2MigrationContract.php:6	tests/wordpress/MasterCatalogMixedCandidateTest.php:21::testMixedCandidatePersistsAllDispositionsAndReplaysExactEvidence; tests/wordpress/MasterCatalogMixedCandidateTest.php:42::testForgedNormalizedEvidenceIsRejectedBeforePersistence	DG2 identity/classification/overlay/source mapping preserved; 428 retained+30 existing-family+42 new-family; no catalog promotion.
Master_500_v2	136	"[""DG2-135"",""DG-142"",""Photo & Pet Blankets"",""Dog"",""PHOTO_COLLAGE"",""PP-006"",""PRINTIFY_PRIMARY"",""TEMPLATE_RESEARCH"",""V1 retained"",""Re-score"",null,null,null,null,null,null,null,null,null,null,null,null,null,null,null,null]"	SOURCE_PRESERVED_LOCAL_VALIDATION	includes/POD/MasterCatalogV2MigrationContract.php:6	tests/wordpress/MasterCatalogMixedCandidateTest.php:21::testMixedCandidatePersistsAllDispositionsAndReplaysExactEvidence; tests/wordpress/MasterCatalogMixedCandidateTest.php:42::testForgedNormalizedEvidenceIsRejectedBeforePersistence	DG2 identity/classification/overlay/source mapping preserved; 428 retained+30 existing-family+42 new-family; no catalog promotion.
Master_500_v2	137	"[""DG2-136"",""DG-143"",""Photo & Pet Blankets"",""Cat"",""PHOTO_COLLAGE"",""PP-006"",""PRINTIFY_PRIMARY"",""TEMPLATE_RESEARCH"",""V1 retained"",""Re-score"",null,null,null,null,null,null,null,null,null,null,null,null,null,null,null,null]"	SOURCE_PRESERVED_LOCAL_VALIDATION	includes/POD/MasterCatalogV2MigrationContract.php:6	tests/wordpress/MasterCatalogMixedCandidateTest.php:21::testMixedCandidatePersistsAllDispositionsAndReplaysExactEvidence; tests/wordpress/MasterCatalogMixedCandidateTest.php:42::testForgedNormalizedEvidenceIsRejectedBeforePersistence	DG2 identity/classification/overlay/source mapping preserved; 428 retained+30 existing-family+42 new-family; no catalog promotion.
Master_500_v2	138	"[""DG2-137"",""DG-144"",""Photo & Pet Blankets"",""Multi-pet"",""PHOTO_COLLAGE"",""PP-006"",""PRINTIFY_PRIMARY"",""TEMPLATE_RESEARCH"",""V1 retained"",""Re-score"",null,null,null,null,null,null,null,null,null,null,null,null,null,null,null,null]"	SOURCE_PRESERVED_LOCAL_VALIDATION	includes/POD/MasterCatalogV2MigrationContract.php:6	tests/wordpress/MasterCatalogMixedCandidateTest.php:21::testMixedCandidatePersistsAllDispositionsAndReplaysExactEvidence; tests/wordpress/MasterCatalogMixedCandidateTest.php:42::testForgedNormalizedEvidenceIsRejectedBeforePersistence	DG2 identity/classification/overlay/source mapping preserved; 428 retained+30 existing-family+42 new-family; no catalog promotion.
Master_500_v2	139	"[""DG2-138"",""DG-145"",""Photo & Pet Blankets"",""Pet memorial"",""MEMORIAL"",""PP-006"",""PRINTIFY_PRIMARY"",""TEMPLATE_RESEARCH"",""V1 retained"",""Re-score"",null,null,null,null,null,null,null,null,null,null,null,null,null,null,null,null]"	SOURCE_PRESERVED_LOCAL_VALIDATION	includes/POD/MasterCatalogV2MigrationContract.php:6	tests/wordpress/MasterCatalogMixedCandidateTest.php:21::testMixedCandidatePersistsAllDispositionsAndReplaysExactEvidence; tests/wordpress/MasterCatalogMixedCandidateTest.php:42::testForgedNormalizedEvidenceIsRejectedBeforePersistence	DG2 identity/classification/overlay/source mapping preserved; 428 retained+30 existing-family+42 new-family; no catalog promotion.
Master_500_v2	140	"[""DG2-139"",""DG-146"",""Photo & Pet Blankets"",""Human memorial"",""MEMORIAL"",""PP-006"",""PRINTIFY_PRIMARY"",""TEMPLATE_RESEARCH"",""V1 retained"",""Re-score"",null,null,null,null,null,null,null,null,null,null,null,null,null,null,null,null]"	SOURCE_PRESERVED_LOCAL_VALIDATION	includes/POD/MasterCatalogV2MigrationContract.php:6	tests/wordpress/MasterCatalogMixedCandidateTest.php:21::testMixedCandidatePersistsAllDispositionsAndReplaysExactEvidence; tests/wordpress/MasterCatalogMixedCandidateTest.php:42::testForgedNormalizedEvidenceIsRejectedBeforePersistence	DG2 identity/classification/overlay/source mapping preserved; 428 retained+30 existing-family+42 new-family; no catalog promotion.
Master_500_v2	141	"[""DG2-140"",""DG-147"",""Photo & Pet Blankets"",""Travel"",""PHOTO_COLLAGE"",""PP-006"",""PRINTIFY_PRIMARY"",""TEMPLATE_RESEARCH"",""V1 retained"",""Re-score"",null,null,null,null,null,null,null,null,null,null,null,null,null,null,null,null]"	SOURCE_PRESERVED_LOCAL_VALIDATION	includes/POD/MasterCatalogV2MigrationContract.php:6	tests/wordpress/MasterCatalogMixedCandidateTest.php:21::testMixedCandidatePersistsAllDispositionsAndReplaysExactEvidence; tests/wordpress/MasterCatalogMixedCandidateTest.php:42::testForgedNormalizedEvidenceIsRejectedBeforePersistence	DG2 identity/classification/overlay/source mapping preserved; 428 retained+30 existing-family+42 new-family; no catalog promotion.
Master_500_v2	142	"[""DG2-141"",""DG-148"",""Photo & Pet Blankets"",""Family-tree style"",""PHOTO_COLLAGE"",""PP-006"",""PRINTIFY_PRIMARY"",""TEMPLATE_RESEARCH"",""V1 retained"",""Re-score"",null,null,null,null,null,null,null,null,null,null,null,null,null,null,null,null]"	SOURCE_PRESERVED_LOCAL_VALIDATION	includes/POD/MasterCatalogV2MigrationContract.php:6	tests/wordpress/MasterCatalogMixedCandidateTest.php:21::testMixedCandidatePersistsAllDispositionsAndReplaysExactEvidence; tests/wordpress/MasterCatalogMixedCandidateTest.php:42::testForgedNormalizedEvidenceIsRejectedBeforePersistence	DG2 identity/classification/overlay/source mapping preserved; 428 retained+30 existing-family+42 new-family; no catalog promotion.
Master_500_v2	143	"[""DG2-142"",""DG-149"",""Photo & Pet Blankets"",""Photo + quote"",""PHOTO_COLLAGE"",""PP-006"",""PRINTIFY_PRIMARY"",""TEMPLATE_RESEARCH"",""V1 retained"",""Re-score"",null,null,null,null,null,null,null,null,null,null,null,null,null,null,null,null]"	SOURCE_PRESERVED_LOCAL_VALIDATION	includes/POD/MasterCatalogV2MigrationContract.php:6	tests/wordpress/MasterCatalogMixedCandidateTest.php:21::testMixedCandidatePersistsAllDispositionsAndReplaysExactEvidence; tests/wordpress/MasterCatalogMixedCandidateTest.php:42::testForgedNormalizedEvidenceIsRejectedBeforePersistence	DG2 identity/classification/overlay/source mapping preserved; 428 retained+30 existing-family+42 new-family; no catalog promotion.
Master_500_v2	144	"[""DG2-143"",""DG-150"",""Photo & Pet Blankets"",""Handwriting + photo"",""HANDWRITING"",""PP-006"",""PRINTIFY_PRIMARY"",""TEMPLATE_RESEARCH"",""V1 retained"",""Re-score"",null,null,null,null,null,null,null,null,null,null,null,null,null,null,null,null]"	SOURCE_PRESERVED_LOCAL_VALIDATION	includes/POD/MasterCatalogV2MigrationContract.php:6	tests/wordpress/MasterCatalogMixedCandidateTest.php:21::testMixedCandidatePersistsAllDispositionsAndReplaysExactEvidence; tests/wordpress/MasterCatalogMixedCandidateTest.php:42::testForgedNormalizedEvidenceIsRejectedBeforePersistence	DG2 identity/classification/overlay/source mapping preserved; 428 retained+30 existing-family+42 new-family; no catalog promotion.
Master_500_v2	145	"[""DG2-144"",""DG-151"",""Personalized Pillows"",""Dog"",""SINGLE_PHOTO"",""PP-007"",""PRINTIFY_PRIMARY"",""TEMPLATE_RESEARCH"",""V1 retained"",""Re-score"",null,null,null,null,null,null,null,null,null,null,null,null,null,null,null,null]"	SOURCE_PRESERVED_LOCAL_VALIDATION	includes/POD/MasterCatalogV2MigrationContract.php:6	tests/wordpress/MasterCatalogMixedCandidateTest.php:21::testMixedCandidatePersistsAllDispositionsAndReplaysExactEvidence; tests/wordpress/MasterCatalogMixedCandidateTest.php:42::testForgedNormalizedEvidenceIsRejectedBeforePersistence	DG2 identity/classification/overlay/source mapping preserved; 428 retained+30 existing-family+42 new-family; no catalog promotion.
Master_500_v2	146	"[""DG2-145"",""DG-152"",""Personalized Pillows"",""Cat"",""SINGLE_PHOTO"",""PP-007"",""PRINTIFY_PRIMARY"",""TEMPLATE_RESEARCH"",""V1 retained"",""Re-score"",null,null,null,null,null,null,null,null,null,null,null,null,null,null,null,null]"	SOURCE_PRESERVED_LOCAL_VALIDATION	includes/POD/MasterCatalogV2MigrationContract.php:6	tests/wordpress/MasterCatalogMixedCandidateTest.php:21::testMixedCandidatePersistsAllDispositionsAndReplaysExactEvidence; tests/wordpress/MasterCatalogMixedCandidateTest.php:42::testForgedNormalizedEvidenceIsRejectedBeforePersistence	DG2 identity/classification/overlay/source mapping preserved; 428 retained+30 existing-family+42 new-family; no catalog promotion.
Master_500_v2	147	"[""DG2-146"",""DG-153"",""Personalized Pillows"",""Pet memorial"",""MEMORIAL"",""PP-007"",""PRINTIFY_PRIMARY"",""TEMPLATE_RESEARCH"",""V1 retained"",""Re-score"",null,null,null,null,null,null,null,null,null,null,null,null,null,null,null,null]"	SOURCE_PRESERVED_LOCAL_VALIDATION	includes/POD/MasterCatalogV2MigrationContract.php:6	tests/wordpress/MasterCatalogMixedCandidateTest.php:21::testMixedCandidatePersistsAllDispositionsAndReplaysExactEvidence; tests/wordpress/MasterCatalogMixedCandidateTest.php:42::testForgedNormalizedEvidenceIsRejectedBeforePersistence	DG2 identity/classification/overlay/source mapping preserved; 428 retained+30 existing-family+42 new-family; no catalog promotion.
Master_500_v2	148	"[""DG2-147"",""DG-155"",""Personalized Pillows"",""Couple"",""SINGLE_PHOTO"",""PP-007"",""PRINTIFY_PRIMARY"",""TEMPLATE_RESEARCH"",""V1 retained"",""Re-score"",null,null,null,null,null,null,null,null,null,null,null,null,null,null,null,null]"	SOURCE_PRESERVED_LOCAL_VALIDATION	includes/POD/MasterCatalogV2MigrationContract.php:6	tests/wordpress/MasterCatalogMixedCandidateTest.php:21::testMixedCandidatePersistsAllDispositionsAndReplaysExactEvidence; tests/wordpress/MasterCatalogMixedCandidateTest.php:42::testForgedNormalizedEvidenceIsRejectedBeforePersistence	DG2 identity/classification/overlay/source mapping preserved; 428 retained+30 existing-family+42 new-family; no catalog promotion.
Master_500_v2	149	"[""DG2-148"",""DG-157"",""Personalized Pillows"",""Wedding"",""SINGLE_PHOTO"",""PP-007"",""PRINTIFY_PRIMARY"",""TEMPLATE_RESEARCH"",""V1 retained"",""Re-score"",null,null,null,null,null,null,null,null,null,null,null,null,null,null,null,null]"	SOURCE_PRESERVED_LOCAL_VALIDATION	includes/POD/MasterCatalogV2MigrationContract.php:6	tests/wordpress/MasterCatalogMixedCandidateTest.php:21::testMixedCandidatePersistsAllDispositionsAndReplaysExactEvidence; tests/wordpress/MasterCatalogMixedCandidateTest.php:42::testForgedNormalizedEvidenceIsRejectedBeforePersistence	DG2 identity/classification/overlay/source mapping preserved; 428 retained+30 existing-family+42 new-family; no catalog promotion.
Master_500_v2	150	"[""DG2-149"",""DG-158"",""Personalized Pillows"",""Anniversary"",""SINGLE_PHOTO"",""PP-007"",""PRINTIFY_PRIMARY"",""TEMPLATE_RESEARCH"",""V1 retained"",""Re-score"",null,null,null,null,null,null,null,null,null,null,null,null,null,null,null,null]"	SOURCE_PRESERVED_LOCAL_VALIDATION	includes/POD/MasterCatalogV2MigrationContract.php:6	tests/wordpress/MasterCatalogMixedCandidateTest.php:21::testMixedCandidatePersistsAllDispositionsAndReplaysExactEvidence; tests/wordpress/MasterCatalogMixedCandidateTest.php:42::testForgedNormalizedEvidenceIsRejectedBeforePersistence	DG2 identity/classification/overlay/source mapping preserved; 428 retained+30 existing-family+42 new-family; no catalog promotion.
Master_500_v2	151	"[""DG2-150"",""DG-161"",""Personalized Pillows"",""Grandparents"",""SINGLE_PHOTO"",""PP-007"",""PRINTIFY_PRIMARY"",""TEMPLATE_RESEARCH"",""V1 retained"",""Re-score"",null,null,null,null,null,null,null,null,null,null,null,null,null,null,null,null]"	SOURCE_PRESERVED_LOCAL_VALIDATION	includes/POD/MasterCatalogV2MigrationContract.php:6	tests/wordpress/MasterCatalogMixedCandidateTest.php:21::testMixedCandidatePersistsAllDispositionsAndReplaysExactEvidence; tests/wordpress/MasterCatalogMixedCandidateTest.php:42::testForgedNormalizedEvidenceIsRejectedBeforePersistence	DG2 identity/classification/overlay/source mapping preserved; 428 retained+30 existing-family+42 new-family; no catalog promotion.
Master_500_v2	152	"[""DG2-151"",""DG-162"",""Personalized Pillows"",""Child"",""SINGLE_PHOTO"",""PP-007"",""PRINTIFY_PRIMARY"",""TEMPLATE_RESEARCH"",""V1 retained"",""Re-score"",null,null,null,null,null,null,null,null,null,null,null,null,null,null,null,null]"	SOURCE_PRESERVED_LOCAL_VALIDATION	includes/POD/MasterCatalogV2MigrationContract.php:6	tests/wordpress/MasterCatalogMixedCandidateTest.php:21::testMixedCandidatePersistsAllDispositionsAndReplaysExactEvidence; tests/wordpress/MasterCatalogMixedCandidateTest.php:42::testForgedNormalizedEvidenceIsRejectedBeforePersistence	DG2 identity/classification/overlay/source mapping preserved; 428 retained+30 existing-family+42 new-family; no catalog promotion.
Master_500_v2	153	"[""DG2-152"",""DG-163"",""Personalized Pillows"",""Baby"",""SINGLE_PHOTO"",""PP-007"",""PRINTIFY_PRIMARY"",""TEMPLATE_RESEARCH"",""V1 retained"",""Re-score"",null,null,null,null,null,null,null,null,null,null,null,null,null,null,null,null]"	SOURCE_PRESERVED_LOCAL_VALIDATION	includes/POD/MasterCatalogV2MigrationContract.php:6	tests/wordpress/MasterCatalogMixedCandidateTest.php:21::testMixedCandidatePersistsAllDispositionsAndReplaysExactEvidence; tests/wordpress/MasterCatalogMixedCandidateTest.php:42::testForgedNormalizedEvidenceIsRejectedBeforePersistence	DG2 identity/classification/overlay/source mapping preserved; 428 retained+30 existing-family+42 new-family; no catalog promotion.
Master_500_v2	154	"[""DG2-153"",""DG-164"",""Personalized Pillows"",""Family"",""SINGLE_PHOTO"",""PP-007"",""PRINTIFY_PRIMARY"",""TEMPLATE_RESEARCH"",""V1 retained"",""Re-score"",null,null,null,null,null,null,null,null,null,null,null,null,null,null,null,null]"	SOURCE_PRESERVED_LOCAL_VALIDATION	includes/POD/MasterCatalogV2MigrationContract.php:6	tests/wordpress/MasterCatalogMixedCandidateTest.php:21::testMixedCandidatePersistsAllDispositionsAndReplaysExactEvidence; tests/wordpress/MasterCatalogMixedCandidateTest.php:42::testForgedNormalizedEvidenceIsRejectedBeforePersistence	DG2 identity/classification/overlay/source mapping preserved; 428 retained+30 existing-family+42 new-family; no catalog promotion.
Master_500_v2	155	"[""DG2-154"",""DG-165"",""Personalized Pillows"",""Best friend"",""SINGLE_PHOTO"",""PP-007"",""PRINTIFY_PRIMARY"",""TEMPLATE_RESEARCH"",""V1 retained"",""Re-score"",null,null,null,null,null,null,null,null,null,null,null,null,null,null,null,null]"	SOURCE_PRESERVED_LOCAL_VALIDATION	includes/POD/MasterCatalogV2MigrationContract.php:6	tests/wordpress/MasterCatalogMixedCandidateTest.php:21::testMixedCandidatePersistsAllDispositionsAndReplaysExactEvidence; tests/wordpress/MasterCatalogMixedCandidateTest.php:42::testForgedNormalizedEvidenceIsRejectedBeforePersistence	DG2 identity/classification/overlay/source mapping preserved; 428 retained+30 existing-family+42 new-family; no catalog promotion.
Master_500_v2	156	"[""DG2-155"",""DG-166"",""Personalized Pillows"",""Memorial"",""MEMORIAL"",""PP-007"",""PRINTIFY_PRIMARY"",""TEMPLATE_RESEARCH"",""V1 retained"",""Re-score"",null,null,null,null,null,null,null,null,null,null,null,null,null,null,null,null]"	SOURCE_PRESERVED_LOCAL_VALIDATION	includes/POD/MasterCatalogV2MigrationContract.php:6	tests/wordpress/MasterCatalogMixedCandidateTest.php:21::testMixedCandidatePersistsAllDispositionsAndReplaysExactEvidence; tests/wordpress/MasterCatalogMixedCandidateTest.php:42::testForgedNormalizedEvidenceIsRejectedBeforePersistence	DG2 identity/classification/overlay/source mapping preserved; 428 retained+30 existing-family+42 new-family; no catalog promotion.
Master_500_v2	157	"[""DG2-156"",""DG-170"",""Personalized Pillows"",""Multi-photo"",""PHOTO_COLLAGE"",""PP-007"",""PRINTIFY_PRIMARY"",""TEMPLATE_RESEARCH"",""V1 retained"",""Re-score"",null,null,null,null,null,null,null,null,null,null,null,null,null,null,null,null]"	SOURCE_PRESERVED_LOCAL_VALIDATION	includes/POD/MasterCatalogV2MigrationContract.php:6	tests/wordpress/MasterCatalogMixedCandidateTest.php:21::testMixedCandidatePersistsAllDispositionsAndReplaysExactEvidence; tests/wordpress/MasterCatalogMixedCandidateTest.php:42::testForgedNormalizedEvidenceIsRejectedBeforePersistence	DG2 identity/classification/overlay/source mapping preserved; 428 retained+30 existing-family+42 new-family; no catalog promotion.
Master_500_v2	158	"[""DG2-157"",""DG-171"",""Personalized Pillows"",""Handwriting"",""HANDWRITING"",""PP-007"",""PRINTIFY_PRIMARY"",""TEMPLATE_RESEARCH"",""V1 retained"",""Re-score"",null,null,null,null,null,null,null,null,null,null,null,null,null,null,null,null]"	SOURCE_PRESERVED_LOCAL_VALIDATION	includes/POD/MasterCatalogV2MigrationContract.php:6	tests/wordpress/MasterCatalogMixedCandidateTest.php:21::testMixedCandidatePersistsAllDispositionsAndReplaysExactEvidence; tests/wordpress/MasterCatalogMixedCandidateTest.php:42::testForgedNormalizedEvidenceIsRejectedBeforePersistence	DG2 identity/classification/overlay/source mapping preserved; 428 retained+30 existing-family+42 new-family; no catalog promotion.
Master_500_v2	159	"[""DG2-158"",""DG-172"",""Personalized Pillows"",""Child drawing"",""CHILD_ART"",""PP-007"",""PRINTIFY_PRIMARY"",""TEMPLATE_RESEARCH"",""V1 retained"",""Re-score"",null,null,null,null,null,null,null,null,null,null,null,null,null,null,null,null]"	SOURCE_PRESERVED_LOCAL_VALIDATION	includes/POD/MasterCatalogV2MigrationContract.php:6	tests/wordpress/MasterCatalogMixedCandidateTest.php:21::testMixedCandidatePersistsAllDispositionsAndReplaysExactEvidence; tests/wordpress/MasterCatalogMixedCandidateTest.php:42::testForgedNormalizedEvidenceIsRejectedBeforePersistence	DG2 identity/classification/overlay/source mapping preserved; 428 retained+30 existing-family+42 new-family; no catalog promotion.
Master_500_v2	160	"[""DG2-159"",""DG-173"",""Personalized Pillows"",""Line-art pet"",""LINE_ART"",""PP-007"",""PRINTIFY_PRIMARY"",""TEMPLATE_RESEARCH"",""V1 retained"",""Re-score"",null,null,null,null,null,null,null,null,null,null,null,null,null,null,null,null]"	SOURCE_PRESERVED_LOCAL_VALIDATION	includes/POD/MasterCatalogV2MigrationContract.php:6	tests/wordpress/MasterCatalogMixedCandidateTest.php:21::testMixedCandidatePersistsAllDispositionsAndReplaysExactEvidence; tests/wordpress/MasterCatalogMixedCandidateTest.php:42::testForgedNormalizedEvidenceIsRejectedBeforePersistence	DG2 identity/classification/overlay/source mapping preserved; 428 retained+30 existing-family+42 new-family; no catalog promotion.
Master_500_v2	161	"[""DG2-160"",""DG-174"",""Personalized Pillows"",""Watercolor pet"",""WATERCOLOR"",""PP-007"",""PRINTIFY_PRIMARY"",""TEMPLATE_RESEARCH"",""V1 retained"",""Re-score"",null,null,null,null,null,null,null,null,null,null,null,null,null,null,null,null]"	SOURCE_PRESERVED_LOCAL_VALIDATION	includes/POD/MasterCatalogV2MigrationContract.php:6	tests/wordpress/MasterCatalogMixedCandidateTest.php:21::testMixedCandidatePersistsAllDispositionsAndReplaysExactEvidence; tests/wordpress/MasterCatalogMixedCandidateTest.php:42::testForgedNormalizedEvidenceIsRejectedBeforePersistence	DG2 identity/classification/overlay/source mapping preserved; 428 retained+30 existing-family+42 new-family; no catalog promotion.
Master_500_v2	162	"[""DG2-161"",""DG-175"",""Personalized Pillows"",""Photo + name"",""SINGLE_PHOTO"",""PP-007"",""PRINTIFY_PRIMARY"",""TEMPLATE_RESEARCH"",""V1 retained"",""Re-score"",null,null,null,null,null,null,null,null,null,null,null,null,null,null,null,null]"	SOURCE_PRESERVED_LOCAL_VALIDATION	includes/POD/MasterCatalogV2MigrationContract.php:6	tests/wordpress/MasterCatalogMixedCandidateTest.php:21::testMixedCandidatePersistsAllDispositionsAndReplaysExactEvidence; tests/wordpress/MasterCatalogMixedCandidateTest.php:42::testForgedNormalizedEvidenceIsRejectedBeforePersistence	DG2 identity/classification/overlay/source mapping preserved; 428 retained+30 existing-family+42 new-family; no catalog promotion.
Master_500_v2	163	"[""DG2-162"",""DG-176"",""Personalized Phone Cases"",""Pet"",""PHOTO_COLLAGE"",""PP-008"",""PRINTIFY_PRIMARY"",""TEMPLATE_RESEARCH"",""V1 retained"",""Re-score"",null,null,null,null,null,null,null,null,null,null,null,null,null,null,null,null]"	SOURCE_PRESERVED_LOCAL_VALIDATION	includes/POD/MasterCatalogV2MigrationContract.php:6	tests/wordpress/MasterCatalogMixedCandidateTest.php:21::testMixedCandidatePersistsAllDispositionsAndReplaysExactEvidence; tests/wordpress/MasterCatalogMixedCandidateTest.php:42::testForgedNormalizedEvidenceIsRejectedBeforePersistence	DG2 identity/classification/overlay/source mapping preserved; 428 retained+30 existing-family+42 new-family; no catalog promotion.
Master_500_v2	164	"[""DG2-163"",""DG-177"",""Personalized Phone Cases"",""Pet + name"",""PHOTO_COLLAGE"",""PP-008"",""PRINTIFY_PRIMARY"",""TEMPLATE_RESEARCH"",""V1 retained"",""Re-score"",null,null,null,null,null,null,null,null,null,null,null,null,null,null,null,null]"	SOURCE_PRESERVED_LOCAL_VALIDATION	includes/POD/MasterCatalogV2MigrationContract.php:6	tests/wordpress/MasterCatalogMixedCandidateTest.php:21::testMixedCandidatePersistsAllDispositionsAndReplaysExactEvidence; tests/wordpress/MasterCatalogMixedCandidateTest.php:42::testForgedNormalizedEvidenceIsRejectedBeforePersistence	DG2 identity/classification/overlay/source mapping preserved; 428 retained+30 existing-family+42 new-family; no catalog promotion.
Master_500_v2	165	"[""DG2-164"",""DG-178"",""Personalized Phone Cases"",""Couple"",""PHOTO_COLLAGE"",""PP-008"",""PRINTIFY_PRIMARY"",""TEMPLATE_RESEARCH"",""V1 retained"",""Re-score"",null,null,null,null,null,null,null,null,null,null,null,null,null,null,null,null]"	SOURCE_PRESERVED_LOCAL_VALIDATION	includes/POD/MasterCatalogV2MigrationContract.php:6	tests/wordpress/MasterCatalogMixedCandidateTest.php:21::testMixedCandidatePersistsAllDispositionsAndReplaysExactEvidence; tests/wordpress/MasterCatalogMixedCandidateTest.php:42::testForgedNormalizedEvidenceIsRejectedBeforePersistence	DG2 identity/classification/overlay/source mapping preserved; 428 retained+30 existing-family+42 new-family; no catalog promotion.
Master_500_v2	166	"[""DG2-165"",""DG-179"",""Personalized Phone Cases"",""Wedding"",""PHOTO_COLLAGE"",""PP-008"",""PRINTIFY_PRIMARY"",""TEMPLATE_RESEARCH"",""V1 retained"",""Re-score"",null,null,null,null,null,null,null,null,null,null,null,null,null,null,null,null]"	SOURCE_PRESERVED_LOCAL_VALIDATION	includes/POD/MasterCatalogV2MigrationContract.php:6	tests/wordpress/MasterCatalogMixedCandidateTest.php:21::testMixedCandidatePersistsAllDispositionsAndReplaysExactEvidence; tests/wordpress/MasterCatalogMixedCandidateTest.php:42::testForgedNormalizedEvidenceIsRejectedBeforePersistence	DG2 identity/classification/overlay/source mapping preserved; 428 retained+30 existing-family+42 new-family; no catalog promotion.
Master_500_v2	167	"[""DG2-166"",""DG-180"",""Personalized Phone Cases"",""Family"",""PHOTO_COLLAGE"",""PP-008"",""PRINTIFY_PRIMARY"",""TEMPLATE_RESEARCH"",""V1 retained"",""Re-score"",null,null,null,null,null,null,null,null,null,null,null,null,null,null,null,null]"	SOURCE_PRESERVED_LOCAL_VALIDATION	includes/POD/MasterCatalogV2MigrationContract.php:6	tests/wordpress/MasterCatalogMixedCandidateTest.php:21::testMixedCandidatePersistsAllDispositionsAndReplaysExactEvidence; tests/wordpress/MasterCatalogMixedCandidateTest.php:42::testForgedNormalizedEvidenceIsRejectedBeforePersistence	DG2 identity/classification/overlay/source mapping preserved; 428 retained+30 existing-family+42 new-family; no catalog promotion.
Master_500_v2	168	"[""DG2-167"",""DG-181"",""Personalized Phone Cases"",""Baby"",""PHOTO_COLLAGE"",""PP-008"",""PRINTIFY_PRIMARY"",""TEMPLATE_RESEARCH"",""V1 retained"",""Re-score"",null,null,null,null,null,null,null,null,null,null,null,null,null,null,null,null]"	SOURCE_PRESERVED_LOCAL_VALIDATION	includes/POD/MasterCatalogV2MigrationContract.php:6	tests/wordpress/MasterCatalogMixedCandidateTest.php:21::testMixedCandidatePersistsAllDispositionsAndReplaysExactEvidence; tests/wordpress/MasterCatalogMixedCandidateTest.php:42::testForgedNormalizedEvidenceIsRejectedBeforePersistence	DG2 identity/classification/overlay/source mapping preserved; 428 retained+30 existing-family+42 new-family; no catalog promotion.
Master_500_v2	169	"[""DG2-168"",""DG-182"",""Personalized Phone Cases"",""Child"",""PHOTO_COLLAGE"",""PP-008"",""PRINTIFY_PRIMARY"",""TEMPLATE_RESEARCH"",""V1 retained"",""Re-score"",null,null,null,null,null,null,null,null,null,null,null,null,null,null,null,null]"	SOURCE_PRESERVED_LOCAL_VALIDATION	includes/POD/MasterCatalogV2MigrationContract.php:6	tests/wordpress/MasterCatalogMixedCandidateTest.php:21::testMixedCandidatePersistsAllDispositionsAndReplaysExactEvidence; tests/wordpress/MasterCatalogMixedCandidateTest.php:42::testForgedNormalizedEvidenceIsRejectedBeforePersistence	DG2 identity/classification/overlay/source mapping preserved; 428 retained+30 existing-family+42 new-family; no catalog promotion.
Master_500_v2	170	"[""DG2-169"",""DG-183"",""Personalized Phone Cases"",""Mom"",""PHOTO_COLLAGE"",""PP-008"",""PRINTIFY_PRIMARY"",""TEMPLATE_RESEARCH"",""V1 retained"",""Re-score"",null,null,null,null,null,null,null,null,null,null,null,null,null,null,null,null]"	SOURCE_PRESERVED_LOCAL_VALIDATION	includes/POD/MasterCatalogV2MigrationContract.php:6	tests/wordpress/MasterCatalogMixedCandidateTest.php:21::testMixedCandidatePersistsAllDispositionsAndReplaysExactEvidence; tests/wordpress/MasterCatalogMixedCandidateTest.php:42::testForgedNormalizedEvidenceIsRejectedBeforePersistence	DG2 identity/classification/overlay/source mapping preserved; 428 retained+30 existing-family+42 new-family; no catalog promotion.
Master_500_v2	171	"[""DG2-170"",""DG-184"",""Personalized Phone Cases"",""Dad"",""PHOTO_COLLAGE"",""PP-008"",""PRINTIFY_PRIMARY"",""TEMPLATE_RESEARCH"",""V1 retained"",""Re-score"",null,null,null,null,null,null,null,null,null,null,null,null,null,null,null,null]"	SOURCE_PRESERVED_LOCAL_VALIDATION	includes/POD/MasterCatalogV2MigrationContract.php:6	tests/wordpress/MasterCatalogMixedCandidateTest.php:21::testMixedCandidatePersistsAllDispositionsAndReplaysExactEvidence; tests/wordpress/MasterCatalogMixedCandidateTest.php:42::testForgedNormalizedEvidenceIsRejectedBeforePersistence	DG2 identity/classification/overlay/source mapping preserved; 428 retained+30 existing-family+42 new-family; no catalog promotion.
Master_500_v2	172	"[""DG2-171"",""DG-185"",""Personalized Phone Cases"",""Grandparents"",""PHOTO_COLLAGE"",""PP-008"",""PRINTIFY_PRIMARY"",""TEMPLATE_RESEARCH"",""V1 retained"",""Re-score"",null,null,null,null,null,null,null,null,null,null,null,null,null,null,null,null]"	SOURCE_PRESERVED_LOCAL_VALIDATION	includes/POD/MasterCatalogV2MigrationContract.php:6	tests/wordpress/MasterCatalogMixedCandidateTest.php:21::testMixedCandidatePersistsAllDispositionsAndReplaysExactEvidence; tests/wordpress/MasterCatalogMixedCandidateTest.php:42::testForgedNormalizedEvidenceIsRejectedBeforePersistence	DG2 identity/classification/overlay/source mapping preserved; 428 retained+30 existing-family+42 new-family; no catalog promotion.
Master_500_v2	173	"[""DG2-172"",""DG-186"",""Personalized Phone Cases"",""Best friend"",""PHOTO_COLLAGE"",""PP-008"",""PRINTIFY_PRIMARY"",""TEMPLATE_RESEARCH"",""V1 retained"",""Re-score"",null,null,null,null,null,null,null,null,null,null,null,null,null,null,null,null]"	SOURCE_PRESERVED_LOCAL_VALIDATION	includes/POD/MasterCatalogV2MigrationContract.php:6	tests/wordpress/MasterCatalogMixedCandidateTest.php:21::testMixedCandidatePersistsAllDispositionsAndReplaysExactEvidence; tests/wordpress/MasterCatalogMixedCandidateTest.php:42::testForgedNormalizedEvidenceIsRejectedBeforePersistence	DG2 identity/classification/overlay/source mapping preserved; 428 retained+30 existing-family+42 new-family; no catalog promotion.
Master_500_v2	174	"[""DG2-173"",""DG-187"",""Personalized Phone Cases"",""Memorial"",""MEMORIAL"",""PP-008"",""PRINTIFY_PRIMARY"",""TEMPLATE_RESEARCH"",""V1 retained"",""Re-score"",null,null,null,null,null,null,null,null,null,null,null,null,null,null,null,null]"	SOURCE_PRESERVED_LOCAL_VALIDATION	includes/POD/MasterCatalogV2MigrationContract.php:6	tests/wordpress/MasterCatalogMixedCandidateTest.php:21::testMixedCandidatePersistsAllDispositionsAndReplaysExactEvidence; tests/wordpress/MasterCatalogMixedCandidateTest.php:42::testForgedNormalizedEvidenceIsRejectedBeforePersistence	DG2 identity/classification/overlay/source mapping preserved; 428 retained+30 existing-family+42 new-family; no catalog promotion.
Master_500_v2	175	"[""DG2-174"",""DG-188"",""Personalized Phone Cases"",""Travel"",""PHOTO_COLLAGE"",""PP-008"",""PRINTIFY_PRIMARY"",""TEMPLATE_RESEARCH"",""V1 retained"",""Re-score"",null,null,null,null,null,null,null,null,null,null,null,null,null,null,null,null]"	SOURCE_PRESERVED_LOCAL_VALIDATION	includes/POD/MasterCatalogV2MigrationContract.php:6	tests/wordpress/MasterCatalogMixedCandidateTest.php:21::testMixedCandidatePersistsAllDispositionsAndReplaysExactEvidence; tests/wordpress/MasterCatalogMixedCandidateTest.php:42::testForgedNormalizedEvidenceIsRejectedBeforePersistence	DG2 identity/classification/overlay/source mapping preserved; 428 retained+30 existing-family+42 new-family; no catalog promotion.
Master_500_v2	176	"[""DG2-175"",""DG-189"",""Personalized Phone Cases"",""Collage"",""PHOTO_COLLAGE"",""PP-008"",""PRINTIFY_PRIMARY"",""TEMPLATE_RESEARCH"",""V1 retained"",""Re-score"",null,null,null,null,null,null,null,null,null,null,null,null,null,null,null,null]"	SOURCE_PRESERVED_LOCAL_VALIDATION	includes/POD/MasterCatalogV2MigrationContract.php:6	tests/wordpress/MasterCatalogMixedCandidateTest.php:21::testMixedCandidatePersistsAllDispositionsAndReplaysExactEvidence; tests/wordpress/MasterCatalogMixedCandidateTest.php:42::testForgedNormalizedEvidenceIsRejectedBeforePersistence	DG2 identity/classification/overlay/source mapping preserved; 428 retained+30 existing-family+42 new-family; no catalog promotion.
Master_500_v2	177	"[""DG2-176"",""DG-190"",""Personalized Phone Cases"",""Initials"",""NAME_MONOGRAM"",""PP-008"",""PRINTIFY_PRIMARY"",""TEMPLATE_RESEARCH"",""V1 retained"",""Re-score"",null,null,null,null,null,null,null,null,null,null,null,null,null,null,null,null]"	SOURCE_PRESERVED_LOCAL_VALIDATION	includes/POD/MasterCatalogV2MigrationContract.php:6	tests/wordpress/MasterCatalogMixedCandidateTest.php:21::testMixedCandidatePersistsAllDispositionsAndReplaysExactEvidence; tests/wordpress/MasterCatalogMixedCandidateTest.php:42::testForgedNormalizedEvidenceIsRejectedBeforePersistence	DG2 identity/classification/overlay/source mapping preserved; 428 retained+30 existing-family+42 new-family; no catalog promotion.
Master_500_v2	178	"[""DG2-177"",""DG-191"",""Personalized Phone Cases"",""Monogram"",""NAME_MONOGRAM"",""PP-008"",""PRINTIFY_PRIMARY"",""TEMPLATE_RESEARCH"",""V1 retained"",""Re-score"",null,null,null,null,null,null,null,null,null,null,null,null,null,null,null,null]"	SOURCE_PRESERVED_LOCAL_VALIDATION	includes/POD/MasterCatalogV2MigrationContract.php:6	tests/wordpress/MasterCatalogMixedCandidateTest.php:21::testMixedCandidatePersistsAllDispositionsAndReplaysExactEvidence; tests/wordpress/MasterCatalogMixedCandidateTest.php:42::testForgedNormalizedEvidenceIsRejectedBeforePersistence	DG2 identity/classification/overlay/source mapping preserved; 428 retained+30 existing-family+42 new-family; no catalog promotion.
Master_500_v2	179	"[""DG2-178"",""DG-192"",""Personalized Phone Cases"",""Name pattern"",""NAME_MONOGRAM"",""PP-008"",""PRINTIFY_PRIMARY"",""TEMPLATE_RESEARCH"",""V1 retained"",""Re-score"",null,null,null,null,null,null,null,null,null,null,null,null,null,null,null,null]"	SOURCE_PRESERVED_LOCAL_VALIDATION	includes/POD/MasterCatalogV2MigrationContract.php:6	tests/wordpress/MasterCatalogMixedCandidateTest.php:21::testMixedCandidatePersistsAllDispositionsAndReplaysExactEvidence; tests/wordpress/MasterCatalogMixedCandidateTest.php:42::testForgedNormalizedEvidenceIsRejectedBeforePersistence	DG2 identity/classification/overlay/source mapping preserved; 428 retained+30 existing-family+42 new-family; no catalog promotion.
Master_500_v2	180	"[""DG2-179"",""DG-193"",""Personalized Phone Cases"",""Handwriting"",""HANDWRITING"",""PP-008"",""PRINTIFY_PRIMARY"",""TEMPLATE_RESEARCH"",""V1 retained"",""Re-score"",null,null,null,null,null,null,null,null,null,null,null,null,null,null,null,null]"	SOURCE_PRESERVED_LOCAL_VALIDATION	includes/POD/MasterCatalogV2MigrationContract.php:6	tests/wordpress/MasterCatalogMixedCandidateTest.php:21::testMixedCandidatePersistsAllDispositionsAndReplaysExactEvidence; tests/wordpress/MasterCatalogMixedCandidateTest.php:42::testForgedNormalizedEvidenceIsRejectedBeforePersistence	DG2 identity/classification/overlay/source mapping preserved; 428 retained+30 existing-family+42 new-family; no catalog promotion.
Master_500_v2	181	"[""DG2-180"",""DG-194"",""Personalized Phone Cases"",""Child drawing"",""CHILD_ART"",""PP-008"",""PRINTIFY_PRIMARY"",""TEMPLATE_RESEARCH"",""V1 retained"",""Re-score"",null,null,null,null,null,null,null,null,null,null,null,null,null,null,null,null]"	SOURCE_PRESERVED_LOCAL_VALIDATION	includes/POD/MasterCatalogV2MigrationContract.php:6	tests/wordpress/MasterCatalogMixedCandidateTest.php:21::testMixedCandidatePersistsAllDispositionsAndReplaysExactEvidence; tests/wordpress/MasterCatalogMixedCandidateTest.php:42::testForgedNormalizedEvidenceIsRejectedBeforePersistence	DG2 identity/classification/overlay/source mapping preserved; 428 retained+30 existing-family+42 new-family; no catalog promotion.
Master_500_v2	182	"[""DG2-181"",""DG-195"",""Personalized Phone Cases"",""Birth flower + name"",""PHOTO_COLLAGE"",""PP-008"",""PRINTIFY_PRIMARY"",""TEMPLATE_RESEARCH"",""V1 retained"",""Re-score"",null,null,null,null,null,null,null,null,null,null,null,null,null,null,null,null]"	SOURCE_PRESERVED_LOCAL_VALIDATION	includes/POD/MasterCatalogV2MigrationContract.php:6	tests/wordpress/MasterCatalogMixedCandidateTest.php:21::testMixedCandidatePersistsAllDispositionsAndReplaysExactEvidence; tests/wordpress/MasterCatalogMixedCandidateTest.php:42::testForgedNormalizedEvidenceIsRejectedBeforePersistence	DG2 identity/classification/overlay/source mapping preserved; 428 retained+30 existing-family+42 new-family; no catalog promotion.
Master_500_v2	183	"[""DG2-182"",""DG-196"",""Personalized Phone Cases"",""Photo strip"",""PHOTO_COLLAGE"",""PP-008"",""PRINTIFY_PRIMARY"",""TEMPLATE_RESEARCH"",""V1 retained"",""Re-score"",null,null,null,null,null,null,null,null,null,null,null,null,null,null,null,null]"	SOURCE_PRESERVED_LOCAL_VALIDATION	includes/POD/MasterCatalogV2MigrationContract.php:6	tests/wordpress/MasterCatalogMixedCandidateTest.php:21::testMixedCandidatePersistsAllDispositionsAndReplaysExactEvidence; tests/wordpress/MasterCatalogMixedCandidateTest.php:42::testForgedNormalizedEvidenceIsRejectedBeforePersistence	DG2 identity/classification/overlay/source mapping preserved; 428 retained+30 existing-family+42 new-family; no catalog promotion.
Master_500_v2	184	"[""DG2-183"",""DG-197"",""Personalized Phone Cases"",""Retro collage"",""PHOTO_COLLAGE"",""PP-008"",""PRINTIFY_PRIMARY"",""TEMPLATE_RESEARCH"",""V1 retained"",""Re-score"",null,null,null,null,null,null,null,null,null,null,null,null,null,null,null,null]"	SOURCE_PRESERVED_LOCAL_VALIDATION	includes/POD/MasterCatalogV2MigrationContract.php:6	tests/wordpress/MasterCatalogMixedCandidateTest.php:21::testMixedCandidatePersistsAllDispositionsAndReplaysExactEvidence; tests/wordpress/MasterCatalogMixedCandidateTest.php:42::testForgedNormalizedEvidenceIsRejectedBeforePersistence	DG2 identity/classification/overlay/source mapping preserved; 428 retained+30 existing-family+42 new-family; no catalog promotion.
Master_500_v2	185	"[""DG2-184"",""DG-198"",""Personalized Phone Cases"",""Watercolor pet"",""WATERCOLOR"",""PP-008"",""PRINTIFY_PRIMARY"",""TEMPLATE_RESEARCH"",""V1 retained"",""Re-score"",null,null,null,null,null,null,null,null,null,null,null,null,null,null,null,null]"	SOURCE_PRESERVED_LOCAL_VALIDATION	includes/POD/MasterCatalogV2MigrationContract.php:6	tests/wordpress/MasterCatalogMixedCandidateTest.php:21::testMixedCandidatePersistsAllDispositionsAndReplaysExactEvidence; tests/wordpress/MasterCatalogMixedCandidateTest.php:42::testForgedNormalizedEvidenceIsRejectedBeforePersistence	DG2 identity/classification/overlay/source mapping preserved; 428 retained+30 existing-family+42 new-family; no catalog promotion.
Master_500_v2	186	"[""DG2-185"",""DG-199"",""Personalized Phone Cases"",""Line-art portrait"",""LINE_ART"",""PP-008"",""PRINTIFY_PRIMARY"",""TEMPLATE_RESEARCH"",""V1 retained"",""Re-score"",null,null,null,null,null,null,null,null,null,null,null,null,null,null,null,null]"	SOURCE_PRESERVED_LOCAL_VALIDATION	includes/POD/MasterCatalogV2MigrationContract.php:6	tests/wordpress/MasterCatalogMixedCandidateTest.php:21::testMixedCandidatePersistsAllDispositionsAndReplaysExactEvidence; tests/wordpress/MasterCatalogMixedCandidateTest.php:42::testForgedNormalizedEvidenceIsRejectedBeforePersistence	DG2 identity/classification/overlay/source mapping preserved; 428 retained+30 existing-family+42 new-family; no catalog promotion.
Master_500_v2	187	"[""DG2-186"",""DG-200"",""Personalized Phone Cases"",""Custom photo"",""PHOTO_COLLAGE"",""PP-008"",""PRINTIFY_PRIMARY"",""TEMPLATE_RESEARCH"",""V1 retained"",""Re-score"",null,null,null,null,null,null,null,null,null,null,null,null,null,null,null,null]"	SOURCE_PRESERVED_LOCAL_VALIDATION	includes/POD/MasterCatalogV2MigrationContract.php:6	tests/wordpress/MasterCatalogMixedCandidateTest.php:21::testMixedCandidatePersistsAllDispositionsAndReplaysExactEvidence; tests/wordpress/MasterCatalogMixedCandidateTest.php:42::testForgedNormalizedEvidenceIsRejectedBeforePersistence	DG2 identity/classification/overlay/source mapping preserved; 428 retained+30 existing-family+42 new-family; no catalog promotion.
Master_500_v2	188	"[""DG2-187"",""DG-201"",""Personalized Tote Bags"",""Pet portrait"",""PET_PORTRAIT"",""PP-009"",""PRINTIFY_PRIMARY"",""TEMPLATE_RESEARCH"",""V1 retained"",""Re-score"",null,null,null,null,null,null,null,null,null,null,null,null,null,null,null,null]"	SOURCE_PRESERVED_LOCAL_VALIDATION	includes/POD/MasterCatalogV2MigrationContract.php:6	tests/wordpress/MasterCatalogMixedCandidateTest.php:21::testMixedCandidatePersistsAllDispositionsAndReplaysExactEvidence; tests/wordpress/MasterCatalogMixedCandidateTest.php:42::testForgedNormalizedEvidenceIsRejectedBeforePersistence	DG2 identity/classification/overlay/source mapping preserved; 428 retained+30 existing-family+42 new-family; no catalog promotion.
Master_500_v2	189	"[""DG2-188"",""DG-205"",""Personalized Tote Bags"",""Pet name"",""PET_PORTRAIT"",""PP-009"",""PRINTIFY_PRIMARY"",""TEMPLATE_RESEARCH"",""V1 retained"",""Re-score"",null,null,null,null,null,null,null,null,null,null,null,null,null,null,null,null]"	SOURCE_PRESERVED_LOCAL_VALIDATION	includes/POD/MasterCatalogV2MigrationContract.php:6	tests/wordpress/MasterCatalogMixedCandidateTest.php:21::testMixedCandidatePersistsAllDispositionsAndReplaysExactEvidence; tests/wordpress/MasterCatalogMixedCandidateTest.php:42::testForgedNormalizedEvidenceIsRejectedBeforePersistence	DG2 identity/classification/overlay/source mapping preserved; 428 retained+30 existing-family+42 new-family; no catalog promotion.
Master_500_v2	190	"[""DG2-189"",""DG-206"",""Personalized Tote Bags"",""Multi-pet"",""PET_PORTRAIT"",""PP-009"",""PRINTIFY_PRIMARY"",""TEMPLATE_RESEARCH"",""V1 retained"",""Re-score"",null,null,null,null,null,null,null,null,null,null,null,null,null,null,null,null]"	SOURCE_PRESERVED_LOCAL_VALIDATION	includes/POD/MasterCatalogV2MigrationContract.php:6	tests/wordpress/MasterCatalogMixedCandidateTest.php:21::testMixedCandidatePersistsAllDispositionsAndReplaysExactEvidence; tests/wordpress/MasterCatalogMixedCandidateTest.php:42::testForgedNormalizedEvidenceIsRejectedBeforePersistence	DG2 identity/classification/overlay/source mapping preserved; 428 retained+30 existing-family+42 new-family; no catalog promotion.
Master_500_v2	191	"[""DG2-190"",""DG-207"",""Personalized Tote Bags"",""Pet memorial"",""MEMORIAL"",""PP-009"",""PRINTIFY_PRIMARY"",""TEMPLATE_RESEARCH"",""V1 retained"",""Re-score"",null,null,null,null,null,null,null,null,null,null,null,null,null,null,null,null]"	SOURCE_PRESERVED_LOCAL_VALIDATION	includes/POD/MasterCatalogV2MigrationContract.php:6	tests/wordpress/MasterCatalogMixedCandidateTest.php:21::testMixedCandidatePersistsAllDispositionsAndReplaysExactEvidence; tests/wordpress/MasterCatalogMixedCandidateTest.php:42::testForgedNormalizedEvidenceIsRejectedBeforePersistence	DG2 identity/classification/overlay/source mapping preserved; 428 retained+30 existing-family+42 new-family; no catalog promotion.
Master_500_v2	192	"[""DG2-191"",""DG-208"",""Personalized Tote Bags"",""Human photo"",""PET_PORTRAIT"",""PP-009"",""PRINTIFY_PRIMARY"",""TEMPLATE_RESEARCH"",""V1 retained"",""Re-score"",null,null,null,null,null,null,null,null,null,null,null,null,null,null,null,null]"	SOURCE_PRESERVED_LOCAL_VALIDATION	includes/POD/MasterCatalogV2MigrationContract.php:6	tests/wordpress/MasterCatalogMixedCandidateTest.php:21::testMixedCandidatePersistsAllDispositionsAndReplaysExactEvidence; tests/wordpress/MasterCatalogMixedCandidateTest.php:42::testForgedNormalizedEvidenceIsRejectedBeforePersistence	DG2 identity/classification/overlay/source mapping preserved; 428 retained+30 existing-family+42 new-family; no catalog promotion.
Master_500_v2	193	"[""DG2-192"",""DG-209"",""Personalized Tote Bags"",""Family"",""PET_PORTRAIT"",""PP-009"",""PRINTIFY_PRIMARY"",""TEMPLATE_RESEARCH"",""V1 retained"",""Re-score"",null,null,null,null,null,null,null,null,null,null,null,null,null,null,null,null]"	SOURCE_PRESERVED_LOCAL_VALIDATION	includes/POD/MasterCatalogV2MigrationContract.php:6	tests/wordpress/MasterCatalogMixedCandidateTest.php:21::testMixedCandidatePersistsAllDispositionsAndReplaysExactEvidence; tests/wordpress/MasterCatalogMixedCandidateTest.php:42::testForgedNormalizedEvidenceIsRejectedBeforePersistence	DG2 identity/classification/overlay/source mapping preserved; 428 retained+30 existing-family+42 new-family; no catalog promotion.
Master_500_v2	194	"[""DG2-193"",""DG-212"",""Personalized Tote Bags"",""Teacher"",""PET_PORTRAIT"",""PP-009"",""PRINTIFY_PRIMARY"",""TEMPLATE_RESEARCH"",""V1 retained"",""Re-score"",null,null,null,null,null,null,null,null,null,null,null,null,null,null,null,null]"	SOURCE_PRESERVED_LOCAL_VALIDATION	includes/POD/MasterCatalogV2MigrationContract.php:6	tests/wordpress/MasterCatalogMixedCandidateTest.php:21::testMixedCandidatePersistsAllDispositionsAndReplaysExactEvidence; tests/wordpress/MasterCatalogMixedCandidateTest.php:42::testForgedNormalizedEvidenceIsRejectedBeforePersistence	DG2 identity/classification/overlay/source mapping preserved; 428 retained+30 existing-family+42 new-family; no catalog promotion.
Master_500_v2	195	"[""DG2-194"",""DG-213"",""Personalized Tote Bags"",""Bridesmaid"",""PET_PORTRAIT"",""PP-009"",""PRINTIFY_PRIMARY"",""TEMPLATE_RESEARCH"",""V1 retained"",""Re-score"",null,null,null,null,null,null,null,null,null,null,null,null,null,null,null,null]"	SOURCE_PRESERVED_LOCAL_VALIDATION	includes/POD/MasterCatalogV2MigrationContract.php:6	tests/wordpress/MasterCatalogMixedCandidateTest.php:21::testMixedCandidatePersistsAllDispositionsAndReplaysExactEvidence; tests/wordpress/MasterCatalogMixedCandidateTest.php:42::testForgedNormalizedEvidenceIsRejectedBeforePersistence	DG2 identity/classification/overlay/source mapping preserved; 428 retained+30 existing-family+42 new-family; no catalog promotion.
Master_500_v2	196	"[""DG2-195"",""DG-214"",""Personalized Tote Bags"",""Bride"",""PET_PORTRAIT"",""PP-009"",""PRINTIFY_PRIMARY"",""TEMPLATE_RESEARCH"",""V1 retained"",""Re-score"",null,null,null,null,null,null,null,null,null,null,null,null,null,null,null,null]"	SOURCE_PRESERVED_LOCAL_VALIDATION	includes/POD/MasterCatalogV2MigrationContract.php:6	tests/wordpress/MasterCatalogMixedCandidateTest.php:21::testMixedCandidatePersistsAllDispositionsAndReplaysExactEvidence; tests/wordpress/MasterCatalogMixedCandidateTest.php:42::testForgedNormalizedEvidenceIsRejectedBeforePersistence	DG2 identity/classification/overlay/source mapping preserved; 428 retained+30 existing-family+42 new-family; no catalog promotion.
Master_500_v2	197	"[""DG2-196"",""DG-215"",""Personalized Tote Bags"",""Wedding"",""PET_PORTRAIT"",""PP-009"",""PRINTIFY_PRIMARY"",""TEMPLATE_RESEARCH"",""V1 retained"",""Re-score"",null,null,null,null,null,null,null,null,null,null,null,null,null,null,null,null]"	SOURCE_PRESERVED_LOCAL_VALIDATION	includes/POD/MasterCatalogV2MigrationContract.php:6	tests/wordpress/MasterCatalogMixedCandidateTest.php:21::testMixedCandidatePersistsAllDispositionsAndReplaysExactEvidence; tests/wordpress/MasterCatalogMixedCandidateTest.php:42::testForgedNormalizedEvidenceIsRejectedBeforePersistence	DG2 identity/classification/overlay/source mapping preserved; 428 retained+30 existing-family+42 new-family; no catalog promotion.
Master_500_v2	198	"[""DG2-197"",""DG-216"",""Personalized Tote Bags"",""Best friend"",""PET_PORTRAIT"",""PP-009"",""PRINTIFY_PRIMARY"",""TEMPLATE_RESEARCH"",""V1 retained"",""Re-score"",null,null,null,null,null,null,null,null,null,null,null,null,null,null,null,null]"	SOURCE_PRESERVED_LOCAL_VALIDATION	includes/POD/MasterCatalogV2MigrationContract.php:6	tests/wordpress/MasterCatalogMixedCandidateTest.php:21::testMixedCandidatePersistsAllDispositionsAndReplaysExactEvidence; tests/wordpress/MasterCatalogMixedCandidateTest.php:42::testForgedNormalizedEvidenceIsRejectedBeforePersistence	DG2 identity/classification/overlay/source mapping preserved; 428 retained+30 existing-family+42 new-family; no catalog promotion.
Master_500_v2	199	"[""DG2-198"",""DG-218"",""Personalized Tote Bags"",""Child artwork"",""CHILD_ART"",""PP-009"",""PRINTIFY_PRIMARY"",""TEMPLATE_RESEARCH"",""V1 retained"",""Re-score"",null,null,null,null,null,null,null,null,null,null,null,null,null,null,null,null]"	SOURCE_PRESERVED_LOCAL_VALIDATION	includes/POD/MasterCatalogV2MigrationContract.php:6	tests/wordpress/MasterCatalogMixedCandidateTest.php:21::testMixedCandidatePersistsAllDispositionsAndReplaysExactEvidence; tests/wordpress/MasterCatalogMixedCandidateTest.php:42::testForgedNormalizedEvidenceIsRejectedBeforePersistence	DG2 identity/classification/overlay/source mapping preserved; 428 retained+30 existing-family+42 new-family; no catalog promotion.
Master_500_v2	200	"[""DG2-199"",""DG-219"",""Personalized Tote Bags"",""Handwriting"",""HANDWRITING"",""PP-009"",""PRINTIFY_PRIMARY"",""TEMPLATE_RESEARCH"",""V1 retained"",""Re-score"",null,null,null,null,null,null,null,null,null,null,null,null,null,null,null,null]"	SOURCE_PRESERVED_LOCAL_VALIDATION	includes/POD/MasterCatalogV2MigrationContract.php:6	tests/wordpress/MasterCatalogMixedCandidateTest.php:21::testMixedCandidatePersistsAllDispositionsAndReplaysExactEvidence; tests/wordpress/MasterCatalogMixedCandidateTest.php:42::testForgedNormalizedEvidenceIsRejectedBeforePersistence	DG2 identity/classification/overlay/source mapping preserved; 428 retained+30 existing-family+42 new-family; no catalog promotion.
Master_500_v2	201	"[""DG2-200"",""DG-220"",""Personalized Tote Bags"",""Book-lover name"",""PET_PORTRAIT"",""PP-009"",""PRINTIFY_PRIMARY"",""TEMPLATE_RESEARCH"",""V1 retained"",""Re-score"",null,null,null,null,null,null,null,null,null,null,null,null,null,null,null,null]"	SOURCE_PRESERVED_LOCAL_VALIDATION	includes/POD/MasterCatalogV2MigrationContract.php:6	tests/wordpress/MasterCatalogMixedCandidateTest.php:21::testMixedCandidatePersistsAllDispositionsAndReplaysExactEvidence; tests/wordpress/MasterCatalogMixedCandidateTest.php:42::testForgedNormalizedEvidenceIsRejectedBeforePersistence	DG2 identity/classification/overlay/source mapping preserved; 428 retained+30 existing-family+42 new-family; no catalog promotion.
Master_500_v2	202	"[""DG2-201"",""DG-221"",""Personalized Tote Bags"",""Travel"",""PET_PORTRAIT"",""PP-009"",""PRINTIFY_PRIMARY"",""TEMPLATE_RESEARCH"",""V1 retained"",""Re-score"",null,null,null,null,null,null,null,null,null,null,null,null,null,null,null,null]"	SOURCE_PRESERVED_LOCAL_VALIDATION	includes/POD/MasterCatalogV2MigrationContract.php:6	tests/wordpress/MasterCatalogMixedCandidateTest.php:21::testMixedCandidatePersistsAllDispositionsAndReplaysExactEvidence; tests/wordpress/MasterCatalogMixedCandidateTest.php:42::testForgedNormalizedEvidenceIsRejectedBeforePersistence	DG2 identity/classification/overlay/source mapping preserved; 428 retained+30 existing-family+42 new-family; no catalog promotion.
Master_500_v2	203	"[""DG2-202"",""DG-223"",""Personalized Tote Bags"",""Photo collage"",""PHOTO_COLLAGE"",""PP-009"",""PRINTIFY_PRIMARY"",""TEMPLATE_RESEARCH"",""V1 retained"",""Re-score"",null,null,null,null,null,null,null,null,null,null,null,null,null,null,null,null]"	SOURCE_PRESERVED_LOCAL_VALIDATION	includes/POD/MasterCatalogV2MigrationContract.php:6	tests/wordpress/MasterCatalogMixedCandidateTest.php:21::testMixedCandidatePersistsAllDispositionsAndReplaysExactEvidence; tests/wordpress/MasterCatalogMixedCandidateTest.php:42::testForgedNormalizedEvidenceIsRejectedBeforePersistence	DG2 identity/classification/overlay/source mapping preserved; 428 retained+30 existing-family+42 new-family; no catalog promotion.
Master_500_v2	204	"[""DG2-203"",""DG-224"",""Personalized Tote Bags"",""Line-art pet"",""LINE_ART"",""PP-009"",""PRINTIFY_PRIMARY"",""TEMPLATE_RESEARCH"",""V1 retained"",""Re-score"",null,null,null,null,null,null,null,null,null,null,null,null,null,null,null,null]"	SOURCE_PRESERVED_LOCAL_VALIDATION	includes/POD/MasterCatalogV2MigrationContract.php:6	tests/wordpress/MasterCatalogMixedCandidateTest.php:21::testMixedCandidatePersistsAllDispositionsAndReplaysExactEvidence; tests/wordpress/MasterCatalogMixedCandidateTest.php:42::testForgedNormalizedEvidenceIsRejectedBeforePersistence	DG2 identity/classification/overlay/source mapping preserved; 428 retained+30 existing-family+42 new-family; no catalog promotion.
Master_500_v2	205	"[""DG2-204"",""DG-225"",""Personalized Tote Bags"",""Photo + text"",""PET_PORTRAIT"",""PP-009"",""PRINTIFY_PRIMARY"",""TEMPLATE_RESEARCH"",""V1 retained"",""Re-score"",null,null,null,null,null,null,null,null,null,null,null,null,null,null,null,null]"	SOURCE_PRESERVED_LOCAL_VALIDATION	includes/POD/MasterCatalogV2MigrationContract.php:6	tests/wordpress/MasterCatalogMixedCandidateTest.php:21::testMixedCandidatePersistsAllDispositionsAndReplaysExactEvidence; tests/wordpress/MasterCatalogMixedCandidateTest.php:42::testForgedNormalizedEvidenceIsRejectedBeforePersistence	DG2 identity/classification/overlay/source mapping preserved; 428 retained+30 existing-family+42 new-family; no catalog promotion.
Master_500_v2	206	"[""DG2-205"",""DG-226"",""Personalized Ornaments"",""Pet"",""PHOTO_TEXT"",""PP-010"",""PRINTIFY_PRIMARY"",""TEMPLATE_RESEARCH"",""V1 retained"",""Re-score"",null,null,null,null,null,null,null,null,null,null,null,null,null,null,null,null]"	SOURCE_PRESERVED_LOCAL_VALIDATION	includes/POD/MasterCatalogV2MigrationContract.php:6	tests/wordpress/MasterCatalogMixedCandidateTest.php:21::testMixedCandidatePersistsAllDispositionsAndReplaysExactEvidence; tests/wordpress/MasterCatalogMixedCandidateTest.php:42::testForgedNormalizedEvidenceIsRejectedBeforePersistence	DG2 identity/classification/overlay/source mapping preserved; 428 retained+30 existing-family+42 new-family; no catalog promotion.
Master_500_v2	207	"[""DG2-206"",""DG-227"",""Personalized Ornaments"",""Pet memorial"",""MEMORIAL"",""PP-010"",""PRINTIFY_PRIMARY"",""TEMPLATE_RESEARCH"",""V1 retained"",""Re-score"",null,null,null,null,null,null,null,null,null,null,null,null,null,null,null,null]"	SOURCE_PRESERVED_LOCAL_VALIDATION	includes/POD/MasterCatalogV2MigrationContract.php:6	tests/wordpress/MasterCatalogMixedCandidateTest.php:21::testMixedCandidatePersistsAllDispositionsAndReplaysExactEvidence; tests/wordpress/MasterCatalogMixedCandidateTest.php:42::testForgedNormalizedEvidenceIsRejectedBeforePersistence	DG2 identity/classification/overlay/source mapping preserved; 428 retained+30 existing-family+42 new-family; no catalog promotion.
Master_500_v2	208	"[""DG2-207"",""DG-228"",""Personalized Ornaments"",""Family"",""PHOTO_TEXT"",""PP-010"",""PRINTIFY_PRIMARY"",""TEMPLATE_RESEARCH"",""V1 retained"",""Re-score"",null,null,null,null,null,null,null,null,null,null,null,null,null,null,null,null]"	SOURCE_PRESERVED_LOCAL_VALIDATION	includes/POD/MasterCatalogV2MigrationContract.php:6	tests/wordpress/MasterCatalogMixedCandidateTest.php:21::testMixedCandidatePersistsAllDispositionsAndReplaysExactEvidence; tests/wordpress/MasterCatalogMixedCandidateTest.php:42::testForgedNormalizedEvidenceIsRejectedBeforePersistence	DG2 identity/classification/overlay/source mapping preserved; 428 retained+30 existing-family+42 new-family; no catalog promotion.
Master_500_v2	209	"[""DG2-208"",""DG-229"",""Personalized Ornaments"",""Couple"",""PHOTO_TEXT"",""PP-010"",""PRINTIFY_PRIMARY"",""TEMPLATE_RESEARCH"",""V1 retained"",""Re-score"",null,null,null,null,null,null,null,null,null,null,null,null,null,null,null,null]"	SOURCE_PRESERVED_LOCAL_VALIDATION	includes/POD/MasterCatalogV2MigrationContract.php:6	tests/wordpress/MasterCatalogMixedCandidateTest.php:21::testMixedCandidatePersistsAllDispositionsAndReplaysExactEvidence; tests/wordpress/MasterCatalogMixedCandidateTest.php:42::testForgedNormalizedEvidenceIsRejectedBeforePersistence	DG2 identity/classification/overlay/source mapping preserved; 428 retained+30 existing-family+42 new-family; no catalog promotion.
Master_500_v2	210	"[""DG2-209"",""DG-230"",""Personalized Ornaments"",""First Christmas married"",""PHOTO_TEXT"",""PP-010"",""PRINTIFY_PRIMARY"",""TEMPLATE_RESEARCH"",""V1 retained"",""Re-score"",null,null,null,null,null,null,null,null,null,null,null,null,null,null,null,null]"	SOURCE_PRESERVED_LOCAL_VALIDATION	includes/POD/MasterCatalogV2MigrationContract.php:6	tests/wordpress/MasterCatalogMixedCandidateTest.php:21::testMixedCandidatePersistsAllDispositionsAndReplaysExactEvidence; tests/wordpress/MasterCatalogMixedCandidateTest.php:42::testForgedNormalizedEvidenceIsRejectedBeforePersistence	DG2 identity/classification/overlay/source mapping preserved; 428 retained+30 existing-family+42 new-family; no catalog promotion.
Master_500_v2	211	"[""DG2-210"",""DG-231"",""Personalized Ornaments"",""Engagement"",""PHOTO_TEXT"",""PP-010"",""PRINTIFY_PRIMARY"",""TEMPLATE_RESEARCH"",""V1 retained"",""Re-score"",null,null,null,null,null,null,null,null,null,null,null,null,null,null,null,null]"	SOURCE_PRESERVED_LOCAL_VALIDATION	includes/POD/MasterCatalogV2MigrationContract.php:6	tests/wordpress/MasterCatalogMixedCandidateTest.php:21::testMixedCandidatePersistsAllDispositionsAndReplaysExactEvidence; tests/wordpress/MasterCatalogMixedCandidateTest.php:42::testForgedNormalizedEvidenceIsRejectedBeforePersistence	DG2 identity/classification/overlay/source mapping preserved; 428 retained+30 existing-family+42 new-family; no catalog promotion.
Master_500_v2	212	"[""DG2-211"",""DG-232"",""Personalized Ornaments"",""Wedding"",""PHOTO_TEXT"",""PP-010"",""PRINTIFY_PRIMARY"",""TEMPLATE_RESEARCH"",""V1 retained"",""Re-score"",null,null,null,null,null,null,null,null,null,null,null,null,null,null,null,null]"	SOURCE_PRESERVED_LOCAL_VALIDATION	includes/POD/MasterCatalogV2MigrationContract.php:6	tests/wordpress/MasterCatalogMixedCandidateTest.php:21::testMixedCandidatePersistsAllDispositionsAndReplaysExactEvidence; tests/wordpress/MasterCatalogMixedCandidateTest.php:42::testForgedNormalizedEvidenceIsRejectedBeforePersistence	DG2 identity/classification/overlay/source mapping preserved; 428 retained+30 existing-family+42 new-family; no catalog promotion.
Master_500_v2	213	"[""DG2-212"",""DG-233"",""Personalized Ornaments"",""New home"",""PHOTO_TEXT"",""PP-010"",""PRINTIFY_PRIMARY"",""TEMPLATE_RESEARCH"",""V1 retained"",""Re-score"",null,null,null,null,null,null,null,null,null,null,null,null,null,null,null,null]"	SOURCE_PRESERVED_LOCAL_VALIDATION	includes/POD/MasterCatalogV2MigrationContract.php:6	tests/wordpress/MasterCatalogMixedCandidateTest.php:21::testMixedCandidatePersistsAllDispositionsAndReplaysExactEvidence; tests/wordpress/MasterCatalogMixedCandidateTest.php:42::testForgedNormalizedEvidenceIsRejectedBeforePersistence	DG2 identity/classification/overlay/source mapping preserved; 428 retained+30 existing-family+42 new-family; no catalog promotion.
Master_500_v2	214	"[""DG2-213"",""DG-234"",""Personalized Ornaments"",""New baby"",""PHOTO_TEXT"",""PP-010"",""PRINTIFY_PRIMARY"",""TEMPLATE_RESEARCH"",""V1 retained"",""Re-score"",null,null,null,null,null,null,null,null,null,null,null,null,null,null,null,null]"	SOURCE_PRESERVED_LOCAL_VALIDATION	includes/POD/MasterCatalogV2MigrationContract.php:6	tests/wordpress/MasterCatalogMixedCandidateTest.php:21::testMixedCandidatePersistsAllDispositionsAndReplaysExactEvidence; tests/wordpress/MasterCatalogMixedCandidateTest.php:42::testForgedNormalizedEvidenceIsRejectedBeforePersistence	DG2 identity/classification/overlay/source mapping preserved; 428 retained+30 existing-family+42 new-family; no catalog promotion.
Master_500_v2	215	"[""DG2-214"",""DG-235"",""Personalized Ornaments"",""Baby first Christmas"",""PHOTO_TEXT"",""PP-010"",""PRINTIFY_PRIMARY"",""TEMPLATE_RESEARCH"",""V1 retained"",""Re-score"",null,null,null,null,null,null,null,null,null,null,null,null,null,null,null,null]"	SOURCE_PRESERVED_LOCAL_VALIDATION	includes/POD/MasterCatalogV2MigrationContract.php:6	tests/wordpress/MasterCatalogMixedCandidateTest.php:21::testMixedCandidatePersistsAllDispositionsAndReplaysExactEvidence; tests/wordpress/MasterCatalogMixedCandidateTest.php:42::testForgedNormalizedEvidenceIsRejectedBeforePersistence	DG2 identity/classification/overlay/source mapping preserved; 428 retained+30 existing-family+42 new-family; no catalog promotion.
Master_500_v2	216	"[""DG2-215"",""DG-236"",""Personalized Ornaments"",""Pregnancy announcement"",""PHOTO_TEXT"",""PP-010"",""PRINTIFY_PRIMARY"",""TEMPLATE_RESEARCH"",""V1 retained"",""Re-score"",null,null,null,null,null,null,null,null,null,null,null,null,null,null,null,null]"	SOURCE_PRESERVED_LOCAL_VALIDATION	includes/POD/MasterCatalogV2MigrationContract.php:6	tests/wordpress/MasterCatalogMixedCandidateTest.php:21::testMixedCandidatePersistsAllDispositionsAndReplaysExactEvidence; tests/wordpress/MasterCatalogMixedCandidateTest.php:42::testForgedNormalizedEvidenceIsRejectedBeforePersistence	DG2 identity/classification/overlay/source mapping preserved; 428 retained+30 existing-family+42 new-family; no catalog promotion.
Master_500_v2	217	"[""DG2-216"",""DG-237"",""Personalized Ornaments"",""Mom"",""PHOTO_TEXT"",""PP-010"",""PRINTIFY_PRIMARY"",""TEMPLATE_RESEARCH"",""V1 retained"",""Re-score"",null,null,null,null,null,null,null,null,null,null,null,null,null,null,null,null]"	SOURCE_PRESERVED_LOCAL_VALIDATION	includes/POD/MasterCatalogV2MigrationContract.php:6	tests/wordpress/MasterCatalogMixedCandidateTest.php:21::testMixedCandidatePersistsAllDispositionsAndReplaysExactEvidence; tests/wordpress/MasterCatalogMixedCandidateTest.php:42::testForgedNormalizedEvidenceIsRejectedBeforePersistence	DG2 identity/classification/overlay/source mapping preserved; 428 retained+30 existing-family+42 new-family; no catalog promotion.
Master_500_v2	218	"[""DG2-217"",""DG-238"",""Personalized Ornaments"",""Dad"",""PHOTO_TEXT"",""PP-010"",""PRINTIFY_PRIMARY"",""TEMPLATE_RESEARCH"",""V1 retained"",""Re-score"",null,null,null,null,null,null,null,null,null,null,null,null,null,null,null,null]"	SOURCE_PRESERVED_LOCAL_VALIDATION	includes/POD/MasterCatalogV2MigrationContract.php:6	tests/wordpress/MasterCatalogMixedCandidateTest.php:21::testMixedCandidatePersistsAllDispositionsAndReplaysExactEvidence; tests/wordpress/MasterCatalogMixedCandidateTest.php:42::testForgedNormalizedEvidenceIsRejectedBeforePersistence	DG2 identity/classification/overlay/source mapping preserved; 428 retained+30 existing-family+42 new-family; no catalog promotion.
Master_500_v2	219	"[""DG2-218"",""DG-239"",""Personalized Ornaments"",""Grandparents"",""PHOTO_TEXT"",""PP-010"",""PRINTIFY_PRIMARY"",""TEMPLATE_RESEARCH"",""V1 retained"",""Re-score"",null,null,null,null,null,null,null,null,null,null,null,null,null,null,null,null]"	SOURCE_PRESERVED_LOCAL_VALIDATION	includes/POD/MasterCatalogV2MigrationContract.php:6	tests/wordpress/MasterCatalogMixedCandidateTest.php:21::testMixedCandidatePersistsAllDispositionsAndReplaysExactEvidence; tests/wordpress/MasterCatalogMixedCandidateTest.php:42::testForgedNormalizedEvidenceIsRejectedBeforePersistence	DG2 identity/classification/overlay/source mapping preserved; 428 retained+30 existing-family+42 new-family; no catalog promotion.
Master_500_v2	220	"[""DG2-219"",""DG-240"",""Personalized Ornaments"",""Memorial"",""MEMORIAL"",""PP-010"",""PRINTIFY_PRIMARY"",""TEMPLATE_RESEARCH"",""V1 retained"",""Re-score"",null,null,null,null,null,null,null,null,null,null,null,null,null,null,null,null]"	SOURCE_PRESERVED_LOCAL_VALIDATION	includes/POD/MasterCatalogV2MigrationContract.php:6	tests/wordpress/MasterCatalogMixedCandidateTest.php:21::testMixedCandidatePersistsAllDispositionsAndReplaysExactEvidence; tests/wordpress/MasterCatalogMixedCandidateTest.php:42::testForgedNormalizedEvidenceIsRejectedBeforePersistence	DG2 identity/classification/overlay/source mapping preserved; 428 retained+30 existing-family+42 new-family; no catalog promotion.
Master_500_v2	221	"[""DG2-220"",""DG-241"",""Personalized Ornaments"",""Graduation"",""PHOTO_TEXT"",""PP-010"",""PRINTIFY_PRIMARY"",""TEMPLATE_RESEARCH"",""V1 retained"",""Re-score"",null,null,null,null,null,null,null,null,null,null,null,null,null,null,null,null]"	SOURCE_PRESERVED_LOCAL_VALIDATION	includes/POD/MasterCatalogV2MigrationContract.php:6	tests/wordpress/MasterCatalogMixedCandidateTest.php:21::testMixedCandidatePersistsAllDispositionsAndReplaysExactEvidence; tests/wordpress/MasterCatalogMixedCandidateTest.php:42::testForgedNormalizedEvidenceIsRejectedBeforePersistence	DG2 identity/classification/overlay/source mapping preserved; 428 retained+30 existing-family+42 new-family; no catalog promotion.
Master_500_v2	222	"[""DG2-221"",""DG-242"",""Personalized Ornaments"",""Travel"",""PHOTO_TEXT"",""PP-010"",""PRINTIFY_PRIMARY"",""TEMPLATE_RESEARCH"",""V1 retained"",""Re-score"",null,null,null,null,null,null,null,null,null,null,null,null,null,null,null,null]"	SOURCE_PRESERVED_LOCAL_VALIDATION	includes/POD/MasterCatalogV2MigrationContract.php:6	tests/wordpress/MasterCatalogMixedCandidateTest.php:21::testMixedCandidatePersistsAllDispositionsAndReplaysExactEvidence; tests/wordpress/MasterCatalogMixedCandidateTest.php:42::testForgedNormalizedEvidenceIsRejectedBeforePersistence	DG2 identity/classification/overlay/source mapping preserved; 428 retained+30 existing-family+42 new-family; no catalog promotion.
Master_500_v2	223	"[""DG2-222"",""DG-243"",""Personalized Ornaments"",""First home"",""PHOTO_TEXT"",""PP-010"",""PRINTIFY_PRIMARY"",""TEMPLATE_RESEARCH"",""V1 retained"",""Re-score"",null,null,null,null,null,null,null,null,null,null,null,null,null,null,null,null]"	SOURCE_PRESERVED_LOCAL_VALIDATION	includes/POD/MasterCatalogV2MigrationContract.php:6	tests/wordpress/MasterCatalogMixedCandidateTest.php:21::testMixedCandidatePersistsAllDispositionsAndReplaysExactEvidence; tests/wordpress/MasterCatalogMixedCandidateTest.php:42::testForgedNormalizedEvidenceIsRejectedBeforePersistence	DG2 identity/classification/overlay/source mapping preserved; 428 retained+30 existing-family+42 new-family; no catalog promotion.
Master_500_v2	224	"[""DG2-223"",""DG-244"",""Personalized Ornaments"",""Family reunion"",""PHOTO_TEXT"",""PP-010"",""PRINTIFY_PRIMARY"",""TEMPLATE_RESEARCH"",""V1 retained"",""Re-score"",null,null,null,null,null,null,null,null,null,null,null,null,null,null,null,null]"	SOURCE_PRESERVED_LOCAL_VALIDATION	includes/POD/MasterCatalogV2MigrationContract.php:6	tests/wordpress/MasterCatalogMixedCandidateTest.php:21::testMixedCandidatePersistsAllDispositionsAndReplaysExactEvidence; tests/wordpress/MasterCatalogMixedCandidateTest.php:42::testForgedNormalizedEvidenceIsRejectedBeforePersistence	DG2 identity/classification/overlay/source mapping preserved; 428 retained+30 existing-family+42 new-family; no catalog promotion.
Master_500_v2	225	"[""DG2-224"",""DG-245"",""Personalized Ornaments"",""Friendship"",""PHOTO_TEXT"",""PP-010"",""PRINTIFY_PRIMARY"",""TEMPLATE_RESEARCH"",""V1 retained"",""Re-score"",null,null,null,null,null,null,null,null,null,null,null,null,null,null,null,null]"	SOURCE_PRESERVED_LOCAL_VALIDATION	includes/POD/MasterCatalogV2MigrationContract.php:6	tests/wordpress/MasterCatalogMixedCandidateTest.php:21::testMixedCandidatePersistsAllDispositionsAndReplaysExactEvidence; tests/wordpress/MasterCatalogMixedCandidateTest.php:42::testForgedNormalizedEvidenceIsRejectedBeforePersistence	DG2 identity/classification/overlay/source mapping preserved; 428 retained+30 existing-family+42 new-family; no catalog promotion.
Master_500_v2	226	"[""DG2-225"",""DG-246"",""Personalized Ornaments"",""Child artwork"",""CHILD_ART"",""PP-010"",""PRINTIFY_PRIMARY"",""TEMPLATE_RESEARCH"",""V1 retained"",""Re-score"",null,null,null,null,null,null,null,null,null,null,null,null,null,null,null,null]"	SOURCE_PRESERVED_LOCAL_VALIDATION	includes/POD/MasterCatalogV2MigrationContract.php:6	tests/wordpress/MasterCatalogMixedCandidateTest.php:21::testMixedCandidatePersistsAllDispositionsAndReplaysExactEvidence; tests/wordpress/MasterCatalogMixedCandidateTest.php:42::testForgedNormalizedEvidenceIsRejectedBeforePersistence	DG2 identity/classification/overlay/source mapping preserved; 428 retained+30 existing-family+42 new-family; no catalog promotion.
Master_500_v2	227	"[""DG2-226"",""DG-247"",""Personalized Ornaments"",""Handwriting"",""HANDWRITING"",""PP-010"",""PRINTIFY_PRIMARY"",""TEMPLATE_RESEARCH"",""V1 retained"",""Re-score"",null,null,null,null,null,null,null,null,null,null,null,null,null,null,null,null]"	SOURCE_PRESERVED_LOCAL_VALIDATION	includes/POD/MasterCatalogV2MigrationContract.php:6	tests/wordpress/MasterCatalogMixedCandidateTest.php:21::testMixedCandidatePersistsAllDispositionsAndReplaysExactEvidence; tests/wordpress/MasterCatalogMixedCandidateTest.php:42::testForgedNormalizedEvidenceIsRejectedBeforePersistence	DG2 identity/classification/overlay/source mapping preserved; 428 retained+30 existing-family+42 new-family; no catalog promotion.
Master_500_v2	228	"[""DG2-227"",""DG-248"",""Personalized Ornaments"",""Annual family photo"",""PHOTO_TEXT"",""PP-010"",""PRINTIFY_PRIMARY"",""TEMPLATE_RESEARCH"",""V1 retained"",""Re-score"",null,null,null,null,null,null,null,null,null,null,null,null,null,null,null,null]"	SOURCE_PRESERVED_LOCAL_VALIDATION	includes/POD/MasterCatalogV2MigrationContract.php:6	tests/wordpress/MasterCatalogMixedCandidateTest.php:21::testMixedCandidatePersistsAllDispositionsAndReplaysExactEvidence; tests/wordpress/MasterCatalogMixedCandidateTest.php:42::testForgedNormalizedEvidenceIsRejectedBeforePersistence	DG2 identity/classification/overlay/source mapping preserved; 428 retained+30 existing-family+42 new-family; no catalog promotion.
Master_500_v2	229	"[""DG2-228"",""DG-249"",""Personalized Ornaments"",""Anniversary"",""PHOTO_TEXT"",""PP-010"",""PRINTIFY_PRIMARY"",""TEMPLATE_RESEARCH"",""V1 retained"",""Re-score"",null,null,null,null,null,null,null,null,null,null,null,null,null,null,null,null]"	SOURCE_PRESERVED_LOCAL_VALIDATION	includes/POD/MasterCatalogV2MigrationContract.php:6	tests/wordpress/MasterCatalogMixedCandidateTest.php:21::testMixedCandidatePersistsAllDispositionsAndReplaysExactEvidence; tests/wordpress/MasterCatalogMixedCandidateTest.php:42::testForgedNormalizedEvidenceIsRejectedBeforePersistence	DG2 identity/classification/overlay/source mapping preserved; 428 retained+30 existing-family+42 new-family; no catalog promotion.
Master_500_v2	230	"[""DG2-229"",""DG-250"",""Personalized Ornaments"",""Photo/date"",""PHOTO_TEXT"",""PP-010"",""PRINTIFY_PRIMARY"",""TEMPLATE_RESEARCH"",""V1 retained"",""Re-score"",null,null,null,null,null,null,null,null,null,null,null,null,null,null,null,null]"	SOURCE_PRESERVED_LOCAL_VALIDATION	includes/POD/MasterCatalogV2MigrationContract.php:6	tests/wordpress/MasterCatalogMixedCandidateTest.php:21::testMixedCandidatePersistsAllDispositionsAndReplaysExactEvidence; tests/wordpress/MasterCatalogMixedCandidateTest.php:42::testForgedNormalizedEvidenceIsRejectedBeforePersistence	DG2 identity/classification/overlay/source mapping preserved; 428 retained+30 existing-family+42 new-family; no catalog promotion.
Master_500_v2	231	"[""DG2-230"",""DG-251"",""Personalized Posters"",""Pet portrait"",""WATERCOLOR"",""PP-011"",""PRINTIFY_PRIMARY"",""TEMPLATE_RESEARCH"",""V1 retained"",""Re-score"",null,null,null,null,null,null,null,null,null,null,null,null,null,null,null,null]"	SOURCE_PRESERVED_LOCAL_VALIDATION	includes/POD/MasterCatalogV2MigrationContract.php:6	tests/wordpress/MasterCatalogMixedCandidateTest.php:21::testMixedCandidatePersistsAllDispositionsAndReplaysExactEvidence; tests/wordpress/MasterCatalogMixedCandidateTest.php:42::testForgedNormalizedEvidenceIsRejectedBeforePersistence	DG2 identity/classification/overlay/source mapping preserved; 428 retained+30 existing-family+42 new-family; no catalog promotion.
Master_500_v2	232	"[""DG2-231"",""DG-252"",""Personalized Posters"",""Watercolor pet"",""WATERCOLOR"",""PP-011"",""PRINTIFY_PRIMARY"",""TEMPLATE_RESEARCH"",""V1 retained"",""Re-score"",null,null,null,null,null,null,null,null,null,null,null,null,null,null,null,null]"	SOURCE_PRESERVED_LOCAL_VALIDATION	includes/POD/MasterCatalogV2MigrationContract.php:6	tests/wordpress/MasterCatalogMixedCandidateTest.php:21::testMixedCandidatePersistsAllDispositionsAndReplaysExactEvidence; tests/wordpress/MasterCatalogMixedCandidateTest.php:42::testForgedNormalizedEvidenceIsRejectedBeforePersistence	DG2 identity/classification/overlay/source mapping preserved; 428 retained+30 existing-family+42 new-family; no catalog promotion.
Master_500_v2	233	"[""DG2-232"",""DG-253"",""Personalized Posters"",""Line-art pet"",""LINE_ART"",""PP-011"",""PRINTIFY_PRIMARY"",""TEMPLATE_RESEARCH"",""V1 retained"",""Re-score"",null,null,null,null,null,null,null,null,null,null,null,null,null,null,null,null]"	SOURCE_PRESERVED_LOCAL_VALIDATION	includes/POD/MasterCatalogV2MigrationContract.php:6	tests/wordpress/MasterCatalogMixedCandidateTest.php:21::testMixedCandidatePersistsAllDispositionsAndReplaysExactEvidence; tests/wordpress/MasterCatalogMixedCandidateTest.php:42::testForgedNormalizedEvidenceIsRejectedBeforePersistence	DG2 identity/classification/overlay/source mapping preserved; 428 retained+30 existing-family+42 new-family; no catalog promotion.
Master_500_v2	234	"[""DG2-233"",""DG-254"",""Personalized Posters"",""Family portrait"",""WATERCOLOR"",""PP-011"",""PRINTIFY_PRIMARY"",""TEMPLATE_RESEARCH"",""V1 retained"",""Re-score"",null,null,null,null,null,null,null,null,null,null,null,null,null,null,null,null]"	SOURCE_PRESERVED_LOCAL_VALIDATION	includes/POD/MasterCatalogV2MigrationContract.php:6	tests/wordpress/MasterCatalogMixedCandidateTest.php:21::testMixedCandidatePersistsAllDispositionsAndReplaysExactEvidence; tests/wordpress/MasterCatalogMixedCandidateTest.php:42::testForgedNormalizedEvidenceIsRejectedBeforePersistence	DG2 identity/classification/overlay/source mapping preserved; 428 retained+30 existing-family+42 new-family; no catalog promotion.
Master_500_v2	235	"[""DG2-234"",""DG-255"",""Personalized Posters"",""Couple"",""WATERCOLOR"",""PP-011"",""PRINTIFY_PRIMARY"",""TEMPLATE_RESEARCH"",""V1 retained"",""Re-score"",null,null,null,null,null,null,null,null,null,null,null,null,null,null,null,null]"	SOURCE_PRESERVED_LOCAL_VALIDATION	includes/POD/MasterCatalogV2MigrationContract.php:6	tests/wordpress/MasterCatalogMixedCandidateTest.php:21::testMixedCandidatePersistsAllDispositionsAndReplaysExactEvidence; tests/wordpress/MasterCatalogMixedCandidateTest.php:42::testForgedNormalizedEvidenceIsRejectedBeforePersistence	DG2 identity/classification/overlay/source mapping preserved; 428 retained+30 existing-family+42 new-family; no catalog promotion.
Master_500_v2	236	"[""DG2-235"",""DG-256"",""Personalized Posters"",""Wedding"",""WATERCOLOR"",""PP-011"",""PRINTIFY_PRIMARY"",""TEMPLATE_RESEARCH"",""V1 retained"",""Re-score"",null,null,null,null,null,null,null,null,null,null,null,null,null,null,null,null]"	SOURCE_PRESERVED_LOCAL_VALIDATION	includes/POD/MasterCatalogV2MigrationContract.php:6	tests/wordpress/MasterCatalogMixedCandidateTest.php:21::testMixedCandidatePersistsAllDispositionsAndReplaysExactEvidence; tests/wordpress/MasterCatalogMixedCandidateTest.php:42::testForgedNormalizedEvidenceIsRejectedBeforePersistence	DG2 identity/classification/overlay/source mapping preserved; 428 retained+30 existing-family+42 new-family; no catalog promotion.
Master_500_v2	237	"[""DG2-236"",""DG-257"",""Personalized Posters"",""Anniversary"",""WATERCOLOR"",""PP-011"",""PRINTIFY_PRIMARY"",""TEMPLATE_RESEARCH"",""V1 retained"",""Re-score"",null,null,null,null,null,null,null,null,null,null,null,null,null,null,null,null]"	SOURCE_PRESERVED_LOCAL_VALIDATION	includes/POD/MasterCatalogV2MigrationContract.php:6	tests/wordpress/MasterCatalogMixedCandidateTest.php:21::testMixedCandidatePersistsAllDispositionsAndReplaysExactEvidence; tests/wordpress/MasterCatalogMixedCandidateTest.php:42::testForgedNormalizedEvidenceIsRejectedBeforePersistence	DG2 identity/classification/overlay/source mapping preserved; 428 retained+30 existing-family+42 new-family; no catalog promotion.
Master_500_v2	238	"[""DG2-237"",""DG-258"",""Personalized Posters"",""Memorial"",""MEMORIAL"",""PP-011"",""PRINTIFY_PRIMARY"",""TEMPLATE_RESEARCH"",""V1 retained"",""Re-score"",null,null,null,null,null,null,null,null,null,null,null,null,null,null,null,null]"	SOURCE_PRESERVED_LOCAL_VALIDATION	includes/POD/MasterCatalogV2MigrationContract.php:6	tests/wordpress/MasterCatalogMixedCandidateTest.php:21::testMixedCandidatePersistsAllDispositionsAndReplaysExactEvidence; tests/wordpress/MasterCatalogMixedCandidateTest.php:42::testForgedNormalizedEvidenceIsRejectedBeforePersistence	DG2 identity/classification/overlay/source mapping preserved; 428 retained+30 existing-family+42 new-family; no catalog promotion.
Master_500_v2	239	"[""DG2-238"",""DG-259"",""Personalized Posters"",""Baby birth stats"",""WATERCOLOR"",""PP-011"",""PRINTIFY_PRIMARY"",""TEMPLATE_RESEARCH"",""V1 retained"",""Re-score"",null,null,null,null,null,null,null,null,null,null,null,null,null,null,null,null]"	SOURCE_PRESERVED_LOCAL_VALIDATION	includes/POD/MasterCatalogV2MigrationContract.php:6	tests/wordpress/MasterCatalogMixedCandidateTest.php:21::testMixedCandidatePersistsAllDispositionsAndReplaysExactEvidence; tests/wordpress/MasterCatalogMixedCandidateTest.php:42::testForgedNormalizedEvidenceIsRejectedBeforePersistence	DG2 identity/classification/overlay/source mapping preserved; 428 retained+30 existing-family+42 new-family; no catalog promotion.
Master_500_v2	240	"[""DG2-239"",""DG-260"",""Personalized Posters"",""Family tree"",""WATERCOLOR"",""PP-011"",""PRINTIFY_PRIMARY"",""TEMPLATE_RESEARCH"",""V1 retained"",""Re-score"",null,null,null,null,null,null,null,null,null,null,null,null,null,null,null,null]"	SOURCE_PRESERVED_LOCAL_VALIDATION	includes/POD/MasterCatalogV2MigrationContract.php:6	tests/wordpress/MasterCatalogMixedCandidateTest.php:21::testMixedCandidatePersistsAllDispositionsAndReplaysExactEvidence; tests/wordpress/MasterCatalogMixedCandidateTest.php:42::testForgedNormalizedEvidenceIsRejectedBeforePersistence	DG2 identity/classification/overlay/source mapping preserved; 428 retained+30 existing-family+42 new-family; no catalog promotion.
Master_500_v2	241	"[""DG2-240"",""DG-261"",""Personalized Posters"",""Grandparents"",""WATERCOLOR"",""PP-011"",""PRINTIFY_PRIMARY"",""TEMPLATE_RESEARCH"",""V1 retained"",""Re-score"",null,null,null,null,null,null,null,null,null,null,null,null,null,null,null,null]"	SOURCE_PRESERVED_LOCAL_VALIDATION	includes/POD/MasterCatalogV2MigrationContract.php:6	tests/wordpress/MasterCatalogMixedCandidateTest.php:21::testMixedCandidatePersistsAllDispositionsAndReplaysExactEvidence; tests/wordpress/MasterCatalogMixedCandidateTest.php:42::testForgedNormalizedEvidenceIsRejectedBeforePersistence	DG2 identity/classification/overlay/source mapping preserved; 428 retained+30 existing-family+42 new-family; no catalog promotion.
Master_500_v2	242	"[""DG2-241"",""DG-262"",""Personalized Posters"",""Mom"",""WATERCOLOR"",""PP-011"",""PRINTIFY_PRIMARY"",""TEMPLATE_RESEARCH"",""V1 retained"",""Re-score"",null,null,null,null,null,null,null,null,null,null,null,null,null,null,null,null]"	SOURCE_PRESERVED_LOCAL_VALIDATION	includes/POD/MasterCatalogV2MigrationContract.php:6	tests/wordpress/MasterCatalogMixedCandidateTest.php:21::testMixedCandidatePersistsAllDispositionsAndReplaysExactEvidence; tests/wordpress/MasterCatalogMixedCandidateTest.php:42::testForgedNormalizedEvidenceIsRejectedBeforePersistence	DG2 identity/classification/overlay/source mapping preserved; 428 retained+30 existing-family+42 new-family; no catalog promotion.
Master_500_v2	243	"[""DG2-242"",""DG-263"",""Personalized Posters"",""Dad"",""WATERCOLOR"",""PP-011"",""PRINTIFY_PRIMARY"",""TEMPLATE_RESEARCH"",""V1 retained"",""Re-score"",null,null,null,null,null,null,null,null,null,null,null,null,null,null,null,null]"	SOURCE_PRESERVED_LOCAL_VALIDATION	includes/POD/MasterCatalogV2MigrationContract.php:6	tests/wordpress/MasterCatalogMixedCandidateTest.php:21::testMixedCandidatePersistsAllDispositionsAndReplaysExactEvidence; tests/wordpress/MasterCatalogMixedCandidateTest.php:42::testForgedNormalizedEvidenceIsRejectedBeforePersistence	DG2 identity/classification/overlay/source mapping preserved; 428 retained+30 existing-family+42 new-family; no catalog promotion.
Master_500_v2	244	"[""DG2-243"",""DG-264"",""Personalized Posters"",""House portrait"",""WATERCOLOR"",""PP-011"",""PRINTIFY_PRIMARY"",""TEMPLATE_RESEARCH"",""V1 retained"",""Re-score"",null,null,null,null,null,null,null,null,null,null,null,null,null,null,null,null]"	SOURCE_PRESERVED_LOCAL_VALIDATION	includes/POD/MasterCatalogV2MigrationContract.php:6	tests/wordpress/MasterCatalogMixedCandidateTest.php:21::testMixedCandidatePersistsAllDispositionsAndReplaysExactEvidence; tests/wordpress/MasterCatalogMixedCandidateTest.php:42::testForgedNormalizedEvidenceIsRejectedBeforePersistence	DG2 identity/classification/overlay/source mapping preserved; 428 retained+30 existing-family+42 new-family; no catalog promotion.
Master_500_v2	245	"[""DG2-244"",""DG-265"",""Personalized Posters"",""Travel photo"",""WATERCOLOR"",""PP-011"",""PRINTIFY_PRIMARY"",""TEMPLATE_RESEARCH"",""V1 retained"",""Re-score"",null,null,null,null,null,null,null,null,null,null,null,null,null,null,null,null]"	SOURCE_PRESERVED_LOCAL_VALIDATION	includes/POD/MasterCatalogV2MigrationContract.php:6	tests/wordpress/MasterCatalogMixedCandidateTest.php:21::testMixedCandidatePersistsAllDispositionsAndReplaysExactEvidence; tests/wordpress/MasterCatalogMixedCandidateTest.php:42::testForgedNormalizedEvidenceIsRejectedBeforePersistence	DG2 identity/classification/overlay/source mapping preserved; 428 retained+30 existing-family+42 new-family; no catalog promotion.
Master_500_v2	246	"[""DG2-245"",""DG-266"",""Personalized Posters"",""Graduation"",""WATERCOLOR"",""PP-011"",""PRINTIFY_PRIMARY"",""TEMPLATE_RESEARCH"",""V1 retained"",""Re-score"",null,null,null,null,null,null,null,null,null,null,null,null,null,null,null,null]"	SOURCE_PRESERVED_LOCAL_VALIDATION	includes/POD/MasterCatalogV2MigrationContract.php:6	tests/wordpress/MasterCatalogMixedCandidateTest.php:21::testMixedCandidatePersistsAllDispositionsAndReplaysExactEvidence; tests/wordpress/MasterCatalogMixedCandidateTest.php:42::testForgedNormalizedEvidenceIsRejectedBeforePersistence	DG2 identity/classification/overlay/source mapping preserved; 428 retained+30 existing-family+42 new-family; no catalog promotion.
Master_500_v2	247	"[""DG2-246"",""DG-269"",""Personalized Posters"",""Quote + photo"",""WATERCOLOR"",""PP-011"",""PRINTIFY_PRIMARY"",""TEMPLATE_RESEARCH"",""V1 retained"",""Re-score"",null,null,null,null,null,null,null,null,null,null,null,null,null,null,null,null]"	SOURCE_PRESERVED_LOCAL_VALIDATION	includes/POD/MasterCatalogV2MigrationContract.php:6	tests/wordpress/MasterCatalogMixedCandidateTest.php:21::testMixedCandidatePersistsAllDispositionsAndReplaysExactEvidence; tests/wordpress/MasterCatalogMixedCandidateTest.php:42::testForgedNormalizedEvidenceIsRejectedBeforePersistence	DG2 identity/classification/overlay/source mapping preserved; 428 retained+30 existing-family+42 new-family; no catalog promotion.
Master_500_v2	248	"[""DG2-247"",""DG-270"",""Personalized Posters"",""Handwriting"",""HANDWRITING"",""PP-011"",""PRINTIFY_PRIMARY"",""TEMPLATE_RESEARCH"",""V1 retained"",""Re-score"",null,null,null,null,null,null,null,null,null,null,null,null,null,null,null,null]"	SOURCE_PRESERVED_LOCAL_VALIDATION	includes/POD/MasterCatalogV2MigrationContract.php:6	tests/wordpress/MasterCatalogMixedCandidateTest.php:21::testMixedCandidatePersistsAllDispositionsAndReplaysExactEvidence; tests/wordpress/MasterCatalogMixedCandidateTest.php:42::testForgedNormalizedEvidenceIsRejectedBeforePersistence	DG2 identity/classification/overlay/source mapping preserved; 428 retained+30 existing-family+42 new-family; no catalog promotion.
Master_500_v2	249	"[""DG2-248"",""DG-271"",""Personalized Posters"",""Child artwork"",""CHILD_ART"",""PP-011"",""PRINTIFY_PRIMARY"",""TEMPLATE_RESEARCH"",""V1 retained"",""Re-score"",null,null,null,null,null,null,null,null,null,null,null,null,null,null,null,null]"	SOURCE_PRESERVED_LOCAL_VALIDATION	includes/POD/MasterCatalogV2MigrationContract.php:6	tests/wordpress/MasterCatalogMixedCandidateTest.php:21::testMixedCandidatePersistsAllDispositionsAndReplaysExactEvidence; tests/wordpress/MasterCatalogMixedCandidateTest.php:42::testForgedNormalizedEvidenceIsRejectedBeforePersistence	DG2 identity/classification/overlay/source mapping preserved; 428 retained+30 existing-family+42 new-family; no catalog promotion.
Master_500_v2	250	"[""DG2-249"",""DG-272"",""Personalized Posters"",""Photo collage"",""PHOTO_COLLAGE"",""PP-011"",""PRINTIFY_PRIMARY"",""TEMPLATE_RESEARCH"",""V1 retained"",""Re-score"",null,null,null,null,null,null,null,null,null,null,null,null,null,null,null,null]"	SOURCE_PRESERVED_LOCAL_VALIDATION	includes/POD/MasterCatalogV2MigrationContract.php:6	tests/wordpress/MasterCatalogMixedCandidateTest.php:21::testMixedCandidatePersistsAllDispositionsAndReplaysExactEvidence; tests/wordpress/MasterCatalogMixedCandidateTest.php:42::testForgedNormalizedEvidenceIsRejectedBeforePersistence	DG2 identity/classification/overlay/source mapping preserved; 428 retained+30 existing-family+42 new-family; no catalog promotion.
Master_500_v2	251	"[""DG2-250"",""DG-273"",""Personalized Posters"",""Anniversary story"",""WATERCOLOR"",""PP-011"",""PRINTIFY_PRIMARY"",""TEMPLATE_RESEARCH"",""V1 retained"",""Re-score"",null,null,null,null,null,null,null,null,null,null,null,null,null,null,null,null]"	SOURCE_PRESERVED_LOCAL_VALIDATION	includes/POD/MasterCatalogV2MigrationContract.php:6	tests/wordpress/MasterCatalogMixedCandidateTest.php:21::testMixedCandidatePersistsAllDispositionsAndReplaysExactEvidence; tests/wordpress/MasterCatalogMixedCandidateTest.php:42::testForgedNormalizedEvidenceIsRejectedBeforePersistence	DG2 identity/classification/overlay/source mapping preserved; 428 retained+30 existing-family+42 new-family; no catalog promotion.
Master_500_v2	252	"[""DG2-251"",""DG-274"",""Personalized Posters"",""Minimalist portrait"",""WATERCOLOR"",""PP-011"",""PRINTIFY_PRIMARY"",""TEMPLATE_RESEARCH"",""V1 retained"",""Re-score"",null,null,null,null,null,null,null,null,null,null,null,null,null,null,null,null]"	SOURCE_PRESERVED_LOCAL_VALIDATION	includes/POD/MasterCatalogV2MigrationContract.php:6	tests/wordpress/MasterCatalogMixedCandidateTest.php:21::testMixedCandidatePersistsAllDispositionsAndReplaysExactEvidence; tests/wordpress/MasterCatalogMixedCandidateTest.php:42::testForgedNormalizedEvidenceIsRejectedBeforePersistence	DG2 identity/classification/overlay/source mapping preserved; 428 retained+30 existing-family+42 new-family; no catalog promotion.
Master_500_v2	253	"[""DG2-252"",""DG-275"",""Personalized Posters"",""Multi-generation"",""WATERCOLOR"",""PP-011"",""PRINTIFY_PRIMARY"",""TEMPLATE_RESEARCH"",""V1 retained"",""Re-score"",null,null,null,null,null,null,null,null,null,null,null,null,null,null,null,null]"	SOURCE_PRESERVED_LOCAL_VALIDATION	includes/POD/MasterCatalogV2MigrationContract.php:6	tests/wordpress/MasterCatalogMixedCandidateTest.php:21::testMixedCandidatePersistsAllDispositionsAndReplaysExactEvidence; tests/wordpress/MasterCatalogMixedCandidateTest.php:42::testForgedNormalizedEvidenceIsRejectedBeforePersistence	DG2 identity/classification/overlay/source mapping preserved; 428 retained+30 existing-family+42 new-family; no catalog promotion.
Master_500_v2	254	"[""DG2-253"",""DG-276"",""Personalized Canvas"",""Wedding"",""WATERCOLOR"",""PP-012"",""PRINTIFY_PRIMARY"",""TEMPLATE_RESEARCH"",""V1 retained"",""Re-score"",null,null,null,null,null,null,null,null,null,null,null,null,null,null,null,null]"	SOURCE_PRESERVED_LOCAL_VALIDATION	includes/POD/MasterCatalogV2MigrationContract.php:6	tests/wordpress/MasterCatalogMixedCandidateTest.php:21::testMixedCandidatePersistsAllDispositionsAndReplaysExactEvidence; tests/wordpress/MasterCatalogMixedCandidateTest.php:42::testForgedNormalizedEvidenceIsRejectedBeforePersistence	DG2 identity/classification/overlay/source mapping preserved; 428 retained+30 existing-family+42 new-family; no catalog promotion.
Master_500_v2	255	"[""DG2-254"",""DG-277"",""Personalized Canvas"",""Anniversary"",""WATERCOLOR"",""PP-012"",""PRINTIFY_PRIMARY"",""TEMPLATE_RESEARCH"",""V1 retained"",""Re-score"",null,null,null,null,null,null,null,null,null,null,null,null,null,null,null,null]"	SOURCE_PRESERVED_LOCAL_VALIDATION	includes/POD/MasterCatalogV2MigrationContract.php:6	tests/wordpress/MasterCatalogMixedCandidateTest.php:21::testMixedCandidatePersistsAllDispositionsAndReplaysExactEvidence; tests/wordpress/MasterCatalogMixedCandidateTest.php:42::testForgedNormalizedEvidenceIsRejectedBeforePersistence	DG2 identity/classification/overlay/source mapping preserved; 428 retained+30 existing-family+42 new-family; no catalog promotion.
Master_500_v2	256	"[""DG2-255"",""DG-278"",""Personalized Canvas"",""Family"",""WATERCOLOR"",""PP-012"",""PRINTIFY_PRIMARY"",""TEMPLATE_RESEARCH"",""V1 retained"",""Re-score"",null,null,null,null,null,null,null,null,null,null,null,null,null,null,null,null]"	SOURCE_PRESERVED_LOCAL_VALIDATION	includes/POD/MasterCatalogV2MigrationContract.php:6	tests/wordpress/MasterCatalogMixedCandidateTest.php:21::testMixedCandidatePersistsAllDispositionsAndReplaysExactEvidence; tests/wordpress/MasterCatalogMixedCandidateTest.php:42::testForgedNormalizedEvidenceIsRejectedBeforePersistence	DG2 identity/classification/overlay/source mapping preserved; 428 retained+30 existing-family+42 new-family; no catalog promotion.
Master_500_v2	257	"[""DG2-256"",""DG-279"",""Personalized Canvas"",""Grandparents"",""WATERCOLOR"",""PP-012"",""PRINTIFY_PRIMARY"",""TEMPLATE_RESEARCH"",""V1 retained"",""Re-score"",null,null,null,null,null,null,null,null,null,null,null,null,null,null,null,null]"	SOURCE_PRESERVED_LOCAL_VALIDATION	includes/POD/MasterCatalogV2MigrationContract.php:6	tests/wordpress/MasterCatalogMixedCandidateTest.php:21::testMixedCandidatePersistsAllDispositionsAndReplaysExactEvidence; tests/wordpress/MasterCatalogMixedCandidateTest.php:42::testForgedNormalizedEvidenceIsRejectedBeforePersistence	DG2 identity/classification/overlay/source mapping preserved; 428 retained+30 existing-family+42 new-family; no catalog promotion.
Master_500_v2	258	"[""DG2-257"",""DG-280"",""Personalized Canvas"",""Baby"",""WATERCOLOR"",""PP-012"",""PRINTIFY_PRIMARY"",""TEMPLATE_RESEARCH"",""V1 retained"",""Re-score"",null,null,null,null,null,null,null,null,null,null,null,null,null,null,null,null]"	SOURCE_PRESERVED_LOCAL_VALIDATION	includes/POD/MasterCatalogV2MigrationContract.php:6	tests/wordpress/MasterCatalogMixedCandidateTest.php:21::testMixedCandidatePersistsAllDispositionsAndReplaysExactEvidence; tests/wordpress/MasterCatalogMixedCandidateTest.php:42::testForgedNormalizedEvidenceIsRejectedBeforePersistence	DG2 identity/classification/overlay/source mapping preserved; 428 retained+30 existing-family+42 new-family; no catalog promotion.
Master_500_v2	259	"[""DG2-258"",""DG-281"",""Personalized Canvas"",""Pet"",""WATERCOLOR"",""PP-012"",""PRINTIFY_PRIMARY"",""TEMPLATE_RESEARCH"",""V1 retained"",""Re-score"",null,null,null,null,null,null,null,null,null,null,null,null,null,null,null,null]"	SOURCE_PRESERVED_LOCAL_VALIDATION	includes/POD/MasterCatalogV2MigrationContract.php:6	tests/wordpress/MasterCatalogMixedCandidateTest.php:21::testMixedCandidatePersistsAllDispositionsAndReplaysExactEvidence; tests/wordpress/MasterCatalogMixedCandidateTest.php:42::testForgedNormalizedEvidenceIsRejectedBeforePersistence	DG2 identity/classification/overlay/source mapping preserved; 428 retained+30 existing-family+42 new-family; no catalog promotion.
Master_500_v2	260	"[""DG2-259"",""DG-282"",""Personalized Canvas"",""Pet memorial"",""MEMORIAL"",""PP-012"",""PRINTIFY_PRIMARY"",""TEMPLATE_RESEARCH"",""V1 retained"",""Re-score"",null,null,null,null,null,null,null,null,null,null,null,null,null,null,null,null]"	SOURCE_PRESERVED_LOCAL_VALIDATION	includes/POD/MasterCatalogV2MigrationContract.php:6	tests/wordpress/MasterCatalogMixedCandidateTest.php:21::testMixedCandidatePersistsAllDispositionsAndReplaysExactEvidence; tests/wordpress/MasterCatalogMixedCandidateTest.php:42::testForgedNormalizedEvidenceIsRejectedBeforePersistence	DG2 identity/classification/overlay/source mapping preserved; 428 retained+30 existing-family+42 new-family; no catalog promotion.
Master_500_v2	261	"[""DG2-260"",""DG-283"",""Personalized Canvas"",""Human memorial"",""MEMORIAL"",""PP-012"",""PRINTIFY_PRIMARY"",""TEMPLATE_RESEARCH"",""V1 retained"",""Re-score"",null,null,null,null,null,null,null,null,null,null,null,null,null,null,null,null]"	SOURCE_PRESERVED_LOCAL_VALIDATION	includes/POD/MasterCatalogV2MigrationContract.php:6	tests/wordpress/MasterCatalogMixedCandidateTest.php:21::testMixedCandidatePersistsAllDispositionsAndReplaysExactEvidence; tests/wordpress/MasterCatalogMixedCandidateTest.php:42::testForgedNormalizedEvidenceIsRejectedBeforePersistence	DG2 identity/classification/overlay/source mapping preserved; 428 retained+30 existing-family+42 new-family; no catalog promotion.
Master_500_v2	262	"[""DG2-261"",""DG-284"",""Personalized Canvas"",""Home portrait"",""WATERCOLOR"",""PP-012"",""PRINTIFY_PRIMARY"",""TEMPLATE_RESEARCH"",""V1 retained"",""Re-score"",null,null,null,null,null,null,null,null,null,null,null,null,null,null,null,null]"	SOURCE_PRESERVED_LOCAL_VALIDATION	includes/POD/MasterCatalogV2MigrationContract.php:6	tests/wordpress/MasterCatalogMixedCandidateTest.php:21::testMixedCandidatePersistsAllDispositionsAndReplaysExactEvidence; tests/wordpress/MasterCatalogMixedCandidateTest.php:42::testForgedNormalizedEvidenceIsRejectedBeforePersistence	DG2 identity/classification/overlay/source mapping preserved; 428 retained+30 existing-family+42 new-family; no catalog promotion.
Master_500_v2	263	"[""DG2-262"",""DG-285"",""Personalized Canvas"",""Couple"",""WATERCOLOR"",""PP-012"",""PRINTIFY_PRIMARY"",""TEMPLATE_RESEARCH"",""V1 retained"",""Re-score"",null,null,null,null,null,null,null,null,null,null,null,null,null,null,null,null]"	SOURCE_PRESERVED_LOCAL_VALIDATION	includes/POD/MasterCatalogV2MigrationContract.php:6	tests/wordpress/MasterCatalogMixedCandidateTest.php:21::testMixedCandidatePersistsAllDispositionsAndReplaysExactEvidence; tests/wordpress/MasterCatalogMixedCandidateTest.php:42::testForgedNormalizedEvidenceIsRejectedBeforePersistence	DG2 identity/classification/overlay/source mapping preserved; 428 retained+30 existing-family+42 new-family; no catalog promotion.
Master_500_v2	264	"[""DG2-263"",""DG-286"",""Personalized Canvas"",""Travel"",""WATERCOLOR"",""PP-012"",""PRINTIFY_PRIMARY"",""TEMPLATE_RESEARCH"",""V1 retained"",""Re-score"",null,null,null,null,null,null,null,null,null,null,null,null,null,null,null,null]"	SOURCE_PRESERVED_LOCAL_VALIDATION	includes/POD/MasterCatalogV2MigrationContract.php:6	tests/wordpress/MasterCatalogMixedCandidateTest.php:21::testMixedCandidatePersistsAllDispositionsAndReplaysExactEvidence; tests/wordpress/MasterCatalogMixedCandidateTest.php:42::testForgedNormalizedEvidenceIsRejectedBeforePersistence	DG2 identity/classification/overlay/source mapping preserved; 428 retained+30 existing-family+42 new-family; no catalog promotion.
Master_500_v2	265	"[""DG2-264"",""DG-288"",""Personalized Canvas"",""Retirement"",""WATERCOLOR"",""PP-012"",""PRINTIFY_PRIMARY"",""TEMPLATE_RESEARCH"",""V1 retained"",""Re-score"",null,null,null,null,null,null,null,null,null,null,null,null,null,null,null,null]"	SOURCE_PRESERVED_LOCAL_VALIDATION	includes/POD/MasterCatalogV2MigrationContract.php:6	tests/wordpress/MasterCatalogMixedCandidateTest.php:21::testMixedCandidatePersistsAllDispositionsAndReplaysExactEvidence; tests/wordpress/MasterCatalogMixedCandidateTest.php:42::testForgedNormalizedEvidenceIsRejectedBeforePersistence	DG2 identity/classification/overlay/source mapping preserved; 428 retained+30 existing-family+42 new-family; no catalog promotion.
Master_500_v2	266	"[""DG2-265"",""DG-289"",""Personalized Canvas"",""Parents"",""WATERCOLOR"",""PP-012"",""PRINTIFY_PRIMARY"",""TEMPLATE_RESEARCH"",""V1 retained"",""Re-score"",null,null,null,null,null,null,null,null,null,null,null,null,null,null,null,null]"	SOURCE_PRESERVED_LOCAL_VALIDATION	includes/POD/MasterCatalogV2MigrationContract.php:6	tests/wordpress/MasterCatalogMixedCandidateTest.php:21::testMixedCandidatePersistsAllDispositionsAndReplaysExactEvidence; tests/wordpress/MasterCatalogMixedCandidateTest.php:42::testForgedNormalizedEvidenceIsRejectedBeforePersistence	DG2 identity/classification/overlay/source mapping preserved; 428 retained+30 existing-family+42 new-family; no catalog promotion.
Master_500_v2	267	"[""DG2-266"",""DG-290"",""Personalized Canvas"",""Mom"",""WATERCOLOR"",""PP-012"",""PRINTIFY_PRIMARY"",""TEMPLATE_RESEARCH"",""V1 retained"",""Re-score"",null,null,null,null,null,null,null,null,null,null,null,null,null,null,null,null]"	SOURCE_PRESERVED_LOCAL_VALIDATION	includes/POD/MasterCatalogV2MigrationContract.php:6	tests/wordpress/MasterCatalogMixedCandidateTest.php:21::testMixedCandidatePersistsAllDispositionsAndReplaysExactEvidence; tests/wordpress/MasterCatalogMixedCandidateTest.php:42::testForgedNormalizedEvidenceIsRejectedBeforePersistence	DG2 identity/classification/overlay/source mapping preserved; 428 retained+30 existing-family+42 new-family; no catalog promotion.
Master_500_v2	268	"[""DG2-267"",""DG-291"",""Personalized Canvas"",""Dad"",""WATERCOLOR"",""PP-012"",""PRINTIFY_PRIMARY"",""TEMPLATE_RESEARCH"",""V1 retained"",""Re-score"",null,null,null,null,null,null,null,null,null,null,null,null,null,null,null,null]"	SOURCE_PRESERVED_LOCAL_VALIDATION	includes/POD/MasterCatalogV2MigrationContract.php:6	tests/wordpress/MasterCatalogMixedCandidateTest.php:21::testMixedCandidatePersistsAllDispositionsAndReplaysExactEvidence; tests/wordpress/MasterCatalogMixedCandidateTest.php:42::testForgedNormalizedEvidenceIsRejectedBeforePersistence	DG2 identity/classification/overlay/source mapping preserved; 428 retained+30 existing-family+42 new-family; no catalog promotion.
Master_500_v2	269	"[""DG2-268"",""DG-293"",""Personalized Canvas"",""Multi-generation"",""WATERCOLOR"",""PP-012"",""PRINTIFY_PRIMARY"",""TEMPLATE_RESEARCH"",""V1 retained"",""Re-score"",null,null,null,null,null,null,null,null,null,null,null,null,null,null,null,null]"	SOURCE_PRESERVED_LOCAL_VALIDATION	includes/POD/MasterCatalogV2MigrationContract.php:6	tests/wordpress/MasterCatalogMixedCandidateTest.php:21::testMixedCandidatePersistsAllDispositionsAndReplaysExactEvidence; tests/wordpress/MasterCatalogMixedCandidateTest.php:42::testForgedNormalizedEvidenceIsRejectedBeforePersistence	DG2 identity/classification/overlay/source mapping preserved; 428 retained+30 existing-family+42 new-family; no catalog promotion.
Master_500_v2	270	"[""DG2-269"",""DG-294"",""Personalized Canvas"",""Collage"",""PHOTO_COLLAGE"",""PP-012"",""PRINTIFY_PRIMARY"",""TEMPLATE_RESEARCH"",""V1 retained"",""Re-score"",null,null,null,null,null,null,null,null,null,null,null,null,null,null,null,null]"	SOURCE_PRESERVED_LOCAL_VALIDATION	includes/POD/MasterCatalogV2MigrationContract.php:6	tests/wordpress/MasterCatalogMixedCandidateTest.php:21::testMixedCandidatePersistsAllDispositionsAndReplaysExactEvidence; tests/wordpress/MasterCatalogMixedCandidateTest.php:42::testForgedNormalizedEvidenceIsRejectedBeforePersistence	DG2 identity/classification/overlay/source mapping preserved; 428 retained+30 existing-family+42 new-family; no catalog promotion.
Master_500_v2	271	"[""DG2-270"",""DG-295"",""Personalized Canvas"",""Watercolor portrait"",""WATERCOLOR"",""PP-012"",""PRINTIFY_PRIMARY"",""TEMPLATE_RESEARCH"",""V1 retained"",""Re-score"",null,null,null,null,null,null,null,null,null,null,null,null,null,null,null,null]"	SOURCE_PRESERVED_LOCAL_VALIDATION	includes/POD/MasterCatalogV2MigrationContract.php:6	tests/wordpress/MasterCatalogMixedCandidateTest.php:21::testMixedCandidatePersistsAllDispositionsAndReplaysExactEvidence; tests/wordpress/MasterCatalogMixedCandidateTest.php:42::testForgedNormalizedEvidenceIsRejectedBeforePersistence	DG2 identity/classification/overlay/source mapping preserved; 428 retained+30 existing-family+42 new-family; no catalog promotion.
Master_500_v2	272	"[""DG2-271"",""DG-296"",""Personalized Canvas"",""Line art"",""LINE_ART"",""PP-012"",""PRINTIFY_PRIMARY"",""TEMPLATE_RESEARCH"",""V1 retained"",""Re-score"",null,null,null,null,null,null,null,null,null,null,null,null,null,null,null,null]"	SOURCE_PRESERVED_LOCAL_VALIDATION	includes/POD/MasterCatalogV2MigrationContract.php:6	tests/wordpress/MasterCatalogMixedCandidateTest.php:21::testMixedCandidatePersistsAllDispositionsAndReplaysExactEvidence; tests/wordpress/MasterCatalogMixedCandidateTest.php:42::testForgedNormalizedEvidenceIsRejectedBeforePersistence	DG2 identity/classification/overlay/source mapping preserved; 428 retained+30 existing-family+42 new-family; no catalog promotion.
Master_500_v2	273	"[""DG2-272"",""DG-297"",""Personalized Canvas"",""Vintage portrait"",""WATERCOLOR"",""PP-012"",""PRINTIFY_PRIMARY"",""TEMPLATE_RESEARCH"",""V1 retained"",""Re-score"",null,null,null,null,null,null,null,null,null,null,null,null,null,null,null,null]"	SOURCE_PRESERVED_LOCAL_VALIDATION	includes/POD/MasterCatalogV2MigrationContract.php:6	tests/wordpress/MasterCatalogMixedCandidateTest.php:21::testMixedCandidatePersistsAllDispositionsAndReplaysExactEvidence; tests/wordpress/MasterCatalogMixedCandidateTest.php:42::testForgedNormalizedEvidenceIsRejectedBeforePersistence	DG2 identity/classification/overlay/source mapping preserved; 428 retained+30 existing-family+42 new-family; no catalog promotion.
Master_500_v2	274	"[""DG2-273"",""DG-298"",""Personalized Canvas"",""Handwriting"",""HANDWRITING"",""PP-012"",""PRINTIFY_PRIMARY"",""TEMPLATE_RESEARCH"",""V1 retained"",""Re-score"",null,null,null,null,null,null,null,null,null,null,null,null,null,null,null,null]"	SOURCE_PRESERVED_LOCAL_VALIDATION	includes/POD/MasterCatalogV2MigrationContract.php:6	tests/wordpress/MasterCatalogMixedCandidateTest.php:21::testMixedCandidatePersistsAllDispositionsAndReplaysExactEvidence; tests/wordpress/MasterCatalogMixedCandidateTest.php:42::testForgedNormalizedEvidenceIsRejectedBeforePersistence	DG2 identity/classification/overlay/source mapping preserved; 428 retained+30 existing-family+42 new-family; no catalog promotion.
Master_500_v2	275	"[""DG2-274"",""DG-299"",""Personalized Canvas"",""Child drawing"",""CHILD_ART"",""PP-012"",""PRINTIFY_PRIMARY"",""TEMPLATE_RESEARCH"",""V1 retained"",""Re-score"",null,null,null,null,null,null,null,null,null,null,null,null,null,null,null,null]"	SOURCE_PRESERVED_LOCAL_VALIDATION	includes/POD/MasterCatalogV2MigrationContract.php:6	tests/wordpress/MasterCatalogMixedCandidateTest.php:21::testMixedCandidatePersistsAllDispositionsAndReplaysExactEvidence; tests/wordpress/MasterCatalogMixedCandidateTest.php:42::testForgedNormalizedEvidenceIsRejectedBeforePersistence	DG2 identity/classification/overlay/source mapping preserved; 428 retained+30 existing-family+42 new-family; no catalog promotion.
Master_500_v2	276	"[""DG2-275"",""DG-300"",""Personalized Canvas"",""Family-name/photo"",""WATERCOLOR"",""PP-012"",""PRINTIFY_PRIMARY"",""TEMPLATE_RESEARCH"",""V1 retained"",""Re-score"",null,null,null,null,null,null,null,null,null,null,null,null,null,null,null,null]"	SOURCE_PRESERVED_LOCAL_VALIDATION	includes/POD/MasterCatalogV2MigrationContract.php:6	tests/wordpress/MasterCatalogMixedCandidateTest.php:21::testMixedCandidatePersistsAllDispositionsAndReplaysExactEvidence; tests/wordpress/MasterCatalogMixedCandidateTest.php:42::testForgedNormalizedEvidenceIsRejectedBeforePersistence	DG2 identity/classification/overlay/source mapping preserved; 428 retained+30 existing-family+42 new-family; no catalog promotion.
Master_500_v2	277	"[""DG2-276"",""DG-301"",""Personalized Journals"",""Name"",""NAME_MONOGRAM"",""PP-013"",""PRINTIFY_PRIMARY"",""TEMPLATE_RESEARCH"",""V1 retained"",""Re-score"",null,null,null,null,null,null,null,null,null,null,null,null,null,null,null,null]"	SOURCE_PRESERVED_LOCAL_VALIDATION	includes/POD/MasterCatalogV2MigrationContract.php:6	tests/wordpress/MasterCatalogMixedCandidateTest.php:21::testMixedCandidatePersistsAllDispositionsAndReplaysExactEvidence; tests/wordpress/MasterCatalogMixedCandidateTest.php:42::testForgedNormalizedEvidenceIsRejectedBeforePersistence	DG2 identity/classification/overlay/source mapping preserved; 428 retained+30 existing-family+42 new-family; no catalog promotion.
Master_500_v2	278	"[""DG2-277"",""DG-302"",""Personalized Journals"",""Initials"",""NAME_MONOGRAM"",""PP-013"",""PRINTIFY_PRIMARY"",""TEMPLATE_RESEARCH"",""V1 retained"",""Re-score"",null,null,null,null,null,null,null,null,null,null,null,null,null,null,null,null]"	SOURCE_PRESERVED_LOCAL_VALIDATION	includes/POD/MasterCatalogV2MigrationContract.php:6	tests/wordpress/MasterCatalogMixedCandidateTest.php:21::testMixedCandidatePersistsAllDispositionsAndReplaysExactEvidence; tests/wordpress/MasterCatalogMixedCandidateTest.php:42::testForgedNormalizedEvidenceIsRejectedBeforePersistence	DG2 identity/classification/overlay/source mapping preserved; 428 retained+30 existing-family+42 new-family; no catalog promotion.
Master_500_v2	279	"[""DG2-278"",""DG-303"",""Personalized Journals"",""Monogram"",""NAME_MONOGRAM"",""PP-013"",""PRINTIFY_PRIMARY"",""TEMPLATE_RESEARCH"",""V1 retained"",""Re-score"",null,null,null,null,null,null,null,null,null,null,null,null,null,null,null,null]"	SOURCE_PRESERVED_LOCAL_VALIDATION	includes/POD/MasterCatalogV2MigrationContract.php:6	tests/wordpress/MasterCatalogMixedCandidateTest.php:21::testMixedCandidatePersistsAllDispositionsAndReplaysExactEvidence; tests/wordpress/MasterCatalogMixedCandidateTest.php:42::testForgedNormalizedEvidenceIsRejectedBeforePersistence	DG2 identity/classification/overlay/source mapping preserved; 428 retained+30 existing-family+42 new-family; no catalog promotion.
Master_500_v2	280	"[""DG2-279"",""DG-304"",""Personalized Journals"",""Pet"",""NAME_MONOGRAM"",""PP-013"",""PRINTIFY_PRIMARY"",""TEMPLATE_RESEARCH"",""V1 retained"",""Re-score"",null,null,null,null,null,null,null,null,null,null,null,null,null,null,null,null]"	SOURCE_PRESERVED_LOCAL_VALIDATION	includes/POD/MasterCatalogV2MigrationContract.php:6	tests/wordpress/MasterCatalogMixedCandidateTest.php:21::testMixedCandidatePersistsAllDispositionsAndReplaysExactEvidence; tests/wordpress/MasterCatalogMixedCandidateTest.php:42::testForgedNormalizedEvidenceIsRejectedBeforePersistence	DG2 identity/classification/overlay/source mapping preserved; 428 retained+30 existing-family+42 new-family; no catalog promotion.
Master_500_v2	281	"[""DG2-280"",""DG-305"",""Personalized Journals"",""Pet + name"",""NAME_MONOGRAM"",""PP-013"",""PRINTIFY_PRIMARY"",""TEMPLATE_RESEARCH"",""V1 retained"",""Re-score"",null,null,null,null,null,null,null,null,null,null,null,null,null,null,null,null]"	SOURCE_PRESERVED_LOCAL_VALIDATION	includes/POD/MasterCatalogV2MigrationContract.php:6	tests/wordpress/MasterCatalogMixedCandidateTest.php:21::testMixedCandidatePersistsAllDispositionsAndReplaysExactEvidence; tests/wordpress/MasterCatalogMixedCandidateTest.php:42::testForgedNormalizedEvidenceIsRejectedBeforePersistence	DG2 identity/classification/overlay/source mapping preserved; 428 retained+30 existing-family+42 new-family; no catalog promotion.
Master_500_v2	282	"[""DG2-281"",""DG-306"",""Personalized Journals"",""Family photo"",""NAME_MONOGRAM"",""PP-013"",""PRINTIFY_PRIMARY"",""TEMPLATE_RESEARCH"",""V1 retained"",""Re-score"",null,null,null,null,null,null,null,null,null,null,null,null,null,null,null,null]"	SOURCE_PRESERVED_LOCAL_VALIDATION	includes/POD/MasterCatalogV2MigrationContract.php:6	tests/wordpress/MasterCatalogMixedCandidateTest.php:21::testMixedCandidatePersistsAllDispositionsAndReplaysExactEvidence; tests/wordpress/MasterCatalogMixedCandidateTest.php:42::testForgedNormalizedEvidenceIsRejectedBeforePersistence	DG2 identity/classification/overlay/source mapping preserved; 428 retained+30 existing-family+42 new-family; no catalog promotion.
Master_500_v2	283	"[""DG2-282"",""DG-307"",""Personalized Journals"",""Couple"",""NAME_MONOGRAM"",""PP-013"",""PRINTIFY_PRIMARY"",""TEMPLATE_RESEARCH"",""V1 retained"",""Re-score"",null,null,null,null,null,null,null,null,null,null,null,null,null,null,null,null]"	SOURCE_PRESERVED_LOCAL_VALIDATION	includes/POD/MasterCatalogV2MigrationContract.php:6	tests/wordpress/MasterCatalogMixedCandidateTest.php:21::testMixedCandidatePersistsAllDispositionsAndReplaysExactEvidence; tests/wordpress/MasterCatalogMixedCandidateTest.php:42::testForgedNormalizedEvidenceIsRejectedBeforePersistence	DG2 identity/classification/overlay/source mapping preserved; 428 retained+30 existing-family+42 new-family; no catalog promotion.
Master_500_v2	284	"[""DG2-283"",""DG-308"",""Personalized Journals"",""Wedding keepsake"",""NAME_MONOGRAM"",""PP-013"",""PRINTIFY_PRIMARY"",""TEMPLATE_RESEARCH"",""V1 retained"",""Re-score"",null,null,null,null,null,null,null,null,null,null,null,null,null,null,null,null]"	SOURCE_PRESERVED_LOCAL_VALIDATION	includes/POD/MasterCatalogV2MigrationContract.php:6	tests/wordpress/MasterCatalogMixedCandidateTest.php:21::testMixedCandidatePersistsAllDispositionsAndReplaysExactEvidence; tests/wordpress/MasterCatalogMixedCandidateTest.php:42::testForgedNormalizedEvidenceIsRejectedBeforePersistence	DG2 identity/classification/overlay/source mapping preserved; 428 retained+30 existing-family+42 new-family; no catalog promotion.
Master_500_v2	285	"[""DG2-284"",""DG-309"",""Personalized Journals"",""Bride"",""NAME_MONOGRAM"",""PP-013"",""PRINTIFY_PRIMARY"",""TEMPLATE_RESEARCH"",""V1 retained"",""Re-score"",null,null,null,null,null,null,null,null,null,null,null,null,null,null,null,null]"	SOURCE_PRESERVED_LOCAL_VALIDATION	includes/POD/MasterCatalogV2MigrationContract.php:6	tests/wordpress/MasterCatalogMixedCandidateTest.php:21::testMixedCandidatePersistsAllDispositionsAndReplaysExactEvidence; tests/wordpress/MasterCatalogMixedCandidateTest.php:42::testForgedNormalizedEvidenceIsRejectedBeforePersistence	DG2 identity/classification/overlay/source mapping preserved; 428 retained+30 existing-family+42 new-family; no catalog promotion.
Master_500_v2	286	"[""DG2-285"",""DG-310"",""Personalized Journals"",""Bridesmaid"",""NAME_MONOGRAM"",""PP-013"",""PRINTIFY_PRIMARY"",""TEMPLATE_RESEARCH"",""V1 retained"",""Re-score"",null,null,null,null,null,null,null,null,null,null,null,null,null,null,null,null]"	SOURCE_PRESERVED_LOCAL_VALIDATION	includes/POD/MasterCatalogV2MigrationContract.php:6	tests/wordpress/MasterCatalogMixedCandidateTest.php:21::testMixedCandidatePersistsAllDispositionsAndReplaysExactEvidence; tests/wordpress/MasterCatalogMixedCandidateTest.php:42::testForgedNormalizedEvidenceIsRejectedBeforePersistence	DG2 identity/classification/overlay/source mapping preserved; 428 retained+30 existing-family+42 new-family; no catalog promotion.
Master_500_v2	287	"[""DG2-286"",""DG-311"",""Personalized Journals"",""Mom"",""NAME_MONOGRAM"",""PP-013"",""PRINTIFY_PRIMARY"",""TEMPLATE_RESEARCH"",""V1 retained"",""Re-score"",null,null,null,null,null,null,null,null,null,null,null,null,null,null,null,null]"	SOURCE_PRESERVED_LOCAL_VALIDATION	includes/POD/MasterCatalogV2MigrationContract.php:6	tests/wordpress/MasterCatalogMixedCandidateTest.php:21::testMixedCandidatePersistsAllDispositionsAndReplaysExactEvidence; tests/wordpress/MasterCatalogMixedCandidateTest.php:42::testForgedNormalizedEvidenceIsRejectedBeforePersistence	DG2 identity/classification/overlay/source mapping preserved; 428 retained+30 existing-family+42 new-family; no catalog promotion.
Master_500_v2	288	"[""DG2-287"",""DG-312"",""Personalized Journals"",""Grandma"",""NAME_MONOGRAM"",""PP-013"",""PRINTIFY_PRIMARY"",""TEMPLATE_RESEARCH"",""V1 retained"",""Re-score"",null,null,null,null,null,null,null,null,null,null,null,null,null,null,null,null]"	SOURCE_PRESERVED_LOCAL_VALIDATION	includes/POD/MasterCatalogV2MigrationContract.php:6	tests/wordpress/MasterCatalogMixedCandidateTest.php:21::testMixedCandidatePersistsAllDispositionsAndReplaysExactEvidence; tests/wordpress/MasterCatalogMixedCandidateTest.php:42::testForgedNormalizedEvidenceIsRejectedBeforePersistence	DG2 identity/classification/overlay/source mapping preserved; 428 retained+30 existing-family+42 new-family; no catalog promotion.
Master_500_v2	289	"[""DG2-288"",""DG-313"",""Personalized Journals"",""Dad"",""NAME_MONOGRAM"",""PP-013"",""PRINTIFY_PRIMARY"",""TEMPLATE_RESEARCH"",""V1 retained"",""Re-score"",null,null,null,null,null,null,null,null,null,null,null,null,null,null,null,null]"	SOURCE_PRESERVED_LOCAL_VALIDATION	includes/POD/MasterCatalogV2MigrationContract.php:6	tests/wordpress/MasterCatalogMixedCandidateTest.php:21::testMixedCandidatePersistsAllDispositionsAndReplaysExactEvidence; tests/wordpress/MasterCatalogMixedCandidateTest.php:42::testForgedNormalizedEvidenceIsRejectedBeforePersistence	DG2 identity/classification/overlay/source mapping preserved; 428 retained+30 existing-family+42 new-family; no catalog promotion.
Master_500_v2	290	"[""DG2-289"",""DG-314"",""Personalized Journals"",""Teacher"",""NAME_MONOGRAM"",""PP-013"",""PRINTIFY_PRIMARY"",""TEMPLATE_RESEARCH"",""V1 retained"",""Re-score"",null,null,null,null,null,null,null,null,null,null,null,null,null,null,null,null]"	SOURCE_PRESERVED_LOCAL_VALIDATION	includes/POD/MasterCatalogV2MigrationContract.php:6	tests/wordpress/MasterCatalogMixedCandidateTest.php:21::testMixedCandidatePersistsAllDispositionsAndReplaysExactEvidence; tests/wordpress/MasterCatalogMixedCandidateTest.php:42::testForgedNormalizedEvidenceIsRejectedBeforePersistence	DG2 identity/classification/overlay/source mapping preserved; 428 retained+30 existing-family+42 new-family; no catalog promotion.
Master_500_v2	291	"[""DG2-290"",""DG-315"",""Personalized Journals"",""Student"",""NAME_MONOGRAM"",""PP-013"",""PRINTIFY_PRIMARY"",""TEMPLATE_RESEARCH"",""V1 retained"",""Re-score"",null,null,null,null,null,null,null,null,null,null,null,null,null,null,null,null]"	SOURCE_PRESERVED_LOCAL_VALIDATION	includes/POD/MasterCatalogV2MigrationContract.php:6	tests/wordpress/MasterCatalogMixedCandidateTest.php:21::testMixedCandidatePersistsAllDispositionsAndReplaysExactEvidence; tests/wordpress/MasterCatalogMixedCandidateTest.php:42::testForgedNormalizedEvidenceIsRejectedBeforePersistence	DG2 identity/classification/overlay/source mapping preserved; 428 retained+30 existing-family+42 new-family; no catalog promotion.
Master_500_v2	292	"[""DG2-291"",""DG-316"",""Personalized Journals"",""Graduation"",""NAME_MONOGRAM"",""PP-013"",""PRINTIFY_PRIMARY"",""TEMPLATE_RESEARCH"",""V1 retained"",""Re-score"",null,null,null,null,null,null,null,null,null,null,null,null,null,null,null,null]"	SOURCE_PRESERVED_LOCAL_VALIDATION	includes/POD/MasterCatalogV2MigrationContract.php:6	tests/wordpress/MasterCatalogMixedCandidateTest.php:21::testMixedCandidatePersistsAllDispositionsAndReplaysExactEvidence; tests/wordpress/MasterCatalogMixedCandidateTest.php:42::testForgedNormalizedEvidenceIsRejectedBeforePersistence	DG2 identity/classification/overlay/source mapping preserved; 428 retained+30 existing-family+42 new-family; no catalog promotion.
Master_500_v2	293	"[""DG2-292"",""DG-317"",""Personalized Journals"",""Baby journal"",""NAME_MONOGRAM"",""PP-013"",""PRINTIFY_PRIMARY"",""TEMPLATE_RESEARCH"",""V1 retained"",""Re-score"",null,null,null,null,null,null,null,null,null,null,null,null,null,null,null,null]"	SOURCE_PRESERVED_LOCAL_VALIDATION	includes/POD/MasterCatalogV2MigrationContract.php:6	tests/wordpress/MasterCatalogMixedCandidateTest.php:21::testMixedCandidatePersistsAllDispositionsAndReplaysExactEvidence; tests/wordpress/MasterCatalogMixedCandidateTest.php:42::testForgedNormalizedEvidenceIsRejectedBeforePersistence	DG2 identity/classification/overlay/source mapping preserved; 428 retained+30 existing-family+42 new-family; no catalog promotion.
Master_500_v2	294	"[""DG2-293"",""DG-318"",""Personalized Journals"",""Travel"",""NAME_MONOGRAM"",""PP-013"",""PRINTIFY_PRIMARY"",""TEMPLATE_RESEARCH"",""V1 retained"",""Re-score"",null,null,null,null,null,null,null,null,null,null,null,null,null,null,null,null]"	SOURCE_PRESERVED_LOCAL_VALIDATION	includes/POD/MasterCatalogV2MigrationContract.php:6	tests/wordpress/MasterCatalogMixedCandidateTest.php:21::testMixedCandidatePersistsAllDispositionsAndReplaysExactEvidence; tests/wordpress/MasterCatalogMixedCandidateTest.php:42::testForgedNormalizedEvidenceIsRejectedBeforePersistence	DG2 identity/classification/overlay/source mapping preserved; 428 retained+30 existing-family+42 new-family; no catalog promotion.
Master_500_v2	295	"[""DG2-294"",""DG-319"",""Personalized Journals"",""Memorial"",""MEMORIAL"",""PP-013"",""PRINTIFY_PRIMARY"",""TEMPLATE_RESEARCH"",""V1 retained"",""Re-score"",null,null,null,null,null,null,null,null,null,null,null,null,null,null,null,null]"	SOURCE_PRESERVED_LOCAL_VALIDATION	includes/POD/MasterCatalogV2MigrationContract.php:6	tests/wordpress/MasterCatalogMixedCandidateTest.php:21::testMixedCandidatePersistsAllDispositionsAndReplaysExactEvidence; tests/wordpress/MasterCatalogMixedCandidateTest.php:42::testForgedNormalizedEvidenceIsRejectedBeforePersistence	DG2 identity/classification/overlay/source mapping preserved; 428 retained+30 existing-family+42 new-family; no catalog promotion.
Master_500_v2	296	"[""DG2-295"",""DG-320"",""Personalized Journals"",""Recipe memories"",""HANDWRITING"",""PP-013"",""PRINTIFY_PRIMARY"",""TEMPLATE_RESEARCH"",""V1 retained"",""Re-score"",null,null,null,null,null,null,null,null,null,null,null,null,null,null,null,null]"	SOURCE_PRESERVED_LOCAL_VALIDATION	includes/POD/MasterCatalogV2MigrationContract.php:6	tests/wordpress/MasterCatalogMixedCandidateTest.php:21::testMixedCandidatePersistsAllDispositionsAndReplaysExactEvidence; tests/wordpress/MasterCatalogMixedCandidateTest.php:42::testForgedNormalizedEvidenceIsRejectedBeforePersistence	DG2 identity/classification/overlay/source mapping preserved; 428 retained+30 existing-family+42 new-family; no catalog promotion.
Master_500_v2	297	"[""DG2-296"",""DG-321"",""Personalized Journals"",""Handwriting"",""HANDWRITING"",""PP-013"",""PRINTIFY_PRIMARY"",""TEMPLATE_RESEARCH"",""V1 retained"",""Re-score"",null,null,null,null,null,null,null,null,null,null,null,null,null,null,null,null]"	SOURCE_PRESERVED_LOCAL_VALIDATION	includes/POD/MasterCatalogV2MigrationContract.php:6	tests/wordpress/MasterCatalogMixedCandidateTest.php:21::testMixedCandidatePersistsAllDispositionsAndReplaysExactEvidence; tests/wordpress/MasterCatalogMixedCandidateTest.php:42::testForgedNormalizedEvidenceIsRejectedBeforePersistence	DG2 identity/classification/overlay/source mapping preserved; 428 retained+30 existing-family+42 new-family; no catalog promotion.
Master_500_v2	298	"[""DG2-297"",""DG-322"",""Personalized Journals"",""Child art"",""CHILD_ART"",""PP-013"",""PRINTIFY_PRIMARY"",""TEMPLATE_RESEARCH"",""V1 retained"",""Re-score"",null,null,null,null,null,null,null,null,null,null,null,null,null,null,null,null]"	SOURCE_PRESERVED_LOCAL_VALIDATION	includes/POD/MasterCatalogV2MigrationContract.php:6	tests/wordpress/MasterCatalogMixedCandidateTest.php:21::testMixedCandidatePersistsAllDispositionsAndReplaysExactEvidence; tests/wordpress/MasterCatalogMixedCandidateTest.php:42::testForgedNormalizedEvidenceIsRejectedBeforePersistence	DG2 identity/classification/overlay/source mapping preserved; 428 retained+30 existing-family+42 new-family; no catalog promotion.
Master_500_v2	299	"[""DG2-298"",""DG-323"",""Personalized Journals"",""Birth flower/name"",""NAME_MONOGRAM"",""PP-013"",""PRINTIFY_PRIMARY"",""TEMPLATE_RESEARCH"",""V1 retained"",""Re-score"",null,null,null,null,null,null,null,null,null,null,null,null,null,null,null,null]"	SOURCE_PRESERVED_LOCAL_VALIDATION	includes/POD/MasterCatalogV2MigrationContract.php:6	tests/wordpress/MasterCatalogMixedCandidateTest.php:21::testMixedCandidatePersistsAllDispositionsAndReplaysExactEvidence; tests/wordpress/MasterCatalogMixedCandidateTest.php:42::testForgedNormalizedEvidenceIsRejectedBeforePersistence	DG2 identity/classification/overlay/source mapping preserved; 428 retained+30 existing-family+42 new-family; no catalog promotion.
Master_500_v2	300	"[""DG2-299"",""DG-324"",""Personalized Journals"",""Photo collage"",""PHOTO_COLLAGE"",""PP-013"",""PRINTIFY_PRIMARY"",""TEMPLATE_RESEARCH"",""V1 retained"",""Re-score"",null,null,null,null,null,null,null,null,null,null,null,null,null,null,null,null]"	SOURCE_PRESERVED_LOCAL_VALIDATION	includes/POD/MasterCatalogV2MigrationContract.php:6	tests/wordpress/MasterCatalogMixedCandidateTest.php:21::testMixedCandidatePersistsAllDispositionsAndReplaysExactEvidence; tests/wordpress/MasterCatalogMixedCandidateTest.php:42::testForgedNormalizedEvidenceIsRejectedBeforePersistence	DG2 identity/classification/overlay/source mapping preserved; 428 retained+30 existing-family+42 new-family; no catalog promotion.
Master_500_v2	301	"[""DG2-300"",""DG-325"",""Personalized Journals"",""Affirmation journal"",""NAME_MONOGRAM"",""PP-013"",""PRINTIFY_PRIMARY"",""TEMPLATE_RESEARCH"",""V1 retained"",""Re-score"",null,null,null,null,null,null,null,null,null,null,null,null,null,null,null,null]"	SOURCE_PRESERVED_LOCAL_VALIDATION	includes/POD/MasterCatalogV2MigrationContract.php:6	tests/wordpress/MasterCatalogMixedCandidateTest.php:21::testMixedCandidatePersistsAllDispositionsAndReplaysExactEvidence; tests/wordpress/MasterCatalogMixedCandidateTest.php:42::testForgedNormalizedEvidenceIsRejectedBeforePersistence	DG2 identity/classification/overlay/source mapping preserved; 428 retained+30 existing-family+42 new-family; no catalog promotion.
Master_500_v2	302	"[""DG2-301"",""DG-326"",""Personalized Candles"",""Couple"",""PHOTO_TEXT"",""PP-014"",""PRINTIFY_PRIMARY"",""TEMPLATE_RESEARCH"",""V1 retained"",""Re-score"",null,null,null,null,null,null,null,null,null,null,null,null,null,null,null,null]"	SOURCE_PRESERVED_LOCAL_VALIDATION	includes/POD/MasterCatalogV2MigrationContract.php:6	tests/wordpress/MasterCatalogMixedCandidateTest.php:21::testMixedCandidatePersistsAllDispositionsAndReplaysExactEvidence; tests/wordpress/MasterCatalogMixedCandidateTest.php:42::testForgedNormalizedEvidenceIsRejectedBeforePersistence	DG2 identity/classification/overlay/source mapping preserved; 428 retained+30 existing-family+42 new-family; no catalog promotion.
Master_500_v2	303	"[""DG2-302"",""DG-327"",""Personalized Candles"",""Anniversary"",""PHOTO_TEXT"",""PP-014"",""PRINTIFY_PRIMARY"",""TEMPLATE_RESEARCH"",""V1 retained"",""Re-score"",null,null,null,null,null,null,null,null,null,null,null,null,null,null,null,null]"	SOURCE_PRESERVED_LOCAL_VALIDATION	includes/POD/MasterCatalogV2MigrationContract.php:6	tests/wordpress/MasterCatalogMixedCandidateTest.php:21::testMixedCandidatePersistsAllDispositionsAndReplaysExactEvidence; tests/wordpress/MasterCatalogMixedCandidateTest.php:42::testForgedNormalizedEvidenceIsRejectedBeforePersistence	DG2 identity/classification/overlay/source mapping preserved; 428 retained+30 existing-family+42 new-family; no catalog promotion.
Master_500_v2	304	"[""DG2-303"",""DG-328"",""Personalized Candles"",""Engagement"",""PHOTO_TEXT"",""PP-014"",""PRINTIFY_PRIMARY"",""TEMPLATE_RESEARCH"",""V1 retained"",""Re-score"",null,null,null,null,null,null,null,null,null,null,null,null,null,null,null,null]"	SOURCE_PRESERVED_LOCAL_VALIDATION	includes/POD/MasterCatalogV2MigrationContract.php:6	tests/wordpress/MasterCatalogMixedCandidateTest.php:21::testMixedCandidatePersistsAllDispositionsAndReplaysExactEvidence; tests/wordpress/MasterCatalogMixedCandidateTest.php:42::testForgedNormalizedEvidenceIsRejectedBeforePersistence	DG2 identity/classification/overlay/source mapping preserved; 428 retained+30 existing-family+42 new-family; no catalog promotion.
Master_500_v2	305	"[""DG2-304"",""DG-329"",""Personalized Candles"",""Wedding"",""PHOTO_TEXT"",""PP-014"",""PRINTIFY_PRIMARY"",""TEMPLATE_RESEARCH"",""V1 retained"",""Re-score"",null,null,null,null,null,null,null,null,null,null,null,null,null,null,null,null]"	SOURCE_PRESERVED_LOCAL_VALIDATION	includes/POD/MasterCatalogV2MigrationContract.php:6	tests/wordpress/MasterCatalogMixedCandidateTest.php:21::testMixedCandidatePersistsAllDispositionsAndReplaysExactEvidence; tests/wordpress/MasterCatalogMixedCandidateTest.php:42::testForgedNormalizedEvidenceIsRejectedBeforePersistence	DG2 identity/classification/overlay/source mapping preserved; 428 retained+30 existing-family+42 new-family; no catalog promotion.
Master_500_v2	306	"[""DG2-305"",""DG-330"",""Personalized Candles"",""Bridesmaid"",""PHOTO_TEXT"",""PP-014"",""PRINTIFY_PRIMARY"",""TEMPLATE_RESEARCH"",""V1 retained"",""Re-score"",null,null,null,null,null,null,null,null,null,null,null,null,null,null,null,null]"	SOURCE_PRESERVED_LOCAL_VALIDATION	includes/POD/MasterCatalogV2MigrationContract.php:6	tests/wordpress/MasterCatalogMixedCandidateTest.php:21::testMixedCandidatePersistsAllDispositionsAndReplaysExactEvidence; tests/wordpress/MasterCatalogMixedCandidateTest.php:42::testForgedNormalizedEvidenceIsRejectedBeforePersistence	DG2 identity/classification/overlay/source mapping preserved; 428 retained+30 existing-family+42 new-family; no catalog promotion.
Master_500_v2	307	"[""DG2-306"",""DG-332"",""Personalized Candles"",""Best friend"",""PHOTO_TEXT"",""PP-014"",""PRINTIFY_PRIMARY"",""TEMPLATE_RESEARCH"",""V1 retained"",""Re-score"",null,null,null,null,null,null,null,null,null,null,null,null,null,null,null,null]"	SOURCE_PRESERVED_LOCAL_VALIDATION	includes/POD/MasterCatalogV2MigrationContract.php:6	tests/wordpress/MasterCatalogMixedCandidateTest.php:21::testMixedCandidatePersistsAllDispositionsAndReplaysExactEvidence; tests/wordpress/MasterCatalogMixedCandidateTest.php:42::testForgedNormalizedEvidenceIsRejectedBeforePersistence	DG2 identity/classification/overlay/source mapping preserved; 428 retained+30 existing-family+42 new-family; no catalog promotion.
Master_500_v2	308	"[""DG2-307"",""DG-333"",""Personalized Candles"",""Mom"",""PHOTO_TEXT"",""PP-014"",""PRINTIFY_PRIMARY"",""TEMPLATE_RESEARCH"",""V1 retained"",""Re-score"",null,null,null,null,null,null,null,null,null,null,null,null,null,null,null,null]"	SOURCE_PRESERVED_LOCAL_VALIDATION	includes/POD/MasterCatalogV2MigrationContract.php:6	tests/wordpress/MasterCatalogMixedCandidateTest.php:21::testMixedCandidatePersistsAllDispositionsAndReplaysExactEvidence; tests/wordpress/MasterCatalogMixedCandidateTest.php:42::testForgedNormalizedEvidenceIsRejectedBeforePersistence	DG2 identity/classification/overlay/source mapping preserved; 428 retained+30 existing-family+42 new-family; no catalog promotion.
Master_500_v2	309	"[""DG2-308"",""DG-342"",""Personalized Candles"",""Pet memorial"",""MEMORIAL"",""PP-014"",""PRINTIFY_PRIMARY"",""TEMPLATE_RESEARCH"",""V1 retained"",""Re-score"",null,null,null,null,null,null,null,null,null,null,null,null,null,null,null,null]"	SOURCE_PRESERVED_LOCAL_VALIDATION	includes/POD/MasterCatalogV2MigrationContract.php:6	tests/wordpress/MasterCatalogMixedCandidateTest.php:21::testMixedCandidatePersistsAllDispositionsAndReplaysExactEvidence; tests/wordpress/MasterCatalogMixedCandidateTest.php:42::testForgedNormalizedEvidenceIsRejectedBeforePersistence	DG2 identity/classification/overlay/source mapping preserved; 428 retained+30 existing-family+42 new-family; no catalog promotion.
Master_500_v2	310	"[""DG2-309"",""DG-343"",""Personalized Candles"",""Human memorial"",""MEMORIAL"",""PP-014"",""PRINTIFY_PRIMARY"",""TEMPLATE_RESEARCH"",""V1 retained"",""Re-score"",null,null,null,null,null,null,null,null,null,null,null,null,null,null,null,null]"	SOURCE_PRESERVED_LOCAL_VALIDATION	includes/POD/MasterCatalogV2MigrationContract.php:6	tests/wordpress/MasterCatalogMixedCandidateTest.php:21::testMixedCandidatePersistsAllDispositionsAndReplaysExactEvidence; tests/wordpress/MasterCatalogMixedCandidateTest.php:42::testForgedNormalizedEvidenceIsRejectedBeforePersistence	DG2 identity/classification/overlay/source mapping preserved; 428 retained+30 existing-family+42 new-family; no catalog promotion.
Master_500_v2	311	"[""DG2-310"",""DG-347"",""Personalized Candles"",""New home"",""PHOTO_TEXT"",""PP-014"",""PRINTIFY_PRIMARY"",""TEMPLATE_RESEARCH"",""V1 retained"",""Re-score"",null,null,null,null,null,null,null,null,null,null,null,null,null,null,null,null]"	SOURCE_PRESERVED_LOCAL_VALIDATION	includes/POD/MasterCatalogV2MigrationContract.php:6	tests/wordpress/MasterCatalogMixedCandidateTest.php:21::testMixedCandidatePersistsAllDispositionsAndReplaysExactEvidence; tests/wordpress/MasterCatalogMixedCandidateTest.php:42::testForgedNormalizedEvidenceIsRejectedBeforePersistence	DG2 identity/classification/overlay/source mapping preserved; 428 retained+30 existing-family+42 new-family; no catalog promotion.
Master_500_v2	312	"[""DG2-311"",""DG-351"",""Personalized Drinkware"",""Pet photo tumbler"",""PHOTO_TEXT"",""PP-015"",""PRINTIFY_PRIMARY"",""TEMPLATE_RESEARCH"",""V1 retained"",""Re-score"",null,null,null,null,null,null,null,null,null,null,null,null,null,null,null,null]"	SOURCE_PRESERVED_LOCAL_VALIDATION	includes/POD/MasterCatalogV2MigrationContract.php:6	tests/wordpress/MasterCatalogMixedCandidateTest.php:21::testMixedCandidatePersistsAllDispositionsAndReplaysExactEvidence; tests/wordpress/MasterCatalogMixedCandidateTest.php:42::testForgedNormalizedEvidenceIsRejectedBeforePersistence	DG2 identity/classification/overlay/source mapping preserved; 428 retained+30 existing-family+42 new-family; no catalog promotion.
Master_500_v2	313	"[""DG2-312"",""DG-352"",""Personalized Drinkware"",""Pet + name"",""PHOTO_TEXT"",""PP-015"",""PRINTIFY_PRIMARY"",""TEMPLATE_RESEARCH"",""V1 retained"",""Re-score"",null,null,null,null,null,null,null,null,null,null,null,null,null,null,null,null]"	SOURCE_PRESERVED_LOCAL_VALIDATION	includes/POD/MasterCatalogV2MigrationContract.php:6	tests/wordpress/MasterCatalogMixedCandidateTest.php:21::testMixedCandidatePersistsAllDispositionsAndReplaysExactEvidence; tests/wordpress/MasterCatalogMixedCandidateTest.php:42::testForgedNormalizedEvidenceIsRejectedBeforePersistence	DG2 identity/classification/overlay/source mapping preserved; 428 retained+30 existing-family+42 new-family; no catalog promotion.
Master_500_v2	314	"[""DG2-313"",""DG-353"",""Personalized Drinkware"",""Dog mom"",""PHOTO_TEXT"",""PP-015"",""PRINTIFY_PRIMARY"",""TEMPLATE_RESEARCH"",""V1 retained"",""Re-score"",null,null,null,null,null,null,null,null,null,null,null,null,null,null,null,null]"	SOURCE_PRESERVED_LOCAL_VALIDATION	includes/POD/MasterCatalogV2MigrationContract.php:6	tests/wordpress/MasterCatalogMixedCandidateTest.php:21::testMixedCandidatePersistsAllDispositionsAndReplaysExactEvidence; tests/wordpress/MasterCatalogMixedCandidateTest.php:42::testForgedNormalizedEvidenceIsRejectedBeforePersistence	DG2 identity/classification/overlay/source mapping preserved; 428 retained+30 existing-family+42 new-family; no catalog promotion.
Master_500_v2	315	"[""DG2-314"",""DG-354"",""Personalized Drinkware"",""Dog dad"",""PHOTO_TEXT"",""PP-015"",""PRINTIFY_PRIMARY"",""TEMPLATE_RESEARCH"",""V1 retained"",""Re-score"",null,null,null,null,null,null,null,null,null,null,null,null,null,null,null,null]"	SOURCE_PRESERVED_LOCAL_VALIDATION	includes/POD/MasterCatalogV2MigrationContract.php:6	tests/wordpress/MasterCatalogMixedCandidateTest.php:21::testMixedCandidatePersistsAllDispositionsAndReplaysExactEvidence; tests/wordpress/MasterCatalogMixedCandidateTest.php:42::testForgedNormalizedEvidenceIsRejectedBeforePersistence	DG2 identity/classification/overlay/source mapping preserved; 428 retained+30 existing-family+42 new-family; no catalog promotion.
Master_500_v2	316	"[""DG2-315"",""DG-355"",""Personalized Drinkware"",""Cat mom"",""PHOTO_TEXT"",""PP-015"",""PRINTIFY_PRIMARY"",""TEMPLATE_RESEARCH"",""V1 retained"",""Re-score"",null,null,null,null,null,null,null,null,null,null,null,null,null,null,null,null]"	SOURCE_PRESERVED_LOCAL_VALIDATION	includes/POD/MasterCatalogV2MigrationContract.php:6	tests/wordpress/MasterCatalogMixedCandidateTest.php:21::testMixedCandidatePersistsAllDispositionsAndReplaysExactEvidence; tests/wordpress/MasterCatalogMixedCandidateTest.php:42::testForgedNormalizedEvidenceIsRejectedBeforePersistence	DG2 identity/classification/overlay/source mapping preserved; 428 retained+30 existing-family+42 new-family; no catalog promotion.
Master_500_v2	317	"[""DG2-316"",""DG-356"",""Personalized Drinkware"",""Cat dad"",""PHOTO_TEXT"",""PP-015"",""PRINTIFY_PRIMARY"",""TEMPLATE_RESEARCH"",""V1 retained"",""Re-score"",null,null,null,null,null,null,null,null,null,null,null,null,null,null,null,null]"	SOURCE_PRESERVED_LOCAL_VALIDATION	includes/POD/MasterCatalogV2MigrationContract.php:6	tests/wordpress/MasterCatalogMixedCandidateTest.php:21::testMixedCandidatePersistsAllDispositionsAndReplaysExactEvidence; tests/wordpress/MasterCatalogMixedCandidateTest.php:42::testForgedNormalizedEvidenceIsRejectedBeforePersistence	DG2 identity/classification/overlay/source mapping preserved; 428 retained+30 existing-family+42 new-family; no catalog promotion.
Master_500_v2	318	"[""DG2-317"",""DG-357"",""Personalized Drinkware"",""Couple"",""PHOTO_TEXT"",""PP-015"",""PRINTIFY_PRIMARY"",""TEMPLATE_RESEARCH"",""V1 retained"",""Re-score"",null,null,null,null,null,null,null,null,null,null,null,null,null,null,null,null]"	SOURCE_PRESERVED_LOCAL_VALIDATION	includes/POD/MasterCatalogV2MigrationContract.php:6	tests/wordpress/MasterCatalogMixedCandidateTest.php:21::testMixedCandidatePersistsAllDispositionsAndReplaysExactEvidence; tests/wordpress/MasterCatalogMixedCandidateTest.php:42::testForgedNormalizedEvidenceIsRejectedBeforePersistence	DG2 identity/classification/overlay/source mapping preserved; 428 retained+30 existing-family+42 new-family; no catalog promotion.
Master_500_v2	319	"[""DG2-318"",""DG-358"",""Personalized Drinkware"",""Bride"",""PHOTO_TEXT"",""PP-015"",""PRINTIFY_PRIMARY"",""TEMPLATE_RESEARCH"",""V1 retained"",""Re-score"",null,null,null,null,null,null,null,null,null,null,null,null,null,null,null,null]"	SOURCE_PRESERVED_LOCAL_VALIDATION	includes/POD/MasterCatalogV2MigrationContract.php:6	tests/wordpress/MasterCatalogMixedCandidateTest.php:21::testMixedCandidatePersistsAllDispositionsAndReplaysExactEvidence; tests/wordpress/MasterCatalogMixedCandidateTest.php:42::testForgedNormalizedEvidenceIsRejectedBeforePersistence	DG2 identity/classification/overlay/source mapping preserved; 428 retained+30 existing-family+42 new-family; no catalog promotion.
Master_500_v2	320	"[""DG2-319"",""DG-359"",""Personalized Drinkware"",""Bridesmaid"",""PHOTO_TEXT"",""PP-015"",""PRINTIFY_PRIMARY"",""TEMPLATE_RESEARCH"",""V1 retained"",""Re-score"",null,null,null,null,null,null,null,null,null,null,null,null,null,null,null,null]"	SOURCE_PRESERVED_LOCAL_VALIDATION	includes/POD/MasterCatalogV2MigrationContract.php:6	tests/wordpress/MasterCatalogMixedCandidateTest.php:21::testMixedCandidatePersistsAllDispositionsAndReplaysExactEvidence; tests/wordpress/MasterCatalogMixedCandidateTest.php:42::testForgedNormalizedEvidenceIsRejectedBeforePersistence	DG2 identity/classification/overlay/source mapping preserved; 428 retained+30 existing-family+42 new-family; no catalog promotion.
Master_500_v2	321	"[""DG2-320"",""DG-360"",""Personalized Drinkware"",""Mom"",""PHOTO_TEXT"",""PP-015"",""PRINTIFY_PRIMARY"",""TEMPLATE_RESEARCH"",""V1 retained"",""Re-score"",null,null,null,null,null,null,null,null,null,null,null,null,null,null,null,null]"	SOURCE_PRESERVED_LOCAL_VALIDATION	includes/POD/MasterCatalogV2MigrationContract.php:6	tests/wordpress/MasterCatalogMixedCandidateTest.php:21::testMixedCandidatePersistsAllDispositionsAndReplaysExactEvidence; tests/wordpress/MasterCatalogMixedCandidateTest.php:42::testForgedNormalizedEvidenceIsRejectedBeforePersistence	DG2 identity/classification/overlay/source mapping preserved; 428 retained+30 existing-family+42 new-family; no catalog promotion.
Master_500_v2	322	"[""DG2-321"",""DG-361"",""Personalized Drinkware"",""Dad"",""PHOTO_TEXT"",""PP-015"",""PRINTIFY_PRIMARY"",""TEMPLATE_RESEARCH"",""V1 retained"",""Re-score"",null,null,null,null,null,null,null,null,null,null,null,null,null,null,null,null]"	SOURCE_PRESERVED_LOCAL_VALIDATION	includes/POD/MasterCatalogV2MigrationContract.php:6	tests/wordpress/MasterCatalogMixedCandidateTest.php:21::testMixedCandidatePersistsAllDispositionsAndReplaysExactEvidence; tests/wordpress/MasterCatalogMixedCandidateTest.php:42::testForgedNormalizedEvidenceIsRejectedBeforePersistence	DG2 identity/classification/overlay/source mapping preserved; 428 retained+30 existing-family+42 new-family; no catalog promotion.
Master_500_v2	323	"[""DG2-322"",""DG-362"",""Personalized Drinkware"",""Grandma"",""PHOTO_TEXT"",""PP-015"",""PRINTIFY_PRIMARY"",""TEMPLATE_RESEARCH"",""V1 retained"",""Re-score"",null,null,null,null,null,null,null,null,null,null,null,null,null,null,null,null]"	SOURCE_PRESERVED_LOCAL_VALIDATION	includes/POD/MasterCatalogV2MigrationContract.php:6	tests/wordpress/MasterCatalogMixedCandidateTest.php:21::testMixedCandidatePersistsAllDispositionsAndReplaysExactEvidence; tests/wordpress/MasterCatalogMixedCandidateTest.php:42::testForgedNormalizedEvidenceIsRejectedBeforePersistence	DG2 identity/classification/overlay/source mapping preserved; 428 retained+30 existing-family+42 new-family; no catalog promotion.
Master_500_v2	324	"[""DG2-323"",""DG-363"",""Personalized Drinkware"",""Grandpa"",""PHOTO_TEXT"",""PP-015"",""PRINTIFY_PRIMARY"",""TEMPLATE_RESEARCH"",""V1 retained"",""Re-score"",null,null,null,null,null,null,null,null,null,null,null,null,null,null,null,null]"	SOURCE_PRESERVED_LOCAL_VALIDATION	includes/POD/MasterCatalogV2MigrationContract.php:6	tests/wordpress/MasterCatalogMixedCandidateTest.php:21::testMixedCandidatePersistsAllDispositionsAndReplaysExactEvidence; tests/wordpress/MasterCatalogMixedCandidateTest.php:42::testForgedNormalizedEvidenceIsRejectedBeforePersistence	DG2 identity/classification/overlay/source mapping preserved; 428 retained+30 existing-family+42 new-family; no catalog promotion.
Master_500_v2	325	"[""DG2-324"",""DG-364"",""Personalized Drinkware"",""Teacher"",""PHOTO_TEXT"",""PP-015"",""PRINTIFY_PRIMARY"",""TEMPLATE_RESEARCH"",""V1 retained"",""Re-score"",null,null,null,null,null,null,null,null,null,null,null,null,null,null,null,null]"	SOURCE_PRESERVED_LOCAL_VALIDATION	includes/POD/MasterCatalogV2MigrationContract.php:6	tests/wordpress/MasterCatalogMixedCandidateTest.php:21::testMixedCandidatePersistsAllDispositionsAndReplaysExactEvidence; tests/wordpress/MasterCatalogMixedCandidateTest.php:42::testForgedNormalizedEvidenceIsRejectedBeforePersistence	DG2 identity/classification/overlay/source mapping preserved; 428 retained+30 existing-family+42 new-family; no catalog promotion.
Master_500_v2	326	"[""DG2-325"",""DG-365"",""Personalized Drinkware"",""Nurse"",""PHOTO_TEXT"",""PP-015"",""PRINTIFY_PRIMARY"",""TEMPLATE_RESEARCH"",""V1 retained"",""Re-score"",null,null,null,null,null,null,null,null,null,null,null,null,null,null,null,null]"	SOURCE_PRESERVED_LOCAL_VALIDATION	includes/POD/MasterCatalogV2MigrationContract.php:6	tests/wordpress/MasterCatalogMixedCandidateTest.php:21::testMixedCandidatePersistsAllDispositionsAndReplaysExactEvidence; tests/wordpress/MasterCatalogMixedCandidateTest.php:42::testForgedNormalizedEvidenceIsRejectedBeforePersistence	DG2 identity/classification/overlay/source mapping preserved; 428 retained+30 existing-family+42 new-family; no catalog promotion.
Master_500_v2	327	"[""DG2-326"",""DG-366"",""Personalized Drinkware"",""Coworker"",""PHOTO_TEXT"",""PP-015"",""PRINTIFY_PRIMARY"",""TEMPLATE_RESEARCH"",""V1 retained"",""Re-score"",null,null,null,null,null,null,null,null,null,null,null,null,null,null,null,null]"	SOURCE_PRESERVED_LOCAL_VALIDATION	includes/POD/MasterCatalogV2MigrationContract.php:6	tests/wordpress/MasterCatalogMixedCandidateTest.php:21::testMixedCandidatePersistsAllDispositionsAndReplaysExactEvidence; tests/wordpress/MasterCatalogMixedCandidateTest.php:42::testForgedNormalizedEvidenceIsRejectedBeforePersistence	DG2 identity/classification/overlay/source mapping preserved; 428 retained+30 existing-family+42 new-family; no catalog promotion.
Master_500_v2	328	"[""DG2-327"",""DG-367"",""Personalized Drinkware"",""Graduation"",""PHOTO_TEXT"",""PP-015"",""PRINTIFY_PRIMARY"",""TEMPLATE_RESEARCH"",""V1 retained"",""Re-score"",null,null,null,null,null,null,null,null,null,null,null,null,null,null,null,null]"	SOURCE_PRESERVED_LOCAL_VALIDATION	includes/POD/MasterCatalogV2MigrationContract.php:6	tests/wordpress/MasterCatalogMixedCandidateTest.php:21::testMixedCandidatePersistsAllDispositionsAndReplaysExactEvidence; tests/wordpress/MasterCatalogMixedCandidateTest.php:42::testForgedNormalizedEvidenceIsRejectedBeforePersistence	DG2 identity/classification/overlay/source mapping preserved; 428 retained+30 existing-family+42 new-family; no catalog promotion.
Master_500_v2	329	"[""DG2-328"",""DG-368"",""Personalized Drinkware"",""Sports-photo keepsake"",""PHOTO_TEXT"",""PP-015"",""PRINTIFY_PRIMARY"",""TEMPLATE_RESEARCH"",""V1 retained"",""Re-score"",null,null,null,null,null,null,null,null,null,null,null,null,null,null,null,null]"	SOURCE_PRESERVED_LOCAL_VALIDATION	includes/POD/MasterCatalogV2MigrationContract.php:6	tests/wordpress/MasterCatalogMixedCandidateTest.php:21::testMixedCandidatePersistsAllDispositionsAndReplaysExactEvidence; tests/wordpress/MasterCatalogMixedCandidateTest.php:42::testForgedNormalizedEvidenceIsRejectedBeforePersistence	DG2 identity/classification/overlay/source mapping preserved; 428 retained+30 existing-family+42 new-family; no catalog promotion.
Master_500_v2	330	"[""DG2-329"",""DG-369"",""Personalized Drinkware"",""Travel"",""PHOTO_TEXT"",""PP-015"",""PRINTIFY_PRIMARY"",""TEMPLATE_RESEARCH"",""V1 retained"",""Re-score"",null,null,null,null,null,null,null,null,null,null,null,null,null,null,null,null]"	SOURCE_PRESERVED_LOCAL_VALIDATION	includes/POD/MasterCatalogV2MigrationContract.php:6	tests/wordpress/MasterCatalogMixedCandidateTest.php:21::testMixedCandidatePersistsAllDispositionsAndReplaysExactEvidence; tests/wordpress/MasterCatalogMixedCandidateTest.php:42::testForgedNormalizedEvidenceIsRejectedBeforePersistence	DG2 identity/classification/overlay/source mapping preserved; 428 retained+30 existing-family+42 new-family; no catalog promotion.
Master_500_v2	331	"[""DG2-330"",""DG-370"",""Personalized Drinkware"",""Family collage"",""PHOTO_COLLAGE"",""PP-015"",""PRINTIFY_PRIMARY"",""TEMPLATE_RESEARCH"",""V1 retained"",""Re-score"",null,null,null,null,null,null,null,null,null,null,null,null,null,null,null,null]"	SOURCE_PRESERVED_LOCAL_VALIDATION	includes/POD/MasterCatalogV2MigrationContract.php:6	tests/wordpress/MasterCatalogMixedCandidateTest.php:21::testMixedCandidatePersistsAllDispositionsAndReplaysExactEvidence; tests/wordpress/MasterCatalogMixedCandidateTest.php:42::testForgedNormalizedEvidenceIsRejectedBeforePersistence	DG2 identity/classification/overlay/source mapping preserved; 428 retained+30 existing-family+42 new-family; no catalog promotion.
Master_500_v2	332	"[""DG2-331"",""DG-371"",""Personalized Drinkware"",""Handwriting"",""HANDWRITING"",""PP-015"",""PRINTIFY_PRIMARY"",""TEMPLATE_RESEARCH"",""V1 retained"",""Re-score"",null,null,null,null,null,null,null,null,null,null,null,null,null,null,null,null]"	SOURCE_PRESERVED_LOCAL_VALIDATION	includes/POD/MasterCatalogV2MigrationContract.php:6	tests/wordpress/MasterCatalogMixedCandidateTest.php:21::testMixedCandidatePersistsAllDispositionsAndReplaysExactEvidence; tests/wordpress/MasterCatalogMixedCandidateTest.php:42::testForgedNormalizedEvidenceIsRejectedBeforePersistence	DG2 identity/classification/overlay/source mapping preserved; 428 retained+30 existing-family+42 new-family; no catalog promotion.
Master_500_v2	333	"[""DG2-332"",""DG-372"",""Personalized Drinkware"",""Child artwork"",""CHILD_ART"",""PP-015"",""PRINTIFY_PRIMARY"",""TEMPLATE_RESEARCH"",""V1 retained"",""Re-score"",null,null,null,null,null,null,null,null,null,null,null,null,null,null,null,null]"	SOURCE_PRESERVED_LOCAL_VALIDATION	includes/POD/MasterCatalogV2MigrationContract.php:6	tests/wordpress/MasterCatalogMixedCandidateTest.php:21::testMixedCandidatePersistsAllDispositionsAndReplaysExactEvidence; tests/wordpress/MasterCatalogMixedCandidateTest.php:42::testForgedNormalizedEvidenceIsRejectedBeforePersistence	DG2 identity/classification/overlay/source mapping preserved; 428 retained+30 existing-family+42 new-family; no catalog promotion.
Master_500_v2	334	"[""DG2-333"",""DG-373"",""Personalized Drinkware"",""Monogram"",""NAME_MONOGRAM"",""PP-015"",""PRINTIFY_PRIMARY"",""TEMPLATE_RESEARCH"",""V1 retained"",""Re-score"",null,null,null,null,null,null,null,null,null,null,null,null,null,null,null,null]"	SOURCE_PRESERVED_LOCAL_VALIDATION	includes/POD/MasterCatalogV2MigrationContract.php:6	tests/wordpress/MasterCatalogMixedCandidateTest.php:21::testMixedCandidatePersistsAllDispositionsAndReplaysExactEvidence; tests/wordpress/MasterCatalogMixedCandidateTest.php:42::testForgedNormalizedEvidenceIsRejectedBeforePersistence	DG2 identity/classification/overlay/source mapping preserved; 428 retained+30 existing-family+42 new-family; no catalog promotion.
Master_500_v2	335	"[""DG2-334"",""DG-374"",""Personalized Drinkware"",""Name pattern"",""NAME_MONOGRAM"",""PP-015"",""PRINTIFY_PRIMARY"",""TEMPLATE_RESEARCH"",""V1 retained"",""Re-score"",null,null,null,null,null,null,null,null,null,null,null,null,null,null,null,null]"	SOURCE_PRESERVED_LOCAL_VALIDATION	includes/POD/MasterCatalogV2MigrationContract.php:6	tests/wordpress/MasterCatalogMixedCandidateTest.php:21::testMixedCandidatePersistsAllDispositionsAndReplaysExactEvidence; tests/wordpress/MasterCatalogMixedCandidateTest.php:42::testForgedNormalizedEvidenceIsRejectedBeforePersistence	DG2 identity/classification/overlay/source mapping preserved; 428 retained+30 existing-family+42 new-family; no catalog promotion.
Master_500_v2	336	"[""DG2-335"",""DG-375"",""Personalized Drinkware"",""Memorial"",""MEMORIAL"",""PP-015"",""PRINTIFY_PRIMARY"",""TEMPLATE_RESEARCH"",""V1 retained"",""Re-score"",null,null,null,null,null,null,null,null,null,null,null,null,null,null,null,null]"	SOURCE_PRESERVED_LOCAL_VALIDATION	includes/POD/MasterCatalogV2MigrationContract.php:6	tests/wordpress/MasterCatalogMixedCandidateTest.php:21::testMixedCandidatePersistsAllDispositionsAndReplaysExactEvidence; tests/wordpress/MasterCatalogMixedCandidateTest.php:42::testForgedNormalizedEvidenceIsRejectedBeforePersistence	DG2 identity/classification/overlay/source mapping preserved; 428 retained+30 existing-family+42 new-family; no catalog promotion.
Master_500_v2	337	"[""DG2-336"",""DG-376"",""Baby & Kids"",""Name bodysuit"",""PHOTO_TEXT"",""PP-016"",""PRINTIFY_PRIMARY"",""TEMPLATE_RESEARCH"",""V1 retained"",""Re-score"",null,null,null,null,null,null,null,null,null,null,null,null,null,null,null,null]"	SOURCE_PRESERVED_LOCAL_VALIDATION	includes/POD/MasterCatalogV2MigrationContract.php:6	tests/wordpress/MasterCatalogMixedCandidateTest.php:21::testMixedCandidatePersistsAllDispositionsAndReplaysExactEvidence; tests/wordpress/MasterCatalogMixedCandidateTest.php:42::testForgedNormalizedEvidenceIsRejectedBeforePersistence	DG2 identity/classification/overlay/source mapping preserved; 428 retained+30 existing-family+42 new-family; no catalog promotion.
Master_500_v2	338	"[""DG2-337"",""DG-377"",""Baby & Kids"",""Birth stats"",""PHOTO_TEXT"",""PP-016"",""PRINTIFY_PRIMARY"",""TEMPLATE_RESEARCH"",""V1 retained"",""Re-score"",null,null,null,null,null,null,null,null,null,null,null,null,null,null,null,null]"	SOURCE_PRESERVED_LOCAL_VALIDATION	includes/POD/MasterCatalogV2MigrationContract.php:6	tests/wordpress/MasterCatalogMixedCandidateTest.php:21::testMixedCandidatePersistsAllDispositionsAndReplaysExactEvidence; tests/wordpress/MasterCatalogMixedCandidateTest.php:42::testForgedNormalizedEvidenceIsRejectedBeforePersistence	DG2 identity/classification/overlay/source mapping preserved; 428 retained+30 existing-family+42 new-family; no catalog promotion.
Master_500_v2	339	"[""DG2-338"",""DG-378"",""Baby & Kids"",""Baby photo"",""PHOTO_TEXT"",""PP-016"",""PRINTIFY_PRIMARY"",""TEMPLATE_RESEARCH"",""V1 retained"",""Re-score"",null,null,null,null,null,null,null,null,null,null,null,null,null,null,null,null]"	SOURCE_PRESERVED_LOCAL_VALIDATION	includes/POD/MasterCatalogV2MigrationContract.php:6	tests/wordpress/MasterCatalogMixedCandidateTest.php:21::testMixedCandidatePersistsAllDispositionsAndReplaysExactEvidence; tests/wordpress/MasterCatalogMixedCandidateTest.php:42::testForgedNormalizedEvidenceIsRejectedBeforePersistence	DG2 identity/classification/overlay/source mapping preserved; 428 retained+30 existing-family+42 new-family; no catalog promotion.
Master_500_v2	340	"[""DG2-339"",""DG-379"",""Baby & Kids"",""First birthday"",""PHOTO_TEXT"",""PP-016"",""PRINTIFY_PRIMARY"",""TEMPLATE_RESEARCH"",""V1 retained"",""Re-score"",null,null,null,null,null,null,null,null,null,null,null,null,null,null,null,null]"	SOURCE_PRESERVED_LOCAL_VALIDATION	includes/POD/MasterCatalogV2MigrationContract.php:6	tests/wordpress/MasterCatalogMixedCandidateTest.php:21::testMixedCandidatePersistsAllDispositionsAndReplaysExactEvidence; tests/wordpress/MasterCatalogMixedCandidateTest.php:42::testForgedNormalizedEvidenceIsRejectedBeforePersistence	DG2 identity/classification/overlay/source mapping preserved; 428 retained+30 existing-family+42 new-family; no catalog promotion.
Master_500_v2	341	"[""DG2-340"",""DG-380"",""Baby & Kids"",""First Christmas"",""PHOTO_TEXT"",""PP-016"",""PRINTIFY_PRIMARY"",""TEMPLATE_RESEARCH"",""V1 retained"",""Re-score"",null,null,null,null,null,null,null,null,null,null,null,null,null,null,null,null]"	SOURCE_PRESERVED_LOCAL_VALIDATION	includes/POD/MasterCatalogV2MigrationContract.php:6	tests/wordpress/MasterCatalogMixedCandidateTest.php:21::testMixedCandidatePersistsAllDispositionsAndReplaysExactEvidence; tests/wordpress/MasterCatalogMixedCandidateTest.php:42::testForgedNormalizedEvidenceIsRejectedBeforePersistence	DG2 identity/classification/overlay/source mapping preserved; 428 retained+30 existing-family+42 new-family; no catalog promotion.
Master_500_v2	342	"[""DG2-341"",""DG-381"",""Baby & Kids"",""First Mother Day"",""PHOTO_TEXT"",""PP-016"",""PRINTIFY_PRIMARY"",""TEMPLATE_RESEARCH"",""V1 retained"",""Re-score"",null,null,null,null,null,null,null,null,null,null,null,null,null,null,null,null]"	SOURCE_PRESERVED_LOCAL_VALIDATION	includes/POD/MasterCatalogV2MigrationContract.php:6	tests/wordpress/MasterCatalogMixedCandidateTest.php:21::testMixedCandidatePersistsAllDispositionsAndReplaysExactEvidence; tests/wordpress/MasterCatalogMixedCandidateTest.php:42::testForgedNormalizedEvidenceIsRejectedBeforePersistence	DG2 identity/classification/overlay/source mapping preserved; 428 retained+30 existing-family+42 new-family; no catalog promotion.
Master_500_v2	343	"[""DG2-342"",""DG-382"",""Baby & Kids"",""First Father Day"",""PHOTO_TEXT"",""PP-016"",""PRINTIFY_PRIMARY"",""TEMPLATE_RESEARCH"",""V1 retained"",""Re-score"",null,null,null,null,null,null,null,null,null,null,null,null,null,null,null,null]"	SOURCE_PRESERVED_LOCAL_VALIDATION	includes/POD/MasterCatalogV2MigrationContract.php:6	tests/wordpress/MasterCatalogMixedCandidateTest.php:21::testMixedCandidatePersistsAllDispositionsAndReplaysExactEvidence; tests/wordpress/MasterCatalogMixedCandidateTest.php:42::testForgedNormalizedEvidenceIsRejectedBeforePersistence	DG2 identity/classification/overlay/source mapping preserved; 428 retained+30 existing-family+42 new-family; no catalog promotion.
Master_500_v2	344	"[""DG2-343"",""DG-383"",""Baby & Kids"",""Grandparent announcement"",""PHOTO_TEXT"",""PP-016"",""PRINTIFY_PRIMARY"",""TEMPLATE_RESEARCH"",""V1 retained"",""Re-score"",null,null,null,null,null,null,null,null,null,null,null,null,null,null,null,null]"	SOURCE_PRESERVED_LOCAL_VALIDATION	includes/POD/MasterCatalogV2MigrationContract.php:6	tests/wordpress/MasterCatalogMixedCandidateTest.php:21::testMixedCandidatePersistsAllDispositionsAndReplaysExactEvidence; tests/wordpress/MasterCatalogMixedCandidateTest.php:42::testForgedNormalizedEvidenceIsRejectedBeforePersistence	DG2 identity/classification/overlay/source mapping preserved; 428 retained+30 existing-family+42 new-family; no catalog promotion.
Master_500_v2	345	"[""DG2-344"",""DG-384"",""Baby & Kids"",""Pregnancy announcement"",""PHOTO_TEXT"",""PP-016"",""PRINTIFY_PRIMARY"",""TEMPLATE_RESEARCH"",""V1 retained"",""Re-score"",null,null,null,null,null,null,null,null,null,null,null,null,null,null,null,null]"	SOURCE_PRESERVED_LOCAL_VALIDATION	includes/POD/MasterCatalogV2MigrationContract.php:6	tests/wordpress/MasterCatalogMixedCandidateTest.php:21::testMixedCandidatePersistsAllDispositionsAndReplaysExactEvidence; tests/wordpress/MasterCatalogMixedCandidateTest.php:42::testForgedNormalizedEvidenceIsRejectedBeforePersistence	DG2 identity/classification/overlay/source mapping preserved; 428 retained+30 existing-family+42 new-family; no catalog promotion.
Master_500_v2	346	"[""DG2-345"",""DG-385"",""Baby & Kids"",""Sibling announcement"",""PHOTO_TEXT"",""PP-016"",""PRINTIFY_PRIMARY"",""TEMPLATE_RESEARCH"",""V1 retained"",""Re-score"",null,null,null,null,null,null,null,null,null,null,null,null,null,null,null,null]"	SOURCE_PRESERVED_LOCAL_VALIDATION	includes/POD/MasterCatalogV2MigrationContract.php:6	tests/wordpress/MasterCatalogMixedCandidateTest.php:21::testMixedCandidatePersistsAllDispositionsAndReplaysExactEvidence; tests/wordpress/MasterCatalogMixedCandidateTest.php:42::testForgedNormalizedEvidenceIsRejectedBeforePersistence	DG2 identity/classification/overlay/source mapping preserved; 428 retained+30 existing-family+42 new-family; no catalog promotion.
Master_500_v2	347	"[""DG2-346"",""DG-386"",""Baby & Kids"",""Family photo"",""PHOTO_TEXT"",""PP-016"",""PRINTIFY_PRIMARY"",""TEMPLATE_RESEARCH"",""V1 retained"",""Re-score"",null,null,null,null,null,null,null,null,null,null,null,null,null,null,null,null]"	SOURCE_PRESERVED_LOCAL_VALIDATION	includes/POD/MasterCatalogV2MigrationContract.php:6	tests/wordpress/MasterCatalogMixedCandidateTest.php:21::testMixedCandidatePersistsAllDispositionsAndReplaysExactEvidence; tests/wordpress/MasterCatalogMixedCandidateTest.php:42::testForgedNormalizedEvidenceIsRejectedBeforePersistence	DG2 identity/classification/overlay/source mapping preserved; 428 retained+30 existing-family+42 new-family; no catalog promotion.
Master_500_v2	348	"[""DG2-347"",""DG-387"",""Baby & Kids"",""Child drawing"",""CHILD_ART"",""PP-016"",""PRINTIFY_PRIMARY"",""TEMPLATE_RESEARCH"",""V1 retained"",""Re-score"",null,null,null,null,null,null,null,null,null,null,null,null,null,null,null,null]"	SOURCE_PRESERVED_LOCAL_VALIDATION	includes/POD/MasterCatalogV2MigrationContract.php:6	tests/wordpress/MasterCatalogMixedCandidateTest.php:21::testMixedCandidatePersistsAllDispositionsAndReplaysExactEvidence; tests/wordpress/MasterCatalogMixedCandidateTest.php:42::testForgedNormalizedEvidenceIsRejectedBeforePersistence	DG2 identity/classification/overlay/source mapping preserved; 428 retained+30 existing-family+42 new-family; no catalog promotion.
Master_500_v2	349	"[""DG2-348"",""DG-388"",""Baby & Kids"",""Handwriting"",""HANDWRITING"",""PP-016"",""PRINTIFY_PRIMARY"",""TEMPLATE_RESEARCH"",""V1 retained"",""Re-score"",null,null,null,null,null,null,null,null,null,null,null,null,null,null,null,null]"	SOURCE_PRESERVED_LOCAL_VALIDATION	includes/POD/MasterCatalogV2MigrationContract.php:6	tests/wordpress/MasterCatalogMixedCandidateTest.php:21::testMixedCandidatePersistsAllDispositionsAndReplaysExactEvidence; tests/wordpress/MasterCatalogMixedCandidateTest.php:42::testForgedNormalizedEvidenceIsRejectedBeforePersistence	DG2 identity/classification/overlay/source mapping preserved; 428 retained+30 existing-family+42 new-family; no catalog promotion.
Master_500_v2	350	"[""DG2-349"",""DG-389"",""Baby & Kids"",""Toddler photo tee"",""PHOTO_TEXT"",""PP-016"",""PRINTIFY_PRIMARY"",""TEMPLATE_RESEARCH"",""V1 retained"",""Re-score"",null,null,null,null,null,null,null,null,null,null,null,null,null,null,null,null]"	SOURCE_PRESERVED_LOCAL_VALIDATION	includes/POD/MasterCatalogV2MigrationContract.php:6	tests/wordpress/MasterCatalogMixedCandidateTest.php:21::testMixedCandidatePersistsAllDispositionsAndReplaysExactEvidence; tests/wordpress/MasterCatalogMixedCandidateTest.php:42::testForgedNormalizedEvidenceIsRejectedBeforePersistence	DG2 identity/classification/overlay/source mapping preserved; 428 retained+30 existing-family+42 new-family; no catalog promotion.
Master_500_v2	351	"[""DG2-350"",""DG-390"",""Baby & Kids"",""Birthday kid"",""PHOTO_TEXT"",""PP-016"",""PRINTIFY_PRIMARY"",""TEMPLATE_RESEARCH"",""V1 retained"",""Re-score"",null,null,null,null,null,null,null,null,null,null,null,null,null,null,null,null]"	SOURCE_PRESERVED_LOCAL_VALIDATION	includes/POD/MasterCatalogV2MigrationContract.php:6	tests/wordpress/MasterCatalogMixedCandidateTest.php:21::testMixedCandidatePersistsAllDispositionsAndReplaysExactEvidence; tests/wordpress/MasterCatalogMixedCandidateTest.php:42::testForgedNormalizedEvidenceIsRejectedBeforePersistence	DG2 identity/classification/overlay/source mapping preserved; 428 retained+30 existing-family+42 new-family; no catalog promotion.
Master_500_v2	352	"[""DG2-351"",""DG-391"",""Baby & Kids"",""School photo"",""PHOTO_TEXT"",""PP-016"",""PRINTIFY_PRIMARY"",""TEMPLATE_RESEARCH"",""V1 retained"",""Re-score"",null,null,null,null,null,null,null,null,null,null,null,null,null,null,null,null]"	SOURCE_PRESERVED_LOCAL_VALIDATION	includes/POD/MasterCatalogV2MigrationContract.php:6	tests/wordpress/MasterCatalogMixedCandidateTest.php:21::testMixedCandidatePersistsAllDispositionsAndReplaysExactEvidence; tests/wordpress/MasterCatalogMixedCandidateTest.php:42::testForgedNormalizedEvidenceIsRejectedBeforePersistence	DG2 identity/classification/overlay/source mapping preserved; 428 retained+30 existing-family+42 new-family; no catalog promotion.
Master_500_v2	353	"[""DG2-352"",""DG-392"",""Baby & Kids"",""Graduation/year"",""PHOTO_TEXT"",""PP-016"",""PRINTIFY_PRIMARY"",""TEMPLATE_RESEARCH"",""V1 retained"",""Re-score"",null,null,null,null,null,null,null,null,null,null,null,null,null,null,null,null]"	SOURCE_PRESERVED_LOCAL_VALIDATION	includes/POD/MasterCatalogV2MigrationContract.php:6	tests/wordpress/MasterCatalogMixedCandidateTest.php:21::testMixedCandidatePersistsAllDispositionsAndReplaysExactEvidence; tests/wordpress/MasterCatalogMixedCandidateTest.php:42::testForgedNormalizedEvidenceIsRejectedBeforePersistence	DG2 identity/classification/overlay/source mapping preserved; 428 retained+30 existing-family+42 new-family; no catalog promotion.
Master_500_v2	354	"[""DG2-353"",""DG-393"",""Baby & Kids"",""Pet + child"",""PHOTO_TEXT"",""PP-016"",""PRINTIFY_PRIMARY"",""TEMPLATE_RESEARCH"",""V1 retained"",""Re-score"",null,null,null,null,null,null,null,null,null,null,null,null,null,null,null,null]"	SOURCE_PRESERVED_LOCAL_VALIDATION	includes/POD/MasterCatalogV2MigrationContract.php:6	tests/wordpress/MasterCatalogMixedCandidateTest.php:21::testMixedCandidatePersistsAllDispositionsAndReplaysExactEvidence; tests/wordpress/MasterCatalogMixedCandidateTest.php:42::testForgedNormalizedEvidenceIsRejectedBeforePersistence	DG2 identity/classification/overlay/source mapping preserved; 428 retained+30 existing-family+42 new-family; no catalog promotion.
Master_500_v2	355	"[""DG2-354"",""DG-394"",""Baby & Kids"",""Name pattern"",""NAME_MONOGRAM"",""PP-016"",""PRINTIFY_PRIMARY"",""TEMPLATE_RESEARCH"",""V1 retained"",""Re-score"",null,null,null,null,null,null,null,null,null,null,null,null,null,null,null,null]"	SOURCE_PRESERVED_LOCAL_VALIDATION	includes/POD/MasterCatalogV2MigrationContract.php:6	tests/wordpress/MasterCatalogMixedCandidateTest.php:21::testMixedCandidatePersistsAllDispositionsAndReplaysExactEvidence; tests/wordpress/MasterCatalogMixedCandidateTest.php:42::testForgedNormalizedEvidenceIsRejectedBeforePersistence	DG2 identity/classification/overlay/source mapping preserved; 428 retained+30 existing-family+42 new-family; no catalog promotion.
Master_500_v2	356	"[""DG2-355"",""DG-395"",""Baby & Kids"",""Initials"",""NAME_MONOGRAM"",""PP-016"",""PRINTIFY_PRIMARY"",""TEMPLATE_RESEARCH"",""V1 retained"",""Re-score"",null,null,null,null,null,null,null,null,null,null,null,null,null,null,null,null]"	SOURCE_PRESERVED_LOCAL_VALIDATION	includes/POD/MasterCatalogV2MigrationContract.php:6	tests/wordpress/MasterCatalogMixedCandidateTest.php:21::testMixedCandidatePersistsAllDispositionsAndReplaysExactEvidence; tests/wordpress/MasterCatalogMixedCandidateTest.php:42::testForgedNormalizedEvidenceIsRejectedBeforePersistence	DG2 identity/classification/overlay/source mapping preserved; 428 retained+30 existing-family+42 new-family; no catalog promotion.
Master_500_v2	357	"[""DG2-356"",""DG-396"",""Baby & Kids"",""Nursery keepsake"",""PHOTO_TEXT"",""PP-016"",""PRINTIFY_PRIMARY"",""TEMPLATE_RESEARCH"",""V1 retained"",""Re-score"",null,null,null,null,null,null,null,null,null,null,null,null,null,null,null,null]"	SOURCE_PRESERVED_LOCAL_VALIDATION	includes/POD/MasterCatalogV2MigrationContract.php:6	tests/wordpress/MasterCatalogMixedCandidateTest.php:21::testMixedCandidatePersistsAllDispositionsAndReplaysExactEvidence; tests/wordpress/MasterCatalogMixedCandidateTest.php:42::testForgedNormalizedEvidenceIsRejectedBeforePersistence	DG2 identity/classification/overlay/source mapping preserved; 428 retained+30 existing-family+42 new-family; no catalog promotion.
Master_500_v2	358	"[""DG2-357"",""DG-397"",""Baby & Kids"",""Baby blanket"",""PHOTO_TEXT"",""PP-016"",""PRINTIFY_PRIMARY"",""TEMPLATE_RESEARCH"",""V1 retained"",""Re-score"",null,null,null,null,null,null,null,null,null,null,null,null,null,null,null,null]"	SOURCE_PRESERVED_LOCAL_VALIDATION	includes/POD/MasterCatalogV2MigrationContract.php:6	tests/wordpress/MasterCatalogMixedCandidateTest.php:21::testMixedCandidatePersistsAllDispositionsAndReplaysExactEvidence; tests/wordpress/MasterCatalogMixedCandidateTest.php:42::testForgedNormalizedEvidenceIsRejectedBeforePersistence	DG2 identity/classification/overlay/source mapping preserved; 428 retained+30 existing-family+42 new-family; no catalog promotion.
Master_500_v2	359	"[""DG2-358"",""DG-398"",""Baby & Kids"",""Baby memorial"",""MEMORIAL"",""PP-016"",""PRINTIFY_PRIMARY"",""TEMPLATE_RESEARCH"",""V1 retained"",""Re-score"",null,null,null,null,null,null,null,null,null,null,null,null,null,null,null,null]"	SOURCE_PRESERVED_LOCAL_VALIDATION	includes/POD/MasterCatalogV2MigrationContract.php:6	tests/wordpress/MasterCatalogMixedCandidateTest.php:21::testMixedCandidatePersistsAllDispositionsAndReplaysExactEvidence; tests/wordpress/MasterCatalogMixedCandidateTest.php:42::testForgedNormalizedEvidenceIsRejectedBeforePersistence	DG2 identity/classification/overlay/source mapping preserved; 428 retained+30 existing-family+42 new-family; no catalog promotion.
Master_500_v2	360	"[""DG2-359"",""DG-399"",""Baby & Kids"",""Adoption day"",""PHOTO_TEXT"",""PP-016"",""PRINTIFY_PRIMARY"",""TEMPLATE_RESEARCH"",""V1 retained"",""Re-score"",null,null,null,null,null,null,null,null,null,null,null,null,null,null,null,null]"	SOURCE_PRESERVED_LOCAL_VALIDATION	includes/POD/MasterCatalogV2MigrationContract.php:6	tests/wordpress/MasterCatalogMixedCandidateTest.php:21::testMixedCandidatePersistsAllDispositionsAndReplaysExactEvidence; tests/wordpress/MasterCatalogMixedCandidateTest.php:42::testForgedNormalizedEvidenceIsRejectedBeforePersistence	DG2 identity/classification/overlay/source mapping preserved; 428 retained+30 existing-family+42 new-family; no catalog promotion.
Master_500_v2	361	"[""DG2-360"",""DG-400"",""Baby & Kids"",""Family illustration"",""PHOTO_TEXT"",""PP-016"",""PRINTIFY_PRIMARY"",""TEMPLATE_RESEARCH"",""V1 retained"",""Re-score"",null,null,null,null,null,null,null,null,null,null,null,null,null,null,null,null]"	SOURCE_PRESERVED_LOCAL_VALIDATION	includes/POD/MasterCatalogV2MigrationContract.php:6	tests/wordpress/MasterCatalogMixedCandidateTest.php:21::testMixedCandidatePersistsAllDispositionsAndReplaysExactEvidence; tests/wordpress/MasterCatalogMixedCandidateTest.php:42::testForgedNormalizedEvidenceIsRejectedBeforePersistence	DG2 identity/classification/overlay/source mapping preserved; 428 retained+30 existing-family+42 new-family; no catalog promotion.
Master_500_v2	362	"[""DG2-361"",""DG-401"",""AOP Leggings"",""Dog face repeat"",""FACE_REPEAT"",""PP-017"",""PRINTIFY_PRIMARY"",""TEMPLATE_RESEARCH"",""V1 retained"",""Re-score"",null,null,null,null,null,null,null,null,null,null,null,null,null,null,null,null]"	SOURCE_PRESERVED_LOCAL_VALIDATION	includes/POD/MasterCatalogV2MigrationContract.php:6	tests/wordpress/MasterCatalogMixedCandidateTest.php:21::testMixedCandidatePersistsAllDispositionsAndReplaysExactEvidence; tests/wordpress/MasterCatalogMixedCandidateTest.php:42::testForgedNormalizedEvidenceIsRejectedBeforePersistence	DG2 identity/classification/overlay/source mapping preserved; 428 retained+30 existing-family+42 new-family; no catalog promotion.
Master_500_v2	363	"[""DG2-362"",""DG-402"",""AOP Leggings"",""Cat face repeat"",""FACE_REPEAT"",""PP-017"",""PRINTIFY_PRIMARY"",""TEMPLATE_RESEARCH"",""V1 retained"",""Re-score"",null,null,null,null,null,null,null,null,null,null,null,null,null,null,null,null]"	SOURCE_PRESERVED_LOCAL_VALIDATION	includes/POD/MasterCatalogV2MigrationContract.php:6	tests/wordpress/MasterCatalogMixedCandidateTest.php:21::testMixedCandidatePersistsAllDispositionsAndReplaysExactEvidence; tests/wordpress/MasterCatalogMixedCandidateTest.php:42::testForgedNormalizedEvidenceIsRejectedBeforePersistence	DG2 identity/classification/overlay/source mapping preserved; 428 retained+30 existing-family+42 new-family; no catalog promotion.
Master_500_v2	364	"[""DG2-363"",""DG-403"",""AOP Leggings"",""Multiple pets"",""FACE_REPEAT"",""PP-017"",""PRINTIFY_PRIMARY"",""TEMPLATE_RESEARCH"",""V1 retained"",""Re-score"",null,null,null,null,null,null,null,null,null,null,null,null,null,null,null,null]"	SOURCE_PRESERVED_LOCAL_VALIDATION	includes/POD/MasterCatalogV2MigrationContract.php:6	tests/wordpress/MasterCatalogMixedCandidateTest.php:21::testMixedCandidatePersistsAllDispositionsAndReplaysExactEvidence; tests/wordpress/MasterCatalogMixedCandidateTest.php:42::testForgedNormalizedEvidenceIsRejectedBeforePersistence	DG2 identity/classification/overlay/source mapping preserved; 428 retained+30 existing-family+42 new-family; no catalog promotion.
Master_500_v2	365	"[""DG2-364"",""DG-408"",""AOP Leggings"",""Couple faces"",""FACE_REPEAT"",""PP-017"",""PRINTIFY_PRIMARY"",""TEMPLATE_RESEARCH"",""V1 retained"",""Re-score"",null,null,null,null,null,null,null,null,null,null,null,null,null,null,null,null]"	SOURCE_PRESERVED_LOCAL_VALIDATION	includes/POD/MasterCatalogV2MigrationContract.php:6	tests/wordpress/MasterCatalogMixedCandidateTest.php:21::testMixedCandidatePersistsAllDispositionsAndReplaysExactEvidence; tests/wordpress/MasterCatalogMixedCandidateTest.php:42::testForgedNormalizedEvidenceIsRejectedBeforePersistence	DG2 identity/classification/overlay/source mapping preserved; 428 retained+30 existing-family+42 new-family; no catalog promotion.
Master_500_v2	366	"[""DG2-365"",""DG-417"",""AOP Leggings"",""Christmas"",""FACE_REPEAT"",""PP-017"",""PRINTIFY_PRIMARY"",""TEMPLATE_RESEARCH"",""V1 retained"",""Re-score"",null,null,null,null,null,null,null,null,null,null,null,null,null,null,null,null]"	SOURCE_PRESERVED_LOCAL_VALIDATION	includes/POD/MasterCatalogV2MigrationContract.php:6	tests/wordpress/MasterCatalogMixedCandidateTest.php:21::testMixedCandidatePersistsAllDispositionsAndReplaysExactEvidence; tests/wordpress/MasterCatalogMixedCandidateTest.php:42::testForgedNormalizedEvidenceIsRejectedBeforePersistence	DG2 identity/classification/overlay/source mapping preserved; 428 retained+30 existing-family+42 new-family; no catalog promotion.
Master_500_v2	367	"[""DG2-366"",""DG-420"",""AOP Leggings"",""Pet + name repeat"",""FACE_REPEAT"",""PP-017"",""PRINTIFY_PRIMARY"",""TEMPLATE_RESEARCH"",""V1 retained"",""Re-score"",null,null,null,null,null,null,null,null,null,null,null,null,null,null,null,null]"	SOURCE_PRESERVED_LOCAL_VALIDATION	includes/POD/MasterCatalogV2MigrationContract.php:6	tests/wordpress/MasterCatalogMixedCandidateTest.php:21::testMixedCandidatePersistsAllDispositionsAndReplaysExactEvidence; tests/wordpress/MasterCatalogMixedCandidateTest.php:42::testForgedNormalizedEvidenceIsRejectedBeforePersistence	DG2 identity/classification/overlay/source mapping preserved; 428 retained+30 existing-family+42 new-family; no catalog promotion.
Master_500_v2	368	"[""DG2-367"",""DG-421"",""AOP Leggings"",""Face + hearts"",""FACE_REPEAT"",""PP-017"",""PRINTIFY_PRIMARY"",""TEMPLATE_RESEARCH"",""V1 retained"",""Re-score"",null,null,null,null,null,null,null,null,null,null,null,null,null,null,null,null]"	SOURCE_PRESERVED_LOCAL_VALIDATION	includes/POD/MasterCatalogV2MigrationContract.php:6	tests/wordpress/MasterCatalogMixedCandidateTest.php:21::testMixedCandidatePersistsAllDispositionsAndReplaysExactEvidence; tests/wordpress/MasterCatalogMixedCandidateTest.php:42::testForgedNormalizedEvidenceIsRejectedBeforePersistence	DG2 identity/classification/overlay/source mapping preserved; 428 retained+30 existing-family+42 new-family; no catalog promotion.
Master_500_v2	369	"[""DG2-368"",""DG-422"",""AOP Leggings"",""Face + flowers"",""FACE_REPEAT"",""PP-017"",""PRINTIFY_PRIMARY"",""TEMPLATE_RESEARCH"",""V1 retained"",""Re-score"",null,null,null,null,null,null,null,null,null,null,null,null,null,null,null,null]"	SOURCE_PRESERVED_LOCAL_VALIDATION	includes/POD/MasterCatalogV2MigrationContract.php:6	tests/wordpress/MasterCatalogMixedCandidateTest.php:21::testMixedCandidatePersistsAllDispositionsAndReplaysExactEvidence; tests/wordpress/MasterCatalogMixedCandidateTest.php:42::testForgedNormalizedEvidenceIsRejectedBeforePersistence	DG2 identity/classification/overlay/source mapping preserved; 428 retained+30 existing-family+42 new-family; no catalog promotion.
Master_500_v2	370	"[""DG2-369"",""DG-424"",""AOP Leggings"",""Multi-face family"",""FACE_REPEAT"",""PP-017"",""PRINTIFY_PRIMARY"",""TEMPLATE_RESEARCH"",""V1 retained"",""Re-score"",null,null,null,null,null,null,null,null,null,null,null,null,null,null,null,null]"	SOURCE_PRESERVED_LOCAL_VALIDATION	includes/POD/MasterCatalogV2MigrationContract.php:6	tests/wordpress/MasterCatalogMixedCandidateTest.php:21::testMixedCandidatePersistsAllDispositionsAndReplaysExactEvidence; tests/wordpress/MasterCatalogMixedCandidateTest.php:42::testForgedNormalizedEvidenceIsRejectedBeforePersistence	DG2 identity/classification/overlay/source mapping preserved; 428 retained+30 existing-family+42 new-family; no catalog promotion.
Master_500_v2	371	"[""DG2-370"",""DG-425"",""AOP Leggings"",""Face + message"",""FACE_REPEAT"",""PP-017"",""PRINTIFY_PRIMARY"",""TEMPLATE_RESEARCH"",""V1 retained"",""Re-score"",null,null,null,null,null,null,null,null,null,null,null,null,null,null,null,null]"	SOURCE_PRESERVED_LOCAL_VALIDATION	includes/POD/MasterCatalogV2MigrationContract.php:6	tests/wordpress/MasterCatalogMixedCandidateTest.php:21::testMixedCandidatePersistsAllDispositionsAndReplaysExactEvidence; tests/wordpress/MasterCatalogMixedCandidateTest.php:42::testForgedNormalizedEvidenceIsRejectedBeforePersistence	DG2 identity/classification/overlay/source mapping preserved; 428 retained+30 existing-family+42 new-family; no catalog promotion.
Master_500_v2	372	"[""DG2-371"",""DG-426"",""Personalized Pajamas"",""Dog face repeat"",""FACE_REPEAT"",""PP-018"",""PRINTIFY_PRIMARY"",""TEMPLATE_RESEARCH"",""V1 retained"",""Re-score"",null,null,null,null,null,null,null,null,null,null,null,null,null,null,null,null]"	SOURCE_PRESERVED_LOCAL_VALIDATION	includes/POD/MasterCatalogV2MigrationContract.php:6	tests/wordpress/MasterCatalogMixedCandidateTest.php:21::testMixedCandidatePersistsAllDispositionsAndReplaysExactEvidence; tests/wordpress/MasterCatalogMixedCandidateTest.php:42::testForgedNormalizedEvidenceIsRejectedBeforePersistence	DG2 identity/classification/overlay/source mapping preserved; 428 retained+30 existing-family+42 new-family; no catalog promotion.
Master_500_v2	373	"[""DG2-372"",""DG-427"",""Personalized Pajamas"",""Cat face repeat"",""FACE_REPEAT"",""PP-018"",""PRINTIFY_PRIMARY"",""TEMPLATE_RESEARCH"",""V1 retained"",""Re-score"",null,null,null,null,null,null,null,null,null,null,null,null,null,null,null,null]"	SOURCE_PRESERVED_LOCAL_VALIDATION	includes/POD/MasterCatalogV2MigrationContract.php:6	tests/wordpress/MasterCatalogMixedCandidateTest.php:21::testMixedCandidatePersistsAllDispositionsAndReplaysExactEvidence; tests/wordpress/MasterCatalogMixedCandidateTest.php:42::testForgedNormalizedEvidenceIsRejectedBeforePersistence	DG2 identity/classification/overlay/source mapping preserved; 428 retained+30 existing-family+42 new-family; no catalog promotion.
Master_500_v2	374	"[""DG2-373"",""DG-428"",""Personalized Pajamas"",""Multi-pet repeat"",""FACE_REPEAT"",""PP-018"",""PRINTIFY_PRIMARY"",""TEMPLATE_RESEARCH"",""V1 retained"",""Re-score"",null,null,null,null,null,null,null,null,null,null,null,null,null,null,null,null]"	SOURCE_PRESERVED_LOCAL_VALIDATION	includes/POD/MasterCatalogV2MigrationContract.php:6	tests/wordpress/MasterCatalogMixedCandidateTest.php:21::testMixedCandidatePersistsAllDispositionsAndReplaysExactEvidence; tests/wordpress/MasterCatalogMixedCandidateTest.php:42::testForgedNormalizedEvidenceIsRejectedBeforePersistence	DG2 identity/classification/overlay/source mapping preserved; 428 retained+30 existing-family+42 new-family; no catalog promotion.
Master_500_v2	375	"[""DG2-374"",""DG-429"",""Personalized Pajamas"",""Pet + name"",""FACE_REPEAT"",""PP-018"",""PRINTIFY_PRIMARY"",""TEMPLATE_RESEARCH"",""V1 retained"",""Re-score"",null,null,null,null,null,null,null,null,null,null,null,null,null,null,null,null]"	SOURCE_PRESERVED_LOCAL_VALIDATION	includes/POD/MasterCatalogV2MigrationContract.php:6	tests/wordpress/MasterCatalogMixedCandidateTest.php:21::testMixedCandidatePersistsAllDispositionsAndReplaysExactEvidence; tests/wordpress/MasterCatalogMixedCandidateTest.php:42::testForgedNormalizedEvidenceIsRejectedBeforePersistence	DG2 identity/classification/overlay/source mapping preserved; 428 retained+30 existing-family+42 new-family; no catalog promotion.
Master_500_v2	376	"[""DG2-375"",""DG-434"",""Personalized Pajamas"",""Couple faces"",""FACE_REPEAT"",""PP-018"",""PRINTIFY_PRIMARY"",""TEMPLATE_RESEARCH"",""V1 retained"",""Re-score"",null,null,null,null,null,null,null,null,null,null,null,null,null,null,null,null]"	SOURCE_PRESERVED_LOCAL_VALIDATION	includes/POD/MasterCatalogV2MigrationContract.php:6	tests/wordpress/MasterCatalogMixedCandidateTest.php:21::testMixedCandidatePersistsAllDispositionsAndReplaysExactEvidence; tests/wordpress/MasterCatalogMixedCandidateTest.php:42::testForgedNormalizedEvidenceIsRejectedBeforePersistence	DG2 identity/classification/overlay/source mapping preserved; 428 retained+30 existing-family+42 new-family; no catalog promotion.
Master_500_v2	377	"[""DG2-376"",""DG-435"",""Personalized Pajamas"",""Child face"",""FACE_REPEAT"",""PP-018"",""PRINTIFY_PRIMARY"",""TEMPLATE_RESEARCH"",""V1 retained"",""Re-score"",null,null,null,null,null,null,null,null,null,null,null,null,null,null,null,null]"	SOURCE_PRESERVED_LOCAL_VALIDATION	includes/POD/MasterCatalogV2MigrationContract.php:6	tests/wordpress/MasterCatalogMixedCandidateTest.php:21::testMixedCandidatePersistsAllDispositionsAndReplaysExactEvidence; tests/wordpress/MasterCatalogMixedCandidateTest.php:42::testForgedNormalizedEvidenceIsRejectedBeforePersistence	DG2 identity/classification/overlay/source mapping preserved; 428 retained+30 existing-family+42 new-family; no catalog promotion.
Master_500_v2	378	"[""DG2-377"",""DG-436"",""Personalized Pajamas"",""Baby face"",""FACE_REPEAT"",""PP-018"",""PRINTIFY_PRIMARY"",""TEMPLATE_RESEARCH"",""V1 retained"",""Re-score"",null,null,null,null,null,null,null,null,null,null,null,null,null,null,null,null]"	SOURCE_PRESERVED_LOCAL_VALIDATION	includes/POD/MasterCatalogV2MigrationContract.php:6	tests/wordpress/MasterCatalogMixedCandidateTest.php:21::testMixedCandidatePersistsAllDispositionsAndReplaysExactEvidence; tests/wordpress/MasterCatalogMixedCandidateTest.php:42::testForgedNormalizedEvidenceIsRejectedBeforePersistence	DG2 identity/classification/overlay/source mapping preserved; 428 retained+30 existing-family+42 new-family; no catalog promotion.
Master_500_v2	379	"[""DG2-378"",""DG-437"",""Personalized Pajamas"",""Family faces"",""FACE_REPEAT"",""PP-018"",""PRINTIFY_PRIMARY"",""TEMPLATE_RESEARCH"",""V1 retained"",""Re-score"",null,null,null,null,null,null,null,null,null,null,null,null,null,null,null,null]"	SOURCE_PRESERVED_LOCAL_VALIDATION	includes/POD/MasterCatalogV2MigrationContract.php:6	tests/wordpress/MasterCatalogMixedCandidateTest.php:21::testMixedCandidatePersistsAllDispositionsAndReplaysExactEvidence; tests/wordpress/MasterCatalogMixedCandidateTest.php:42::testForgedNormalizedEvidenceIsRejectedBeforePersistence	DG2 identity/classification/overlay/source mapping preserved; 428 retained+30 existing-family+42 new-family; no catalog promotion.
Master_500_v2	380	"[""DG2-379"",""DG-444"",""Personalized Pajamas"",""Bride"",""FACE_REPEAT"",""PP-018"",""PRINTIFY_PRIMARY"",""TEMPLATE_RESEARCH"",""V1 retained"",""Re-score"",null,null,null,null,null,null,null,null,null,null,null,null,null,null,null,null]"	SOURCE_PRESERVED_LOCAL_VALIDATION	includes/POD/MasterCatalogV2MigrationContract.php:6	tests/wordpress/MasterCatalogMixedCandidateTest.php:21::testMixedCandidatePersistsAllDispositionsAndReplaysExactEvidence; tests/wordpress/MasterCatalogMixedCandidateTest.php:42::testForgedNormalizedEvidenceIsRejectedBeforePersistence	DG2 identity/classification/overlay/source mapping preserved; 428 retained+30 existing-family+42 new-family; no catalog promotion.
Master_500_v2	381	"[""DG2-380"",""DG-445"",""Personalized Pajamas"",""Bridesmaids"",""FACE_REPEAT"",""PP-018"",""PRINTIFY_PRIMARY"",""TEMPLATE_RESEARCH"",""V1 retained"",""Re-score"",null,null,null,null,null,null,null,null,null,null,null,null,null,null,null,null]"	SOURCE_PRESERVED_LOCAL_VALIDATION	includes/POD/MasterCatalogV2MigrationContract.php:6	tests/wordpress/MasterCatalogMixedCandidateTest.php:21::testMixedCandidatePersistsAllDispositionsAndReplaysExactEvidence; tests/wordpress/MasterCatalogMixedCandidateTest.php:42::testForgedNormalizedEvidenceIsRejectedBeforePersistence	DG2 identity/classification/overlay/source mapping preserved; 428 retained+30 existing-family+42 new-family; no catalog promotion.
Master_500_v2	382	"[""DG2-381"",""DG-446"",""Personalized Pajamas"",""Christmas family"",""FACE_REPEAT"",""PP-018"",""PRINTIFY_PRIMARY"",""TEMPLATE_RESEARCH"",""V1 retained"",""Re-score"",null,null,null,null,null,null,null,null,null,null,null,null,null,null,null,null]"	SOURCE_PRESERVED_LOCAL_VALIDATION	includes/POD/MasterCatalogV2MigrationContract.php:6	tests/wordpress/MasterCatalogMixedCandidateTest.php:21::testMixedCandidatePersistsAllDispositionsAndReplaysExactEvidence; tests/wordpress/MasterCatalogMixedCandidateTest.php:42::testForgedNormalizedEvidenceIsRejectedBeforePersistence	DG2 identity/classification/overlay/source mapping preserved; 428 retained+30 existing-family+42 new-family; no catalog promotion.
Master_500_v2	383	"[""DG2-382"",""DG-447"",""Personalized Pajamas"",""Valentine couple"",""FACE_REPEAT"",""PP-018"",""PRINTIFY_PRIMARY"",""TEMPLATE_RESEARCH"",""V1 retained"",""Re-score"",null,null,null,null,null,null,null,null,null,null,null,null,null,null,null,null]"	SOURCE_PRESERVED_LOCAL_VALIDATION	includes/POD/MasterCatalogV2MigrationContract.php:6	tests/wordpress/MasterCatalogMixedCandidateTest.php:21::testMixedCandidatePersistsAllDispositionsAndReplaysExactEvidence; tests/wordpress/MasterCatalogMixedCandidateTest.php:42::testForgedNormalizedEvidenceIsRejectedBeforePersistence	DG2 identity/classification/overlay/source mapping preserved; 428 retained+30 existing-family+42 new-family; no catalog promotion.
Master_500_v2	384	"[""DG2-383"",""DG-448"",""Personalized Pajamas"",""Father Day"",""FACE_REPEAT"",""PP-018"",""PRINTIFY_PRIMARY"",""TEMPLATE_RESEARCH"",""V1 retained"",""Re-score"",null,null,null,null,null,null,null,null,null,null,null,null,null,null,null,null]"	SOURCE_PRESERVED_LOCAL_VALIDATION	includes/POD/MasterCatalogV2MigrationContract.php:6	tests/wordpress/MasterCatalogMixedCandidateTest.php:21::testMixedCandidatePersistsAllDispositionsAndReplaysExactEvidence; tests/wordpress/MasterCatalogMixedCandidateTest.php:42::testForgedNormalizedEvidenceIsRejectedBeforePersistence	DG2 identity/classification/overlay/source mapping preserved; 428 retained+30 existing-family+42 new-family; no catalog promotion.
Master_500_v2	385	"[""DG2-384"",""DG-449"",""Personalized Pajamas"",""Mother Day"",""FACE_REPEAT"",""PP-018"",""PRINTIFY_PRIMARY"",""TEMPLATE_RESEARCH"",""V1 retained"",""Re-score"",null,null,null,null,null,null,null,null,null,null,null,null,null,null,null,null]"	SOURCE_PRESERVED_LOCAL_VALIDATION	includes/POD/MasterCatalogV2MigrationContract.php:6	tests/wordpress/MasterCatalogMixedCandidateTest.php:21::testMixedCandidatePersistsAllDispositionsAndReplaysExactEvidence; tests/wordpress/MasterCatalogMixedCandidateTest.php:42::testForgedNormalizedEvidenceIsRejectedBeforePersistence	DG2 identity/classification/overlay/source mapping preserved; 428 retained+30 existing-family+42 new-family; no catalog promotion.
Master_500_v2	386	"[""DG2-385"",""DG-450"",""Personalized Pajamas"",""Pet memorial"",""MEMORIAL"",""PP-018"",""PRINTIFY_PRIMARY"",""TEMPLATE_RESEARCH"",""V1 retained"",""Re-score"",null,null,null,null,null,null,null,null,null,null,null,null,null,null,null,null]"	SOURCE_PRESERVED_LOCAL_VALIDATION	includes/POD/MasterCatalogV2MigrationContract.php:6	tests/wordpress/MasterCatalogMixedCandidateTest.php:21::testMixedCandidatePersistsAllDispositionsAndReplaysExactEvidence; tests/wordpress/MasterCatalogMixedCandidateTest.php:42::testForgedNormalizedEvidenceIsRejectedBeforePersistence	DG2 identity/classification/overlay/source mapping preserved; 428 retained+30 existing-family+42 new-family; no catalog promotion.
Master_500_v2	387	"[""DG2-386"",""DG-451"",""Family/Couple/Memorial Gifts"",""Wedding photo gift"",""MULTI_PHOTO"",""PP-019"",""ROUTE_BY_BASE_PRODUCT"",""CONFIGURATION_ONLY"",""V1 retained"",""Re-score"",null,null,null,null,null,null,null,null,null,null,null,null,null,null,null,null]"	SOURCE_PRESERVED_LOCAL_VALIDATION	includes/POD/MasterCatalogV2MigrationContract.php:6	tests/wordpress/MasterCatalogMixedCandidateTest.php:21::testMixedCandidatePersistsAllDispositionsAndReplaysExactEvidence; tests/wordpress/MasterCatalogMixedCandidateTest.php:42::testForgedNormalizedEvidenceIsRejectedBeforePersistence	DG2 identity/classification/overlay/source mapping preserved; 428 retained+30 existing-family+42 new-family; no catalog promotion.
Master_500_v2	388	"[""DG2-387"",""DG-452"",""Family/Couple/Memorial Gifts"",""First anniversary"",""MULTI_PHOTO"",""PP-019"",""ROUTE_BY_BASE_PRODUCT"",""CONFIGURATION_ONLY"",""V1 retained"",""Re-score"",null,null,null,null,null,null,null,null,null,null,null,null,null,null,null,null]"	SOURCE_PRESERVED_LOCAL_VALIDATION	includes/POD/MasterCatalogV2MigrationContract.php:6	tests/wordpress/MasterCatalogMixedCandidateTest.php:21::testMixedCandidatePersistsAllDispositionsAndReplaysExactEvidence; tests/wordpress/MasterCatalogMixedCandidateTest.php:42::testForgedNormalizedEvidenceIsRejectedBeforePersistence	DG2 identity/classification/overlay/source mapping preserved; 428 retained+30 existing-family+42 new-family; no catalog promotion.
Master_500_v2	389	"[""DG2-388"",""DG-453"",""Family/Couple/Memorial Gifts"",""10th anniversary"",""MULTI_PHOTO"",""PP-019"",""ROUTE_BY_BASE_PRODUCT"",""CONFIGURATION_ONLY"",""V1 retained"",""Re-score"",null,null,null,null,null,null,null,null,null,null,null,null,null,null,null,null]"	SOURCE_PRESERVED_LOCAL_VALIDATION	includes/POD/MasterCatalogV2MigrationContract.php:6	tests/wordpress/MasterCatalogMixedCandidateTest.php:21::testMixedCandidatePersistsAllDispositionsAndReplaysExactEvidence; tests/wordpress/MasterCatalogMixedCandidateTest.php:42::testForgedNormalizedEvidenceIsRejectedBeforePersistence	DG2 identity/classification/overlay/source mapping preserved; 428 retained+30 existing-family+42 new-family; no catalog promotion.
Master_500_v2	390	"[""DG2-389"",""DG-454"",""Family/Couple/Memorial Gifts"",""25th anniversary"",""MULTI_PHOTO"",""PP-019"",""ROUTE_BY_BASE_PRODUCT"",""CONFIGURATION_ONLY"",""V1 retained"",""Re-score"",null,null,null,null,null,null,null,null,null,null,null,null,null,null,null,null]"	SOURCE_PRESERVED_LOCAL_VALIDATION	includes/POD/MasterCatalogV2MigrationContract.php:6	tests/wordpress/MasterCatalogMixedCandidateTest.php:21::testMixedCandidatePersistsAllDispositionsAndReplaysExactEvidence; tests/wordpress/MasterCatalogMixedCandidateTest.php:42::testForgedNormalizedEvidenceIsRejectedBeforePersistence	DG2 identity/classification/overlay/source mapping preserved; 428 retained+30 existing-family+42 new-family; no catalog promotion.
Master_500_v2	391	"[""DG2-390"",""DG-455"",""Family/Couple/Memorial Gifts"",""50th anniversary"",""MULTI_PHOTO"",""PP-019"",""ROUTE_BY_BASE_PRODUCT"",""CONFIGURATION_ONLY"",""V1 retained"",""Re-score"",null,null,null,null,null,null,null,null,null,null,null,null,null,null,null,null]"	SOURCE_PRESERVED_LOCAL_VALIDATION	includes/POD/MasterCatalogV2MigrationContract.php:6	tests/wordpress/MasterCatalogMixedCandidateTest.php:21::testMixedCandidatePersistsAllDispositionsAndReplaysExactEvidence; tests/wordpress/MasterCatalogMixedCandidateTest.php:42::testForgedNormalizedEvidenceIsRejectedBeforePersistence	DG2 identity/classification/overlay/source mapping preserved; 428 retained+30 existing-family+42 new-family; no catalog promotion.
Master_500_v2	392	"[""DG2-391"",""DG-456"",""Family/Couple/Memorial Gifts"",""Newlywed"",""MULTI_PHOTO"",""PP-019"",""ROUTE_BY_BASE_PRODUCT"",""CONFIGURATION_ONLY"",""V1 retained"",""Re-score"",null,null,null,null,null,null,null,null,null,null,null,null,null,null,null,null]"	SOURCE_PRESERVED_LOCAL_VALIDATION	includes/POD/MasterCatalogV2MigrationContract.php:6	tests/wordpress/MasterCatalogMixedCandidateTest.php:21::testMixedCandidatePersistsAllDispositionsAndReplaysExactEvidence; tests/wordpress/MasterCatalogMixedCandidateTest.php:42::testForgedNormalizedEvidenceIsRejectedBeforePersistence	DG2 identity/classification/overlay/source mapping preserved; 428 retained+30 existing-family+42 new-family; no catalog promotion.
Master_500_v2	393	"[""DG2-392"",""DG-457"",""Family/Couple/Memorial Gifts"",""Engagement"",""MULTI_PHOTO"",""PP-019"",""ROUTE_BY_BASE_PRODUCT"",""CONFIGURATION_ONLY"",""V1 retained"",""Re-score"",null,null,null,null,null,null,null,null,null,null,null,null,null,null,null,null]"	SOURCE_PRESERVED_LOCAL_VALIDATION	includes/POD/MasterCatalogV2MigrationContract.php:6	tests/wordpress/MasterCatalogMixedCandidateTest.php:21::testMixedCandidatePersistsAllDispositionsAndReplaysExactEvidence; tests/wordpress/MasterCatalogMixedCandidateTest.php:42::testForgedNormalizedEvidenceIsRejectedBeforePersistence	DG2 identity/classification/overlay/source mapping preserved; 428 retained+30 existing-family+42 new-family; no catalog promotion.
Master_500_v2	394	"[""DG2-393"",""DG-458"",""Family/Couple/Memorial Gifts"",""Long-distance couple"",""MULTI_PHOTO"",""PP-019"",""ROUTE_BY_BASE_PRODUCT"",""CONFIGURATION_ONLY"",""V1 retained"",""Re-score"",null,null,null,null,null,null,null,null,null,null,null,null,null,null,null,null]"	SOURCE_PRESERVED_LOCAL_VALIDATION	includes/POD/MasterCatalogV2MigrationContract.php:6	tests/wordpress/MasterCatalogMixedCandidateTest.php:21::testMixedCandidatePersistsAllDispositionsAndReplaysExactEvidence; tests/wordpress/MasterCatalogMixedCandidateTest.php:42::testForgedNormalizedEvidenceIsRejectedBeforePersistence	DG2 identity/classification/overlay/source mapping preserved; 428 retained+30 existing-family+42 new-family; no catalog promotion.
Master_500_v2	395	"[""DG2-394"",""DG-459"",""Family/Couple/Memorial Gifts"",""New baby"",""MULTI_PHOTO"",""PP-019"",""ROUTE_BY_BASE_PRODUCT"",""CONFIGURATION_ONLY"",""V1 retained"",""Re-score"",null,null,null,null,null,null,null,null,null,null,null,null,null,null,null,null]"	SOURCE_PRESERVED_LOCAL_VALIDATION	includes/POD/MasterCatalogV2MigrationContract.php:6	tests/wordpress/MasterCatalogMixedCandidateTest.php:21::testMixedCandidatePersistsAllDispositionsAndReplaysExactEvidence; tests/wordpress/MasterCatalogMixedCandidateTest.php:42::testForgedNormalizedEvidenceIsRejectedBeforePersistence	DG2 identity/classification/overlay/source mapping preserved; 428 retained+30 existing-family+42 new-family; no catalog promotion.
Master_500_v2	396	"[""DG2-395"",""DG-460"",""Family/Couple/Memorial Gifts"",""Pregnancy announcement"",""MULTI_PHOTO"",""PP-019"",""ROUTE_BY_BASE_PRODUCT"",""CONFIGURATION_ONLY"",""V1 retained"",""Re-score"",null,null,null,null,null,null,null,null,null,null,null,null,null,null,null,null]"	SOURCE_PRESERVED_LOCAL_VALIDATION	includes/POD/MasterCatalogV2MigrationContract.php:6	tests/wordpress/MasterCatalogMixedCandidateTest.php:21::testMixedCandidatePersistsAllDispositionsAndReplaysExactEvidence; tests/wordpress/MasterCatalogMixedCandidateTest.php:42::testForgedNormalizedEvidenceIsRejectedBeforePersistence	DG2 identity/classification/overlay/source mapping preserved; 428 retained+30 existing-family+42 new-family; no catalog promotion.
Master_500_v2	397	"[""DG2-396"",""DG-461"",""Family/Couple/Memorial Gifts"",""Mother Day"",""MULTI_PHOTO"",""PP-019"",""ROUTE_BY_BASE_PRODUCT"",""CONFIGURATION_ONLY"",""V1 retained"",""Re-score"",null,null,null,null,null,null,null,null,null,null,null,null,null,null,null,null]"	SOURCE_PRESERVED_LOCAL_VALIDATION	includes/POD/MasterCatalogV2MigrationContract.php:6	tests/wordpress/MasterCatalogMixedCandidateTest.php:21::testMixedCandidatePersistsAllDispositionsAndReplaysExactEvidence; tests/wordpress/MasterCatalogMixedCandidateTest.php:42::testForgedNormalizedEvidenceIsRejectedBeforePersistence	DG2 identity/classification/overlay/source mapping preserved; 428 retained+30 existing-family+42 new-family; no catalog promotion.
Master_500_v2	398	"[""DG2-397"",""DG-462"",""Family/Couple/Memorial Gifts"",""Father Day"",""MULTI_PHOTO"",""PP-019"",""ROUTE_BY_BASE_PRODUCT"",""CONFIGURATION_ONLY"",""V1 retained"",""Re-score"",null,null,null,null,null,null,null,null,null,null,null,null,null,null,null,null]"	SOURCE_PRESERVED_LOCAL_VALIDATION	includes/POD/MasterCatalogV2MigrationContract.php:6	tests/wordpress/MasterCatalogMixedCandidateTest.php:21::testMixedCandidatePersistsAllDispositionsAndReplaysExactEvidence; tests/wordpress/MasterCatalogMixedCandidateTest.php:42::testForgedNormalizedEvidenceIsRejectedBeforePersistence	DG2 identity/classification/overlay/source mapping preserved; 428 retained+30 existing-family+42 new-family; no catalog promotion.
Master_500_v2	399	"[""DG2-398"",""DG-463"",""Family/Couple/Memorial Gifts"",""Grandma"",""MULTI_PHOTO"",""PP-019"",""ROUTE_BY_BASE_PRODUCT"",""CONFIGURATION_ONLY"",""V1 retained"",""Re-score"",null,null,null,null,null,null,null,null,null,null,null,null,null,null,null,null]"	SOURCE_PRESERVED_LOCAL_VALIDATION	includes/POD/MasterCatalogV2MigrationContract.php:6	tests/wordpress/MasterCatalogMixedCandidateTest.php:21::testMixedCandidatePersistsAllDispositionsAndReplaysExactEvidence; tests/wordpress/MasterCatalogMixedCandidateTest.php:42::testForgedNormalizedEvidenceIsRejectedBeforePersistence	DG2 identity/classification/overlay/source mapping preserved; 428 retained+30 existing-family+42 new-family; no catalog promotion.
Master_500_v2	400	"[""DG2-399"",""DG-464"",""Family/Couple/Memorial Gifts"",""Grandpa"",""MULTI_PHOTO"",""PP-019"",""ROUTE_BY_BASE_PRODUCT"",""CONFIGURATION_ONLY"",""V1 retained"",""Re-score"",null,null,null,null,null,null,null,null,null,null,null,null,null,null,null,null]"	SOURCE_PRESERVED_LOCAL_VALIDATION	includes/POD/MasterCatalogV2MigrationContract.php:6	tests/wordpress/MasterCatalogMixedCandidateTest.php:21::testMixedCandidatePersistsAllDispositionsAndReplaysExactEvidence; tests/wordpress/MasterCatalogMixedCandidateTest.php:42::testForgedNormalizedEvidenceIsRejectedBeforePersistence	DG2 identity/classification/overlay/source mapping preserved; 428 retained+30 existing-family+42 new-family; no catalog promotion.
Master_500_v2	401	"[""DG2-400"",""DG-465"",""Family/Couple/Memorial Gifts"",""Family reunion"",""MULTI_PHOTO"",""PP-019"",""ROUTE_BY_BASE_PRODUCT"",""CONFIGURATION_ONLY"",""V1 retained"",""Re-score"",null,null,null,null,null,null,null,null,null,null,null,null,null,null,null,null]"	SOURCE_PRESERVED_LOCAL_VALIDATION	includes/POD/MasterCatalogV2MigrationContract.php:6	tests/wordpress/MasterCatalogMixedCandidateTest.php:21::testMixedCandidatePersistsAllDispositionsAndReplaysExactEvidence; tests/wordpress/MasterCatalogMixedCandidateTest.php:42::testForgedNormalizedEvidenceIsRejectedBeforePersistence	DG2 identity/classification/overlay/source mapping preserved; 428 retained+30 existing-family+42 new-family; no catalog promotion.
Master_500_v2	402	"[""DG2-401"",""DG-466"",""Family/Couple/Memorial Gifts"",""Graduation"",""MULTI_PHOTO"",""PP-019"",""ROUTE_BY_BASE_PRODUCT"",""CONFIGURATION_ONLY"",""V1 retained"",""Re-score"",null,null,null,null,null,null,null,null,null,null,null,null,null,null,null,null]"	SOURCE_PRESERVED_LOCAL_VALIDATION	includes/POD/MasterCatalogV2MigrationContract.php:6	tests/wordpress/MasterCatalogMixedCandidateTest.php:21::testMixedCandidatePersistsAllDispositionsAndReplaysExactEvidence; tests/wordpress/MasterCatalogMixedCandidateTest.php:42::testForgedNormalizedEvidenceIsRejectedBeforePersistence	DG2 identity/classification/overlay/source mapping preserved; 428 retained+30 existing-family+42 new-family; no catalog promotion.
Master_500_v2	403	"[""DG2-402"",""DG-467"",""Family/Couple/Memorial Gifts"",""Retirement"",""MULTI_PHOTO"",""PP-019"",""ROUTE_BY_BASE_PRODUCT"",""CONFIGURATION_ONLY"",""V1 retained"",""Re-score"",null,null,null,null,null,null,null,null,null,null,null,null,null,null,null,null]"	SOURCE_PRESERVED_LOCAL_VALIDATION	includes/POD/MasterCatalogV2MigrationContract.php:6	tests/wordpress/MasterCatalogMixedCandidateTest.php:21::testMixedCandidatePersistsAllDispositionsAndReplaysExactEvidence; tests/wordpress/MasterCatalogMixedCandidateTest.php:42::testForgedNormalizedEvidenceIsRejectedBeforePersistence	DG2 identity/classification/overlay/source mapping preserved; 428 retained+30 existing-family+42 new-family; no catalog promotion.
Master_500_v2	404	"[""DG2-403"",""DG-468"",""Family/Couple/Memorial Gifts"",""New home"",""MULTI_PHOTO"",""PP-019"",""ROUTE_BY_BASE_PRODUCT"",""CONFIGURATION_ONLY"",""V1 retained"",""Re-score"",null,null,null,null,null,null,null,null,null,null,null,null,null,null,null,null]"	SOURCE_PRESERVED_LOCAL_VALIDATION	includes/POD/MasterCatalogV2MigrationContract.php:6	tests/wordpress/MasterCatalogMixedCandidateTest.php:21::testMixedCandidatePersistsAllDispositionsAndReplaysExactEvidence; tests/wordpress/MasterCatalogMixedCandidateTest.php:42::testForgedNormalizedEvidenceIsRejectedBeforePersistence	DG2 identity/classification/overlay/source mapping preserved; 428 retained+30 existing-family+42 new-family; no catalog promotion.
Master_500_v2	405	"[""DG2-404"",""DG-469"",""Family/Couple/Memorial Gifts"",""Pet memorial"",""MEMORIAL"",""PP-019"",""ROUTE_BY_BASE_PRODUCT"",""CONFIGURATION_ONLY"",""V1 retained"",""Re-score"",null,null,null,null,null,null,null,null,null,null,null,null,null,null,null,null]"	SOURCE_PRESERVED_LOCAL_VALIDATION	includes/POD/MasterCatalogV2MigrationContract.php:6	tests/wordpress/MasterCatalogMixedCandidateTest.php:21::testMixedCandidatePersistsAllDispositionsAndReplaysExactEvidence; tests/wordpress/MasterCatalogMixedCandidateTest.php:42::testForgedNormalizedEvidenceIsRejectedBeforePersistence	DG2 identity/classification/overlay/source mapping preserved; 428 retained+30 existing-family+42 new-family; no catalog promotion.
Master_500_v2	406	"[""DG2-405"",""DG-470"",""Family/Couple/Memorial Gifts"",""Human memorial"",""MEMORIAL"",""PP-019"",""ROUTE_BY_BASE_PRODUCT"",""CONFIGURATION_ONLY"",""V1 retained"",""Re-score"",null,null,null,null,null,null,null,null,null,null,null,null,null,null,null,null]"	SOURCE_PRESERVED_LOCAL_VALIDATION	includes/POD/MasterCatalogV2MigrationContract.php:6	tests/wordpress/MasterCatalogMixedCandidateTest.php:21::testMixedCandidatePersistsAllDispositionsAndReplaysExactEvidence; tests/wordpress/MasterCatalogMixedCandidateTest.php:42::testForgedNormalizedEvidenceIsRejectedBeforePersistence	DG2 identity/classification/overlay/source mapping preserved; 428 retained+30 existing-family+42 new-family; no catalog promotion.
Master_500_v2	407	"[""DG2-406"",""DG-471"",""Family/Couple/Memorial Gifts"",""Sympathy keepsake"",""MEMORIAL"",""PP-019"",""ROUTE_BY_BASE_PRODUCT"",""CONFIGURATION_ONLY"",""V1 retained"",""Re-score"",null,null,null,null,null,null,null,null,null,null,null,null,null,null,null,null]"	SOURCE_PRESERVED_LOCAL_VALIDATION	includes/POD/MasterCatalogV2MigrationContract.php:6	tests/wordpress/MasterCatalogMixedCandidateTest.php:21::testMixedCandidatePersistsAllDispositionsAndReplaysExactEvidence; tests/wordpress/MasterCatalogMixedCandidateTest.php:42::testForgedNormalizedEvidenceIsRejectedBeforePersistence	DG2 identity/classification/overlay/source mapping preserved; 428 retained+30 existing-family+42 new-family; no catalog promotion.
Master_500_v2	408	"[""DG2-407"",""DG-472"",""Family/Couple/Memorial Gifts"",""Best-friend milestone"",""MULTI_PHOTO"",""PP-019"",""ROUTE_BY_BASE_PRODUCT"",""CONFIGURATION_ONLY"",""V1 retained"",""Re-score"",null,null,null,null,null,null,null,null,null,null,null,null,null,null,null,null]"	SOURCE_PRESERVED_LOCAL_VALIDATION	includes/POD/MasterCatalogV2MigrationContract.php:6	tests/wordpress/MasterCatalogMixedCandidateTest.php:21::testMixedCandidatePersistsAllDispositionsAndReplaysExactEvidence; tests/wordpress/MasterCatalogMixedCandidateTest.php:42::testForgedNormalizedEvidenceIsRejectedBeforePersistence	DG2 identity/classification/overlay/source mapping preserved; 428 retained+30 existing-family+42 new-family; no catalog promotion.
Master_500_v2	409	"[""DG2-408"",""DG-473"",""Family/Couple/Memorial Gifts"",""Vacation memory"",""MULTI_PHOTO"",""PP-019"",""ROUTE_BY_BASE_PRODUCT"",""CONFIGURATION_ONLY"",""V1 retained"",""Re-score"",null,null,null,null,null,null,null,null,null,null,null,null,null,null,null,null]"	SOURCE_PRESERVED_LOCAL_VALIDATION	includes/POD/MasterCatalogV2MigrationContract.php:6	tests/wordpress/MasterCatalogMixedCandidateTest.php:21::testMixedCandidatePersistsAllDispositionsAndReplaysExactEvidence; tests/wordpress/MasterCatalogMixedCandidateTest.php:42::testForgedNormalizedEvidenceIsRejectedBeforePersistence	DG2 identity/classification/overlay/source mapping preserved; 428 retained+30 existing-family+42 new-family; no catalog promotion.
Master_500_v2	410	"[""DG2-409"",""DG-474"",""Family/Couple/Memorial Gifts"",""Adoption day"",""MULTI_PHOTO"",""PP-019"",""ROUTE_BY_BASE_PRODUCT"",""CONFIGURATION_ONLY"",""V1 retained"",""Re-score"",null,null,null,null,null,null,null,null,null,null,null,null,null,null,null,null]"	SOURCE_PRESERVED_LOCAL_VALIDATION	includes/POD/MasterCatalogV2MigrationContract.php:6	tests/wordpress/MasterCatalogMixedCandidateTest.php:21::testMixedCandidatePersistsAllDispositionsAndReplaysExactEvidence; tests/wordpress/MasterCatalogMixedCandidateTest.php:42::testForgedNormalizedEvidenceIsRejectedBeforePersistence	DG2 identity/classification/overlay/source mapping preserved; 428 retained+30 existing-family+42 new-family; no catalog promotion.
Master_500_v2	411	"[""DG2-410"",""DG-475"",""Family/Couple/Memorial Gifts"",""Multi-generation"",""MULTI_PHOTO"",""PP-019"",""ROUTE_BY_BASE_PRODUCT"",""CONFIGURATION_ONLY"",""V1 retained"",""Re-score"",null,null,null,null,null,null,null,null,null,null,null,null,null,null,null,null]"	SOURCE_PRESERVED_LOCAL_VALIDATION	includes/POD/MasterCatalogV2MigrationContract.php:6	tests/wordpress/MasterCatalogMixedCandidateTest.php:21::testMixedCandidatePersistsAllDispositionsAndReplaysExactEvidence; tests/wordpress/MasterCatalogMixedCandidateTest.php:42::testForgedNormalizedEvidenceIsRejectedBeforePersistence	DG2 identity/classification/overlay/source mapping preserved; 428 retained+30 existing-family+42 new-family; no catalog promotion.
Master_500_v2	412	"[""DG2-411"",""DG-476"",""Advanced Transformations"",""Watercolor pet"",""WATERCOLOR"",""PP-020"",""ROUTE_BY_BASE_PRODUCT"",""CONFIGURATION_ONLY"",""V1 retained"",""Re-score"",null,null,null,null,null,null,null,null,null,null,null,null,null,null,null,null]"	SOURCE_PRESERVED_LOCAL_VALIDATION	includes/POD/MasterCatalogV2MigrationContract.php:6	tests/wordpress/MasterCatalogMixedCandidateTest.php:21::testMixedCandidatePersistsAllDispositionsAndReplaysExactEvidence; tests/wordpress/MasterCatalogMixedCandidateTest.php:42::testForgedNormalizedEvidenceIsRejectedBeforePersistence	DG2 identity/classification/overlay/source mapping preserved; 428 retained+30 existing-family+42 new-family; no catalog promotion.
Master_500_v2	413	"[""DG2-412"",""DG-478"",""Advanced Transformations"",""Pet line art"",""LINE_ART"",""PP-020"",""ROUTE_BY_BASE_PRODUCT"",""CONFIGURATION_ONLY"",""V1 retained"",""Re-score"",null,null,null,null,null,null,null,null,null,null,null,null,null,null,null,null]"	SOURCE_PRESERVED_LOCAL_VALIDATION	includes/POD/MasterCatalogV2MigrationContract.php:6	tests/wordpress/MasterCatalogMixedCandidateTest.php:21::testMixedCandidatePersistsAllDispositionsAndReplaysExactEvidence; tests/wordpress/MasterCatalogMixedCandidateTest.php:42::testForgedNormalizedEvidenceIsRejectedBeforePersistence	DG2 identity/classification/overlay/source mapping preserved; 428 retained+30 existing-family+42 new-family; no catalog promotion.
Master_500_v2	414	"[""DG2-413"",""DG-479"",""Advanced Transformations"",""Couple line art"",""LINE_ART"",""PP-020"",""ROUTE_BY_BASE_PRODUCT"",""CONFIGURATION_ONLY"",""V1 retained"",""Re-score"",null,null,null,null,null,null,null,null,null,null,null,null,null,null,null,null]"	SOURCE_PRESERVED_LOCAL_VALIDATION	includes/POD/MasterCatalogV2MigrationContract.php:6	tests/wordpress/MasterCatalogMixedCandidateTest.php:21::testMixedCandidatePersistsAllDispositionsAndReplaysExactEvidence; tests/wordpress/MasterCatalogMixedCandidateTest.php:42::testForgedNormalizedEvidenceIsRejectedBeforePersistence	DG2 identity/classification/overlay/source mapping preserved; 428 retained+30 existing-family+42 new-family; no catalog promotion.
Master_500_v2	415	"[""DG2-414"",""DG-481"",""Advanced Transformations"",""Vintage painted portrait"",""AI_TRANSFORM"",""PP-020"",""ROUTE_BY_BASE_PRODUCT"",""CONFIGURATION_ONLY"",""V1 retained"",""Re-score"",null,null,null,null,null,null,null,null,null,null,null,null,null,null,null,null]"	SOURCE_PRESERVED_LOCAL_VALIDATION	includes/POD/MasterCatalogV2MigrationContract.php:6	tests/wordpress/MasterCatalogMixedCandidateTest.php:21::testMixedCandidatePersistsAllDispositionsAndReplaysExactEvidence; tests/wordpress/MasterCatalogMixedCandidateTest.php:42::testForgedNormalizedEvidenceIsRejectedBeforePersistence	DG2 identity/classification/overlay/source mapping preserved; 428 retained+30 existing-family+42 new-family; no catalog promotion.
Master_500_v2	416	"[""DG2-415"",""DG-483"",""Advanced Transformations"",""Floral pet"",""AI_TRANSFORM"",""PP-020"",""ROUTE_BY_BASE_PRODUCT"",""CONFIGURATION_ONLY"",""V1 retained"",""Re-score"",null,null,null,null,null,null,null,null,null,null,null,null,null,null,null,null]"	SOURCE_PRESERVED_LOCAL_VALIDATION	includes/POD/MasterCatalogV2MigrationContract.php:6	tests/wordpress/MasterCatalogMixedCandidateTest.php:21::testMixedCandidatePersistsAllDispositionsAndReplaysExactEvidence; tests/wordpress/MasterCatalogMixedCandidateTest.php:42::testForgedNormalizedEvidenceIsRejectedBeforePersistence	DG2 identity/classification/overlay/source mapping preserved; 428 retained+30 existing-family+42 new-family; no catalog promotion.
Master_500_v2	417	"[""DG2-416"",""DG-485"",""Advanced Transformations"",""Minimalist pet name"",""AI_TRANSFORM"",""PP-020"",""ROUTE_BY_BASE_PRODUCT"",""CONFIGURATION_ONLY"",""V1 retained"",""Re-score"",null,null,null,null,null,null,null,null,null,null,null,null,null,null,null,null]"	SOURCE_PRESERVED_LOCAL_VALIDATION	includes/POD/MasterCatalogV2MigrationContract.php:6	tests/wordpress/MasterCatalogMixedCandidateTest.php:21::testMixedCandidatePersistsAllDispositionsAndReplaysExactEvidence; tests/wordpress/MasterCatalogMixedCandidateTest.php:42::testForgedNormalizedEvidenceIsRejectedBeforePersistence	DG2 identity/classification/overlay/source mapping preserved; 428 retained+30 existing-family+42 new-family; no catalog promotion.
Master_500_v2	418	"[""DG2-417"",""DG-488"",""Advanced Transformations"",""Family story layout"",""AI_TRANSFORM"",""PP-020"",""ROUTE_BY_BASE_PRODUCT"",""CONFIGURATION_ONLY"",""V1 retained"",""Re-score"",null,null,null,null,null,null,null,null,null,null,null,null,null,null,null,null]"	SOURCE_PRESERVED_LOCAL_VALIDATION	includes/POD/MasterCatalogV2MigrationContract.php:6	tests/wordpress/MasterCatalogMixedCandidateTest.php:21::testMixedCandidatePersistsAllDispositionsAndReplaysExactEvidence; tests/wordpress/MasterCatalogMixedCandidateTest.php:42::testForgedNormalizedEvidenceIsRejectedBeforePersistence	DG2 identity/classification/overlay/source mapping preserved; 428 retained+30 existing-family+42 new-family; no catalog promotion.
Master_500_v2	419	"[""DG2-418"",""DG-489"",""Advanced Transformations"",""Anniversary story"",""AI_TRANSFORM"",""PP-020"",""ROUTE_BY_BASE_PRODUCT"",""CONFIGURATION_ONLY"",""V1 retained"",""Re-score"",null,null,null,null,null,null,null,null,null,null,null,null,null,null,null,null]"	SOURCE_PRESERVED_LOCAL_VALIDATION	includes/POD/MasterCatalogV2MigrationContract.php:6	tests/wordpress/MasterCatalogMixedCandidateTest.php:21::testMixedCandidatePersistsAllDispositionsAndReplaysExactEvidence; tests/wordpress/MasterCatalogMixedCandidateTest.php:42::testForgedNormalizedEvidenceIsRejectedBeforePersistence	DG2 identity/classification/overlay/source mapping preserved; 428 retained+30 existing-family+42 new-family; no catalog promotion.
Master_500_v2	420	"[""DG2-419"",""DG-490"",""Advanced Transformations"",""Baby birth-stat illustration"",""AI_TRANSFORM"",""PP-020"",""ROUTE_BY_BASE_PRODUCT"",""CONFIGURATION_ONLY"",""V1 retained"",""Re-score"",null,null,null,null,null,null,null,null,null,null,null,null,null,null,null,null]"	SOURCE_PRESERVED_LOCAL_VALIDATION	includes/POD/MasterCatalogV2MigrationContract.php:6	tests/wordpress/MasterCatalogMixedCandidateTest.php:21::testMixedCandidatePersistsAllDispositionsAndReplaysExactEvidence; tests/wordpress/MasterCatalogMixedCandidateTest.php:42::testForgedNormalizedEvidenceIsRejectedBeforePersistence	DG2 identity/classification/overlay/source mapping preserved; 428 retained+30 existing-family+42 new-family; no catalog promotion.
Master_500_v2	421	"[""DG2-420"",""DG-491"",""Advanced Transformations"",""House illustration"",""AI_TRANSFORM"",""PP-020"",""ROUTE_BY_BASE_PRODUCT"",""CONFIGURATION_ONLY"",""V1 retained"",""Re-score"",null,null,null,null,null,null,null,null,null,null,null,null,null,null,null,null]"	SOURCE_PRESERVED_LOCAL_VALIDATION	includes/POD/MasterCatalogV2MigrationContract.php:6	tests/wordpress/MasterCatalogMixedCandidateTest.php:21::testMixedCandidatePersistsAllDispositionsAndReplaysExactEvidence; tests/wordpress/MasterCatalogMixedCandidateTest.php:42::testForgedNormalizedEvidenceIsRejectedBeforePersistence	DG2 identity/classification/overlay/source mapping preserved; 428 retained+30 existing-family+42 new-family; no catalog promotion.
Master_500_v2	422	"[""DG2-421"",""DG-492"",""Advanced Transformations"",""Clean child drawing"",""CHILD_ART"",""PP-020"",""ROUTE_BY_BASE_PRODUCT"",""CONFIGURATION_ONLY"",""V1 retained"",""Re-score"",null,null,null,null,null,null,null,null,null,null,null,null,null,null,null,null]"	SOURCE_PRESERVED_LOCAL_VALIDATION	includes/POD/MasterCatalogV2MigrationContract.php:6	tests/wordpress/MasterCatalogMixedCandidateTest.php:21::testMixedCandidatePersistsAllDispositionsAndReplaysExactEvidence; tests/wordpress/MasterCatalogMixedCandidateTest.php:42::testForgedNormalizedEvidenceIsRejectedBeforePersistence	DG2 identity/classification/overlay/source mapping preserved; 428 retained+30 existing-family+42 new-family; no catalog promotion.
Master_500_v2	423	"[""DG2-422"",""DG-493"",""Advanced Transformations"",""Handwriting keepsake"",""HANDWRITING"",""PP-020"",""ROUTE_BY_BASE_PRODUCT"",""CONFIGURATION_ONLY"",""V1 retained"",""Re-score"",null,null,null,null,null,null,null,null,null,null,null,null,null,null,null,null]"	SOURCE_PRESERVED_LOCAL_VALIDATION	includes/POD/MasterCatalogV2MigrationContract.php:6	tests/wordpress/MasterCatalogMixedCandidateTest.php:21::testMixedCandidatePersistsAllDispositionsAndReplaysExactEvidence; tests/wordpress/MasterCatalogMixedCandidateTest.php:42::testForgedNormalizedEvidenceIsRejectedBeforePersistence	DG2 identity/classification/overlay/source mapping preserved; 428 retained+30 existing-family+42 new-family; no catalog promotion.
Master_500_v2	424	"[""DG2-423"",""DG-494"",""Advanced Transformations"",""Recipe keepsake"",""HANDWRITING"",""PP-020"",""ROUTE_BY_BASE_PRODUCT"",""CONFIGURATION_ONLY"",""V1 retained"",""Re-score"",null,null,null,null,null,null,null,null,null,null,null,null,null,null,null,null]"	SOURCE_PRESERVED_LOCAL_VALIDATION	includes/POD/MasterCatalogV2MigrationContract.php:6	tests/wordpress/MasterCatalogMixedCandidateTest.php:21::testMixedCandidatePersistsAllDispositionsAndReplaysExactEvidence; tests/wordpress/MasterCatalogMixedCandidateTest.php:42::testForgedNormalizedEvidenceIsRejectedBeforePersistence	DG2 identity/classification/overlay/source mapping preserved; 428 retained+30 existing-family+42 new-family; no catalog promotion.
Master_500_v2	425	"[""DG2-424"",""DG-495"",""Advanced Transformations"",""Multi-pet family portrait"",""AI_TRANSFORM"",""PP-020"",""ROUTE_BY_BASE_PRODUCT"",""CONFIGURATION_ONLY"",""V1 retained"",""Re-score"",null,null,null,null,null,null,null,null,null,null,null,null,null,null,null,null]"	SOURCE_PRESERVED_LOCAL_VALIDATION	includes/POD/MasterCatalogV2MigrationContract.php:6	tests/wordpress/MasterCatalogMixedCandidateTest.php:21::testMixedCandidatePersistsAllDispositionsAndReplaysExactEvidence; tests/wordpress/MasterCatalogMixedCandidateTest.php:42::testForgedNormalizedEvidenceIsRejectedBeforePersistence	DG2 identity/classification/overlay/source mapping preserved; 428 retained+30 existing-family+42 new-family; no catalog promotion.
Master_500_v2	426	"[""DG2-425"",""DG-496"",""Advanced Transformations"",""Old photo restoration"",""AI_TRANSFORM"",""PP-020"",""ROUTE_BY_BASE_PRODUCT"",""CONFIGURATION_ONLY"",""V1 retained"",""Re-score"",null,null,null,null,null,null,null,null,null,null,null,null,null,null,null,null]"	SOURCE_PRESERVED_LOCAL_VALIDATION	includes/POD/MasterCatalogV2MigrationContract.php:6	tests/wordpress/MasterCatalogMixedCandidateTest.php:21::testMixedCandidatePersistsAllDispositionsAndReplaysExactEvidence; tests/wordpress/MasterCatalogMixedCandidateTest.php:42::testForgedNormalizedEvidenceIsRejectedBeforePersistence	DG2 identity/classification/overlay/source mapping preserved; 428 retained+30 existing-family+42 new-family; no catalog promotion.
Master_500_v2	427	"[""DG2-426"",""DG-497"",""Advanced Transformations"",""Memorial composition"",""MEMORIAL"",""PP-020"",""ROUTE_BY_BASE_PRODUCT"",""CONFIGURATION_ONLY"",""V1 retained"",""Re-score"",null,null,null,null,null,null,null,null,null,null,null,null,null,null,null,null]"	SOURCE_PRESERVED_LOCAL_VALIDATION	includes/POD/MasterCatalogV2MigrationContract.php:6	tests/wordpress/MasterCatalogMixedCandidateTest.php:21::testMixedCandidatePersistsAllDispositionsAndReplaysExactEvidence; tests/wordpress/MasterCatalogMixedCandidateTest.php:42::testForgedNormalizedEvidenceIsRejectedBeforePersistence	DG2 identity/classification/overlay/source mapping preserved; 428 retained+30 existing-family+42 new-family; no catalog promotion.
Master_500_v2	428	"[""DG2-427"",""DG-499"",""Advanced Transformations"",""Family-history composition"",""AI_TRANSFORM"",""PP-020"",""ROUTE_BY_BASE_PRODUCT"",""CONFIGURATION_ONLY"",""V1 retained"",""Re-score"",null,null,null,null,null,null,null,null,null,null,null,null,null,null,null,null]"	SOURCE_PRESERVED_LOCAL_VALIDATION	includes/POD/MasterCatalogV2MigrationContract.php:6	tests/wordpress/MasterCatalogMixedCandidateTest.php:21::testMixedCandidatePersistsAllDispositionsAndReplaysExactEvidence; tests/wordpress/MasterCatalogMixedCandidateTest.php:42::testForgedNormalizedEvidenceIsRejectedBeforePersistence	DG2 identity/classification/overlay/source mapping preserved; 428 retained+30 existing-family+42 new-family; no catalog promotion.
Master_500_v2	429	"[""DG2-428"",""DG-500"",""Advanced Transformations"",""AI decorative scene"",""AI_TRANSFORM"",""PP-020"",""ROUTE_BY_BASE_PRODUCT"",""CONFIGURATION_ONLY"",""V1 retained"",""Re-score"",null,null,null,null,null,null,null,null,null,null,null,null,null,null,null,null]"	SOURCE_PRESERVED_LOCAL_VALIDATION	includes/POD/MasterCatalogV2MigrationContract.php:6	tests/wordpress/MasterCatalogMixedCandidateTest.php:21::testMixedCandidatePersistsAllDispositionsAndReplaysExactEvidence; tests/wordpress/MasterCatalogMixedCandidateTest.php:42::testForgedNormalizedEvidenceIsRejectedBeforePersistence	DG2 identity/classification/overlay/source mapping preserved; 428 retained+30 existing-family+42 new-family; no catalog promotion.
Master_500_v2	430	"[""DG2-429"",null,""Personalized Mugs"",""Grandparent handwriting recipe mug"",""HANDWRITING"",""PP-002"",""PRINTIFY_PRIMARY"",""TEMPLATE_RESEARCH"",""V2 addition"",""Deep research"",null,null,null,null,null,null,null,null,null,null,null,null,null,null,null,null]"	SOURCE_PRESERVED_LOCAL_VALIDATION	includes/POD/MasterCatalogV2MigrationContract.php:6	tests/wordpress/MasterCatalogMixedCandidateTest.php:21::testMixedCandidatePersistsAllDispositionsAndReplaysExactEvidence; tests/wordpress/MasterCatalogMixedCandidateTest.php:42::testForgedNormalizedEvidenceIsRejectedBeforePersistence	DG2 identity/classification/overlay/source mapping preserved; 428 retained+30 existing-family+42 new-family; no catalog promotion.
Master_500_v2	431	"[""DG2-430"",null,""Personalized Mugs"",""New homeowner address mug"",""PHOTO_TEXT"",""PP-002"",""PRINTIFY_PRIMARY"",""TEMPLATE_RESEARCH"",""V2 addition"",""Deep research"",null,null,null,null,null,null,null,null,null,null,null,null,null,null,null,null]"	SOURCE_PRESERVED_LOCAL_VALIDATION	includes/POD/MasterCatalogV2MigrationContract.php:6	tests/wordpress/MasterCatalogMixedCandidateTest.php:21::testMixedCandidatePersistsAllDispositionsAndReplaysExactEvidence; tests/wordpress/MasterCatalogMixedCandidateTest.php:42::testForgedNormalizedEvidenceIsRejectedBeforePersistence	DG2 identity/classification/overlay/source mapping preserved; 428 retained+30 existing-family+42 new-family; no catalog promotion.
Master_500_v2	432	"[""DG2-431"",null,""Personalized Mugs"",""Long-distance coordinates mug"",""PHOTO_TEXT"",""PP-002"",""PRINTIFY_PRIMARY"",""TEMPLATE_RESEARCH"",""V2 addition"",""Deep research"",null,null,null,null,null,null,null,null,null,null,null,null,null,null,null,null]"	SOURCE_PRESERVED_LOCAL_VALIDATION	includes/POD/MasterCatalogV2MigrationContract.php:6	tests/wordpress/MasterCatalogMixedCandidateTest.php:21::testMixedCandidatePersistsAllDispositionsAndReplaysExactEvidence; tests/wordpress/MasterCatalogMixedCandidateTest.php:42::testForgedNormalizedEvidenceIsRejectedBeforePersistence	DG2 identity/classification/overlay/source mapping preserved; 428 retained+30 existing-family+42 new-family; no catalog promotion.
Master_500_v2	433	"[""DG2-432"",null,""Personalized T-Shirts"",""Pet line-art name tee"",""LINE_ART"",""PP-003"",""PRINTIFY_PRIMARY"",""TEMPLATE_RESEARCH"",""V2 addition"",""Deep research"",null,null,null,null,null,null,null,null,null,null,null,null,null,null,null,null]"	SOURCE_PRESERVED_LOCAL_VALIDATION	includes/POD/MasterCatalogV2MigrationContract.php:6	tests/wordpress/MasterCatalogMixedCandidateTest.php:21::testMixedCandidatePersistsAllDispositionsAndReplaysExactEvidence; tests/wordpress/MasterCatalogMixedCandidateTest.php:42::testForgedNormalizedEvidenceIsRejectedBeforePersistence	DG2 identity/classification/overlay/source mapping preserved; 428 retained+30 existing-family+42 new-family; no catalog promotion.
Master_500_v2	434	"[""DG2-433"",null,""Personalized T-Shirts"",""Family vacation coordinates tee"",""PHOTO_TEXT"",""PP-003"",""PRINTIFY_PRIMARY"",""TEMPLATE_RESEARCH"",""V2 addition"",""Deep research"",null,null,null,null,null,null,null,null,null,null,null,null,null,null,null,null]"	SOURCE_PRESERVED_LOCAL_VALIDATION	includes/POD/MasterCatalogV2MigrationContract.php:6	tests/wordpress/MasterCatalogMixedCandidateTest.php:21::testMixedCandidatePersistsAllDispositionsAndReplaysExactEvidence; tests/wordpress/MasterCatalogMixedCandidateTest.php:42::testForgedNormalizedEvidenceIsRejectedBeforePersistence	DG2 identity/classification/overlay/source mapping preserved; 428 retained+30 existing-family+42 new-family; no catalog promotion.
Master_500_v2	435	"[""DG2-434"",null,""Personalized T-Shirts"",""Memorial handwriting tee"",""HANDWRITING"",""PP-003"",""PRINTIFY_PRIMARY"",""TEMPLATE_RESEARCH"",""V2 addition"",""Deep research"",null,null,null,null,null,null,null,null,null,null,null,null,null,null,null,null]"	SOURCE_PRESERVED_LOCAL_VALIDATION	includes/POD/MasterCatalogV2MigrationContract.php:6	tests/wordpress/MasterCatalogMixedCandidateTest.php:21::testMixedCandidatePersistsAllDispositionsAndReplaysExactEvidence; tests/wordpress/MasterCatalogMixedCandidateTest.php:42::testForgedNormalizedEvidenceIsRejectedBeforePersistence	DG2 identity/classification/overlay/source mapping preserved; 428 retained+30 existing-family+42 new-family; no catalog promotion.
Master_500_v2	436	"[""DG2-435"",null,""Personalized Sweatshirts"",""Birth flower + family names"",""NAME_MONOGRAM"",""PP-004"",""PRINTIFY_PRIMARY"",""TEMPLATE_RESEARCH"",""V2 addition"",""Deep research"",null,null,null,null,null,null,null,null,null,null,null,null,null,null,null,null]"	SOURCE_PRESERVED_LOCAL_VALIDATION	includes/POD/MasterCatalogV2MigrationContract.php:6	tests/wordpress/MasterCatalogMixedCandidateTest.php:21::testMixedCandidatePersistsAllDispositionsAndReplaysExactEvidence; tests/wordpress/MasterCatalogMixedCandidateTest.php:42::testForgedNormalizedEvidenceIsRejectedBeforePersistence	DG2 identity/classification/overlay/source mapping preserved; 428 retained+30 existing-family+42 new-family; no catalog promotion.
Master_500_v2	437	"[""DG2-436"",null,""Personalized Sweatshirts"",""Child artwork keepsake"",""CHILD_ART"",""PP-004"",""PRINTIFY_PRIMARY"",""TEMPLATE_RESEARCH"",""V2 addition"",""Deep research"",null,null,null,null,null,null,null,null,null,null,null,null,null,null,null,null]"	SOURCE_PRESERVED_LOCAL_VALIDATION	includes/POD/MasterCatalogV2MigrationContract.php:6	tests/wordpress/MasterCatalogMixedCandidateTest.php:21::testMixedCandidatePersistsAllDispositionsAndReplaysExactEvidence; tests/wordpress/MasterCatalogMixedCandidateTest.php:42::testForgedNormalizedEvidenceIsRejectedBeforePersistence	DG2 identity/classification/overlay/source mapping preserved; 428 retained+30 existing-family+42 new-family; no catalog promotion.
Master_500_v2	438	"[""DG2-437"",null,""Personalized Sweatshirts"",""Memorial handwriting"",""HANDWRITING"",""PP-004"",""PRINTIFY_PRIMARY"",""TEMPLATE_RESEARCH"",""V2 addition"",""Deep research"",null,null,null,null,null,null,null,null,null,null,null,null,null,null,null,null]"	SOURCE_PRESERVED_LOCAL_VALIDATION	includes/POD/MasterCatalogV2MigrationContract.php:6	tests/wordpress/MasterCatalogMixedCandidateTest.php:21::testMixedCandidatePersistsAllDispositionsAndReplaysExactEvidence; tests/wordpress/MasterCatalogMixedCandidateTest.php:42::testForgedNormalizedEvidenceIsRejectedBeforePersistence	DG2 identity/classification/overlay/source mapping preserved; 428 retained+30 existing-family+42 new-family; no catalog promotion.
Master_500_v2	439	"[""DG2-438"",null,""Personalized Sweatshirts"",""Family-name embroidered-look"",""NAME_MONOGRAM"",""PP-004"",""PRINTIFY_PRIMARY"",""TEMPLATE_RESEARCH"",""V2 addition"",""Deep research"",null,null,null,null,null,null,null,null,null,null,null,null,null,null,null,null]"	SOURCE_PRESERVED_LOCAL_VALIDATION	includes/POD/MasterCatalogV2MigrationContract.php:6	tests/wordpress/MasterCatalogMixedCandidateTest.php:21::testMixedCandidatePersistsAllDispositionsAndReplaysExactEvidence; tests/wordpress/MasterCatalogMixedCandidateTest.php:42::testForgedNormalizedEvidenceIsRejectedBeforePersistence	DG2 identity/classification/overlay/source mapping preserved; 428 retained+30 existing-family+42 new-family; no catalog promotion.
Master_500_v2	440	"[""DG2-439"",null,""Personalized Sweatshirts"",""Grandchildren names"",""NAME_MONOGRAM"",""PP-004"",""PRINTIFY_PRIMARY"",""TEMPLATE_RESEARCH"",""V2 addition"",""Deep research"",null,null,null,null,null,null,null,null,null,null,null,null,null,null,null,null]"	SOURCE_PRESERVED_LOCAL_VALIDATION	includes/POD/MasterCatalogV2MigrationContract.php:6	tests/wordpress/MasterCatalogMixedCandidateTest.php:21::testMixedCandidatePersistsAllDispositionsAndReplaysExactEvidence; tests/wordpress/MasterCatalogMixedCandidateTest.php:42::testForgedNormalizedEvidenceIsRejectedBeforePersistence	DG2 identity/classification/overlay/source mapping preserved; 428 retained+30 existing-family+42 new-family; no catalog promotion.
Master_500_v2	441	"[""DG2-440"",null,""Personalized Sweatshirts"",""Pet line-art embroidered-look"",""LINE_ART"",""PP-004"",""PRINTIFY_PRIMARY"",""TEMPLATE_RESEARCH"",""V2 addition"",""Deep research"",null,null,null,null,null,null,null,null,null,null,null,null,null,null,null,null]"	SOURCE_PRESERVED_LOCAL_VALIDATION	includes/POD/MasterCatalogV2MigrationContract.php:6	tests/wordpress/MasterCatalogMixedCandidateTest.php:21::testMixedCandidatePersistsAllDispositionsAndReplaysExactEvidence; tests/wordpress/MasterCatalogMixedCandidateTest.php:42::testForgedNormalizedEvidenceIsRejectedBeforePersistence	DG2 identity/classification/overlay/source mapping preserved; 428 retained+30 existing-family+42 new-family; no catalog promotion.
Master_500_v2	442	"[""DG2-441"",null,""Personalized Sweatshirts"",""House portrait line art"",""LINE_ART"",""PP-004"",""PRINTIFY_PRIMARY"",""TEMPLATE_RESEARCH"",""V2 addition"",""Deep research"",null,null,null,null,null,null,null,null,null,null,null,null,null,null,null,null]"	SOURCE_PRESERVED_LOCAL_VALIDATION	includes/POD/MasterCatalogV2MigrationContract.php:6	tests/wordpress/MasterCatalogMixedCandidateTest.php:21::testMixedCandidatePersistsAllDispositionsAndReplaysExactEvidence; tests/wordpress/MasterCatalogMixedCandidateTest.php:42::testForgedNormalizedEvidenceIsRejectedBeforePersistence	DG2 identity/classification/overlay/source mapping preserved; 428 retained+30 existing-family+42 new-family; no catalog promotion.
Master_500_v2	443	"[""DG2-442"",null,""Photo & Pet Blankets"",""Baby birth-stats blanket"",""PHOTO_TEXT"",""PP-006"",""PRINTIFY_PRIMARY"",""TEMPLATE_RESEARCH"",""V2 addition"",""Deep research"",null,null,null,null,null,null,null,null,null,null,null,null,null,null,null,null]"	SOURCE_PRESERVED_LOCAL_VALIDATION	includes/POD/MasterCatalogV2MigrationContract.php:6	tests/wordpress/MasterCatalogMixedCandidateTest.php:21::testMixedCandidatePersistsAllDispositionsAndReplaysExactEvidence; tests/wordpress/MasterCatalogMixedCandidateTest.php:42::testForgedNormalizedEvidenceIsRejectedBeforePersistence	DG2 identity/classification/overlay/source mapping preserved; 428 retained+30 existing-family+42 new-family; no catalog promotion.
Master_500_v2	444	"[""DG2-443"",null,""Photo & Pet Blankets"",""Grandchildren names blanket"",""NAME_MONOGRAM"",""PP-006"",""PRINTIFY_PRIMARY"",""TEMPLATE_RESEARCH"",""V2 addition"",""Deep research"",null,null,null,null,null,null,null,null,null,null,null,null,null,null,null,null]"	SOURCE_PRESERVED_LOCAL_VALIDATION	includes/POD/MasterCatalogV2MigrationContract.php:6	tests/wordpress/MasterCatalogMixedCandidateTest.php:21::testMixedCandidatePersistsAllDispositionsAndReplaysExactEvidence; tests/wordpress/MasterCatalogMixedCandidateTest.php:42::testForgedNormalizedEvidenceIsRejectedBeforePersistence	DG2 identity/classification/overlay/source mapping preserved; 428 retained+30 existing-family+42 new-family; no catalog promotion.
Master_500_v2	445	"[""DG2-444"",null,""Photo & Pet Blankets"",""Couple timeline blanket"",""PHOTO_TEXT"",""PP-006"",""PRINTIFY_PRIMARY"",""TEMPLATE_RESEARCH"",""V2 addition"",""Deep research"",null,null,null,null,null,null,null,null,null,null,null,null,null,null,null,null]"	SOURCE_PRESERVED_LOCAL_VALIDATION	includes/POD/MasterCatalogV2MigrationContract.php:6	tests/wordpress/MasterCatalogMixedCandidateTest.php:21::testMixedCandidatePersistsAllDispositionsAndReplaysExactEvidence; tests/wordpress/MasterCatalogMixedCandidateTest.php:42::testForgedNormalizedEvidenceIsRejectedBeforePersistence	DG2 identity/classification/overlay/source mapping preserved; 428 retained+30 existing-family+42 new-family; no catalog promotion.
Master_500_v2	446	"[""DG2-445"",null,""Personalized Ornaments"",""Pet first Christmas"",""PHOTO_TEXT"",""PP-010"",""PRINTIFY_PRIMARY"",""TEMPLATE_RESEARCH"",""V2 addition"",""Deep research"",null,null,null,null,null,null,null,null,null,null,null,null,null,null,null,null]"	SOURCE_PRESERVED_LOCAL_VALIDATION	includes/POD/MasterCatalogV2MigrationContract.php:6	tests/wordpress/MasterCatalogMixedCandidateTest.php:21::testMixedCandidatePersistsAllDispositionsAndReplaysExactEvidence; tests/wordpress/MasterCatalogMixedCandidateTest.php:42::testForgedNormalizedEvidenceIsRejectedBeforePersistence	DG2 identity/classification/overlay/source mapping preserved; 428 retained+30 existing-family+42 new-family; no catalog promotion.
Master_500_v2	447	"[""DG2-446"",null,""Personalized Ornaments"",""First Christmas engaged"",""PHOTO_TEXT"",""PP-010"",""PRINTIFY_PRIMARY"",""TEMPLATE_RESEARCH"",""V2 addition"",""Deep research"",null,null,null,null,null,null,null,null,null,null,null,null,null,null,null,null]"	SOURCE_PRESERVED_LOCAL_VALIDATION	includes/POD/MasterCatalogV2MigrationContract.php:6	tests/wordpress/MasterCatalogMixedCandidateTest.php:21::testMixedCandidatePersistsAllDispositionsAndReplaysExactEvidence; tests/wordpress/MasterCatalogMixedCandidateTest.php:42::testForgedNormalizedEvidenceIsRejectedBeforePersistence	DG2 identity/classification/overlay/source mapping preserved; 428 retained+30 existing-family+42 new-family; no catalog promotion.
Master_500_v2	448	"[""DG2-447"",null,""Personalized Ornaments"",""Grandparents + grandkids names"",""NAME_MONOGRAM"",""PP-010"",""PRINTIFY_PRIMARY"",""TEMPLATE_RESEARCH"",""V2 addition"",""Deep research"",null,null,null,null,null,null,null,null,null,null,null,null,null,null,null,null]"	SOURCE_PRESERVED_LOCAL_VALIDATION	includes/POD/MasterCatalogV2MigrationContract.php:6	tests/wordpress/MasterCatalogMixedCandidateTest.php:21::testMixedCandidatePersistsAllDispositionsAndReplaysExactEvidence; tests/wordpress/MasterCatalogMixedCandidateTest.php:42::testForgedNormalizedEvidenceIsRejectedBeforePersistence	DG2 identity/classification/overlay/source mapping preserved; 428 retained+30 existing-family+42 new-family; no catalog promotion.
Master_500_v2	449	"[""DG2-448"",null,""Personalized Journals"",""Memory journal"",""NAME_MONOGRAM"",""PP-013"",""PRINTIFY_PRIMARY"",""TEMPLATE_RESEARCH"",""V2 addition"",""Deep research"",null,null,null,null,null,null,null,null,null,null,null,null,null,null,null,null]"	SOURCE_PRESERVED_LOCAL_VALIDATION	includes/POD/MasterCatalogV2MigrationContract.php:6	tests/wordpress/MasterCatalogMixedCandidateTest.php:21::testMixedCandidatePersistsAllDispositionsAndReplaysExactEvidence; tests/wordpress/MasterCatalogMixedCandidateTest.php:42::testForgedNormalizedEvidenceIsRejectedBeforePersistence	DG2 identity/classification/overlay/source mapping preserved; 428 retained+30 existing-family+42 new-family; no catalog promotion.
Master_500_v2	450	"[""DG2-449"",null,""Personalized Journals"",""Couple adventure journal"",""PHOTO_TEXT"",""PP-013"",""PRINTIFY_PRIMARY"",""TEMPLATE_RESEARCH"",""V2 addition"",""Deep research"",null,null,null,null,null,null,null,null,null,null,null,null,null,null,null,null]"	SOURCE_PRESERVED_LOCAL_VALIDATION	includes/POD/MasterCatalogV2MigrationContract.php:6	tests/wordpress/MasterCatalogMixedCandidateTest.php:21::testMixedCandidatePersistsAllDispositionsAndReplaysExactEvidence; tests/wordpress/MasterCatalogMixedCandidateTest.php:42::testForgedNormalizedEvidenceIsRejectedBeforePersistence	DG2 identity/classification/overlay/source mapping preserved; 428 retained+30 existing-family+42 new-family; no catalog promotion.
Master_500_v2	451	"[""DG2-450"",null,""Personalized Journals"",""Grandparent story journal"",""NAME_MONOGRAM"",""PP-013"",""PRINTIFY_PRIMARY"",""TEMPLATE_RESEARCH"",""V2 addition"",""Deep research"",null,null,null,null,null,null,null,null,null,null,null,null,null,null,null,null]"	SOURCE_PRESERVED_LOCAL_VALIDATION	includes/POD/MasterCatalogV2MigrationContract.php:6	tests/wordpress/MasterCatalogMixedCandidateTest.php:21::testMixedCandidatePersistsAllDispositionsAndReplaysExactEvidence; tests/wordpress/MasterCatalogMixedCandidateTest.php:42::testForgedNormalizedEvidenceIsRejectedBeforePersistence	DG2 identity/classification/overlay/source mapping preserved; 428 retained+30 existing-family+42 new-family; no catalog promotion.
Master_500_v2	452	"[""DG2-451"",null,""Personalized Drinkware"",""New homeowner drinkware"",""PHOTO_TEXT"",""PP-015"",""PRINTIFY_PRIMARY"",""TEMPLATE_RESEARCH"",""V2 addition"",""Deep research"",null,null,null,null,null,null,null,null,null,null,null,null,null,null,null,null]"	SOURCE_PRESERVED_LOCAL_VALIDATION	includes/POD/MasterCatalogV2MigrationContract.php:6	tests/wordpress/MasterCatalogMixedCandidateTest.php:21::testMixedCandidatePersistsAllDispositionsAndReplaysExactEvidence; tests/wordpress/MasterCatalogMixedCandidateTest.php:42::testForgedNormalizedEvidenceIsRejectedBeforePersistence	DG2 identity/classification/overlay/source mapping preserved; 428 retained+30 existing-family+42 new-family; no catalog promotion.
Master_500_v2	453	"[""DG2-452"",null,""Personalized Drinkware"",""Retirement keepsake drinkware"",""PHOTO_TEXT"",""PP-015"",""PRINTIFY_PRIMARY"",""TEMPLATE_RESEARCH"",""V2 addition"",""Deep research"",null,null,null,null,null,null,null,null,null,null,null,null,null,null,null,null]"	SOURCE_PRESERVED_LOCAL_VALIDATION	includes/POD/MasterCatalogV2MigrationContract.php:6	tests/wordpress/MasterCatalogMixedCandidateTest.php:21::testMixedCandidatePersistsAllDispositionsAndReplaysExactEvidence; tests/wordpress/MasterCatalogMixedCandidateTest.php:42::testForgedNormalizedEvidenceIsRejectedBeforePersistence	DG2 identity/classification/overlay/source mapping preserved; 428 retained+30 existing-family+42 new-family; no catalog promotion.
Master_500_v2	454	"[""DG2-453"",null,""Personalized Drinkware"",""Long-distance coordinates drinkware"",""PHOTO_TEXT"",""PP-015"",""PRINTIFY_PRIMARY"",""TEMPLATE_RESEARCH"",""V2 addition"",""Deep research"",null,null,null,null,null,null,null,null,null,null,null,null,null,null,null,null]"	SOURCE_PRESERVED_LOCAL_VALIDATION	includes/POD/MasterCatalogV2MigrationContract.php:6	tests/wordpress/MasterCatalogMixedCandidateTest.php:21::testMixedCandidatePersistsAllDispositionsAndReplaysExactEvidence; tests/wordpress/MasterCatalogMixedCandidateTest.php:42::testForgedNormalizedEvidenceIsRejectedBeforePersistence	DG2 identity/classification/overlay/source mapping preserved; 428 retained+30 existing-family+42 new-family; no catalog promotion.
Master_500_v2	455	"[""DG2-454"",null,""Family/Couple/Memorial Gifts"",""First Mother's Day keepsake"",""PHOTO_TEXT"",""PP-019"",""PRINTIFY_PRIMARY"",""TEMPLATE_RESEARCH"",""V2 addition"",""Deep research"",null,null,null,null,null,null,null,null,null,null,null,null,null,null,null,null]"	SOURCE_PRESERVED_LOCAL_VALIDATION	includes/POD/MasterCatalogV2MigrationContract.php:6	tests/wordpress/MasterCatalogMixedCandidateTest.php:21::testMixedCandidatePersistsAllDispositionsAndReplaysExactEvidence; tests/wordpress/MasterCatalogMixedCandidateTest.php:42::testForgedNormalizedEvidenceIsRejectedBeforePersistence	DG2 identity/classification/overlay/source mapping preserved; 428 retained+30 existing-family+42 new-family; no catalog promotion.
Master_500_v2	456	"[""DG2-455"",null,""Family/Couple/Memorial Gifts"",""First Father's Day keepsake"",""PHOTO_TEXT"",""PP-019"",""PRINTIFY_PRIMARY"",""TEMPLATE_RESEARCH"",""V2 addition"",""Deep research"",null,null,null,null,null,null,null,null,null,null,null,null,null,null,null,null]"	SOURCE_PRESERVED_LOCAL_VALIDATION	includes/POD/MasterCatalogV2MigrationContract.php:6	tests/wordpress/MasterCatalogMixedCandidateTest.php:21::testMixedCandidatePersistsAllDispositionsAndReplaysExactEvidence; tests/wordpress/MasterCatalogMixedCandidateTest.php:42::testForgedNormalizedEvidenceIsRejectedBeforePersistence	DG2 identity/classification/overlay/source mapping preserved; 428 retained+30 existing-family+42 new-family; no catalog promotion.
Master_500_v2	457	"[""DG2-456"",null,""Family/Couple/Memorial Gifts"",""Grandparent story keepsake"",""HANDWRITING"",""PP-019"",""PRINTIFY_PRIMARY"",""TEMPLATE_RESEARCH"",""V2 addition"",""Deep research"",null,null,null,null,null,null,null,null,null,null,null,null,null,null,null,null]"	SOURCE_PRESERVED_LOCAL_VALIDATION	includes/POD/MasterCatalogV2MigrationContract.php:6	tests/wordpress/MasterCatalogMixedCandidateTest.php:21::testMixedCandidatePersistsAllDispositionsAndReplaysExactEvidence; tests/wordpress/MasterCatalogMixedCandidateTest.php:42::testForgedNormalizedEvidenceIsRejectedBeforePersistence	DG2 identity/classification/overlay/source mapping preserved; 428 retained+30 existing-family+42 new-family; no catalog promotion.
Master_500_v2	458	"[""DG2-457"",null,""Family/Couple/Memorial Gifts"",""Family handwriting keepsake"",""HANDWRITING"",""PP-019"",""PRINTIFY_PRIMARY"",""TEMPLATE_RESEARCH"",""V2 addition"",""Deep research"",null,null,null,null,null,null,null,null,null,null,null,null,null,null,null,null]"	SOURCE_PRESERVED_LOCAL_VALIDATION	includes/POD/MasterCatalogV2MigrationContract.php:6	tests/wordpress/MasterCatalogMixedCandidateTest.php:21::testMixedCandidatePersistsAllDispositionsAndReplaysExactEvidence; tests/wordpress/MasterCatalogMixedCandidateTest.php:42::testForgedNormalizedEvidenceIsRejectedBeforePersistence	DG2 identity/classification/overlay/source mapping preserved; 428 retained+30 existing-family+42 new-family; no catalog promotion.
Master_500_v2	459	"[""DG2-458"",null,""Family/Couple/Memorial Gifts"",""Couple timeline keepsake"",""PHOTO_TEXT"",""PP-019"",""PRINTIFY_PRIMARY"",""TEMPLATE_RESEARCH"",""V2 addition"",""Deep research"",null,null,null,null,null,null,null,null,null,null,null,null,null,null,null,null]"	SOURCE_PRESERVED_LOCAL_VALIDATION	includes/POD/MasterCatalogV2MigrationContract.php:6	tests/wordpress/MasterCatalogMixedCandidateTest.php:21::testMixedCandidatePersistsAllDispositionsAndReplaysExactEvidence; tests/wordpress/MasterCatalogMixedCandidateTest.php:42::testForgedNormalizedEvidenceIsRejectedBeforePersistence	DG2 identity/classification/overlay/source mapping preserved; 428 retained+30 existing-family+42 new-family; no catalog promotion.
Master_500_v2	460	"[""DG2-459"",null,""NEW Kitchen/Home Keepsakes"",""Handwritten recipe tea towel"",""HANDWRITING"",""V2-PRODUCT-RESEARCH"",""PROVIDER_RESEARCH_REQUIRED"",""PRODUCT_SELECTION"",""V2 new family"",""Provider + demand research"",null,null,null,null,null,null,null,null,null,null,null,null,null,null,null,null]"	SOURCE_PRESERVED_LOCAL_VALIDATION	includes/POD/MasterCatalogV2MigrationContract.php:6	tests/wordpress/MasterCatalogMixedCandidateTest.php:21::testMixedCandidatePersistsAllDispositionsAndReplaysExactEvidence; tests/wordpress/MasterCatalogMixedCandidateTest.php:42::testForgedNormalizedEvidenceIsRejectedBeforePersistence	DG2 identity/classification/overlay/source mapping preserved; 428 retained+30 existing-family+42 new-family; no catalog promotion.
Master_500_v2	461	"[""DG2-460"",null,""NEW Kitchen/Home Keepsakes"",""Grandma recipe towel"",""HANDWRITING"",""V2-PRODUCT-RESEARCH"",""PROVIDER_RESEARCH_REQUIRED"",""PRODUCT_SELECTION"",""V2 new family"",""Provider + demand research"",null,null,null,null,null,null,null,null,null,null,null,null,null,null,null,null]"	SOURCE_PRESERVED_LOCAL_VALIDATION	includes/POD/MasterCatalogV2MigrationContract.php:6	tests/wordpress/MasterCatalogMixedCandidateTest.php:21::testMixedCandidatePersistsAllDispositionsAndReplaysExactEvidence; tests/wordpress/MasterCatalogMixedCandidateTest.php:42::testForgedNormalizedEvidenceIsRejectedBeforePersistence	DG2 identity/classification/overlay/source mapping preserved; 428 retained+30 existing-family+42 new-family; no catalog promotion.
Master_500_v2	462	"[""DG2-461"",null,""NEW Kitchen/Home Keepsakes"",""Family recipe apron"",""HANDWRITING"",""V2-PRODUCT-RESEARCH"",""PROVIDER_RESEARCH_REQUIRED"",""PRODUCT_SELECTION"",""V2 new family"",""Provider + demand research"",null,null,null,null,null,null,null,null,null,null,null,null,null,null,null,null]"	SOURCE_PRESERVED_LOCAL_VALIDATION	includes/POD/MasterCatalogV2MigrationContract.php:6	tests/wordpress/MasterCatalogMixedCandidateTest.php:21::testMixedCandidatePersistsAllDispositionsAndReplaysExactEvidence; tests/wordpress/MasterCatalogMixedCandidateTest.php:42::testForgedNormalizedEvidenceIsRejectedBeforePersistence	DG2 identity/classification/overlay/source mapping preserved; 428 retained+30 existing-family+42 new-family; no catalog promotion.
Master_500_v2	463	"[""DG2-462"",null,""NEW Kitchen/Home Keepsakes"",""Child artwork apron"",""CHILD_ART"",""V2-PRODUCT-RESEARCH"",""PROVIDER_RESEARCH_REQUIRED"",""PRODUCT_SELECTION"",""V2 new family"",""Provider + demand research"",null,null,null,null,null,null,null,null,null,null,null,null,null,null,null,null]"	SOURCE_PRESERVED_LOCAL_VALIDATION	includes/POD/MasterCatalogV2MigrationContract.php:6	tests/wordpress/MasterCatalogMixedCandidateTest.php:21::testMixedCandidatePersistsAllDispositionsAndReplaysExactEvidence; tests/wordpress/MasterCatalogMixedCandidateTest.php:42::testForgedNormalizedEvidenceIsRejectedBeforePersistence	DG2 identity/classification/overlay/source mapping preserved; 428 retained+30 existing-family+42 new-family; no catalog promotion.
Master_500_v2	464	"[""DG2-463"",null,""NEW Kitchen/Home Keepsakes"",""Pet portrait apron"",""PET_PORTRAIT"",""V2-PRODUCT-RESEARCH"",""PROVIDER_RESEARCH_REQUIRED"",""PRODUCT_SELECTION"",""V2 new family"",""Provider + demand research"",null,null,null,null,null,null,null,null,null,null,null,null,null,null,null,null]"	SOURCE_PRESERVED_LOCAL_VALIDATION	includes/POD/MasterCatalogV2MigrationContract.php:6	tests/wordpress/MasterCatalogMixedCandidateTest.php:21::testMixedCandidatePersistsAllDispositionsAndReplaysExactEvidence; tests/wordpress/MasterCatalogMixedCandidateTest.php:42::testForgedNormalizedEvidenceIsRejectedBeforePersistence	DG2 identity/classification/overlay/source mapping preserved; 428 retained+30 existing-family+42 new-family; no catalog promotion.
Master_500_v2	465	"[""DG2-464"",null,""NEW Kitchen/Home Keepsakes"",""Family-name kitchen towel"",""NAME_MONOGRAM"",""V2-PRODUCT-RESEARCH"",""PROVIDER_RESEARCH_REQUIRED"",""PRODUCT_SELECTION"",""V2 new family"",""Provider + demand research"",null,null,null,null,null,null,null,null,null,null,null,null,null,null,null,null]"	SOURCE_PRESERVED_LOCAL_VALIDATION	includes/POD/MasterCatalogV2MigrationContract.php:6	tests/wordpress/MasterCatalogMixedCandidateTest.php:21::testMixedCandidatePersistsAllDispositionsAndReplaysExactEvidence; tests/wordpress/MasterCatalogMixedCandidateTest.php:42::testForgedNormalizedEvidenceIsRejectedBeforePersistence	DG2 identity/classification/overlay/source mapping preserved; 428 retained+30 existing-family+42 new-family; no catalog promotion.
Master_500_v2	466	"[""DG2-465"",null,""NEW Kitchen/Home Keepsakes"",""New-home kitchen gift"",""PHOTO_TEXT"",""V2-PRODUCT-RESEARCH"",""PROVIDER_RESEARCH_REQUIRED"",""PRODUCT_SELECTION"",""V2 new family"",""Provider + demand research"",null,null,null,null,null,null,null,null,null,null,null,null,null,null,null,null]"	SOURCE_PRESERVED_LOCAL_VALIDATION	includes/POD/MasterCatalogV2MigrationContract.php:6	tests/wordpress/MasterCatalogMixedCandidateTest.php:21::testMixedCandidatePersistsAllDispositionsAndReplaysExactEvidence; tests/wordpress/MasterCatalogMixedCandidateTest.php:42::testForgedNormalizedEvidenceIsRejectedBeforePersistence	DG2 identity/classification/overlay/source mapping preserved; 428 retained+30 existing-family+42 new-family; no catalog promotion.
Master_500_v2	467	"[""DG2-466"",null,""NEW Kitchen/Home Keepsakes"",""Couple wedding kitchen gift"",""PHOTO_TEXT"",""V2-PRODUCT-RESEARCH"",""PROVIDER_RESEARCH_REQUIRED"",""PRODUCT_SELECTION"",""V2 new family"",""Provider + demand research"",null,null,null,null,null,null,null,null,null,null,null,null,null,null,null,null]"	SOURCE_PRESERVED_LOCAL_VALIDATION	includes/POD/MasterCatalogV2MigrationContract.php:6	tests/wordpress/MasterCatalogMixedCandidateTest.php:21::testMixedCandidatePersistsAllDispositionsAndReplaysExactEvidence; tests/wordpress/MasterCatalogMixedCandidateTest.php:42::testForgedNormalizedEvidenceIsRejectedBeforePersistence	DG2 identity/classification/overlay/source mapping preserved; 428 retained+30 existing-family+42 new-family; no catalog promotion.
Master_500_v2	468	"[""DG2-467"",null,""NEW Kitchen/Home Keepsakes"",""Mom recipe keepsake"",""HANDWRITING"",""V2-PRODUCT-RESEARCH"",""PROVIDER_RESEARCH_REQUIRED"",""PRODUCT_SELECTION"",""V2 new family"",""Provider + demand research"",null,null,null,null,null,null,null,null,null,null,null,null,null,null,null,null]"	SOURCE_PRESERVED_LOCAL_VALIDATION	includes/POD/MasterCatalogV2MigrationContract.php:6	tests/wordpress/MasterCatalogMixedCandidateTest.php:21::testMixedCandidatePersistsAllDispositionsAndReplaysExactEvidence; tests/wordpress/MasterCatalogMixedCandidateTest.php:42::testForgedNormalizedEvidenceIsRejectedBeforePersistence	DG2 identity/classification/overlay/source mapping preserved; 428 retained+30 existing-family+42 new-family; no catalog promotion.
Master_500_v2	469	"[""DG2-468"",null,""NEW Kitchen/Home Keepsakes"",""Grandparent handwriting keepsake"",""HANDWRITING"",""V2-PRODUCT-RESEARCH"",""PROVIDER_RESEARCH_REQUIRED"",""PRODUCT_SELECTION"",""V2 new family"",""Provider + demand research"",null,null,null,null,null,null,null,null,null,null,null,null,null,null,null,null]"	SOURCE_PRESERVED_LOCAL_VALIDATION	includes/POD/MasterCatalogV2MigrationContract.php:6	tests/wordpress/MasterCatalogMixedCandidateTest.php:21::testMixedCandidatePersistsAllDispositionsAndReplaysExactEvidence; tests/wordpress/MasterCatalogMixedCandidateTest.php:42::testForgedNormalizedEvidenceIsRejectedBeforePersistence	DG2 identity/classification/overlay/source mapping preserved; 428 retained+30 existing-family+42 new-family; no catalog promotion.
Master_500_v2	470	"[""DG2-469"",null,""NEW Kitchen/Home Keepsakes"",""Recipe cutting-board opportunity"",""HANDWRITING"",""V2-PRODUCT-RESEARCH"",""PROVIDER_RESEARCH_REQUIRED"",""PRODUCT_SELECTION"",""V2 new family"",""Provider + demand research"",null,null,null,null,null,null,null,null,null,null,null,null,null,null,null,null]"	SOURCE_PRESERVED_LOCAL_VALIDATION	includes/POD/MasterCatalogV2MigrationContract.php:6	tests/wordpress/MasterCatalogMixedCandidateTest.php:21::testMixedCandidatePersistsAllDispositionsAndReplaysExactEvidence; tests/wordpress/MasterCatalogMixedCandidateTest.php:42::testForgedNormalizedEvidenceIsRejectedBeforePersistence	DG2 identity/classification/overlay/source mapping preserved; 428 retained+30 existing-family+42 new-family; no catalog promotion.
Master_500_v2	471	"[""DG2-470"",null,""NEW Kitchen/Home Keepsakes"",""Memorial recipe keepsake"",""HANDWRITING"",""V2-PRODUCT-RESEARCH"",""PROVIDER_RESEARCH_REQUIRED"",""PRODUCT_SELECTION"",""V2 new family"",""Provider + demand research"",null,null,null,null,null,null,null,null,null,null,null,null,null,null,null,null]"	SOURCE_PRESERVED_LOCAL_VALIDATION	includes/POD/MasterCatalogV2MigrationContract.php:6	tests/wordpress/MasterCatalogMixedCandidateTest.php:21::testMixedCandidatePersistsAllDispositionsAndReplaysExactEvidence; tests/wordpress/MasterCatalogMixedCandidateTest.php:42::testForgedNormalizedEvidenceIsRejectedBeforePersistence	DG2 identity/classification/overlay/source mapping preserved; 428 retained+30 existing-family+42 new-family; no catalog promotion.
Master_500_v2	472	"[""DG2-471"",null,""NEW Desk/Tech Accessories"",""Pet desk mat"",""PET_PORTRAIT"",""V2-PRODUCT-RESEARCH"",""PROVIDER_RESEARCH_REQUIRED"",""PRODUCT_SELECTION"",""V2 new family"",""Provider + demand research"",null,null,null,null,null,null,null,null,null,null,null,null,null,null,null,null]"	SOURCE_PRESERVED_LOCAL_VALIDATION	includes/POD/MasterCatalogV2MigrationContract.php:6	tests/wordpress/MasterCatalogMixedCandidateTest.php:21::testMixedCandidatePersistsAllDispositionsAndReplaysExactEvidence; tests/wordpress/MasterCatalogMixedCandidateTest.php:42::testForgedNormalizedEvidenceIsRejectedBeforePersistence	DG2 identity/classification/overlay/source mapping preserved; 428 retained+30 existing-family+42 new-family; no catalog promotion.
Master_500_v2	473	"[""DG2-472"",null,""NEW Desk/Tech Accessories"",""Name desk mat"",""NAME_MONOGRAM"",""V2-PRODUCT-RESEARCH"",""PROVIDER_RESEARCH_REQUIRED"",""PRODUCT_SELECTION"",""V2 new family"",""Provider + demand research"",null,null,null,null,null,null,null,null,null,null,null,null,null,null,null,null]"	SOURCE_PRESERVED_LOCAL_VALIDATION	includes/POD/MasterCatalogV2MigrationContract.php:6	tests/wordpress/MasterCatalogMixedCandidateTest.php:21::testMixedCandidatePersistsAllDispositionsAndReplaysExactEvidence; tests/wordpress/MasterCatalogMixedCandidateTest.php:42::testForgedNormalizedEvidenceIsRejectedBeforePersistence	DG2 identity/classification/overlay/source mapping preserved; 428 retained+30 existing-family+42 new-family; no catalog promotion.
Master_500_v2	474	"[""DG2-473"",null,""NEW Desk/Tech Accessories"",""Family photo desk mat"",""PHOTO_COLLAGE"",""V2-PRODUCT-RESEARCH"",""PROVIDER_RESEARCH_REQUIRED"",""PRODUCT_SELECTION"",""V2 new family"",""Provider + demand research"",null,null,null,null,null,null,null,null,null,null,null,null,null,null,null,null]"	SOURCE_PRESERVED_LOCAL_VALIDATION	includes/POD/MasterCatalogV2MigrationContract.php:6	tests/wordpress/MasterCatalogMixedCandidateTest.php:21::testMixedCandidatePersistsAllDispositionsAndReplaysExactEvidence; tests/wordpress/MasterCatalogMixedCandidateTest.php:42::testForgedNormalizedEvidenceIsRejectedBeforePersistence	DG2 identity/classification/overlay/source mapping preserved; 428 retained+30 existing-family+42 new-family; no catalog promotion.
Master_500_v2	475	"[""DG2-474"",null,""NEW Desk/Tech Accessories"",""Gaming-name desk mat"",""NAME_MONOGRAM"",""V2-PRODUCT-RESEARCH"",""PROVIDER_RESEARCH_REQUIRED"",""PRODUCT_SELECTION"",""V2 new family"",""Provider + demand research"",null,null,null,null,null,null,null,null,null,null,null,null,null,null,null,null]"	SOURCE_PRESERVED_LOCAL_VALIDATION	includes/POD/MasterCatalogV2MigrationContract.php:6	tests/wordpress/MasterCatalogMixedCandidateTest.php:21::testMixedCandidatePersistsAllDispositionsAndReplaysExactEvidence; tests/wordpress/MasterCatalogMixedCandidateTest.php:42::testForgedNormalizedEvidenceIsRejectedBeforePersistence	DG2 identity/classification/overlay/source mapping preserved; 428 retained+30 existing-family+42 new-family; no catalog promotion.
Master_500_v2	476	"[""DG2-475"",null,""NEW Desk/Tech Accessories"",""Child artwork desk mat"",""CHILD_ART"",""V2-PRODUCT-RESEARCH"",""PROVIDER_RESEARCH_REQUIRED"",""PRODUCT_SELECTION"",""V2 new family"",""Provider + demand research"",null,null,null,null,null,null,null,null,null,null,null,null,null,null,null,null]"	SOURCE_PRESERVED_LOCAL_VALIDATION	includes/POD/MasterCatalogV2MigrationContract.php:6	tests/wordpress/MasterCatalogMixedCandidateTest.php:21::testMixedCandidatePersistsAllDispositionsAndReplaysExactEvidence; tests/wordpress/MasterCatalogMixedCandidateTest.php:42::testForgedNormalizedEvidenceIsRejectedBeforePersistence	DG2 identity/classification/overlay/source mapping preserved; 428 retained+30 existing-family+42 new-family; no catalog promotion.
Master_500_v2	477	"[""DG2-476"",null,""NEW Desk/Tech Accessories"",""Pet mouse pad"",""PET_PORTRAIT"",""V2-PRODUCT-RESEARCH"",""PROVIDER_RESEARCH_REQUIRED"",""PRODUCT_SELECTION"",""V2 new family"",""Provider + demand research"",null,null,null,null,null,null,null,null,null,null,null,null,null,null,null,null]"	SOURCE_PRESERVED_LOCAL_VALIDATION	includes/POD/MasterCatalogV2MigrationContract.php:6	tests/wordpress/MasterCatalogMixedCandidateTest.php:21::testMixedCandidatePersistsAllDispositionsAndReplaysExactEvidence; tests/wordpress/MasterCatalogMixedCandidateTest.php:42::testForgedNormalizedEvidenceIsRejectedBeforePersistence	DG2 identity/classification/overlay/source mapping preserved; 428 retained+30 existing-family+42 new-family; no catalog promotion.
Master_500_v2	478	"[""DG2-477"",null,""NEW Desk/Tech Accessories"",""Photo mouse pad"",""SINGLE_PHOTO"",""V2-PRODUCT-RESEARCH"",""PROVIDER_RESEARCH_REQUIRED"",""PRODUCT_SELECTION"",""V2 new family"",""Provider + demand research"",null,null,null,null,null,null,null,null,null,null,null,null,null,null,null,null]"	SOURCE_PRESERVED_LOCAL_VALIDATION	includes/POD/MasterCatalogV2MigrationContract.php:6	tests/wordpress/MasterCatalogMixedCandidateTest.php:21::testMixedCandidatePersistsAllDispositionsAndReplaysExactEvidence; tests/wordpress/MasterCatalogMixedCandidateTest.php:42::testForgedNormalizedEvidenceIsRejectedBeforePersistence	DG2 identity/classification/overlay/source mapping preserved; 428 retained+30 existing-family+42 new-family; no catalog promotion.
Master_500_v2	479	"[""DG2-478"",null,""NEW Desk/Tech Accessories"",""Monogram laptop sleeve"",""NAME_MONOGRAM"",""V2-PRODUCT-RESEARCH"",""PROVIDER_RESEARCH_REQUIRED"",""PRODUCT_SELECTION"",""V2 new family"",""Provider + demand research"",null,null,null,null,null,null,null,null,null,null,null,null,null,null,null,null]"	SOURCE_PRESERVED_LOCAL_VALIDATION	includes/POD/MasterCatalogV2MigrationContract.php:6	tests/wordpress/MasterCatalogMixedCandidateTest.php:21::testMixedCandidatePersistsAllDispositionsAndReplaysExactEvidence; tests/wordpress/MasterCatalogMixedCandidateTest.php:42::testForgedNormalizedEvidenceIsRejectedBeforePersistence	DG2 identity/classification/overlay/source mapping preserved; 428 retained+30 existing-family+42 new-family; no catalog promotion.
Master_500_v2	480	"[""DG2-479"",null,""NEW Desk/Tech Accessories"",""Pet laptop sleeve"",""PET_PORTRAIT"",""V2-PRODUCT-RESEARCH"",""PROVIDER_RESEARCH_REQUIRED"",""PRODUCT_SELECTION"",""V2 new family"",""Provider + demand research"",null,null,null,null,null,null,null,null,null,null,null,null,null,null,null,null]"	SOURCE_PRESERVED_LOCAL_VALIDATION	includes/POD/MasterCatalogV2MigrationContract.php:6	tests/wordpress/MasterCatalogMixedCandidateTest.php:21::testMixedCandidatePersistsAllDispositionsAndReplaysExactEvidence; tests/wordpress/MasterCatalogMixedCandidateTest.php:42::testForgedNormalizedEvidenceIsRejectedBeforePersistence	DG2 identity/classification/overlay/source mapping preserved; 428 retained+30 existing-family+42 new-family; no catalog promotion.
Master_500_v2	481	"[""DG2-480"",null,""NEW Desk/Tech Accessories"",""Travel-photo laptop sleeve"",""SINGLE_PHOTO"",""V2-PRODUCT-RESEARCH"",""PROVIDER_RESEARCH_REQUIRED"",""PRODUCT_SELECTION"",""V2 new family"",""Provider + demand research"",null,null,null,null,null,null,null,null,null,null,null,null,null,null,null,null]"	SOURCE_PRESERVED_LOCAL_VALIDATION	includes/POD/MasterCatalogV2MigrationContract.php:6	tests/wordpress/MasterCatalogMixedCandidateTest.php:21::testMixedCandidatePersistsAllDispositionsAndReplaysExactEvidence; tests/wordpress/MasterCatalogMixedCandidateTest.php:42::testForgedNormalizedEvidenceIsRejectedBeforePersistence	DG2 identity/classification/overlay/source mapping preserved; 428 retained+30 existing-family+42 new-family; no catalog promotion.
Master_500_v2	482	"[""DG2-481"",null,""NEW Travel Accessories"",""Couple luggage tag"",""PHOTO_TEXT"",""V2-PRODUCT-RESEARCH"",""PROVIDER_RESEARCH_REQUIRED"",""PRODUCT_SELECTION"",""V2 new family"",""Provider + demand research"",null,null,null,null,null,null,null,null,null,null,null,null,null,null,null,null]"	SOURCE_PRESERVED_LOCAL_VALIDATION	includes/POD/MasterCatalogV2MigrationContract.php:6	tests/wordpress/MasterCatalogMixedCandidateTest.php:21::testMixedCandidatePersistsAllDispositionsAndReplaysExactEvidence; tests/wordpress/MasterCatalogMixedCandidateTest.php:42::testForgedNormalizedEvidenceIsRejectedBeforePersistence	DG2 identity/classification/overlay/source mapping preserved; 428 retained+30 existing-family+42 new-family; no catalog promotion.
Master_500_v2	483	"[""DG2-482"",null,""NEW Travel Accessories"",""Family luggage tag"",""NAME_MONOGRAM"",""V2-PRODUCT-RESEARCH"",""PROVIDER_RESEARCH_REQUIRED"",""PRODUCT_SELECTION"",""V2 new family"",""Provider + demand research"",null,null,null,null,null,null,null,null,null,null,null,null,null,null,null,null]"	SOURCE_PRESERVED_LOCAL_VALIDATION	includes/POD/MasterCatalogV2MigrationContract.php:6	tests/wordpress/MasterCatalogMixedCandidateTest.php:21::testMixedCandidatePersistsAllDispositionsAndReplaysExactEvidence; tests/wordpress/MasterCatalogMixedCandidateTest.php:42::testForgedNormalizedEvidenceIsRejectedBeforePersistence	DG2 identity/classification/overlay/source mapping preserved; 428 retained+30 existing-family+42 new-family; no catalog promotion.
Master_500_v2	484	"[""DG2-483"",null,""NEW Travel Accessories"",""Honeymoon luggage tag"",""PHOTO_TEXT"",""V2-PRODUCT-RESEARCH"",""PROVIDER_RESEARCH_REQUIRED"",""PRODUCT_SELECTION"",""V2 new family"",""Provider + demand research"",null,null,null,null,null,null,null,null,null,null,null,null,null,null,null,null]"	SOURCE_PRESERVED_LOCAL_VALIDATION	includes/POD/MasterCatalogV2MigrationContract.php:6	tests/wordpress/MasterCatalogMixedCandidateTest.php:21::testMixedCandidatePersistsAllDispositionsAndReplaysExactEvidence; tests/wordpress/MasterCatalogMixedCandidateTest.php:42::testForgedNormalizedEvidenceIsRejectedBeforePersistence	DG2 identity/classification/overlay/source mapping preserved; 428 retained+30 existing-family+42 new-family; no catalog promotion.
Master_500_v2	485	"[""DG2-484"",null,""NEW Travel Accessories"",""Destination-wedding luggage tag"",""PHOTO_TEXT"",""V2-PRODUCT-RESEARCH"",""PROVIDER_RESEARCH_REQUIRED"",""PRODUCT_SELECTION"",""V2 new family"",""Provider + demand research"",null,null,null,null,null,null,null,null,null,null,null,null,null,null,null,null]"	SOURCE_PRESERVED_LOCAL_VALIDATION	includes/POD/MasterCatalogV2MigrationContract.php:6	tests/wordpress/MasterCatalogMixedCandidateTest.php:21::testMixedCandidatePersistsAllDispositionsAndReplaysExactEvidence; tests/wordpress/MasterCatalogMixedCandidateTest.php:42::testForgedNormalizedEvidenceIsRejectedBeforePersistence	DG2 identity/classification/overlay/source mapping preserved; 428 retained+30 existing-family+42 new-family; no catalog promotion.
Master_500_v2	486	"[""DG2-485"",null,""NEW Travel Accessories"",""Kids luggage tag"",""NAME_MONOGRAM"",""V2-PRODUCT-RESEARCH"",""PROVIDER_RESEARCH_REQUIRED"",""PRODUCT_SELECTION"",""V2 new family"",""Provider + demand research"",null,null,null,null,null,null,null,null,null,null,null,null,null,null,null,null]"	SOURCE_PRESERVED_LOCAL_VALIDATION	includes/POD/MasterCatalogV2MigrationContract.php:6	tests/wordpress/MasterCatalogMixedCandidateTest.php:21::testMixedCandidatePersistsAllDispositionsAndReplaysExactEvidence; tests/wordpress/MasterCatalogMixedCandidateTest.php:42::testForgedNormalizedEvidenceIsRejectedBeforePersistence	DG2 identity/classification/overlay/source mapping preserved; 428 retained+30 existing-family+42 new-family; no catalog promotion.
Master_500_v2	487	"[""DG2-486"",null,""NEW Travel Accessories"",""Pet-photo luggage tag"",""PET_PORTRAIT"",""V2-PRODUCT-RESEARCH"",""PROVIDER_RESEARCH_REQUIRED"",""PRODUCT_SELECTION"",""V2 new family"",""Provider + demand research"",null,null,null,null,null,null,null,null,null,null,null,null,null,null,null,null]"	SOURCE_PRESERVED_LOCAL_VALIDATION	includes/POD/MasterCatalogV2MigrationContract.php:6	tests/wordpress/MasterCatalogMixedCandidateTest.php:21::testMixedCandidatePersistsAllDispositionsAndReplaysExactEvidence; tests/wordpress/MasterCatalogMixedCandidateTest.php:42::testForgedNormalizedEvidenceIsRejectedBeforePersistence	DG2 identity/classification/overlay/source mapping preserved; 428 retained+30 existing-family+42 new-family; no catalog promotion.
Master_500_v2	488	"[""DG2-487"",null,""NEW Travel Accessories"",""Name travel pouch"",""NAME_MONOGRAM"",""V2-PRODUCT-RESEARCH"",""PROVIDER_RESEARCH_REQUIRED"",""PRODUCT_SELECTION"",""V2 new family"",""Provider + demand research"",null,null,null,null,null,null,null,null,null,null,null,null,null,null,null,null]"	SOURCE_PRESERVED_LOCAL_VALIDATION	includes/POD/MasterCatalogV2MigrationContract.php:6	tests/wordpress/MasterCatalogMixedCandidateTest.php:21::testMixedCandidatePersistsAllDispositionsAndReplaysExactEvidence; tests/wordpress/MasterCatalogMixedCandidateTest.php:42::testForgedNormalizedEvidenceIsRejectedBeforePersistence	DG2 identity/classification/overlay/source mapping preserved; 428 retained+30 existing-family+42 new-family; no catalog promotion.
Master_500_v2	489	"[""DG2-488"",null,""NEW Travel Accessories"",""Bridal travel pouch"",""NAME_MONOGRAM"",""V2-PRODUCT-RESEARCH"",""PROVIDER_RESEARCH_REQUIRED"",""PRODUCT_SELECTION"",""V2 new family"",""Provider + demand research"",null,null,null,null,null,null,null,null,null,null,null,null,null,null,null,null]"	SOURCE_PRESERVED_LOCAL_VALIDATION	includes/POD/MasterCatalogV2MigrationContract.php:6	tests/wordpress/MasterCatalogMixedCandidateTest.php:21::testMixedCandidatePersistsAllDispositionsAndReplaysExactEvidence; tests/wordpress/MasterCatalogMixedCandidateTest.php:42::testForgedNormalizedEvidenceIsRejectedBeforePersistence	DG2 identity/classification/overlay/source mapping preserved; 428 retained+30 existing-family+42 new-family; no catalog promotion.
Master_500_v2	490	"[""DG2-489"",null,""NEW Travel Accessories"",""Personalized toiletry bag"",""NAME_MONOGRAM"",""V2-PRODUCT-RESEARCH"",""PROVIDER_RESEARCH_REQUIRED"",""PRODUCT_SELECTION"",""V2 new family"",""Provider + demand research"",null,null,null,null,null,null,null,null,null,null,null,null,null,null,null,null]"	SOURCE_PRESERVED_LOCAL_VALIDATION	includes/POD/MasterCatalogV2MigrationContract.php:6	tests/wordpress/MasterCatalogMixedCandidateTest.php:21::testMixedCandidatePersistsAllDispositionsAndReplaysExactEvidence; tests/wordpress/MasterCatalogMixedCandidateTest.php:42::testForgedNormalizedEvidenceIsRejectedBeforePersistence	DG2 identity/classification/overlay/source mapping preserved; 428 retained+30 existing-family+42 new-family; no catalog promotion.
Master_500_v2	491	"[""DG2-490"",null,""NEW Travel Accessories"",""Family-vacation travel accessory"",""PHOTO_TEXT"",""V2-PRODUCT-RESEARCH"",""PROVIDER_RESEARCH_REQUIRED"",""PRODUCT_SELECTION"",""V2 new family"",""Provider + demand research"",null,null,null,null,null,null,null,null,null,null,null,null,null,null,null,null]"	SOURCE_PRESERVED_LOCAL_VALIDATION	includes/POD/MasterCatalogV2MigrationContract.php:6	tests/wordpress/MasterCatalogMixedCandidateTest.php:21::testMixedCandidatePersistsAllDispositionsAndReplaysExactEvidence; tests/wordpress/MasterCatalogMixedCandidateTest.php:42::testForgedNormalizedEvidenceIsRejectedBeforePersistence	DG2 identity/classification/overlay/source mapping preserved; 428 retained+30 existing-family+42 new-family; no catalog promotion.
Master_500_v2	492	"[""DG2-491"",null,""NEW Hats/Caps/Beanies"",""Pet line-art cap"",""LINE_ART"",""V2-PRODUCT-RESEARCH"",""PROVIDER_RESEARCH_REQUIRED"",""PRODUCT_SELECTION"",""V2 new family"",""Provider + demand research"",null,null,null,null,null,null,null,null,null,null,null,null,null,null,null,null]"	SOURCE_PRESERVED_LOCAL_VALIDATION	includes/POD/MasterCatalogV2MigrationContract.php:6	tests/wordpress/MasterCatalogMixedCandidateTest.php:21::testMixedCandidatePersistsAllDispositionsAndReplaysExactEvidence; tests/wordpress/MasterCatalogMixedCandidateTest.php:42::testForgedNormalizedEvidenceIsRejectedBeforePersistence	DG2 identity/classification/overlay/source mapping preserved; 428 retained+30 existing-family+42 new-family; no catalog promotion.
Master_500_v2	493	"[""DG2-492"",null,""NEW Hats/Caps/Beanies"",""Pet-name cap"",""NAME_MONOGRAM"",""V2-PRODUCT-RESEARCH"",""PROVIDER_RESEARCH_REQUIRED"",""PRODUCT_SELECTION"",""V2 new family"",""Provider + demand research"",null,null,null,null,null,null,null,null,null,null,null,null,null,null,null,null]"	SOURCE_PRESERVED_LOCAL_VALIDATION	includes/POD/MasterCatalogV2MigrationContract.php:6	tests/wordpress/MasterCatalogMixedCandidateTest.php:21::testMixedCandidatePersistsAllDispositionsAndReplaysExactEvidence; tests/wordpress/MasterCatalogMixedCandidateTest.php:42::testForgedNormalizedEvidenceIsRejectedBeforePersistence	DG2 identity/classification/overlay/source mapping preserved; 428 retained+30 existing-family+42 new-family; no catalog promotion.
Master_500_v2	494	"[""DG2-493"",null,""NEW Hats/Caps/Beanies"",""Dog-mom cap"",""NAME_MONOGRAM"",""V2-PRODUCT-RESEARCH"",""PROVIDER_RESEARCH_REQUIRED"",""PRODUCT_SELECTION"",""V2 new family"",""Provider + demand research"",null,null,null,null,null,null,null,null,null,null,null,null,null,null,null,null]"	SOURCE_PRESERVED_LOCAL_VALIDATION	includes/POD/MasterCatalogV2MigrationContract.php:6	tests/wordpress/MasterCatalogMixedCandidateTest.php:21::testMixedCandidatePersistsAllDispositionsAndReplaysExactEvidence; tests/wordpress/MasterCatalogMixedCandidateTest.php:42::testForgedNormalizedEvidenceIsRejectedBeforePersistence	DG2 identity/classification/overlay/source mapping preserved; 428 retained+30 existing-family+42 new-family; no catalog promotion.
Master_500_v2	495	"[""DG2-494"",null,""NEW Hats/Caps/Beanies"",""Dog-dad cap"",""NAME_MONOGRAM"",""V2-PRODUCT-RESEARCH"",""PROVIDER_RESEARCH_REQUIRED"",""PRODUCT_SELECTION"",""V2 new family"",""Provider + demand research"",null,null,null,null,null,null,null,null,null,null,null,null,null,null,null,null]"	SOURCE_PRESERVED_LOCAL_VALIDATION	includes/POD/MasterCatalogV2MigrationContract.php:6	tests/wordpress/MasterCatalogMixedCandidateTest.php:21::testMixedCandidatePersistsAllDispositionsAndReplaysExactEvidence; tests/wordpress/MasterCatalogMixedCandidateTest.php:42::testForgedNormalizedEvidenceIsRejectedBeforePersistence	DG2 identity/classification/overlay/source mapping preserved; 428 retained+30 existing-family+42 new-family; no catalog promotion.
Master_500_v2	496	"[""DG2-495"",null,""NEW Hats/Caps/Beanies"",""Initial cap"",""NAME_MONOGRAM"",""V2-PRODUCT-RESEARCH"",""PROVIDER_RESEARCH_REQUIRED"",""PRODUCT_SELECTION"",""V2 new family"",""Provider + demand research"",null,null,null,null,null,null,null,null,null,null,null,null,null,null,null,null]"	SOURCE_PRESERVED_LOCAL_VALIDATION	includes/POD/MasterCatalogV2MigrationContract.php:6	tests/wordpress/MasterCatalogMixedCandidateTest.php:21::testMixedCandidatePersistsAllDispositionsAndReplaysExactEvidence; tests/wordpress/MasterCatalogMixedCandidateTest.php:42::testForgedNormalizedEvidenceIsRejectedBeforePersistence	DG2 identity/classification/overlay/source mapping preserved; 428 retained+30 existing-family+42 new-family; no catalog promotion.
Master_500_v2	497	"[""DG2-496"",null,""NEW Hats/Caps/Beanies"",""Couple-initials cap"",""NAME_MONOGRAM"",""V2-PRODUCT-RESEARCH"",""PROVIDER_RESEARCH_REQUIRED"",""PRODUCT_SELECTION"",""V2 new family"",""Provider + demand research"",null,null,null,null,null,null,null,null,null,null,null,null,null,null,null,null]"	SOURCE_PRESERVED_LOCAL_VALIDATION	includes/POD/MasterCatalogV2MigrationContract.php:6	tests/wordpress/MasterCatalogMixedCandidateTest.php:21::testMixedCandidatePersistsAllDispositionsAndReplaysExactEvidence; tests/wordpress/MasterCatalogMixedCandidateTest.php:42::testForgedNormalizedEvidenceIsRejectedBeforePersistence	DG2 identity/classification/overlay/source mapping preserved; 428 retained+30 existing-family+42 new-family; no catalog promotion.
Master_500_v2	498	"[""DG2-497"",null,""NEW Hats/Caps/Beanies"",""Dad/Grandpa cap"",""NAME_MONOGRAM"",""V2-PRODUCT-RESEARCH"",""PROVIDER_RESEARCH_REQUIRED"",""PRODUCT_SELECTION"",""V2 new family"",""Provider + demand research"",null,null,null,null,null,null,null,null,null,null,null,null,null,null,null,null]"	SOURCE_PRESERVED_LOCAL_VALIDATION	includes/POD/MasterCatalogV2MigrationContract.php:6	tests/wordpress/MasterCatalogMixedCandidateTest.php:21::testMixedCandidatePersistsAllDispositionsAndReplaysExactEvidence; tests/wordpress/MasterCatalogMixedCandidateTest.php:42::testForgedNormalizedEvidenceIsRejectedBeforePersistence	DG2 identity/classification/overlay/source mapping preserved; 428 retained+30 existing-family+42 new-family; no catalog promotion.
Master_500_v2	499	"[""DG2-498"",null,""NEW Hats/Caps/Beanies"",""Mom/Grandma cap"",""NAME_MONOGRAM"",""V2-PRODUCT-RESEARCH"",""PROVIDER_RESEARCH_REQUIRED"",""PRODUCT_SELECTION"",""V2 new family"",""Provider + demand research"",null,null,null,null,null,null,null,null,null,null,null,null,null,null,null,null]"	SOURCE_PRESERVED_LOCAL_VALIDATION	includes/POD/MasterCatalogV2MigrationContract.php:6	tests/wordpress/MasterCatalogMixedCandidateTest.php:21::testMixedCandidatePersistsAllDispositionsAndReplaysExactEvidence; tests/wordpress/MasterCatalogMixedCandidateTest.php:42::testForgedNormalizedEvidenceIsRejectedBeforePersistence	DG2 identity/classification/overlay/source mapping preserved; 428 retained+30 existing-family+42 new-family; no catalog promotion.
Master_500_v2	500	"[""DG2-499"",null,""NEW Hats/Caps/Beanies"",""Handwriting cap"",""HANDWRITING"",""V2-PRODUCT-RESEARCH"",""PROVIDER_RESEARCH_REQUIRED"",""PRODUCT_SELECTION"",""V2 new family"",""Provider + demand research"",null,null,null,null,null,null,null,null,null,null,null,null,null,null,null,null]"	SOURCE_PRESERVED_LOCAL_VALIDATION	includes/POD/MasterCatalogV2MigrationContract.php:6	tests/wordpress/MasterCatalogMixedCandidateTest.php:21::testMixedCandidatePersistsAllDispositionsAndReplaysExactEvidence; tests/wordpress/MasterCatalogMixedCandidateTest.php:42::testForgedNormalizedEvidenceIsRejectedBeforePersistence	DG2 identity/classification/overlay/source mapping preserved; 428 retained+30 existing-family+42 new-family; no catalog promotion.
Master_500_v2	501	"[""DG2-500"",null,""NEW Hats/Caps/Beanies"",""Minimal-name beanie"",""NAME_MONOGRAM"",""V2-PRODUCT-RESEARCH"",""PROVIDER_RESEARCH_REQUIRED"",""PRODUCT_SELECTION"",""V2 new family"",""Provider + demand research"",null,null,null,null,null,null,null,null,null,null,null,null,null,null,null,null]"	SOURCE_PRESERVED_LOCAL_VALIDATION	includes/POD/MasterCatalogV2MigrationContract.php:6	tests/wordpress/MasterCatalogMixedCandidateTest.php:21::testMixedCandidatePersistsAllDispositionsAndReplaysExactEvidence; tests/wordpress/MasterCatalogMixedCandidateTest.php:42::testForgedNormalizedEvidenceIsRejectedBeforePersistence	DG2 identity/classification/overlay/source mapping preserved; 428 retained+30 existing-family+42 new-family; no catalog promotion.
AI_Launch_Model	1	"[""Shop-Scoped AI Quantity & Budget Planning Model"",null,null,null,null,null,null,null,null,null]"	PLANNING_ONLY_NOT_ACTIVATED	includes/AI/ShopAiGovernanceRepository.php:8	tests/wordpress/AtomicGenerationReservationTest.php:8::testLastSlotCannotBeReservedTwiceAndLockIsReleased; tests/wordpress/AtomicGenerationReservationTest.php:9::testAnotherConnectionHoldingShopLockBlocksReservation; tests/wordpress/AtomicGenerationReservationTest.php:10::testMoneyBudgetStillFailsClosedAndDoesNotConsumeSlot	All 14 formula expressions and cached values preserved without evaluation; W1/W2/W3 are planning; zero budget stays SET BUDGET. Monetary actual-cost settlement incomplete.
AI_Launch_Model	2	[null,null,null,null,null,null,null,null,null,null]	PLANNING_ONLY_NOT_ACTIVATED	includes/AI/ShopAiGovernanceRepository.php:8	tests/wordpress/AtomicGenerationReservationTest.php:8::testLastSlotCannotBeReservedTwiceAndLockIsReleased; tests/wordpress/AtomicGenerationReservationTest.php:9::testAnotherConnectionHoldingShopLockBlocksReservation; tests/wordpress/AtomicGenerationReservationTest.php:10::testMoneyBudgetStillFailsClosedAndDoesNotConsumeSlot	All 14 formula expressions and cached values preserved without evaluation; W1/W2/W3 are planning; zero budget stays SET BUDGET. Monetary actual-cost settlement incomplete.
AI_Launch_Model	3	"[""Editable cost input"",""INR per unit"",null,""Stage"",""Eligible Pool"",""Run Limit"",""Unit Cost Input"",""Estimated Cost"",""Human Gate"",""Purpose""]"	PLANNING_ONLY_NOT_ACTIVATED	includes/AI/ShopAiGovernanceRepository.php:8	tests/wordpress/AtomicGenerationReservationTest.php:8::testLastSlotCannotBeReservedTwiceAndLockIsReleased; tests/wordpress/AtomicGenerationReservationTest.php:9::testAnotherConnectionHoldingShopLockBlocksReservation; tests/wordpress/AtomicGenerationReservationTest.php:10::testMoneyBudgetStillFailsClosedAndDoesNotConsumeSlot	All 14 formula expressions and cached values preserved without evaluation; W1/W2/W3 are planning; zero budget stays SET BUDGET. Monetary actual-cost settlement incomplete.
AI_Launch_Model	4	"[""Trend scan / opportunity"",0,null,""Catalog trend scan"",500,500,""=$B$4"",""=F4*G4"",""No"",""Cheap re-score of full catalog""]"	PLANNING_ONLY_NOT_ACTIVATED	includes/AI/ShopAiGovernanceRepository.php:8	tests/wordpress/AtomicGenerationReservationTest.php:8::testLastSlotCannotBeReservedTwiceAndLockIsReleased; tests/wordpress/AtomicGenerationReservationTest.php:9::testAnotherConnectionHoldingShopLockBlocksReservation; tests/wordpress/AtomicGenerationReservationTest.php:10::testMoneyBudgetStillFailsClosedAndDoesNotConsumeSlot	All 14 formula expressions and cached values preserved without evaluation; W1/W2/W3 are planning; zero budget stays SET BUDGET. Monetary actual-cost settlement incomplete.
AI_Launch_Model	5	"[""Deep research / opportunity"",0,null,""Deep market research"",500,100,""=$B$5"",""=F5*G5"",""No"",""Competition, demand, seasonality, provider fit""]"	PLANNING_ONLY_NOT_ACTIVATED	includes/AI/ShopAiGovernanceRepository.php:8	tests/wordpress/AtomicGenerationReservationTest.php:8::testLastSlotCannotBeReservedTwiceAndLockIsReleased; tests/wordpress/AtomicGenerationReservationTest.php:9::testAnotherConnectionHoldingShopLockBlocksReservation; tests/wordpress/AtomicGenerationReservationTest.php:10::testMoneyBudgetStillFailsClosedAndDoesNotConsumeSlot	All 14 formula expressions and cached values preserved without evaluation; W1/W2/W3 are planning; zero budget stays SET BUDGET. Monetary actual-cost settlement incomplete.
AI_Launch_Model	6	"[""Full product development"",0,null,""Full product development"",100,25,""=$B$6"",""=F6*G6"",""Yes"",""Develop only strongest candidates""]"	PLANNING_ONLY_NOT_ACTIVATED	includes/AI/ShopAiGovernanceRepository.php:8	tests/wordpress/AtomicGenerationReservationTest.php:8::testLastSlotCannotBeReservedTwiceAndLockIsReleased; tests/wordpress/AtomicGenerationReservationTest.php:9::testAnotherConnectionHoldingShopLockBlocksReservation; tests/wordpress/AtomicGenerationReservationTest.php:10::testMoneyBudgetStillFailsClosedAndDoesNotConsumeSlot	All 14 formula expressions and cached values preserved without evaluation; W1/W2/W3 are planning; zero budget stays SET BUDGET. Monetary actual-cost settlement incomplete.
AI_Launch_Model	7	"[""Listing package preparation"",0,null,""Listing package preparation"",25,15,""=$B$7"",""=F7*G7"",""Yes"",""Prepare listing assets/copy; no auto-publish""]"	PLANNING_ONLY_NOT_ACTIVATED	includes/AI/ShopAiGovernanceRepository.php:8	tests/wordpress/AtomicGenerationReservationTest.php:8::testLastSlotCannotBeReservedTwiceAndLockIsReleased; tests/wordpress/AtomicGenerationReservationTest.php:9::testAnotherConnectionHoldingShopLockBlocksReservation; tests/wordpress/AtomicGenerationReservationTest.php:10::testMoneyBudgetStillFailsClosedAndDoesNotConsumeSlot	All 14 formula expressions and cached values preserved without evaluation; W1/W2/W3 are planning; zero budget stays SET BUDGET. Monetary actual-cost settlement incomplete.
AI_Launch_Model	8	"[""Image/render generation allowance"",0,null,""Render/image allowance"",25,25,""=$B$8"",""=F8*G8"",""Yes"",""Generate only for selected products""]"	PLANNING_ONLY_NOT_ACTIVATED	includes/AI/ShopAiGovernanceRepository.php:8	tests/wordpress/AtomicGenerationReservationTest.php:8::testLastSlotCannotBeReservedTwiceAndLockIsReleased; tests/wordpress/AtomicGenerationReservationTest.php:9::testAnotherConnectionHoldingShopLockBlocksReservation; tests/wordpress/AtomicGenerationReservationTest.php:10::testMoneyBudgetStillFailsClosedAndDoesNotConsumeSlot	All 14 formula expressions and cached values preserved without evaluation; W1/W2/W3 are planning; zero budget stays SET BUDGET. Monetary actual-cost settlement incomplete.
AI_Launch_Model	9	"[""QA/review allowance"",0,null,""QA/review allowance"",25,25,""=$B$9"",""=F9*G9"",""Yes"",""QA selected products/templates""]"	PLANNING_ONLY_NOT_ACTIVATED	includes/AI/ShopAiGovernanceRepository.php:8	tests/wordpress/AtomicGenerationReservationTest.php:8::testLastSlotCannotBeReservedTwiceAndLockIsReleased; tests/wordpress/AtomicGenerationReservationTest.php:9::testAnotherConnectionHoldingShopLockBlocksReservation; tests/wordpress/AtomicGenerationReservationTest.php:10::testMoneyBudgetStillFailsClosedAndDoesNotConsumeSlot	All 14 formula expressions and cached values preserved without evaluation; W1/W2/W3 are planning; zero budget stays SET BUDGET. Monetary actual-cost settlement incomplete.
AI_Launch_Model	10	"[""Monthly hard AI budget"",0,null,null,null,null,null,null,null,null]"	PLANNING_ONLY_NOT_ACTIVATED	includes/AI/ShopAiGovernanceRepository.php:8	tests/wordpress/AtomicGenerationReservationTest.php:8::testLastSlotCannotBeReservedTwiceAndLockIsReleased; tests/wordpress/AtomicGenerationReservationTest.php:9::testAnotherConnectionHoldingShopLockBlocksReservation; tests/wordpress/AtomicGenerationReservationTest.php:10::testMoneyBudgetStillFailsClosedAndDoesNotConsumeSlot	All 14 formula expressions and cached values preserved without evaluation; W1/W2/W3 are planning; zero budget stays SET BUDGET. Monetary actual-cost settlement incomplete.
AI_Launch_Model	11	"[null,null,null,""Control"",""Value"",null,null,null,null,null]"	PLANNING_ONLY_NOT_ACTIVATED	includes/AI/ShopAiGovernanceRepository.php:8	tests/wordpress/AtomicGenerationReservationTest.php:8::testLastSlotCannotBeReservedTwiceAndLockIsReleased; tests/wordpress/AtomicGenerationReservationTest.php:9::testAnotherConnectionHoldingShopLockBlocksReservation; tests/wordpress/AtomicGenerationReservationTest.php:10::testMoneyBudgetStillFailsClosedAndDoesNotConsumeSlot	All 14 formula expressions and cached values preserved without evaluation; W1/W2/W3 are planning; zero budget stays SET BUDGET. Monetary actual-cost settlement incomplete.
AI_Launch_Model	12	"[null,null,null,""Estimated run cost"",""=SUM(H4:H9)"",null,null,null,null,null]"	PLANNING_ONLY_NOT_ACTIVATED	includes/AI/ShopAiGovernanceRepository.php:8	tests/wordpress/AtomicGenerationReservationTest.php:8::testLastSlotCannotBeReservedTwiceAndLockIsReleased; tests/wordpress/AtomicGenerationReservationTest.php:9::testAnotherConnectionHoldingShopLockBlocksReservation; tests/wordpress/AtomicGenerationReservationTest.php:10::testMoneyBudgetStillFailsClosedAndDoesNotConsumeSlot	All 14 formula expressions and cached values preserved without evaluation; W1/W2/W3 are planning; zero budget stays SET BUDGET. Monetary actual-cost settlement incomplete.
AI_Launch_Model	13	"[null,null,null,""Budget status"",""=IF($B$10=0,\""SET BUDGET\"",IF(E12<=$B$10,\""WITHIN BUDGET\"",\""OVER BUDGET\""))"",null,null,null,null,null]"	PLANNING_ONLY_NOT_ACTIVATED	includes/AI/ShopAiGovernanceRepository.php:8	tests/wordpress/AtomicGenerationReservationTest.php:8::testLastSlotCannotBeReservedTwiceAndLockIsReleased; tests/wordpress/AtomicGenerationReservationTest.php:9::testAnotherConnectionHoldingShopLockBlocksReservation; tests/wordpress/AtomicGenerationReservationTest.php:10::testMoneyBudgetStillFailsClosedAndDoesNotConsumeSlot	All 14 formula expressions and cached values preserved without evaluation; W1/W2/W3 are planning; zero budget stays SET BUDGET. Monetary actual-cost settlement incomplete.
AI_Launch_Model	14	[null,null,null,null,null,null,null,null,null,null]	PLANNING_ONLY_NOT_ACTIVATED	includes/AI/ShopAiGovernanceRepository.php:8	tests/wordpress/AtomicGenerationReservationTest.php:8::testLastSlotCannotBeReservedTwiceAndLockIsReleased; tests/wordpress/AtomicGenerationReservationTest.php:9::testAnotherConnectionHoldingShopLockBlocksReservation; tests/wordpress/AtomicGenerationReservationTest.php:10::testMoneyBudgetStillFailsClosedAndDoesNotConsumeSlot	All 14 formula expressions and cached values preserved without evaluation; W1/W2/W3 are planning; zero budget stays SET BUDGET. Monetary actual-cost settlement incomplete.
AI_Launch_Model	15	"[null,null,null,""Recommended rollout"",""Trend Scan"",""Deep Research"",""Full Development"",""Listing Prep"",""Template Cap"",""Notes""]"	PLANNING_ONLY_NOT_ACTIVATED	includes/AI/ShopAiGovernanceRepository.php:8	tests/wordpress/AtomicGenerationReservationTest.php:8::testLastSlotCannotBeReservedTwiceAndLockIsReleased; tests/wordpress/AtomicGenerationReservationTest.php:9::testAnotherConnectionHoldingShopLockBlocksReservation; tests/wordpress/AtomicGenerationReservationTest.php:10::testMoneyBudgetStillFailsClosedAndDoesNotConsumeSlot	All 14 formula expressions and cached values preserved without evaluation; W1/W2/W3 are planning; zero budget stays SET BUDGET. Monetary actual-cost settlement incomplete.
AI_Launch_Model	16	"[null,null,null,""W1 validation"",500,100,25,15,8,""Start with P1 + strongest v2 additions; samples/provider validation before production.""]"	PLANNING_ONLY_NOT_ACTIVATED	includes/AI/ShopAiGovernanceRepository.php:8	tests/wordpress/AtomicGenerationReservationTest.php:8::testLastSlotCannotBeReservedTwiceAndLockIsReleased; tests/wordpress/AtomicGenerationReservationTest.php:9::testAnotherConnectionHoldingShopLockBlocksReservation; tests/wordpress/AtomicGenerationReservationTest.php:10::testMoneyBudgetStillFailsClosedAndDoesNotConsumeSlot	All 14 formula expressions and cached values preserved without evaluation; W1/W2/W3 are planning; zero budget stays SET BUDGET. Monetary actual-cost settlement incomplete.
AI_Launch_Model	17	"[null,null,null,""W2 evidence-led"",500,125,35,20,10,""Prioritize families with sales/search evidence from W1.""]"	PLANNING_ONLY_NOT_ACTIVATED	includes/AI/ShopAiGovernanceRepository.php:8	tests/wordpress/AtomicGenerationReservationTest.php:8::testLastSlotCannotBeReservedTwiceAndLockIsReleased; tests/wordpress/AtomicGenerationReservationTest.php:9::testAnotherConnectionHoldingShopLockBlocksReservation; tests/wordpress/AtomicGenerationReservationTest.php:10::testMoneyBudgetStillFailsClosedAndDoesNotConsumeSlot	All 14 formula expressions and cached values preserved without evaluation; W1/W2/W3 are planning; zero budget stays SET BUDGET. Monetary actual-cost settlement incomplete.
AI_Launch_Model	18	"[null,null,null,""W3 scale"",500,150,50,30,12,""Scale only proven engines/families; retain manual production approval.""]"	PLANNING_ONLY_NOT_ACTIVATED	includes/AI/ShopAiGovernanceRepository.php:8	tests/wordpress/AtomicGenerationReservationTest.php:8::testLastSlotCannotBeReservedTwiceAndLockIsReleased; tests/wordpress/AtomicGenerationReservationTest.php:9::testAnotherConnectionHoldingShopLockBlocksReservation; tests/wordpress/AtomicGenerationReservationTest.php:10::testMoneyBudgetStillFailsClosedAndDoesNotConsumeSlot	All 14 formula expressions and cached values preserved without evaluation; W1/W2/W3 are planning; zero budget stays SET BUDGET. Monetary actual-cost settlement incomplete.
Research_Evidence	1	"[""Source"",""Date/Period"",""Evidence used"",""Planning implication"",""URL"",null,null,null,null,null,null,null,null,null,null,null,null,null,null,null,null,null,null,null,null,null]"	PLANNING_ONLY_NOT_ACTIVATED	includes/Research/Repository.php:9	tests/wordpress/ResearchShopIsolationTest.php:5::testSameTitleHasIndependentShopCandidatesAndReviews; tests/wordpress/ResearchShopIsolationTest.php:6::testEvidenceCannotLinkAcrossShops; tests/wordpress/ResearchShopIsolationTest.php:7::testNewUnscopedResearchFailsClosed; tests/wordpress/ResearchShopIsolationTest.php:8::testScopedListsAndDevelopmentContractPreserveOwner; tests/wordpress/ResearchShopIsolationTest.php:9::testLegacyUnassignedApprovedHistoryCannotBePromoted; tests/wordpress/ResearchShopIsolationTest.php:10::testRestIdempotencyIsIndependentAcrossExplicitShops; tests/wordpress/ResearchShopIsolationTest.php:11::testInvalidScopeRestListReturnsAnErrorRatherThanHttp200; tests/wordpress/ResearchShopIsolationTest.php:12::testMalformedLegacyOwnershipIsExcludedFromScopedRead	Original URLs/decision notes preserved, not independently refreshed external market evidence or supplier authority.
Research_Evidence	2	"[""DigiForge Master 500 workbook"",""2026-09-17 snapshot"",""500 concepts; provider/template rules; 20×25 family structure"",""Preserve v1; re-sync provider/pricing before launch"",""Internal project source"",null,null,null,null,null,null,null,null,null,null,null,null,null,null,null,null,null,null,null,null,null]"	PLANNING_ONLY_NOT_ACTIVATED	includes/Research/Repository.php:9	tests/wordpress/ResearchShopIsolationTest.php:5::testSameTitleHasIndependentShopCandidatesAndReviews; tests/wordpress/ResearchShopIsolationTest.php:6::testEvidenceCannotLinkAcrossShops; tests/wordpress/ResearchShopIsolationTest.php:7::testNewUnscopedResearchFailsClosed; tests/wordpress/ResearchShopIsolationTest.php:8::testScopedListsAndDevelopmentContractPreserveOwner; tests/wordpress/ResearchShopIsolationTest.php:9::testLegacyUnassignedApprovedHistoryCannotBePromoted; tests/wordpress/ResearchShopIsolationTest.php:10::testRestIdempotencyIsIndependentAcrossExplicitShops; tests/wordpress/ResearchShopIsolationTest.php:11::testInvalidScopeRestListReturnsAnErrorRatherThanHttp200; tests/wordpress/ResearchShopIsolationTest.php:12::testMalformedLegacyOwnershipIsExcludedFromScopedRead	Original URLs/decision notes preserved, not independently refreshed external market evidence or supplier authority.
Research_Evidence	3	"[""Etsy Seller Trend Report"",""Spring/Summer 2026"",""Personalization across gifting; Soft Stitch; journals; wall art; whimsical phone cases; weddings"",""Expand stitched-look apparel, journals, meaningful keepsakes; use trend overlays"",""https://www.etsy.com/ca/seller-handbook/article/1473931456647"",null,null,null,null,null,null,null,null,null,null,null,null,null,null,null,null,null,null,null,null,null]"	PLANNING_ONLY_NOT_ACTIVATED	includes/Research/Repository.php:9	tests/wordpress/ResearchShopIsolationTest.php:5::testSameTitleHasIndependentShopCandidatesAndReviews; tests/wordpress/ResearchShopIsolationTest.php:6::testEvidenceCannotLinkAcrossShops; tests/wordpress/ResearchShopIsolationTest.php:7::testNewUnscopedResearchFailsClosed; tests/wordpress/ResearchShopIsolationTest.php:8::testScopedListsAndDevelopmentContractPreserveOwner; tests/wordpress/ResearchShopIsolationTest.php:9::testLegacyUnassignedApprovedHistoryCannotBePromoted; tests/wordpress/ResearchShopIsolationTest.php:10::testRestIdempotencyIsIndependentAcrossExplicitShops; tests/wordpress/ResearchShopIsolationTest.php:11::testInvalidScopeRestListReturnsAnErrorRatherThanHttp200; tests/wordpress/ResearchShopIsolationTest.php:12::testMalformedLegacyOwnershipIsExcludedFromScopedRead	Original URLs/decision notes preserved, not independently refreshed external market evidence or supplier authority.
Research_Evidence	4	"[""Etsy personalization update"",""2026"",""Over 25% of Nov-Dec sales included a personalization request"",""Keep personalization central to shop strategy"",""https://www.etsy.com/seller-handbook/article/413304268886"",null,null,null,null,null,null,null,null,null,null,null,null,null,null,null,null,null,null,null,null,null]"	PLANNING_ONLY_NOT_ACTIVATED	includes/Research/Repository.php:9	tests/wordpress/ResearchShopIsolationTest.php:5::testSameTitleHasIndependentShopCandidatesAndReviews; tests/wordpress/ResearchShopIsolationTest.php:6::testEvidenceCannotLinkAcrossShops; tests/wordpress/ResearchShopIsolationTest.php:7::testNewUnscopedResearchFailsClosed; tests/wordpress/ResearchShopIsolationTest.php:8::testScopedListsAndDevelopmentContractPreserveOwner; tests/wordpress/ResearchShopIsolationTest.php:9::testLegacyUnassignedApprovedHistoryCannotBePromoted; tests/wordpress/ResearchShopIsolationTest.php:10::testRestIdempotencyIsIndependentAcrossExplicitShops; tests/wordpress/ResearchShopIsolationTest.php:11::testInvalidScopeRestListReturnsAnErrorRatherThanHttp200; tests/wordpress/ResearchShopIsolationTest.php:12::testMalformedLegacyOwnershipIsExcludedFromScopedRead	Original URLs/decision notes preserved, not independently refreshed external market evidence or supplier authority.
Research_Evidence	5	"[""Printify custom products"",""2026-08-28"",""T-shirts, hoodies, sweatshirts, mugs and other custom products remain core"",""Retain strong apparel/mug base"",""https://printify.com/blog/custom-products-to-sell/"",null,null,null,null,null,null,null,null,null,null,null,null,null,null,null,null,null,null,null,null,null]"	PLANNING_ONLY_NOT_ACTIVATED	includes/Research/Repository.php:9	tests/wordpress/ResearchShopIsolationTest.php:5::testSameTitleHasIndependentShopCandidatesAndReviews; tests/wordpress/ResearchShopIsolationTest.php:6::testEvidenceCannotLinkAcrossShops; tests/wordpress/ResearchShopIsolationTest.php:7::testNewUnscopedResearchFailsClosed; tests/wordpress/ResearchShopIsolationTest.php:8::testScopedListsAndDevelopmentContractPreserveOwner; tests/wordpress/ResearchShopIsolationTest.php:9::testLegacyUnassignedApprovedHistoryCannotBePromoted; tests/wordpress/ResearchShopIsolationTest.php:10::testRestIdempotencyIsIndependentAcrossExplicitShops; tests/wordpress/ResearchShopIsolationTest.php:11::testInvalidScopeRestListReturnsAnErrorRatherThanHttp200; tests/wordpress/ResearchShopIsolationTest.php:12::testMalformedLegacyOwnershipIsExcludedFromScopedRead	Original URLs/decision notes preserved, not independently refreshed external market evidence or supplier authority.
Research_Evidence	6	"[""Printify profitable POD"",""2026-09-22"",""Apparel, mugs, desk mats; test higher-value blankets/canvas/tech"",""Add desk/tech tests; retain premium home products"",""https://printify.com/blog/most-profitable-print-on-demand-products/"",null,null,null,null,null,null,null,null,null,null,null,null,null,null,null,null,null,null,null,null,null]"	PLANNING_ONLY_NOT_ACTIVATED	includes/Research/Repository.php:9	tests/wordpress/ResearchShopIsolationTest.php:5::testSameTitleHasIndependentShopCandidatesAndReviews; tests/wordpress/ResearchShopIsolationTest.php:6::testEvidenceCannotLinkAcrossShops; tests/wordpress/ResearchShopIsolationTest.php:7::testNewUnscopedResearchFailsClosed; tests/wordpress/ResearchShopIsolationTest.php:8::testScopedListsAndDevelopmentContractPreserveOwner; tests/wordpress/ResearchShopIsolationTest.php:9::testLegacyUnassignedApprovedHistoryCannotBePromoted; tests/wordpress/ResearchShopIsolationTest.php:10::testRestIdempotencyIsIndependentAcrossExplicitShops; tests/wordpress/ResearchShopIsolationTest.php:11::testInvalidScopeRestListReturnsAnErrorRatherThanHttp200; tests/wordpress/ResearchShopIsolationTest.php:12::testMalformedLegacyOwnershipIsExcludedFromScopedRead	Original URLs/decision notes preserved, not independently refreshed external market evidence or supplier authority.
Research_Evidence	7	"[""Printify best sellers"",""2026-09-09"",""T-shirts, sweatshirts, hoodies, mugs, canvas; blankets strong personalized gifts"",""Support core-family weighting"",""https://printify.com/blog/best-selling-print-on-demand-products-to-start-out-with/"",null,null,null,null,null,null,null,null,null,null,null,null,null,null,null,null,null,null,null,null,null]"	PLANNING_ONLY_NOT_ACTIVATED	includes/Research/Repository.php:9	tests/wordpress/ResearchShopIsolationTest.php:5::testSameTitleHasIndependentShopCandidatesAndReviews; tests/wordpress/ResearchShopIsolationTest.php:6::testEvidenceCannotLinkAcrossShops; tests/wordpress/ResearchShopIsolationTest.php:7::testNewUnscopedResearchFailsClosed; tests/wordpress/ResearchShopIsolationTest.php:8::testScopedListsAndDevelopmentContractPreserveOwner; tests/wordpress/ResearchShopIsolationTest.php:9::testLegacyUnassignedApprovedHistoryCannotBePromoted; tests/wordpress/ResearchShopIsolationTest.php:10::testRestIdempotencyIsIndependentAcrossExplicitShops; tests/wordpress/ResearchShopIsolationTest.php:11::testInvalidScopeRestListReturnsAnErrorRatherThanHttp200; tests/wordpress/ResearchShopIsolationTest.php:12::testMalformedLegacyOwnershipIsExcludedFromScopedRead	Original URLs/decision notes preserved, not independently refreshed external market evidence or supplier authority.
Research_Evidence	8	"[""Printify trends"",""2026"",""Accessories, drinkware, tech, seasonal personalized gifts"",""Support hats, drinkware, tech and seasonal overlays"",""https://printify.com/blog/trending-products/"",null,null,null,null,null,null,null,null,null,null,null,null,null,null,null,null,null,null,null,null,null]"	PLANNING_ONLY_NOT_ACTIVATED	includes/Research/Repository.php:9	tests/wordpress/ResearchShopIsolationTest.php:5::testSameTitleHasIndependentShopCandidatesAndReviews; tests/wordpress/ResearchShopIsolationTest.php:6::testEvidenceCannotLinkAcrossShops; tests/wordpress/ResearchShopIsolationTest.php:7::testNewUnscopedResearchFailsClosed; tests/wordpress/ResearchShopIsolationTest.php:8::testScopedListsAndDevelopmentContractPreserveOwner; tests/wordpress/ResearchShopIsolationTest.php:9::testLegacyUnassignedApprovedHistoryCannotBePromoted; tests/wordpress/ResearchShopIsolationTest.php:10::testRestIdempotencyIsIndependentAcrossExplicitShops; tests/wordpress/ResearchShopIsolationTest.php:11::testInvalidScopeRestListReturnsAnErrorRatherThanHttp200; tests/wordpress/ResearchShopIsolationTest.php:12::testMalformedLegacyOwnershipIsExcludedFromScopedRead	Original URLs/decision notes preserved, not independently refreshed external market evidence or supplier authority.
Research_Evidence	9	"[""Printify travel accessories"",""2026-07-24"",""Personalized luggage tags, totes, travel mugs/accessories"",""Add travel test family"",""https://printify.com/blog/custom-travel-accessories-for-your-online-store/"",null,null,null,null,null,null,null,null,null,null,null,null,null,null,null,null,null,null,null,null,null]"	PLANNING_ONLY_NOT_ACTIVATED	includes/Research/Repository.php:9	tests/wordpress/ResearchShopIsolationTest.php:5::testSameTitleHasIndependentShopCandidatesAndReviews; tests/wordpress/ResearchShopIsolationTest.php:6::testEvidenceCannotLinkAcrossShops; tests/wordpress/ResearchShopIsolationTest.php:7::testNewUnscopedResearchFailsClosed; tests/wordpress/ResearchShopIsolationTest.php:8::testScopedListsAndDevelopmentContractPreserveOwner; tests/wordpress/ResearchShopIsolationTest.php:9::testLegacyUnassignedApprovedHistoryCannotBePromoted; tests/wordpress/ResearchShopIsolationTest.php:10::testRestIdempotencyIsIndependentAcrossExplicitShops; tests/wordpress/ResearchShopIsolationTest.php:11::testInvalidScopeRestListReturnsAnErrorRatherThanHttp200; tests/wordpress/ResearchShopIsolationTest.php:12::testMalformedLegacyOwnershipIsExcludedFromScopedRead	Original URLs/decision notes preserved, not independently refreshed external market evidence or supplier authority.
